county,precinct,office,district,party,candidate,election_day,absentee,provisional,military,votes
PERRY,BLAIN BOROUGH,President,,DEM,Bernie Sanders,2,0,0,0,2
PERRY,BLAIN BOROUGH,President,,DEM,Joseph R Biden,4,0,0,1,5
PERRY,BLAIN BOROUGH,President,,DEM,Tulsi Gabbard,1,0,0,0,1
PERRY,BLAIN BOROUGH,President,,DEM,Write-In,0,0,0,0,0
PERRY,BLAIN BOROUGH,President,,REP,Donald J Trump,63,0,0,0,63
PERRY,BLAIN BOROUGH,President,,REP,Roque Rocky De La Fuente,2,0,0,0,2
PERRY,BLAIN BOROUGH,President,,REP,Bill Weld,0,0,0,0,0
PERRY,BLAIN BOROUGH,President,,REP,Write-In,1,0,0,0,1
PERRY,BLAIN BOROUGH,Attorney General,,DEM,Josh Shapiro,6,0,0,0,6
PERRY,BLAIN BOROUGH,Attorney General,,DEM,Write-In,0,0,0,0,0
PERRY,BLAIN BOROUGH,Attorney General,,REP,Heather Heidelbaugh,56,0,0,0,56
PERRY,BLAIN BOROUGH,Attorney General,,REP,Write-In,0,0,0,0,0
PERRY,BLAIN BOROUGH,Auditor General,,DEM,H Scott Conklin,2,0,0,0,2
PERRY,BLAIN BOROUGH,Auditor General,,DEM,Michael Lamb,1,0,0,0,1
PERRY,BLAIN BOROUGH,Auditor General,,DEM,Tracie Fountain,2,0,0,0,2
PERRY,BLAIN BOROUGH,Auditor General,,DEM,Rose Rosie Marie Davis,0,0,0,0,0
PERRY,BLAIN BOROUGH,Auditor General,,DEM,Nina Ahmad,1,0,0,0,1
PERRY,BLAIN BOROUGH,Auditor General,,DEM,Christina M Hartman,1,0,0,1,2
PERRY,BLAIN BOROUGH,Auditor General,,DEM,Write-In,0,0,0,0,0
PERRY,BLAIN BOROUGH,Auditor General,,REP,Timothy Defoor,56,0,0,0,56
PERRY,BLAIN BOROUGH,Auditor General,,REP,Write-In,0,0,0,0,0
PERRY,BLAIN BOROUGH,State Treasurer,,DEM,Joe Torsella,7,0,0,1,8
PERRY,BLAIN BOROUGH,State Treasurer,,DEM,Write-In,0,0,0,0,0
PERRY,BLAIN BOROUGH,State Treasurer,,REP,Stacy L Garrity,58,0,0,0,58
PERRY,BLAIN BOROUGH,State Treasurer,,REP,Write-In,0,0,0,0,0
PERRY,BLAIN BOROUGH,U.S. House,12,DEM,Lee Griffin,7,0,0,1,8
PERRY,BLAIN BOROUGH,U.S. House,12,DEM,Write-In,0,0,0,0,0
PERRY,BLAIN BOROUGH,U.S. House,12,REP,Fred Keller,63,0,0,0,63
PERRY,BLAIN BOROUGH,U.S. House,12,REP,Write-In,0,0,0,0,0
PERRY,BLAIN BOROUGH,State Senate,15,DEM,George Scott,5,0,0,1,6
PERRY,BLAIN BOROUGH,State Senate,15,DEM,Alvin Q Taylor,2,0,0,0,2
PERRY,BLAIN BOROUGH,State Senate,15,DEM,Write-In,0,0,0,0,0
PERRY,BLAIN BOROUGH,State Senate,15,REP,John Disanto,59,0,0,0,59
PERRY,BLAIN BOROUGH,State Senate,15,REP,Write-In,0,0,0,0,0
PERRY,BLAIN BOROUGH,General Assembly,86,DEM,Write-In,0,0,0,0,0
PERRY,BLAIN BOROUGH,General Assembly,86,REP,Jed Nessinger,18,0,0,0,18
PERRY,BLAIN BOROUGH,General Assembly,86,REP,William Bill Benner,5,0,0,0,5
PERRY,BLAIN BOROUGH,General Assembly,86,REP,Perry Stambaugh,42,0,0,0,42
PERRY,BLAIN BOROUGH,General Assembly,86,REP,Write-In,0,0,0,0,0
PERRY,BLOOMFIELD BOROUGH,President,,DEM,Bernie Sanders,6,0,0,7,13
PERRY,BLOOMFIELD BOROUGH,President,,DEM,Joseph R Biden,20,0,0,34,54
PERRY,BLOOMFIELD BOROUGH,President,,DEM,Tulsi Gabbard,2,0,0,0,2
PERRY,BLOOMFIELD BOROUGH,President,,DEM,Write-In,5,0,0,3,8
PERRY,BLOOMFIELD BOROUGH,President,,REP,Donald J Trump,124,0,0,49,173
PERRY,BLOOMFIELD BOROUGH,President,,REP,Roque Rocky De La Fuente,3,0,0,2,5
PERRY,BLOOMFIELD BOROUGH,President,,REP,Bill Weld,6,0,0,6,12
PERRY,BLOOMFIELD BOROUGH,President,,REP,Write-In,4,0,0,2,6
PERRY,BLOOMFIELD BOROUGH,Attorney General,,DEM,Josh Shapiro,27,0,0,40,67
PERRY,BLOOMFIELD BOROUGH,Attorney General,,DEM,Write-In,0,0,0,0,0
PERRY,BLOOMFIELD BOROUGH,Attorney General,,REP,Heather Heidelbaugh,124,0,0,54,178
PERRY,BLOOMFIELD BOROUGH,Attorney General,,REP,Write-In,2,0,0,1,3
PERRY,BLOOMFIELD BOROUGH,Auditor General,,DEM,H Scott Conklin,7,0,0,6,13
PERRY,BLOOMFIELD BOROUGH,Auditor General,,DEM,Michael Lamb,4,0,0,5,9
PERRY,BLOOMFIELD BOROUGH,Auditor General,,DEM,Tracie Fountain,8,0,0,12,20
PERRY,BLOOMFIELD BOROUGH,Auditor General,,DEM,Rose Rosie Marie Davis,1,0,0,3,4
PERRY,BLOOMFIELD BOROUGH,Auditor General,,DEM,Nina Ahmad,6,0,0,3,9
PERRY,BLOOMFIELD BOROUGH,Auditor General,,DEM,Christina M Hartman,6,0,0,8,14
PERRY,BLOOMFIELD BOROUGH,Auditor General,,DEM,Write-In,0,0,0,0,0
PERRY,BLOOMFIELD BOROUGH,Auditor General,,REP,Timothy Defoor,123,0,0,53,176
PERRY,BLOOMFIELD BOROUGH,Auditor General,,REP,Write-In,1,0,0,0,1
PERRY,BLOOMFIELD BOROUGH,State Treasurer,,DEM,Joe Torsella,29,0,0,38,67
PERRY,BLOOMFIELD BOROUGH,State Treasurer,,DEM,Write-In,0,0,0,0,0
PERRY,BLOOMFIELD BOROUGH,State Treasurer,,REP,Stacy L Garrity,123,0,0,53,176
PERRY,BLOOMFIELD BOROUGH,State Treasurer,,REP,Write-In,1,0,0,1,2
PERRY,BLOOMFIELD BOROUGH,U.S. House,12,DEM,Lee Griffin,28,0,0,38,66
PERRY,BLOOMFIELD BOROUGH,U.S. House,12,DEM,Write-In,2,0,0,0,2
PERRY,BLOOMFIELD BOROUGH,U.S. House,12,REP,Fred Keller,129,0,0,55,184
PERRY,BLOOMFIELD BOROUGH,U.S. House,12,REP,Write-In,2,0,0,0,2
PERRY,BLOOMFIELD BOROUGH,State Senate,15,DEM,George Scott,22,0,0,33,55
PERRY,BLOOMFIELD BOROUGH,State Senate,15,DEM,Alvin Q Taylor,9,0,0,6,15
PERRY,BLOOMFIELD BOROUGH,State Senate,15,DEM,Write-In,2,0,0,1,3
PERRY,BLOOMFIELD BOROUGH,State Senate,15,REP,John Disanto,126,0,0,56,182
PERRY,BLOOMFIELD BOROUGH,State Senate,15,REP,Write-In,1,0,0,1,2
PERRY,BLOOMFIELD BOROUGH,General Assembly,86,DEM,Write-In,14,0,0,12,26
PERRY,BLOOMFIELD BOROUGH,General Assembly,86,REP,Jed Nessinger,29,0,0,7,36
PERRY,BLOOMFIELD BOROUGH,General Assembly,86,REP,William Bill Benner,18,0,0,3,21
PERRY,BLOOMFIELD BOROUGH,General Assembly,86,REP,Perry Stambaugh,91,0,0,50,141
PERRY,BLOOMFIELD BOROUGH,General Assembly,86,REP,Write-In,1,0,0,0,1
PERRY,BUFFALO TOWNSHIP,President,,DEM,Bernie Sanders,5,0,0,4,9
PERRY,BUFFALO TOWNSHIP,President,,DEM,Joseph R Biden,22,0,0,33,55
PERRY,BUFFALO TOWNSHIP,President,,DEM,Tulsi Gabbard,4,0,0,1,5
PERRY,BUFFALO TOWNSHIP,President,,DEM,Write-In,3,0,0,0,3
PERRY,BUFFALO TOWNSHIP,President,,REP,Donald J Trump,199,0,0,38,237
PERRY,BUFFALO TOWNSHIP,President,,REP,Roque Rocky De La Fuente,2,0,0,1,3
PERRY,BUFFALO TOWNSHIP,President,,REP,Bill Weld,4,0,0,5,9
PERRY,BUFFALO TOWNSHIP,President,,REP,Write-In,5,0,0,2,7
PERRY,BUFFALO TOWNSHIP,Attorney General,,DEM,Josh Shapiro,35,0,0,35,70
PERRY,BUFFALO TOWNSHIP,Attorney General,,DEM,Write-In,0,0,0,0,0
PERRY,BUFFALO TOWNSHIP,Attorney General,,REP,Heather Heidelbaugh,195,0,0,37,232
PERRY,BUFFALO TOWNSHIP,Attorney General,,REP,Write-In,0,0,0,0,0
PERRY,BUFFALO TOWNSHIP,Auditor General,,DEM,H Scott Conklin,7,0,0,9,16
PERRY,BUFFALO TOWNSHIP,Auditor General,,DEM,Michael Lamb,4,0,0,2,6
PERRY,BUFFALO TOWNSHIP,Auditor General,,DEM,Tracie Fountain,19,0,0,17,36
PERRY,BUFFALO TOWNSHIP,Auditor General,,DEM,Rose Rosie Marie Davis,1,0,0,2,3
PERRY,BUFFALO TOWNSHIP,Auditor General,,DEM,Nina Ahmad,1,0,0,3,4
PERRY,BUFFALO TOWNSHIP,Auditor General,,DEM,Christina M Hartman,5,0,0,2,7
PERRY,BUFFALO TOWNSHIP,Auditor General,,DEM,Write-In,0,0,0,0,0
PERRY,BUFFALO TOWNSHIP,Auditor General,,REP,Timothy Defoor,194,0,0,36,230
PERRY,BUFFALO TOWNSHIP,Auditor General,,REP,Write-In,2,0,0,0,2
PERRY,BUFFALO TOWNSHIP,State Treasurer,,DEM,Joe Torsella,34,0,0,34,68
PERRY,BUFFALO TOWNSHIP,State Treasurer,,DEM,Write-In,0,0,0,0,0
PERRY,BUFFALO TOWNSHIP,State Treasurer,,REP,Stacy L Garrity,189,0,0,36,225
PERRY,BUFFALO TOWNSHIP,State Treasurer,,REP,Write-In,1,0,0,1,2
PERRY,BUFFALO TOWNSHIP,U.S. House,12,DEM,Lee Griffin,34,0,0,32,66
PERRY,BUFFALO TOWNSHIP,U.S. House,12,DEM,Write-In,0,0,0,1,1
PERRY,BUFFALO TOWNSHIP,U.S. House,12,REP,Fred Keller,202,0,0,38,240
PERRY,BUFFALO TOWNSHIP,U.S. House,12,REP,Write-In,1,0,0,2,3
PERRY,BUFFALO TOWNSHIP,State Senate,15,DEM,George Scott,30,0,0,30,60
PERRY,BUFFALO TOWNSHIP,State Senate,15,DEM,Alvin Q Taylor,7,0,0,9,16
PERRY,BUFFALO TOWNSHIP,State Senate,15,DEM,Write-In,1,0,0,0,1
PERRY,BUFFALO TOWNSHIP,State Senate,15,REP,John Disanto,203,0,0,39,242
PERRY,BUFFALO TOWNSHIP,State Senate,15,REP,Write-In,0,0,0,1,1
PERRY,BUFFALO TOWNSHIP,General Assembly,86,DEM,Write-In,2,0,0,6,8
PERRY,BUFFALO TOWNSHIP,General Assembly,86,REP,Jed Nessinger,44,0,0,11,55
PERRY,BUFFALO TOWNSHIP,General Assembly,86,REP,William Bill Benner,66,0,0,9,75
PERRY,BUFFALO TOWNSHIP,General Assembly,86,REP,Perry Stambaugh,101,0,0,28,129
PERRY,BUFFALO TOWNSHIP,General Assembly,86,REP,Write-In,0,0,0,0,0
PERRY,CARROLL TOWNSHIP,President,,DEM,Bernie Sanders,18,0,0,31,49
PERRY,CARROLL TOWNSHIP,President,,DEM,Joseph R Biden,69,0,0,131,200
PERRY,CARROLL TOWNSHIP,President,,DEM,Tulsi Gabbard,12,0,0,6,18
PERRY,CARROLL TOWNSHIP,President,,DEM,Write-In,15,0,0,9,24
PERRY,CARROLL TOWNSHIP,President,,REP,Donald J Trump,718,0,0,190,908
PERRY,CARROLL TOWNSHIP,President,,REP,Roque Rocky De La Fuente,7,0,0,7,14
PERRY,CARROLL TOWNSHIP,President,,REP,Bill Weld,16,0,0,12,28
PERRY,CARROLL TOWNSHIP,President,,REP,Write-In,7,0,0,7,14
PERRY,CARROLL TOWNSHIP,Attorney General,,DEM,Josh Shapiro,96,0,0,160,256
PERRY,CARROLL TOWNSHIP,Attorney General,,DEM,Write-In,5,0,0,1,6
PERRY,CARROLL TOWNSHIP,Attorney General,,REP,Heather Heidelbaugh,669,0,0,198,867
PERRY,CARROLL TOWNSHIP,Attorney General,,REP,Write-In,3,0,0,3,6
PERRY,CARROLL TOWNSHIP,Auditor General,,DEM,H Scott Conklin,26,0,0,21,47
PERRY,CARROLL TOWNSHIP,Auditor General,,DEM,Michael Lamb,13,0,0,28,41
PERRY,CARROLL TOWNSHIP,Auditor General,,DEM,Tracie Fountain,28,0,0,80,108
PERRY,CARROLL TOWNSHIP,Auditor General,,DEM,Rose Rosie Marie Davis,7,0,0,5,12
PERRY,CARROLL TOWNSHIP,Auditor General,,DEM,Nina Ahmad,9,0,0,18,27
PERRY,CARROLL TOWNSHIP,Auditor General,,DEM,Christina M Hartman,15,0,0,17,32
PERRY,CARROLL TOWNSHIP,Auditor General,,DEM,Write-In,7,0,0,1,8
PERRY,CARROLL TOWNSHIP,Auditor General,,REP,Timothy Defoor,678,0,0,200,878
PERRY,CARROLL TOWNSHIP,Auditor General,,REP,Write-In,1,0,0,1,2
PERRY,CARROLL TOWNSHIP,State Treasurer,,DEM,Joe Torsella,91,0,0,159,250
PERRY,CARROLL TOWNSHIP,State Treasurer,,DEM,Write-In,10,0,0,3,13
PERRY,CARROLL TOWNSHIP,State Treasurer,,REP,Stacy L Garrity,664,0,0,199,863
PERRY,CARROLL TOWNSHIP,State Treasurer,,REP,Write-In,1,0,0,1,2
PERRY,CARROLL TOWNSHIP,U.S. House,12,DEM,Lee Griffin,90,0,0,158,248
PERRY,CARROLL TOWNSHIP,U.S. House,12,DEM,Write-In,12,0,0,3,15
PERRY,CARROLL TOWNSHIP,U.S. House,12,REP,Fred Keller,694,0,0,202,896
PERRY,CARROLL TOWNSHIP,U.S. House,12,REP,Write-In,3,0,0,2,5
PERRY,CARROLL TOWNSHIP,State Senate,15,DEM,George Scott,82,0,0,137,219
PERRY,CARROLL TOWNSHIP,State Senate,15,DEM,Alvin Q Taylor,18,0,0,30,48
PERRY,CARROLL TOWNSHIP,State Senate,15,DEM,Write-In,8,0,0,2,10
PERRY,CARROLL TOWNSHIP,State Senate,15,REP,John Disanto,681,0,0,201,882
PERRY,CARROLL TOWNSHIP,State Senate,15,REP,Write-In,1,0,0,1,2
PERRY,CARROLL TOWNSHIP,General Assembly,86,DEM,Write-In,25,0,0,50,75
PERRY,CARROLL TOWNSHIP,General Assembly,86,REP,Jed Nessinger,165,0,0,20,185
PERRY,CARROLL TOWNSHIP,General Assembly,86,REP,William Bill Benner,150,0,0,30,180
PERRY,CARROLL TOWNSHIP,General Assembly,86,REP,Perry Stambaugh,430,0,0,175,605
PERRY,CARROLL TOWNSHIP,General Assembly,86,REP,Write-In,1,0,0,0,1
PERRY,CENTRE TOWNSHIP,President,,DEM,Bernie Sanders,16,0,0,20,36
PERRY,CENTRE TOWNSHIP,President,,DEM,Joseph R Biden,27,0,0,67,94
PERRY,CENTRE TOWNSHIP,President,,DEM,Tulsi Gabbard,2,0,0,3,5
PERRY,CENTRE TOWNSHIP,President,,DEM,Write-In,2,0,0,3,5
PERRY,CENTRE TOWNSHIP,President,,REP,Donald J Trump,336,0,2,106,444
PERRY,CENTRE TOWNSHIP,President,,REP,Roque Rocky De La Fuente,2,0,0,3,5
PERRY,CENTRE TOWNSHIP,President,,REP,Bill Weld,10,0,1,6,17
PERRY,CENTRE TOWNSHIP,President,,REP,Write-In,1,0,0,6,7
PERRY,CENTRE TOWNSHIP,Attorney General,,DEM,Josh Shapiro,43,0,0,89,132
PERRY,CENTRE TOWNSHIP,Attorney General,,DEM,Write-In,0,0,0,0,0
PERRY,CENTRE TOWNSHIP,Attorney General,,REP,Heather Heidelbaugh,316,0,3,112,431
PERRY,CENTRE TOWNSHIP,Attorney General,,REP,Write-In,0,0,0,1,1
PERRY,CENTRE TOWNSHIP,Auditor General,,DEM,H Scott Conklin,11,0,0,21,32
PERRY,CENTRE TOWNSHIP,Auditor General,,DEM,Michael Lamb,3,0,0,8,11
PERRY,CENTRE TOWNSHIP,Auditor General,,DEM,Tracie Fountain,17,0,0,35,52
PERRY,CENTRE TOWNSHIP,Auditor General,,DEM,Rose Rosie Marie Davis,2,0,0,5,7
PERRY,CENTRE TOWNSHIP,Auditor General,,DEM,Nina Ahmad,3,0,0,11,14
PERRY,CENTRE TOWNSHIP,Auditor General,,DEM,Christina M Hartman,7,0,0,11,18
PERRY,CENTRE TOWNSHIP,Auditor General,,DEM,Write-In,0,0,0,0,0
PERRY,CENTRE TOWNSHIP,Auditor General,,REP,Timothy Defoor,314,0,3,114,431
PERRY,CENTRE TOWNSHIP,Auditor General,,REP,Write-In,1,0,0,0,1
PERRY,CENTRE TOWNSHIP,State Treasurer,,DEM,Joe Torsella,43,0,0,85,128
PERRY,CENTRE TOWNSHIP,State Treasurer,,DEM,Write-In,0,0,0,1,1
PERRY,CENTRE TOWNSHIP,State Treasurer,,REP,Stacy L Garrity,314,0,3,113,430
PERRY,CENTRE TOWNSHIP,State Treasurer,,REP,Write-In,1,0,0,0,1
PERRY,CENTRE TOWNSHIP,U.S. House,12,DEM,Lee Griffin,40,0,0,85,125
PERRY,CENTRE TOWNSHIP,U.S. House,12,DEM,Write-In,1,0,0,0,1
PERRY,CENTRE TOWNSHIP,U.S. House,12,REP,Fred Keller,331,0,3,114,448
PERRY,CENTRE TOWNSHIP,U.S. House,12,REP,Write-In,1,0,0,2,3
PERRY,CENTRE TOWNSHIP,State Senate,15,DEM,George Scott,38,0,0,76,114
PERRY,CENTRE TOWNSHIP,State Senate,15,DEM,Alvin Q Taylor,6,0,0,15,21
PERRY,CENTRE TOWNSHIP,State Senate,15,DEM,Write-In,0,0,0,0,0
PERRY,CENTRE TOWNSHIP,State Senate,15,REP,John Disanto,335,0,3,116,454
PERRY,CENTRE TOWNSHIP,State Senate,15,REP,Write-In,0,0,0,0,0
PERRY,CENTRE TOWNSHIP,General Assembly,86,DEM,Write-In,13,0,0,31,44
PERRY,CENTRE TOWNSHIP,General Assembly,86,REP,Jed Nessinger,64,0,2,4,70
PERRY,CENTRE TOWNSHIP,General Assembly,86,REP,William Bill Benner,75,0,0,25,100
PERRY,CENTRE TOWNSHIP,General Assembly,86,REP,Perry Stambaugh,214,0,0,101,315
PERRY,CENTRE TOWNSHIP,General Assembly,86,REP,Write-In,1,0,0,0,1
PERRY,DUNCANNON BOROUGH,President,,DEM,Bernie Sanders,14,0,0,11,25
PERRY,DUNCANNON BOROUGH,President,,DEM,Joseph R Biden,33,0,0,46,79
PERRY,DUNCANNON BOROUGH,President,,DEM,Tulsi Gabbard,3,0,0,2,5
PERRY,DUNCANNON BOROUGH,President,,DEM,Write-In,3,0,0,0,3
PERRY,DUNCANNON BOROUGH,President,,REP,Donald J Trump,149,0,0,28,177
PERRY,DUNCANNON BOROUGH,President,,REP,Roque Rocky De La Fuente,2,0,0,0,2
PERRY,DUNCANNON BOROUGH,President,,REP,Bill Weld,4,0,0,2,6
PERRY,DUNCANNON BOROUGH,President,,REP,Write-In,3,0,0,2,5
PERRY,DUNCANNON BOROUGH,Attorney General,,DEM,Josh Shapiro,45,0,0,59,104
PERRY,DUNCANNON BOROUGH,Attorney General,,DEM,Write-In,0,0,0,0,0
PERRY,DUNCANNON BOROUGH,Attorney General,,REP,Heather Heidelbaugh,141,0,0,30,171
PERRY,DUNCANNON BOROUGH,Attorney General,,REP,Write-In,0,0,0,0,0
PERRY,DUNCANNON BOROUGH,Auditor General,,DEM,H Scott Conklin,6,0,0,2,8
PERRY,DUNCANNON BOROUGH,Auditor General,,DEM,Michael Lamb,5,0,0,7,12
PERRY,DUNCANNON BOROUGH,Auditor General,,DEM,Tracie Fountain,16,0,0,18,34
PERRY,DUNCANNON BOROUGH,Auditor General,,DEM,Rose Rosie Marie Davis,2,0,0,1,3
PERRY,DUNCANNON BOROUGH,Auditor General,,DEM,Nina Ahmad,12,0,0,16,28
PERRY,DUNCANNON BOROUGH,Auditor General,,DEM,Christina M Hartman,9,0,0,10,19
PERRY,DUNCANNON BOROUGH,Auditor General,,DEM,Write-In,0,0,0,0,0
PERRY,DUNCANNON BOROUGH,Auditor General,,REP,Timothy Defoor,144,0,0,29,173
PERRY,DUNCANNON BOROUGH,Auditor General,,REP,Write-In,0,0,0,1,1
PERRY,DUNCANNON BOROUGH,State Treasurer,,DEM,Joe Torsella,47,0,0,57,104
PERRY,DUNCANNON BOROUGH,State Treasurer,,DEM,Write-In,0,0,0,0,0
PERRY,DUNCANNON BOROUGH,State Treasurer,,REP,Stacy L Garrity,139,0,0,30,169
PERRY,DUNCANNON BOROUGH,State Treasurer,,REP,Write-In,0,0,0,0,0
PERRY,DUNCANNON BOROUGH,U.S. House,12,DEM,Lee Griffin,44,0,0,55,99
PERRY,DUNCANNON BOROUGH,U.S. House,12,DEM,Write-In,0,0,0,2,2
PERRY,DUNCANNON BOROUGH,U.S. House,12,REP,Fred Keller,150,0,0,29,179
PERRY,DUNCANNON BOROUGH,U.S. House,12,REP,Write-In,0,0,0,1,1
PERRY,DUNCANNON BOROUGH,State Senate,15,DEM,George Scott,39,0,0,41,80
PERRY,DUNCANNON BOROUGH,State Senate,15,DEM,Alvin Q Taylor,16,0,0,15,31
PERRY,DUNCANNON BOROUGH,State Senate,15,DEM,Write-In,0,0,0,0,0
PERRY,DUNCANNON BOROUGH,State Senate,15,REP,John Disanto,141,0,0,32,173
PERRY,DUNCANNON BOROUGH,State Senate,15,REP,Write-In,1,0,0,1,2
PERRY,DUNCANNON BOROUGH,General Assembly,86,DEM,Write-In,2,0,0,6,8
PERRY,DUNCANNON BOROUGH,General Assembly,86,REP,Jed Nessinger,51,0,0,4,55
PERRY,DUNCANNON BOROUGH,General Assembly,86,REP,William Bill Benner,15,0,0,6,21
PERRY,DUNCANNON BOROUGH,General Assembly,86,REP,Perry Stambaugh,93,0,0,23,116
PERRY,DUNCANNON BOROUGH,General Assembly,86,REP,Write-In,1,0,0,0,1
PERRY,GREENWOOD TOWNSHIP,President,,DEM,Bernie Sanders,13,0,0,4,17
PERRY,GREENWOOD TOWNSHIP,President,,DEM,Joseph R Biden,28,0,0,30,58
PERRY,GREENWOOD TOWNSHIP,President,,DEM,Tulsi Gabbard,3,0,0,1,4
PERRY,GREENWOOD TOWNSHIP,President,,DEM,Write-In,1,0,0,1,2
PERRY,GREENWOOD TOWNSHIP,President,,REP,Donald J Trump,152,0,0,68,220
PERRY,GREENWOOD TOWNSHIP,President,,REP,Roque Rocky De La Fuente,5,0,0,3,8
PERRY,GREENWOOD TOWNSHIP,President,,REP,Bill Weld,4,0,0,10,14
PERRY,GREENWOOD TOWNSHIP,President,,REP,Write-In,3,0,0,4,7
PERRY,GREENWOOD TOWNSHIP,Attorney General,,DEM,Josh Shapiro,37,0,0,32,69
PERRY,GREENWOOD TOWNSHIP,Attorney General,,DEM,Write-In,0,0,0,0,0
PERRY,GREENWOOD TOWNSHIP,Attorney General,,REP,Heather Heidelbaugh,148,0,0,74,222
PERRY,GREENWOOD TOWNSHIP,Attorney General,,REP,Write-In,0,0,0,1,1
PERRY,GREENWOOD TOWNSHIP,Auditor General,,DEM,H Scott Conklin,13,0,0,7,20
PERRY,GREENWOOD TOWNSHIP,Auditor General,,DEM,Michael Lamb,3,0,0,5,8
PERRY,GREENWOOD TOWNSHIP,Auditor General,,DEM,Tracie Fountain,13,0,0,16,29
PERRY,GREENWOOD TOWNSHIP,Auditor General,,DEM,Rose Rosie Marie Davis,3,0,0,1,4
PERRY,GREENWOOD TOWNSHIP,Auditor General,,DEM,Nina Ahmad,11,0,0,2,13
PERRY,GREENWOOD TOWNSHIP,Auditor General,,DEM,Christina M Hartman,2,0,0,5,7
PERRY,GREENWOOD TOWNSHIP,Auditor General,,DEM,Write-In,0,0,0,0,0
PERRY,GREENWOOD TOWNSHIP,Auditor General,,REP,Timothy Defoor,150,0,0,77,227
PERRY,GREENWOOD TOWNSHIP,Auditor General,,REP,Write-In,0,0,0,1,1
PERRY,GREENWOOD TOWNSHIP,State Treasurer,,DEM,Joe Torsella,40,0,0,34,74
PERRY,GREENWOOD TOWNSHIP,State Treasurer,,DEM,Write-In,0,0,0,0,0
PERRY,GREENWOOD TOWNSHIP,State Treasurer,,REP,Stacy L Garrity,149,0,0,77,226
PERRY,GREENWOOD TOWNSHIP,State Treasurer,,REP,Write-In,0,0,0,0,0
PERRY,GREENWOOD TOWNSHIP,U.S. House,12,DEM,Lee Griffin,40,0,0,31,71
PERRY,GREENWOOD TOWNSHIP,U.S. House,12,DEM,Write-In,0,0,0,0,0
PERRY,GREENWOOD TOWNSHIP,U.S. House,12,REP,Fred Keller,156,0,0,80,236
PERRY,GREENWOOD TOWNSHIP,U.S. House,12,REP,Write-In,0,0,0,1,1
PERRY,GREENWOOD TOWNSHIP,State Senate,15,DEM,George Scott,34,0,0,27,61
PERRY,GREENWOOD TOWNSHIP,State Senate,15,DEM,Alvin Q Taylor,10,0,0,8,18
PERRY,GREENWOOD TOWNSHIP,State Senate,15,DEM,Write-In,0,0,0,0,0
PERRY,GREENWOOD TOWNSHIP,State Senate,15,REP,John Disanto,154,0,0,81,235
PERRY,GREENWOOD TOWNSHIP,State Senate,15,REP,Write-In,0,0,0,0,0
PERRY,GREENWOOD TOWNSHIP,General Assembly,86,DEM,Write-In,4,0,0,7,11
PERRY,GREENWOOD TOWNSHIP,General Assembly,86,REP,Jed Nessinger,29,0,0,10,39
PERRY,GREENWOOD TOWNSHIP,General Assembly,86,REP,William Bill Benner,31,0,0,11,42
PERRY,GREENWOOD TOWNSHIP,General Assembly,86,REP,Perry Stambaugh,104,0,0,62,166
PERRY,GREENWOOD TOWNSHIP,General Assembly,86,REP,Write-In,0,0,0,0,0
PERRY,HOWE TOWNSHIP,President,,DEM,Bernie Sanders,2,0,0,4,6
PERRY,HOWE TOWNSHIP,President,,DEM,Joseph R Biden,13,0,0,10,23
PERRY,HOWE TOWNSHIP,President,,DEM,Tulsi Gabbard,2,0,0,1,3
PERRY,HOWE TOWNSHIP,President,,DEM,Write-In,3,0,0,0,3
PERRY,HOWE TOWNSHIP,President,,REP,Donald J Trump,75,0,0,11,86
PERRY,HOWE TOWNSHIP,President,,REP,Roque Rocky De La Fuente,1,0,0,0,1
PERRY,HOWE TOWNSHIP,President,,REP,Bill Weld,4,0,0,4,8
PERRY,HOWE TOWNSHIP,President,,REP,Write-In,1,0,0,3,4
PERRY,HOWE TOWNSHIP,Attorney General,,DEM,Josh Shapiro,17,0,0,16,33
PERRY,HOWE TOWNSHIP,Attorney General,,DEM,Write-In,0,0,0,0,0
PERRY,HOWE TOWNSHIP,Attorney General,,REP,Heather Heidelbaugh,72,0,0,18,90
PERRY,HOWE TOWNSHIP,Attorney General,,REP,Write-In,0,0,0,0,0
PERRY,HOWE TOWNSHIP,Auditor General,,DEM,H Scott Conklin,4,0,0,1,5
PERRY,HOWE TOWNSHIP,Auditor General,,DEM,Michael Lamb,0,0,0,3,3
PERRY,HOWE TOWNSHIP,Auditor General,,DEM,Tracie Fountain,7,0,0,8,15
PERRY,HOWE TOWNSHIP,Auditor General,,DEM,Rose Rosie Marie Davis,0,0,0,1,1
PERRY,HOWE TOWNSHIP,Auditor General,,DEM,Nina Ahmad,4,0,0,2,6
PERRY,HOWE TOWNSHIP,Auditor General,,DEM,Christina M Hartman,1,0,0,2,3
PERRY,HOWE TOWNSHIP,Auditor General,,DEM,Write-In,0,0,0,0,0
PERRY,HOWE TOWNSHIP,Auditor General,,REP,Timothy Defoor,69,0,0,18,87
PERRY,HOWE TOWNSHIP,Auditor General,,REP,Write-In,0,0,0,0,0
PERRY,HOWE TOWNSHIP,State Treasurer,,DEM,Joe Torsella,15,0,0,16,31
PERRY,HOWE TOWNSHIP,State Treasurer,,DEM,Write-In,0,0,0,0,0
PERRY,HOWE TOWNSHIP,State Treasurer,,REP,Stacy L Garrity,69,0,0,17,86
PERRY,HOWE TOWNSHIP,State Treasurer,,REP,Write-In,0,0,0,0,0
PERRY,HOWE TOWNSHIP,U.S. House,12,DEM,Lee Griffin,15,0,0,15,30
PERRY,HOWE TOWNSHIP,U.S. House,12,DEM,Write-In,1,0,0,1,2
PERRY,HOWE TOWNSHIP,U.S. House,12,REP,Fred Keller,69,0,0,17,86
PERRY,HOWE TOWNSHIP,U.S. House,12,REP,Write-In,0,0,0,0,0
PERRY,HOWE TOWNSHIP,State Senate,15,DEM,George Scott,13,0,0,14,27
PERRY,HOWE TOWNSHIP,State Senate,15,DEM,Alvin Q Taylor,4,0,0,3,7
PERRY,HOWE TOWNSHIP,State Senate,15,DEM,Write-In,0,0,0,0,0
PERRY,HOWE TOWNSHIP,State Senate,15,REP,John Disanto,71,0,0,18,89
PERRY,HOWE TOWNSHIP,State Senate,15,REP,Write-In,0,0,0,0,0
PERRY,HOWE TOWNSHIP,General Assembly,86,DEM,Write-In,6,0,0,5,11
PERRY,HOWE TOWNSHIP,General Assembly,86,REP,Jed Nessinger,11,0,0,1,12
PERRY,HOWE TOWNSHIP,General Assembly,86,REP,William Bill Benner,27,0,0,5,32
PERRY,HOWE TOWNSHIP,General Assembly,86,REP,Perry Stambaugh,42,0,0,12,54
PERRY,HOWE TOWNSHIP,General Assembly,86,REP,Write-In,1,0,0,0,1
PERRY,JACKSON TOWNSHIP,President,,DEM,Bernie Sanders,0,0,0,1,1
PERRY,JACKSON TOWNSHIP,President,,DEM,Joseph R Biden,4,0,0,10,14
PERRY,JACKSON TOWNSHIP,President,,DEM,Tulsi Gabbard,2,0,0,1,3
PERRY,JACKSON TOWNSHIP,President,,DEM,Write-In,1,0,0,0,1
PERRY,JACKSON TOWNSHIP,President,,REP,Donald J Trump,57,0,0,11,68
PERRY,JACKSON TOWNSHIP,President,,REP,Roque Rocky De La Fuente,1,0,0,0,1
PERRY,JACKSON TOWNSHIP,President,,REP,Bill Weld,1,0,0,0,1
PERRY,JACKSON TOWNSHIP,President,,REP,Write-In,0,0,0,0,0
PERRY,JACKSON TOWNSHIP,Attorney General,,DEM,Josh Shapiro,6,0,0,11,17
PERRY,JACKSON TOWNSHIP,Attorney General,,DEM,Write-In,0,0,0,0,0
PERRY,JACKSON TOWNSHIP,Attorney General,,REP,Heather Heidelbaugh,50,0,0,9,59
PERRY,JACKSON TOWNSHIP,Attorney General,,REP,Write-In,0,0,0,0,0
PERRY,JACKSON TOWNSHIP,Auditor General,,DEM,H Scott Conklin,1,0,0,1,2
PERRY,JACKSON TOWNSHIP,Auditor General,,DEM,Michael Lamb,0,0,0,1,1
PERRY,JACKSON TOWNSHIP,Auditor General,,DEM,Tracie Fountain,3,0,0,4,7
PERRY,JACKSON TOWNSHIP,Auditor General,,DEM,Rose Rosie Marie Davis,0,0,0,0,0
PERRY,JACKSON TOWNSHIP,Auditor General,,DEM,Nina Ahmad,0,0,0,1,1
PERRY,JACKSON TOWNSHIP,Auditor General,,DEM,Christina M Hartman,1,0,0,5,6
PERRY,JACKSON TOWNSHIP,Auditor General,,DEM,Write-In,0,0,0,0,0
PERRY,JACKSON TOWNSHIP,Auditor General,,REP,Timothy Defoor,51,0,0,9,60
PERRY,JACKSON TOWNSHIP,Auditor General,,REP,Write-In,0,0,0,0,0
PERRY,JACKSON TOWNSHIP,State Treasurer,,DEM,Joe Torsella,6,0,0,12,18
PERRY,JACKSON TOWNSHIP,State Treasurer,,DEM,Write-In,0,0,0,0,0
PERRY,JACKSON TOWNSHIP,State Treasurer,,REP,Stacy L Garrity,51,0,0,9,60
PERRY,JACKSON TOWNSHIP,State Treasurer,,REP,Write-In,0,0,0,0,0
PERRY,JACKSON TOWNSHIP,U.S. House,12,DEM,Lee Griffin,6,0,0,11,17
PERRY,JACKSON TOWNSHIP,U.S. House,12,DEM,Write-In,0,0,0,0,0
PERRY,JACKSON TOWNSHIP,U.S. House,12,REP,Fred Keller,56,0,0,11,67
PERRY,JACKSON TOWNSHIP,U.S. House,12,REP,Write-In,0,0,0,0,0
PERRY,JACKSON TOWNSHIP,State Senate,15,DEM,George Scott,5,0,0,12,17
PERRY,JACKSON TOWNSHIP,State Senate,15,DEM,Alvin Q Taylor,2,0,0,1,3
PERRY,JACKSON TOWNSHIP,State Senate,15,DEM,Write-In,0,0,0,0,0
PERRY,JACKSON TOWNSHIP,State Senate,15,REP,John Disanto,53,0,0,14,67
PERRY,JACKSON TOWNSHIP,State Senate,15,REP,Write-In,0,0,0,0,0
PERRY,JACKSON TOWNSHIP,General Assembly,86,DEM,Write-In,1,0,0,2,3
PERRY,JACKSON TOWNSHIP,General Assembly,86,REP,Jed Nessinger,10,0,0,1,11
PERRY,JACKSON TOWNSHIP,General Assembly,86,REP,William Bill Benner,6,0,0,2,8
PERRY,JACKSON TOWNSHIP,General Assembly,86,REP,Perry Stambaugh,44,0,0,11,55
PERRY,JACKSON TOWNSHIP,General Assembly,86,REP,Write-In,0,0,0,0,0
PERRY,JUNIATA TOWNSHIP,President,,DEM,Bernie Sanders,11,0,1,6,18
PERRY,JUNIATA TOWNSHIP,President,,DEM,Joseph R Biden,25,0,0,69,94
PERRY,JUNIATA TOWNSHIP,President,,DEM,Tulsi Gabbard,1,0,0,0,1
PERRY,JUNIATA TOWNSHIP,President,,DEM,Write-In,3,0,0,1,4
PERRY,JUNIATA TOWNSHIP,President,,REP,Donald J Trump,209,0,4,58,271
PERRY,JUNIATA TOWNSHIP,President,,REP,Roque Rocky De La Fuente,0,0,0,3,3
PERRY,JUNIATA TOWNSHIP,President,,REP,Bill Weld,5,0,0,8,13
PERRY,JUNIATA TOWNSHIP,President,,REP,Write-In,2,0,0,4,6
PERRY,JUNIATA TOWNSHIP,Attorney General,,DEM,Josh Shapiro,35,0,0,72,107
PERRY,JUNIATA TOWNSHIP,Attorney General,,DEM,Write-In,2,0,0,0,2
PERRY,JUNIATA TOWNSHIP,Attorney General,,REP,Heather Heidelbaugh,186,0,3,62,251
PERRY,JUNIATA TOWNSHIP,Attorney General,,REP,Write-In,1,0,0,2,3
PERRY,JUNIATA TOWNSHIP,Auditor General,,DEM,H Scott Conklin,8,0,0,17,25
PERRY,JUNIATA TOWNSHIP,Auditor General,,DEM,Michael Lamb,3,0,0,5,8
PERRY,JUNIATA TOWNSHIP,Auditor General,,DEM,Tracie Fountain,14,0,1,27,42
PERRY,JUNIATA TOWNSHIP,Auditor General,,DEM,Rose Rosie Marie Davis,1,0,0,3,4
PERRY,JUNIATA TOWNSHIP,Auditor General,,DEM,Nina Ahmad,5,0,0,9,14
PERRY,JUNIATA TOWNSHIP,Auditor General,,DEM,Christina M Hartman,4,0,0,10,14
PERRY,JUNIATA TOWNSHIP,Auditor General,,DEM,Write-In,2,0,0,0,2
PERRY,JUNIATA TOWNSHIP,Auditor General,,REP,Timothy Defoor,189,0,2,64,255
PERRY,JUNIATA TOWNSHIP,Auditor General,,REP,Write-In,1,0,0,0,1
PERRY,JUNIATA TOWNSHIP,State Treasurer,,DEM,Joe Torsella,33,0,0,66,99
PERRY,JUNIATA TOWNSHIP,State Treasurer,,DEM,Write-In,1,0,0,0,1
PERRY,JUNIATA TOWNSHIP,State Treasurer,,REP,Stacy L Garrity,191,0,2,60,253
PERRY,JUNIATA TOWNSHIP,State Treasurer,,REP,Write-In,2,0,0,1,3
PERRY,JUNIATA TOWNSHIP,U.S. House,12,DEM,Lee Griffin,32,0,0,63,95
PERRY,JUNIATA TOWNSHIP,U.S. House,12,DEM,Write-In,1,0,0,1,2
PERRY,JUNIATA TOWNSHIP,U.S. House,12,REP,Fred Keller,200,0,4,67,271
PERRY,JUNIATA TOWNSHIP,U.S. House,12,REP,Write-In,0,0,0,1,1
PERRY,JUNIATA TOWNSHIP,State Senate,15,DEM,George Scott,33,0,0,62,95
PERRY,JUNIATA TOWNSHIP,State Senate,15,DEM,Alvin Q Taylor,5,0,0,13,18
PERRY,JUNIATA TOWNSHIP,State Senate,15,DEM,Write-In,3,0,0,0,3
PERRY,JUNIATA TOWNSHIP,State Senate,15,REP,John Disanto,198,0,4,70,272
PERRY,JUNIATA TOWNSHIP,State Senate,15,REP,Write-In,1,0,0,1,2
PERRY,JUNIATA TOWNSHIP,General Assembly,86,DEM,Write-In,7,0,0,18,25
PERRY,JUNIATA TOWNSHIP,General Assembly,86,REP,Jed Nessinger,41,0,1,7,49
PERRY,JUNIATA TOWNSHIP,General Assembly,86,REP,William Bill Benner,62,0,0,16,78
PERRY,JUNIATA TOWNSHIP,General Assembly,86,REP,Perry Stambaugh,115,0,3,55,173
PERRY,JUNIATA TOWNSHIP,General Assembly,86,REP,Write-In,0,0,0,2,2
PERRY,LANDISBURG BOROUGH,President,,DEM,Bernie Sanders,1,0,0,1,2
PERRY,LANDISBURG BOROUGH,President,,DEM,Joseph R Biden,4,0,0,4,8
PERRY,LANDISBURG BOROUGH,President,,DEM,Tulsi Gabbard,1,0,0,0,1
PERRY,LANDISBURG BOROUGH,President,,DEM,Write-In,0,0,0,0,0
PERRY,LANDISBURG BOROUGH,President,,REP,Donald J Trump,20,0,0,1,21
PERRY,LANDISBURG BOROUGH,President,,REP,Roque Rocky De La Fuente,0,0,0,0,0
PERRY,LANDISBURG BOROUGH,President,,REP,Bill Weld,0,0,0,0,0
PERRY,LANDISBURG BOROUGH,President,,REP,Write-In,0,0,0,0,0
PERRY,LANDISBURG BOROUGH,Attorney General,,DEM,Josh Shapiro,6,0,0,5,11
PERRY,LANDISBURG BOROUGH,Attorney General,,DEM,Write-In,0,0,0,0,0
PERRY,LANDISBURG BOROUGH,Attorney General,,REP,Heather Heidelbaugh,17,0,0,2,19
PERRY,LANDISBURG BOROUGH,Attorney General,,REP,Write-In,0,0,0,0,0
PERRY,LANDISBURG BOROUGH,Auditor General,,DEM,H Scott Conklin,1,0,0,0,1
PERRY,LANDISBURG BOROUGH,Auditor General,,DEM,Michael Lamb,0,0,0,1,1
PERRY,LANDISBURG BOROUGH,Auditor General,,DEM,Tracie Fountain,4,0,0,3,7
PERRY,LANDISBURG BOROUGH,Auditor General,,DEM,Rose Rosie Marie Davis,0,0,0,0,0
PERRY,LANDISBURG BOROUGH,Auditor General,,DEM,Nina Ahmad,1,0,0,1,2
PERRY,LANDISBURG BOROUGH,Auditor General,,DEM,Christina M Hartman,0,0,0,0,0
PERRY,LANDISBURG BOROUGH,Auditor General,,DEM,Write-In,0,0,0,0,0
PERRY,LANDISBURG BOROUGH,Auditor General,,REP,Timothy Defoor,18,0,0,2,20
PERRY,LANDISBURG BOROUGH,Auditor General,,REP,Write-In,0,0,0,0,0
PERRY,LANDISBURG BOROUGH,State Treasurer,,DEM,Joe Torsella,6,0,0,5,11
PERRY,LANDISBURG BOROUGH,State Treasurer,,DEM,Write-In,0,0,0,0,0
PERRY,LANDISBURG BOROUGH,State Treasurer,,REP,Stacy L Garrity,16,0,0,2,18
PERRY,LANDISBURG BOROUGH,State Treasurer,,REP,Write-In,0,0,0,0,0
PERRY,LANDISBURG BOROUGH,U.S. House,12,DEM,Lee Griffin,5,0,0,5,10
PERRY,LANDISBURG BOROUGH,U.S. House,12,DEM,Write-In,0,0,0,0,0
PERRY,LANDISBURG BOROUGH,U.S. House,12,REP,Fred Keller,18,0,0,2,20
PERRY,LANDISBURG BOROUGH,U.S. House,12,REP,Write-In,0,0,0,0,0
PERRY,LANDISBURG BOROUGH,State Senate,15,DEM,George Scott,4,0,0,4,8
PERRY,LANDISBURG BOROUGH,State Senate,15,DEM,Alvin Q Taylor,2,0,0,1,3
PERRY,LANDISBURG BOROUGH,State Senate,15,DEM,Write-In,0,0,0,0,0
PERRY,LANDISBURG BOROUGH,State Senate,15,REP,John Disanto,18,0,0,2,20
PERRY,LANDISBURG BOROUGH,State Senate,15,REP,Write-In,0,0,0,0,0
PERRY,LANDISBURG BOROUGH,General Assembly,86,DEM,Write-In,2,0,0,1,3
PERRY,LANDISBURG BOROUGH,General Assembly,86,REP,Jed Nessinger,2,0,0,0,2
PERRY,LANDISBURG BOROUGH,General Assembly,86,REP,William Bill Benner,2,0,0,0,2
PERRY,LANDISBURG BOROUGH,General Assembly,86,REP,Perry Stambaugh,16,0,0,2,18
PERRY,LANDISBURG BOROUGH,General Assembly,86,REP,Write-In,0,0,0,0,0
PERRY,LIVERPOOL BOROUGH,President,,DEM,Bernie Sanders,3,0,0,6,9
PERRY,LIVERPOOL BOROUGH,President,,DEM,Joseph R Biden,19,0,0,26,45
PERRY,LIVERPOOL BOROUGH,President,,DEM,Tulsi Gabbard,1,0,0,1,2
PERRY,LIVERPOOL BOROUGH,President,,DEM,Write-In,1,0,0,2,3
PERRY,LIVERPOOL BOROUGH,President,,REP,Donald J Trump,98,0,0,23,121
PERRY,LIVERPOOL BOROUGH,President,,REP,Roque Rocky De La Fuente,0,0,0,2,2
PERRY,LIVERPOOL BOROUGH,President,,REP,Bill Weld,6,0,0,0,6
PERRY,LIVERPOOL BOROUGH,President,,REP,Write-In,2,0,0,2,4
PERRY,LIVERPOOL BOROUGH,Attorney General,,DEM,Josh Shapiro,25,0,0,31,56
PERRY,LIVERPOOL BOROUGH,Attorney General,,DEM,Write-In,0,0,0,1,1
PERRY,LIVERPOOL BOROUGH,Attorney General,,REP,Heather Heidelbaugh,104,0,0,26,130
PERRY,LIVERPOOL BOROUGH,Attorney General,,REP,Write-In,0,0,0,2,2
PERRY,LIVERPOOL BOROUGH,Auditor General,,DEM,H Scott Conklin,5,0,0,7,12
PERRY,LIVERPOOL BOROUGH,Auditor General,,DEM,Michael Lamb,3,0,0,6,9
PERRY,LIVERPOOL BOROUGH,Auditor General,,DEM,Tracie Fountain,8,0,0,7,15
PERRY,LIVERPOOL BOROUGH,Auditor General,,DEM,Rose Rosie Marie Davis,0,0,0,4,4
PERRY,LIVERPOOL BOROUGH,Auditor General,,DEM,Nina Ahmad,6,0,0,3,9
PERRY,LIVERPOOL BOROUGH,Auditor General,,DEM,Christina M Hartman,2,0,0,7,9
PERRY,LIVERPOOL BOROUGH,Auditor General,,DEM,Write-In,0,0,0,0,0
PERRY,LIVERPOOL BOROUGH,Auditor General,,REP,Timothy Defoor,102,0,0,28,130
PERRY,LIVERPOOL BOROUGH,Auditor General,,REP,Write-In,1,0,0,0,1
PERRY,LIVERPOOL BOROUGH,State Treasurer,,DEM,Joe Torsella,24,0,0,30,54
PERRY,LIVERPOOL BOROUGH,State Treasurer,,DEM,Write-In,0,0,0,1,1
PERRY,LIVERPOOL BOROUGH,State Treasurer,,REP,Stacy L Garrity,103,0,0,28,131
PERRY,LIVERPOOL BOROUGH,State Treasurer,,REP,Write-In,1,0,0,0,1
PERRY,LIVERPOOL BOROUGH,U.S. House,12,DEM,Lee Griffin,24,0,0,28,52
PERRY,LIVERPOOL BOROUGH,U.S. House,12,DEM,Write-In,0,0,0,0,0
PERRY,LIVERPOOL BOROUGH,U.S. House,12,REP,Fred Keller,106,0,0,28,134
PERRY,LIVERPOOL BOROUGH,U.S. House,12,REP,Write-In,0,0,0,1,1
PERRY,LIVERPOOL BOROUGH,State Senate,15,DEM,George Scott,22,0,0,29,51
PERRY,LIVERPOOL BOROUGH,State Senate,15,DEM,Alvin Q Taylor,2,0,0,5,7
PERRY,LIVERPOOL BOROUGH,State Senate,15,DEM,Write-In,0,0,0,0,0
PERRY,LIVERPOOL BOROUGH,State Senate,15,REP,John Disanto,103,0,0,29,132
PERRY,LIVERPOOL BOROUGH,State Senate,15,REP,Write-In,0,0,0,0,0
PERRY,LIVERPOOL BOROUGH,General Assembly,86,DEM,Write-In,1,0,0,3,4
PERRY,LIVERPOOL BOROUGH,General Assembly,86,REP,Jed Nessinger,27,0,0,2,29
PERRY,LIVERPOOL BOROUGH,General Assembly,86,REP,William Bill Benner,17,0,0,6,23
PERRY,LIVERPOOL BOROUGH,General Assembly,86,REP,Perry Stambaugh,62,0,0,20,82
PERRY,LIVERPOOL BOROUGH,General Assembly,86,REP,Write-In,0,0,0,0,0
PERRY,LIVERPOOL TOWNSHIP,President,,DEM,Bernie Sanders,5,0,0,2,7
PERRY,LIVERPOOL TOWNSHIP,President,,DEM,Joseph R Biden,13,0,0,35,48
PERRY,LIVERPOOL TOWNSHIP,President,,DEM,Tulsi Gabbard,0,0,0,0,0
PERRY,LIVERPOOL TOWNSHIP,President,,DEM,Write-In,1,0,0,0,1
PERRY,LIVERPOOL TOWNSHIP,President,,REP,Donald J Trump,172,0,0,47,219
PERRY,LIVERPOOL TOWNSHIP,President,,REP,Roque Rocky De La Fuente,3,0,0,2,5
PERRY,LIVERPOOL TOWNSHIP,President,,REP,Bill Weld,5,0,0,3,8
PERRY,LIVERPOOL TOWNSHIP,President,,REP,Write-In,2,0,0,0,2
PERRY,LIVERPOOL TOWNSHIP,Attorney General,,DEM,Josh Shapiro,19,0,0,36,55
PERRY,LIVERPOOL TOWNSHIP,Attorney General,,DEM,Write-In,1,0,0,0,1
PERRY,LIVERPOOL TOWNSHIP,Attorney General,,REP,Heather Heidelbaugh,164,0,0,51,215
PERRY,LIVERPOOL TOWNSHIP,Attorney General,,REP,Write-In,0,0,0,0,0
PERRY,LIVERPOOL TOWNSHIP,Auditor General,,DEM,H Scott Conklin,2,0,0,14,16
PERRY,LIVERPOOL TOWNSHIP,Auditor General,,DEM,Michael Lamb,2,0,0,2,4
PERRY,LIVERPOOL TOWNSHIP,Auditor General,,DEM,Tracie Fountain,8,0,0,15,23
PERRY,LIVERPOOL TOWNSHIP,Auditor General,,DEM,Rose Rosie Marie Davis,0,0,0,0,0
PERRY,LIVERPOOL TOWNSHIP,Auditor General,,DEM,Nina Ahmad,2,0,0,1,3
PERRY,LIVERPOOL TOWNSHIP,Auditor General,,DEM,Christina M Hartman,5,0,0,4,9
PERRY,LIVERPOOL TOWNSHIP,Auditor General,,DEM,Write-In,0,0,0,0,0
PERRY,LIVERPOOL TOWNSHIP,Auditor General,,REP,Timothy Defoor,164,0,0,51,215
PERRY,LIVERPOOL TOWNSHIP,Auditor General,,REP,Write-In,1,0,0,0,1
PERRY,LIVERPOOL TOWNSHIP,State Treasurer,,DEM,Joe Torsella,17,0,0,36,53
PERRY,LIVERPOOL TOWNSHIP,State Treasurer,,DEM,Write-In,1,0,0,0,1
PERRY,LIVERPOOL TOWNSHIP,State Treasurer,,REP,Stacy L Garrity,161,0,0,51,212
PERRY,LIVERPOOL TOWNSHIP,State Treasurer,,REP,Write-In,1,0,0,0,1
PERRY,LIVERPOOL TOWNSHIP,U.S. House,12,DEM,Lee Griffin,16,0,0,34,50
PERRY,LIVERPOOL TOWNSHIP,U.S. House,12,DEM,Write-In,0,0,0,0,0
PERRY,LIVERPOOL TOWNSHIP,U.S. House,12,REP,Fred Keller,175,0,0,50,225
PERRY,LIVERPOOL TOWNSHIP,U.S. House,12,REP,Write-In,1,0,0,2,3
PERRY,LIVERPOOL TOWNSHIP,State Senate,15,DEM,George Scott,13,0,0,34,47
PERRY,LIVERPOOL TOWNSHIP,State Senate,15,DEM,Alvin Q Taylor,6,0,0,3,9
PERRY,LIVERPOOL TOWNSHIP,State Senate,15,DEM,Write-In,0,0,0,0,0
PERRY,LIVERPOOL TOWNSHIP,State Senate,15,REP,John Disanto,166,0,0,53,219
PERRY,LIVERPOOL TOWNSHIP,State Senate,15,REP,Write-In,0,0,0,0,0
PERRY,LIVERPOOL TOWNSHIP,General Assembly,86,DEM,Write-In,3,0,0,2,5
PERRY,LIVERPOOL TOWNSHIP,General Assembly,86,REP,Jed Nessinger,38,0,0,4,42
PERRY,LIVERPOOL TOWNSHIP,General Assembly,86,REP,William Bill Benner,34,0,0,12,46
PERRY,LIVERPOOL TOWNSHIP,General Assembly,86,REP,Perry Stambaugh,106,0,0,40,146
PERRY,LIVERPOOL TOWNSHIP,General Assembly,86,REP,Write-In,0,0,0,0,0
PERRY,MADISON TOWNSHIP,President,,DEM,Bernie Sanders,3,0,0,1,4
PERRY,MADISON TOWNSHIP,President,,DEM,Joseph R Biden,11,0,0,13,24
PERRY,MADISON TOWNSHIP,President,,DEM,Tulsi Gabbard,4,0,0,0,4
PERRY,MADISON TOWNSHIP,President,,DEM,Write-In,1,0,0,0,1
PERRY,MADISON TOWNSHIP,President,,REP,Donald J Trump,123,0,0,28,151
PERRY,MADISON TOWNSHIP,President,,REP,Roque Rocky De La Fuente,1,0,0,0,1
PERRY,MADISON TOWNSHIP,President,,REP,Bill Weld,2,0,0,0,2
PERRY,MADISON TOWNSHIP,President,,REP,Write-In,0,0,0,3,3
PERRY,MADISON TOWNSHIP,Attorney General,,DEM,Josh Shapiro,15,0,0,14,29
PERRY,MADISON TOWNSHIP,Attorney General,,DEM,Write-In,0,0,0,0,0
PERRY,MADISON TOWNSHIP,Attorney General,,REP,Heather Heidelbaugh,108,0,0,29,137
PERRY,MADISON TOWNSHIP,Attorney General,,REP,Write-In,1,0,0,0,1
PERRY,MADISON TOWNSHIP,Auditor General,,DEM,H Scott Conklin,5,0,0,4,9
PERRY,MADISON TOWNSHIP,Auditor General,,DEM,Michael Lamb,1,0,0,0,1
PERRY,MADISON TOWNSHIP,Auditor General,,DEM,Tracie Fountain,5,0,0,7,12
PERRY,MADISON TOWNSHIP,Auditor General,,DEM,Rose Rosie Marie Davis,1,0,0,1,2
PERRY,MADISON TOWNSHIP,Auditor General,,DEM,Nina Ahmad,0,0,0,1,1
PERRY,MADISON TOWNSHIP,Auditor General,,DEM,Christina M Hartman,5,0,0,1,6
PERRY,MADISON TOWNSHIP,Auditor General,,DEM,Write-In,0,0,0,0,0
PERRY,MADISON TOWNSHIP,Auditor General,,REP,Timothy Defoor,109,0,0,30,139
PERRY,MADISON TOWNSHIP,Auditor General,,REP,Write-In,1,0,0,0,1
PERRY,MADISON TOWNSHIP,State Treasurer,,DEM,Joe Torsella,15,0,0,14,29
PERRY,MADISON TOWNSHIP,State Treasurer,,DEM,Write-In,0,0,0,0,0
PERRY,MADISON TOWNSHIP,State Treasurer,,REP,Stacy L Garrity,107,0,0,30,137
PERRY,MADISON TOWNSHIP,State Treasurer,,REP,Write-In,2,0,0,0,2
PERRY,MADISON TOWNSHIP,U.S. House,12,DEM,Lee Griffin,13,0,0,14,27
PERRY,MADISON TOWNSHIP,U.S. House,12,DEM,Write-In,0,0,0,0,0
PERRY,MADISON TOWNSHIP,U.S. House,12,REP,Fred Keller,115,0,0,27,142
PERRY,MADISON TOWNSHIP,U.S. House,12,REP,Write-In,0,0,0,0,0
PERRY,MADISON TOWNSHIP,State Senate,15,DEM,George Scott,17,0,0,9,26
PERRY,MADISON TOWNSHIP,State Senate,15,DEM,Alvin Q Taylor,4,0,0,4,8
PERRY,MADISON TOWNSHIP,State Senate,15,DEM,Write-In,0,0,0,0,0
PERRY,MADISON TOWNSHIP,State Senate,15,REP,John Disanto,111,0,0,32,143
PERRY,MADISON TOWNSHIP,State Senate,15,REP,Write-In,1,0,0,0,1
PERRY,MADISON TOWNSHIP,General Assembly,86,DEM,Write-In,9,0,0,7,16
PERRY,MADISON TOWNSHIP,General Assembly,86,REP,Jed Nessinger,21,0,0,0,21
PERRY,MADISON TOWNSHIP,General Assembly,86,REP,William Bill Benner,18,0,0,3,21
PERRY,MADISON TOWNSHIP,General Assembly,86,REP,Perry Stambaugh,89,0,0,28,117
PERRY,MADISON TOWNSHIP,General Assembly,86,REP,Write-In,0,0,0,0,0
PERRY,MARYSVILLE BOROUGH,President,,DEM,Bernie Sanders,23,0,0,38,61
PERRY,MARYSVILLE BOROUGH,President,,DEM,Joseph R Biden,43,0,0,110,153
PERRY,MARYSVILLE BOROUGH,President,,DEM,Tulsi Gabbard,8,0,0,5,13
PERRY,MARYSVILLE BOROUGH,President,,DEM,Write-In,4,0,0,1,5
PERRY,MARYSVILLE BOROUGH,President,,REP,Donald J Trump,233,0,0,93,326
PERRY,MARYSVILLE BOROUGH,President,,REP,Roque Rocky De La Fuente,1,0,0,1,2
PERRY,MARYSVILLE BOROUGH,President,,REP,Bill Weld,8,0,0,20,28
PERRY,MARYSVILLE BOROUGH,President,,REP,Write-In,5,0,0,6,11
PERRY,MARYSVILLE BOROUGH,Attorney General,,DEM,Josh Shapiro,65,0,0,145,210
PERRY,MARYSVILLE BOROUGH,Attorney General,,DEM,Write-In,3,0,0,0,3
PERRY,MARYSVILLE BOROUGH,Attorney General,,REP,Heather Heidelbaugh,218,0,0,115,333
PERRY,MARYSVILLE BOROUGH,Attorney General,,REP,Write-In,0,0,0,1,1
PERRY,MARYSVILLE BOROUGH,Auditor General,,DEM,H Scott Conklin,8,0,0,17,25
PERRY,MARYSVILLE BOROUGH,Auditor General,,DEM,Michael Lamb,7,0,0,14,21
PERRY,MARYSVILLE BOROUGH,Auditor General,,DEM,Tracie Fountain,30,0,0,76,106
PERRY,MARYSVILLE BOROUGH,Auditor General,,DEM,Rose Rosie Marie Davis,3,0,0,6,9
PERRY,MARYSVILLE BOROUGH,Auditor General,,DEM,Nina Ahmad,14,0,0,27,41
PERRY,MARYSVILLE BOROUGH,Auditor General,,DEM,Christina M Hartman,9,0,0,14,23
PERRY,MARYSVILLE BOROUGH,Auditor General,,DEM,Write-In,4,0,0,0,4
PERRY,MARYSVILLE BOROUGH,Auditor General,,REP,Timothy Defoor,220,0,0,113,333
PERRY,MARYSVILLE BOROUGH,Auditor General,,REP,Write-In,1,0,0,1,2
PERRY,MARYSVILLE BOROUGH,State Treasurer,,DEM,Joe Torsella,63,0,0,146,209
PERRY,MARYSVILLE BOROUGH,State Treasurer,,DEM,Write-In,5,0,0,0,5
PERRY,MARYSVILLE BOROUGH,State Treasurer,,REP,Stacy L Garrity,216,0,0,114,330
PERRY,MARYSVILLE BOROUGH,State Treasurer,,REP,Write-In,0,0,0,0,0
PERRY,MARYSVILLE BOROUGH,U.S. House,12,DEM,Lee Griffin,62,0,0,143,205
PERRY,MARYSVILLE BOROUGH,U.S. House,12,DEM,Write-In,3,0,0,0,3
PERRY,MARYSVILLE BOROUGH,U.S. House,12,REP,Fred Keller,220,0,0,120,340
PERRY,MARYSVILLE BOROUGH,U.S. House,12,REP,Write-In,0,0,0,0,0
PERRY,MARYSVILLE BOROUGH,State Senate,15,DEM,George Scott,49,0,0,118,167
PERRY,MARYSVILLE BOROUGH,State Senate,15,DEM,Alvin Q Taylor,21,0,0,34,55
PERRY,MARYSVILLE BOROUGH,State Senate,15,DEM,Write-In,3,0,0,0,3
PERRY,MARYSVILLE BOROUGH,State Senate,15,REP,John Disanto,222,0,0,115,337
PERRY,MARYSVILLE BOROUGH,State Senate,15,REP,Write-In,2,0,0,0,2
PERRY,MARYSVILLE BOROUGH,General Assembly,86,DEM,Write-In,12,0,0,17,29
PERRY,MARYSVILLE BOROUGH,General Assembly,86,REP,Jed Nessinger,104,0,0,15,119
PERRY,MARYSVILLE BOROUGH,General Assembly,86,REP,William Bill Benner,25,0,0,24,49
PERRY,MARYSVILLE BOROUGH,General Assembly,86,REP,Perry Stambaugh,116,0,0,86,202
PERRY,MARYSVILLE BOROUGH,General Assembly,86,REP,Write-In,1,0,0,0,1
PERRY,MILLER TOWNSHIP,President,,DEM,Bernie Sanders,7,0,0,4,11
PERRY,MILLER TOWNSHIP,President,,DEM,Joseph R Biden,15,0,0,21,36
PERRY,MILLER TOWNSHIP,President,,DEM,Tulsi Gabbard,3,0,0,2,5
PERRY,MILLER TOWNSHIP,President,,DEM,Write-In,3,0,0,1,4
PERRY,MILLER TOWNSHIP,President,,REP,Donald J Trump,135,0,0,17,152
PERRY,MILLER TOWNSHIP,President,,REP,Roque Rocky De La Fuente,2,0,0,2,4
PERRY,MILLER TOWNSHIP,President,,REP,Bill Weld,2,0,0,8,10
PERRY,MILLER TOWNSHIP,President,,REP,Write-In,0,0,0,4,4
PERRY,MILLER TOWNSHIP,Attorney General,,DEM,Josh Shapiro,22,0,0,25,47
PERRY,MILLER TOWNSHIP,Attorney General,,DEM,Write-In,0,0,0,0,0
PERRY,MILLER TOWNSHIP,Attorney General,,REP,Heather Heidelbaugh,127,0,0,29,156
PERRY,MILLER TOWNSHIP,Attorney General,,REP,Write-In,0,0,0,1,1
PERRY,MILLER TOWNSHIP,Auditor General,,DEM,H Scott Conklin,4,0,0,3,7
PERRY,MILLER TOWNSHIP,Auditor General,,DEM,Michael Lamb,2,0,0,1,3
PERRY,MILLER TOWNSHIP,Auditor General,,DEM,Tracie Fountain,6,0,0,9,15
PERRY,MILLER TOWNSHIP,Auditor General,,DEM,Rose Rosie Marie Davis,0,0,0,2,2
PERRY,MILLER TOWNSHIP,Auditor General,,DEM,Nina Ahmad,5,0,0,8,13
PERRY,MILLER TOWNSHIP,Auditor General,,DEM,Christina M Hartman,6,0,0,3,9
PERRY,MILLER TOWNSHIP,Auditor General,,DEM,Write-In,0,0,0,0,0
PERRY,MILLER TOWNSHIP,Auditor General,,REP,Timothy Defoor,126,0,0,29,155
PERRY,MILLER TOWNSHIP,Auditor General,,REP,Write-In,0,0,0,0,0
PERRY,MILLER TOWNSHIP,State Treasurer,,DEM,Joe Torsella,20,0,0,24,44
PERRY,MILLER TOWNSHIP,State Treasurer,,DEM,Write-In,1,0,0,0,1
PERRY,MILLER TOWNSHIP,State Treasurer,,REP,Stacy L Garrity,125,0,0,28,153
PERRY,MILLER TOWNSHIP,State Treasurer,,REP,Write-In,0,0,0,0,0
PERRY,MILLER TOWNSHIP,U.S. House,12,DEM,Lee Griffin,21,0,0,24,45
PERRY,MILLER TOWNSHIP,U.S. House,12,DEM,Write-In,0,0,0,0,0
PERRY,MILLER TOWNSHIP,U.S. House,12,REP,Fred Keller,131,0,0,29,160
PERRY,MILLER TOWNSHIP,U.S. House,12,REP,Write-In,0,0,0,0,0
PERRY,MILLER TOWNSHIP,State Senate,15,DEM,George Scott,22,0,0,21,43
PERRY,MILLER TOWNSHIP,State Senate,15,DEM,Alvin Q Taylor,5,0,0,7,12
PERRY,MILLER TOWNSHIP,State Senate,15,DEM,Write-In,0,0,0,0,0
PERRY,MILLER TOWNSHIP,State Senate,15,REP,John Disanto,128,0,0,27,155
PERRY,MILLER TOWNSHIP,State Senate,15,REP,Write-In,1,0,0,0,1
PERRY,MILLER TOWNSHIP,General Assembly,86,DEM,Write-In,3,0,0,3,6
PERRY,MILLER TOWNSHIP,General Assembly,86,REP,Jed Nessinger,40,0,0,4,44
PERRY,MILLER TOWNSHIP,General Assembly,86,REP,William Bill Benner,29,0,0,9,38
PERRY,MILLER TOWNSHIP,General Assembly,86,REP,Perry Stambaugh,71,0,0,19,90
PERRY,MILLER TOWNSHIP,General Assembly,86,REP,Write-In,0,0,0,0,0
PERRY,MILLERSTOWN BOROUGH,President,,DEM,Bernie Sanders,5,0,0,3,8
PERRY,MILLERSTOWN BOROUGH,President,,DEM,Joseph R Biden,7,0,0,31,38
PERRY,MILLERSTOWN BOROUGH,President,,DEM,Tulsi Gabbard,3,0,0,0,3
PERRY,MILLERSTOWN BOROUGH,President,,DEM,Write-In,0,0,0,0,0
PERRY,MILLERSTOWN BOROUGH,President,,REP,Donald J Trump,123,0,0,44,167
PERRY,MILLERSTOWN BOROUGH,President,,REP,Roque Rocky De La Fuente,1,0,0,1,2
PERRY,MILLERSTOWN BOROUGH,President,,REP,Bill Weld,5,0,0,5,10
PERRY,MILLERSTOWN BOROUGH,President,,REP,Write-In,0,0,0,2,2
PERRY,MILLERSTOWN BOROUGH,Attorney General,,DEM,Josh Shapiro,10,0,0,35,45
PERRY,MILLERSTOWN BOROUGH,Attorney General,,DEM,Write-In,0,0,0,0,0
PERRY,MILLERSTOWN BOROUGH,Attorney General,,REP,Heather Heidelbaugh,119,0,0,45,164
PERRY,MILLERSTOWN BOROUGH,Attorney General,,REP,Write-In,0,0,0,1,1
PERRY,MILLERSTOWN BOROUGH,Auditor General,,DEM,H Scott Conklin,3,0,0,5,8
PERRY,MILLERSTOWN BOROUGH,Auditor General,,DEM,Michael Lamb,2,0,0,3,5
PERRY,MILLERSTOWN BOROUGH,Auditor General,,DEM,Tracie Fountain,4,0,0,12,16
PERRY,MILLERSTOWN BOROUGH,Auditor General,,DEM,Rose Rosie Marie Davis,1,0,0,2,3
PERRY,MILLERSTOWN BOROUGH,Auditor General,,DEM,Nina Ahmad,3,0,0,8,11
PERRY,MILLERSTOWN BOROUGH,Auditor General,,DEM,Christina M Hartman,0,0,0,3,3
PERRY,MILLERSTOWN BOROUGH,Auditor General,,DEM,Write-In,0,0,0,0,0
PERRY,MILLERSTOWN BOROUGH,Auditor General,,REP,Timothy Defoor,118,0,0,46,164
PERRY,MILLERSTOWN BOROUGH,Auditor General,,REP,Write-In,1,0,0,1,2
PERRY,MILLERSTOWN BOROUGH,State Treasurer,,DEM,Joe Torsella,13,0,0,34,47
PERRY,MILLERSTOWN BOROUGH,State Treasurer,,DEM,Write-In,0,0,0,0,0
PERRY,MILLERSTOWN BOROUGH,State Treasurer,,REP,Stacy L Garrity,119,0,0,44,163
PERRY,MILLERSTOWN BOROUGH,State Treasurer,,REP,Write-In,0,0,0,1,1
PERRY,MILLERSTOWN BOROUGH,U.S. House,12,DEM,Lee Griffin,13,0,0,33,46
PERRY,MILLERSTOWN BOROUGH,U.S. House,12,DEM,Write-In,0,0,0,1,1
PERRY,MILLERSTOWN BOROUGH,U.S. House,12,REP,Fred Keller,127,0,0,47,174
PERRY,MILLERSTOWN BOROUGH,U.S. House,12,REP,Write-In,0,0,0,1,1
PERRY,MILLERSTOWN BOROUGH,State Senate,15,DEM,George Scott,12,0,0,27,39
PERRY,MILLERSTOWN BOROUGH,State Senate,15,DEM,Alvin Q Taylor,3,0,0,7,10
PERRY,MILLERSTOWN BOROUGH,State Senate,15,DEM,Write-In,0,0,0,0,0
PERRY,MILLERSTOWN BOROUGH,State Senate,15,REP,John Disanto,121,0,0,48,169
PERRY,MILLERSTOWN BOROUGH,State Senate,15,REP,Write-In,1,0,0,1,2
PERRY,MILLERSTOWN BOROUGH,General Assembly,86,DEM,Write-In,3,0,0,6,9
PERRY,MILLERSTOWN BOROUGH,General Assembly,86,REP,Jed Nessinger,13,0,0,1,14
PERRY,MILLERSTOWN BOROUGH,General Assembly,86,REP,William Bill Benner,45,0,0,11,56
PERRY,MILLERSTOWN BOROUGH,General Assembly,86,REP,Perry Stambaugh,71,0,0,39,110
PERRY,MILLERSTOWN BOROUGH,General Assembly,86,REP,Write-In,0,0,0,1,1
PERRY,NEW BUFFALO BOROUGH,President,,DEM,Bernie Sanders,1,0,0,0,1
PERRY,NEW BUFFALO BOROUGH,President,,DEM,Joseph R Biden,1,0,0,0,1
PERRY,NEW BUFFALO BOROUGH,President,,DEM,Tulsi Gabbard,1,0,0,0,1
PERRY,NEW BUFFALO BOROUGH,President,,DEM,Write-In,0,0,0,0,0
PERRY,NEW BUFFALO BOROUGH,President,,REP,Donald J Trump,17,0,0,1,18
PERRY,NEW BUFFALO BOROUGH,President,,REP,Roque Rocky De La Fuente,1,0,0,0,1
PERRY,NEW BUFFALO BOROUGH,President,,REP,Bill Weld,0,0,0,0,0
PERRY,NEW BUFFALO BOROUGH,President,,REP,Write-In,0,0,0,0,0
PERRY,NEW BUFFALO BOROUGH,Attorney General,,DEM,Josh Shapiro,1,0,0,0,1
PERRY,NEW BUFFALO BOROUGH,Attorney General,,DEM,Write-In,0,0,0,0,0
PERRY,NEW BUFFALO BOROUGH,Attorney General,,REP,Heather Heidelbaugh,18,0,0,1,19
PERRY,NEW BUFFALO BOROUGH,Attorney General,,REP,Write-In,0,0,0,0,0
PERRY,NEW BUFFALO BOROUGH,Auditor General,,DEM,H Scott Conklin,0,0,0,0,0
PERRY,NEW BUFFALO BOROUGH,Auditor General,,DEM,Michael Lamb,0,0,0,0,0
PERRY,NEW BUFFALO BOROUGH,Auditor General,,DEM,Tracie Fountain,2,0,0,0,2
PERRY,NEW BUFFALO BOROUGH,Auditor General,,DEM,Rose Rosie Marie Davis,0,0,0,0,0
PERRY,NEW BUFFALO BOROUGH,Auditor General,,DEM,Nina Ahmad,1,0,0,0,1
PERRY,NEW BUFFALO BOROUGH,Auditor General,,DEM,Christina M Hartman,0,0,0,0,0
PERRY,NEW BUFFALO BOROUGH,Auditor General,,DEM,Write-In,0,0,0,0,0
PERRY,NEW BUFFALO BOROUGH,Auditor General,,REP,Timothy Defoor,18,0,0,1,19
PERRY,NEW BUFFALO BOROUGH,Auditor General,,REP,Write-In,0,0,0,0,0
PERRY,NEW BUFFALO BOROUGH,State Treasurer,,DEM,Joe Torsella,1,0,0,0,1
PERRY,NEW BUFFALO BOROUGH,State Treasurer,,DEM,Write-In,0,0,0,0,0
PERRY,NEW BUFFALO BOROUGH,State Treasurer,,REP,Stacy L Garrity,18,0,0,1,19
PERRY,NEW BUFFALO BOROUGH,State Treasurer,,REP,Write-In,0,0,0,0,0
PERRY,NEW BUFFALO BOROUGH,U.S. House,12,DEM,Lee Griffin,1,0,0,0,1
PERRY,NEW BUFFALO BOROUGH,U.S. House,12,DEM,Write-In,1,0,0,0,1
PERRY,NEW BUFFALO BOROUGH,U.S. House,12,REP,Fred Keller,18,0,0,1,19
PERRY,NEW BUFFALO BOROUGH,U.S. House,12,REP,Write-In,0,0,0,0,0
PERRY,NEW BUFFALO BOROUGH,State Senate,15,DEM,George Scott,1,0,0,0,1
PERRY,NEW BUFFALO BOROUGH,State Senate,15,DEM,Alvin Q Taylor,2,0,0,0,2
PERRY,NEW BUFFALO BOROUGH,State Senate,15,DEM,Write-In,0,0,0,0,0
PERRY,NEW BUFFALO BOROUGH,State Senate,15,REP,John Disanto,18,0,0,1,19
PERRY,NEW BUFFALO BOROUGH,State Senate,15,REP,Write-In,0,0,0,0,0
PERRY,NEW BUFFALO BOROUGH,General Assembly,86,DEM,Write-In,0,0,0,0,0
PERRY,NEW BUFFALO BOROUGH,General Assembly,86,REP,Jed Nessinger,3,0,0,1,4
PERRY,NEW BUFFALO BOROUGH,General Assembly,86,REP,William Bill Benner,2,0,0,0,2
PERRY,NEW BUFFALO BOROUGH,General Assembly,86,REP,Perry Stambaugh,13,0,0,0,13
PERRY,NEW BUFFALO BOROUGH,General Assembly,86,REP,Write-In,0,0,0,0,0
PERRY,NEWPORT BOROUGH,President,,DEM,Bernie Sanders,10,0,0,8,18
PERRY,NEWPORT BOROUGH,President,,DEM,Joseph R Biden,18,0,0,30,48
PERRY,NEWPORT BOROUGH,President,,DEM,Tulsi Gabbard,6,0,0,1,7
PERRY,NEWPORT BOROUGH,President,,DEM,Write-In,1,0,0,1,2
PERRY,NEWPORT BOROUGH,President,,REP,Donald J Trump,144,0,2,37,183
PERRY,NEWPORT BOROUGH,President,,REP,Roque Rocky De La Fuente,2,0,0,1,3
PERRY,NEWPORT BOROUGH,President,,REP,Bill Weld,4,0,0,4,8
PERRY,NEWPORT BOROUGH,President,,REP,Write-In,0,0,1,3,4
PERRY,NEWPORT BOROUGH,Attorney General,,DEM,Josh Shapiro,33,0,0,35,68
PERRY,NEWPORT BOROUGH,Attorney General,,DEM,Write-In,0,0,0,1,1
PERRY,NEWPORT BOROUGH,Attorney General,,REP,Heather Heidelbaugh,132,0,2,42,176
PERRY,NEWPORT BOROUGH,Attorney General,,REP,Write-In,0,0,0,0,0
PERRY,NEWPORT BOROUGH,Auditor General,,DEM,H Scott Conklin,2,0,0,1,3
PERRY,NEWPORT BOROUGH,Auditor General,,DEM,Michael Lamb,5,0,0,7,12
PERRY,NEWPORT BOROUGH,Auditor General,,DEM,Tracie Fountain,13,0,0,17,30
PERRY,NEWPORT BOROUGH,Auditor General,,DEM,Rose Rosie Marie Davis,0,0,0,3,3
PERRY,NEWPORT BOROUGH,Auditor General,,DEM,Nina Ahmad,5,0,0,5,10
PERRY,NEWPORT BOROUGH,Auditor General,,DEM,Christina M Hartman,9,0,0,5,14
PERRY,NEWPORT BOROUGH,Auditor General,,DEM,Write-In,0,0,0,0,0
PERRY,NEWPORT BOROUGH,Auditor General,,REP,Timothy Defoor,139,0,2,40,181
PERRY,NEWPORT BOROUGH,Auditor General,,REP,Write-In,0,0,0,0,0
PERRY,NEWPORT BOROUGH,State Treasurer,,DEM,Joe Torsella,33,0,0,35,68
PERRY,NEWPORT BOROUGH,State Treasurer,,DEM,Write-In,0,0,0,0,0
PERRY,NEWPORT BOROUGH,State Treasurer,,REP,Stacy L Garrity,133,0,2,39,174
PERRY,NEWPORT BOROUGH,State Treasurer,,REP,Write-In,1,0,0,0,1
PERRY,NEWPORT BOROUGH,U.S. House,12,DEM,Lee Griffin,31,0,0,36,67
PERRY,NEWPORT BOROUGH,U.S. House,12,DEM,Write-In,1,0,0,1,2
PERRY,NEWPORT BOROUGH,U.S. House,12,REP,Fred Keller,139,0,2,47,188
PERRY,NEWPORT BOROUGH,U.S. House,12,REP,Write-In,0,0,0,0,0
PERRY,NEWPORT BOROUGH,State Senate,15,DEM,George Scott,29,0,0,28,57
PERRY,NEWPORT BOROUGH,State Senate,15,DEM,Alvin Q Taylor,8,0,0,8,16
PERRY,NEWPORT BOROUGH,State Senate,15,DEM,Write-In,0,0,0,0,0
PERRY,NEWPORT BOROUGH,State Senate,15,REP,John Disanto,139,0,2,42,183
PERRY,NEWPORT BOROUGH,State Senate,15,REP,Write-In,1,0,0,1,2
PERRY,NEWPORT BOROUGH,General Assembly,86,DEM,Write-In,6,0,0,9,15
PERRY,NEWPORT BOROUGH,General Assembly,86,REP,Jed Nessinger,20,0,0,3,23
PERRY,NEWPORT BOROUGH,General Assembly,86,REP,William Bill Benner,45,0,0,11,56
PERRY,NEWPORT BOROUGH,General Assembly,86,REP,Perry Stambaugh,90,0,3,38,131
PERRY,NEWPORT BOROUGH,General Assembly,86,REP,Write-In,0,0,0,0,0
PERRY,OLIVER TOWNSHIP,President,,DEM,Bernie Sanders,20,0,0,9,29
PERRY,OLIVER TOWNSHIP,President,,DEM,Joseph R Biden,37,0,0,54,91
PERRY,OLIVER TOWNSHIP,President,,DEM,Tulsi Gabbard,5,0,0,1,6
PERRY,OLIVER TOWNSHIP,President,,DEM,Write-In,2,0,0,2,4
PERRY,OLIVER TOWNSHIP,President,,REP,Donald J Trump,205,0,0,67,272
PERRY,OLIVER TOWNSHIP,President,,REP,Roque Rocky De La Fuente,2,0,0,1,3
PERRY,OLIVER TOWNSHIP,President,,REP,Bill Weld,6,0,0,12,18
PERRY,OLIVER TOWNSHIP,President,,REP,Write-In,3,0,0,5,8
PERRY,OLIVER TOWNSHIP,Attorney General,,DEM,Josh Shapiro,57,0,0,63,120
PERRY,OLIVER TOWNSHIP,Attorney General,,DEM,Write-In,2,0,0,0,2
PERRY,OLIVER TOWNSHIP,Attorney General,,REP,Heather Heidelbaugh,194,0,0,84,278
PERRY,OLIVER TOWNSHIP,Attorney General,,REP,Write-In,0,0,0,0,0
PERRY,OLIVER TOWNSHIP,Auditor General,,DEM,H Scott Conklin,17,0,0,17,34
PERRY,OLIVER TOWNSHIP,Auditor General,,DEM,Michael Lamb,2,0,0,7,9
PERRY,OLIVER TOWNSHIP,Auditor General,,DEM,Tracie Fountain,19,0,0,28,47
PERRY,OLIVER TOWNSHIP,Auditor General,,DEM,Rose Rosie Marie Davis,5,0,0,0,5
PERRY,OLIVER TOWNSHIP,Auditor General,,DEM,Nina Ahmad,7,0,0,1,8
PERRY,OLIVER TOWNSHIP,Auditor General,,DEM,Christina M Hartman,8,0,0,10,18
PERRY,OLIVER TOWNSHIP,Auditor General,,DEM,Write-In,1,0,0,0,1
PERRY,OLIVER TOWNSHIP,Auditor General,,REP,Timothy Defoor,198,0,0,87,285
PERRY,OLIVER TOWNSHIP,Auditor General,,REP,Write-In,0,0,0,0,0
PERRY,OLIVER TOWNSHIP,State Treasurer,,DEM,Joe Torsella,53,0,0,61,114
PERRY,OLIVER TOWNSHIP,State Treasurer,,DEM,Write-In,1,0,0,0,1
PERRY,OLIVER TOWNSHIP,State Treasurer,,REP,Stacy L Garrity,196,0,0,84,280
PERRY,OLIVER TOWNSHIP,State Treasurer,,REP,Write-In,0,0,0,0,0
PERRY,OLIVER TOWNSHIP,U.S. House,12,DEM,Lee Griffin,53,0,0,57,110
PERRY,OLIVER TOWNSHIP,U.S. House,12,DEM,Write-In,2,0,0,0,2
PERRY,OLIVER TOWNSHIP,U.S. House,12,REP,Fred Keller,204,0,0,84,288
PERRY,OLIVER TOWNSHIP,U.S. House,12,REP,Write-In,0,0,0,1,1
PERRY,OLIVER TOWNSHIP,State Senate,15,DEM,George Scott,43,0,0,56,99
PERRY,OLIVER TOWNSHIP,State Senate,15,DEM,Alvin Q Taylor,17,0,0,8,25
PERRY,OLIVER TOWNSHIP,State Senate,15,DEM,Write-In,0,0,0,0,0
PERRY,OLIVER TOWNSHIP,State Senate,15,REP,John Disanto,206,0,0,86,292
PERRY,OLIVER TOWNSHIP,State Senate,15,REP,Write-In,1,0,0,1,2
PERRY,OLIVER TOWNSHIP,General Assembly,86,DEM,Write-In,9,0,0,5,14
PERRY,OLIVER TOWNSHIP,General Assembly,86,REP,Jed Nessinger,23,0,0,11,34
PERRY,OLIVER TOWNSHIP,General Assembly,86,REP,William Bill Benner,85,0,0,33,118
PERRY,OLIVER TOWNSHIP,General Assembly,86,REP,Perry Stambaugh,109,0,0,50,159
PERRY,OLIVER TOWNSHIP,General Assembly,86,REP,Write-In,0,0,0,0,0
PERRY,PENN TOWNSHIP,President,,DEM,Bernie Sanders,9,0,0,18,27
PERRY,PENN TOWNSHIP,President,,DEM,Joseph R Biden,40,0,0,93,133
PERRY,PENN TOWNSHIP,President,,DEM,Tulsi Gabbard,3,0,0,3,6
PERRY,PENN TOWNSHIP,President,,DEM,Write-In,6,0,0,2,8
PERRY,PENN TOWNSHIP,President,,REP,Donald J Trump,330,0,0,110,440
PERRY,PENN TOWNSHIP,President,,REP,Roque Rocky De La Fuente,4,0,0,6,10
PERRY,PENN TOWNSHIP,President,,REP,Bill Weld,7,0,0,15,22
PERRY,PENN TOWNSHIP,President,,REP,Write-In,2,0,0,7,9
PERRY,PENN TOWNSHIP,Attorney General,,DEM,Josh Shapiro,57,0,0,103,160
PERRY,PENN TOWNSHIP,Attorney General,,DEM,Write-In,3,0,0,0,3
PERRY,PENN TOWNSHIP,Attorney General,,REP,Heather Heidelbaugh,307,0,0,126,433
PERRY,PENN TOWNSHIP,Attorney General,,REP,Write-In,1,0,0,4,5
PERRY,PENN TOWNSHIP,Auditor General,,DEM,H Scott Conklin,11,0,0,9,20
PERRY,PENN TOWNSHIP,Auditor General,,DEM,Michael Lamb,6,0,0,8,14
PERRY,PENN TOWNSHIP,Auditor General,,DEM,Tracie Fountain,21,0,0,48,69
PERRY,PENN TOWNSHIP,Auditor General,,DEM,Rose Rosie Marie Davis,3,0,0,4,7
PERRY,PENN TOWNSHIP,Auditor General,,DEM,Nina Ahmad,8,0,0,18,26
PERRY,PENN TOWNSHIP,Auditor General,,DEM,Christina M Hartman,10,0,0,23,33
PERRY,PENN TOWNSHIP,Auditor General,,DEM,Write-In,2,0,0,0,2
PERRY,PENN TOWNSHIP,Auditor General,,REP,Timothy Defoor,307,0,0,129,436
PERRY,PENN TOWNSHIP,Auditor General,,REP,Write-In,3,0,0,2,5
PERRY,PENN TOWNSHIP,State Treasurer,,DEM,Joe Torsella,54,0,0,106,160
PERRY,PENN TOWNSHIP,State Treasurer,,DEM,Write-In,4,0,0,1,5
PERRY,PENN TOWNSHIP,State Treasurer,,REP,Stacy L Garrity,306,0,0,132,438
PERRY,PENN TOWNSHIP,State Treasurer,,REP,Write-In,0,0,0,2,2
PERRY,PENN TOWNSHIP,U.S. House,12,DEM,Lee Griffin,53,0,0,100,153
PERRY,PENN TOWNSHIP,U.S. House,12,DEM,Write-In,4,0,0,2,6
PERRY,PENN TOWNSHIP,U.S. House,12,REP,Fred Keller,325,0,0,133,458
PERRY,PENN TOWNSHIP,U.S. House,12,REP,Write-In,2,0,0,3,5
PERRY,PENN TOWNSHIP,State Senate,15,DEM,George Scott,42,0,0,85,127
PERRY,PENN TOWNSHIP,State Senate,15,DEM,Alvin Q Taylor,15,0,0,24,39
PERRY,PENN TOWNSHIP,State Senate,15,DEM,Write-In,3,0,0,1,4
PERRY,PENN TOWNSHIP,State Senate,15,REP,John Disanto,322,0,0,135,457
PERRY,PENN TOWNSHIP,State Senate,15,REP,Write-In,1,0,0,5,6
PERRY,PENN TOWNSHIP,General Assembly,86,DEM,Write-In,13,0,0,15,28
PERRY,PENN TOWNSHIP,General Assembly,86,REP,Jed Nessinger,124,0,0,13,137
PERRY,PENN TOWNSHIP,General Assembly,86,REP,William Bill Benner,41,0,0,21,62
PERRY,PENN TOWNSHIP,General Assembly,86,REP,Perry Stambaugh,180,0,0,109,289
PERRY,PENN TOWNSHIP,General Assembly,86,REP,Write-In,1,0,0,2,3
PERRY,RYE TOWNSHIP,President,,DEM,Bernie Sanders,15,0,0,19,34
PERRY,RYE TOWNSHIP,President,,DEM,Joseph R Biden,37,0,0,95,132
PERRY,RYE TOWNSHIP,President,,DEM,Tulsi Gabbard,6,0,0,4,10
PERRY,RYE TOWNSHIP,President,,DEM,Write-In,2,0,0,1,3
PERRY,RYE TOWNSHIP,President,,REP,Donald J Trump,373,0,0,112,485
PERRY,RYE TOWNSHIP,President,,REP,Roque Rocky De La Fuente,2,0,0,1,3
PERRY,RYE TOWNSHIP,President,,REP,Bill Weld,4,0,0,7,11
PERRY,RYE TOWNSHIP,President,,REP,Write-In,3,0,0,5,8
PERRY,RYE TOWNSHIP,Attorney General,,DEM,Josh Shapiro,56,0,0,106,162
PERRY,RYE TOWNSHIP,Attorney General,,DEM,Write-In,0,0,0,1,1
PERRY,RYE TOWNSHIP,Attorney General,,REP,Heather Heidelbaugh,345,0,0,118,463
PERRY,RYE TOWNSHIP,Attorney General,,REP,Write-In,1,0,0,0,1
PERRY,RYE TOWNSHIP,Auditor General,,DEM,H Scott Conklin,4,0,0,14,18
PERRY,RYE TOWNSHIP,Auditor General,,DEM,Michael Lamb,9,0,0,16,25
PERRY,RYE TOWNSHIP,Auditor General,,DEM,Tracie Fountain,18,0,0,49,67
PERRY,RYE TOWNSHIP,Auditor General,,DEM,Rose Rosie Marie Davis,3,0,0,4,7
PERRY,RYE TOWNSHIP,Auditor General,,DEM,Nina Ahmad,9,0,0,8,17
PERRY,RYE TOWNSHIP,Auditor General,,DEM,Christina M Hartman,8,0,0,20,28
PERRY,RYE TOWNSHIP,Auditor General,,DEM,Write-In,0,0,0,0,0
PERRY,RYE TOWNSHIP,Auditor General,,REP,Timothy Defoor,348,0,0,120,468
PERRY,RYE TOWNSHIP,Auditor General,,REP,Write-In,0,0,0,0,0
PERRY,RYE TOWNSHIP,State Treasurer,,DEM,Joe Torsella,51,0,0,106,157
PERRY,RYE TOWNSHIP,State Treasurer,,DEM,Write-In,0,0,0,1,1
PERRY,RYE TOWNSHIP,State Treasurer,,REP,Stacy L Garrity,344,0,0,119,463
PERRY,RYE TOWNSHIP,State Treasurer,,REP,Write-In,1,0,0,0,1
PERRY,RYE TOWNSHIP,U.S. House,12,DEM,Lee Griffin,51,0,0,102,153
PERRY,RYE TOWNSHIP,U.S. House,12,DEM,Write-In,0,0,0,1,1
PERRY,RYE TOWNSHIP,U.S. House,12,REP,Fred Keller,357,0,0,123,480
PERRY,RYE TOWNSHIP,U.S. House,12,REP,Write-In,0,0,0,2,2
PERRY,RYE TOWNSHIP,State Senate,15,DEM,George Scott,43,0,0,95,138
PERRY,RYE TOWNSHIP,State Senate,15,DEM,Alvin Q Taylor,12,0,0,18,30
PERRY,RYE TOWNSHIP,State Senate,15,DEM,Write-In,0,0,0,1,1
PERRY,RYE TOWNSHIP,State Senate,15,REP,John Disanto,353,0,0,120,473
PERRY,RYE TOWNSHIP,State Senate,15,REP,Write-In,0,0,0,1,1
PERRY,RYE TOWNSHIP,General Assembly,86,DEM,Write-In,5,0,0,16,21
PERRY,RYE TOWNSHIP,General Assembly,86,REP,Jed Nessinger,68,0,0,13,81
PERRY,RYE TOWNSHIP,General Assembly,86,REP,William Bill Benner,59,0,0,16,75
PERRY,RYE TOWNSHIP,General Assembly,86,REP,Perry Stambaugh,253,0,0,101,354
PERRY,RYE TOWNSHIP,General Assembly,86,REP,Write-In,0,0,0,0,0
PERRY,SANDY HILL DISTRICT,President,,DEM,Bernie Sanders,4,0,0,3,7
PERRY,SANDY HILL DISTRICT,President,,DEM,Joseph R Biden,16,0,0,22,38
PERRY,SANDY HILL DISTRICT,President,,DEM,Tulsi Gabbard,4,0,0,0,4
PERRY,SANDY HILL DISTRICT,President,,DEM,Write-In,1,0,0,0,1
PERRY,SANDY HILL DISTRICT,President,,REP,Donald J Trump,131,0,0,16,147
PERRY,SANDY HILL DISTRICT,President,,REP,Roque Rocky De La Fuente,1,0,0,0,1
PERRY,SANDY HILL DISTRICT,President,,REP,Bill Weld,1,0,0,6,7
PERRY,SANDY HILL DISTRICT,President,,REP,Write-In,0,0,0,0,0
PERRY,SANDY HILL DISTRICT,Attorney General,,DEM,Josh Shapiro,22,0,0,25,47
PERRY,SANDY HILL DISTRICT,Attorney General,,DEM,Write-In,0,0,0,1,1
PERRY,SANDY HILL DISTRICT,Attorney General,,REP,Heather Heidelbaugh,117,0,0,20,137
PERRY,SANDY HILL DISTRICT,Attorney General,,REP,Write-In,0,0,0,1,1
PERRY,SANDY HILL DISTRICT,Auditor General,,DEM,H Scott Conklin,5,0,0,5,10
PERRY,SANDY HILL DISTRICT,Auditor General,,DEM,Michael Lamb,1,0,0,0,1
PERRY,SANDY HILL DISTRICT,Auditor General,,DEM,Tracie Fountain,5,0,0,12,17
PERRY,SANDY HILL DISTRICT,Auditor General,,DEM,Rose Rosie Marie Davis,2,0,0,0,2
PERRY,SANDY HILL DISTRICT,Auditor General,,DEM,Nina Ahmad,4,0,0,6,10
PERRY,SANDY HILL DISTRICT,Auditor General,,DEM,Christina M Hartman,5,0,0,2,7
PERRY,SANDY HILL DISTRICT,Auditor General,,DEM,Write-In,0,0,0,0,0
PERRY,SANDY HILL DISTRICT,Auditor General,,REP,Timothy Defoor,117,0,0,21,138
PERRY,SANDY HILL DISTRICT,Auditor General,,REP,Write-In,0,0,0,1,1
PERRY,SANDY HILL DISTRICT,State Treasurer,,DEM,Joe Torsella,20,0,0,25,45
PERRY,SANDY HILL DISTRICT,State Treasurer,,DEM,Write-In,0,0,0,0,0
PERRY,SANDY HILL DISTRICT,State Treasurer,,REP,Stacy L Garrity,117,0,0,21,138
PERRY,SANDY HILL DISTRICT,State Treasurer,,REP,Write-In,0,0,0,1,1
PERRY,SANDY HILL DISTRICT,U.S. House,12,DEM,Lee Griffin,23,0,0,24,47
PERRY,SANDY HILL DISTRICT,U.S. House,12,DEM,Write-In,0,0,0,0,0
PERRY,SANDY HILL DISTRICT,U.S. House,12,REP,Fred Keller,124,0,0,21,145
PERRY,SANDY HILL DISTRICT,U.S. House,12,REP,Write-In,0,0,0,0,0
PERRY,SANDY HILL DISTRICT,State Senate,15,DEM,George Scott,16,0,0,22,38
PERRY,SANDY HILL DISTRICT,State Senate,15,DEM,Alvin Q Taylor,7,0,0,3,10
PERRY,SANDY HILL DISTRICT,State Senate,15,DEM,Write-In,0,0,0,0,0
PERRY,SANDY HILL DISTRICT,State Senate,15,REP,John Disanto,123,0,0,20,143
PERRY,SANDY HILL DISTRICT,State Senate,15,REP,Write-In,0,0,0,0,0
PERRY,SANDY HILL DISTRICT,General Assembly,86,DEM,Write-In,4,0,0,7,11
PERRY,SANDY HILL DISTRICT,General Assembly,86,REP,Jed Nessinger,11,0,0,1,12
PERRY,SANDY HILL DISTRICT,General Assembly,86,REP,William Bill Benner,16,0,0,4,20
PERRY,SANDY HILL DISTRICT,General Assembly,86,REP,Perry Stambaugh,106,0,0,17,123
PERRY,SANDY HILL DISTRICT,General Assembly,86,REP,Write-In,0,0,0,0,0
PERRY,SAVILLE TOWNSHIP,President,,DEM,Bernie Sanders,8,0,0,11,19
PERRY,SAVILLE TOWNSHIP,President,,DEM,Joseph R Biden,26,0,0,54,80
PERRY,SAVILLE TOWNSHIP,President,,DEM,Tulsi Gabbard,4,0,0,4,8
PERRY,SAVILLE TOWNSHIP,President,,DEM,Write-In,9,0,0,5,14
PERRY,SAVILLE TOWNSHIP,President,,REP,Donald J Trump,340,0,0,81,421
PERRY,SAVILLE TOWNSHIP,President,,REP,Roque Rocky De La Fuente,1,0,0,3,4
PERRY,SAVILLE TOWNSHIP,President,,REP,Bill Weld,7,0,0,10,17
PERRY,SAVILLE TOWNSHIP,President,,REP,Write-In,1,0,0,3,4
PERRY,SAVILLE TOWNSHIP,Attorney General,,DEM,Josh Shapiro,35,0,0,66,101
PERRY,SAVILLE TOWNSHIP,Attorney General,,DEM,Write-In,1,0,0,1,2
PERRY,SAVILLE TOWNSHIP,Attorney General,,REP,Heather Heidelbaugh,324,0,0,84,408
PERRY,SAVILLE TOWNSHIP,Attorney General,,REP,Write-In,0,0,0,0,0
PERRY,SAVILLE TOWNSHIP,Auditor General,,DEM,H Scott Conklin,15,0,0,13,28
PERRY,SAVILLE TOWNSHIP,Auditor General,,DEM,Michael Lamb,2,0,0,3,5
PERRY,SAVILLE TOWNSHIP,Auditor General,,DEM,Tracie Fountain,9,0,0,29,38
PERRY,SAVILLE TOWNSHIP,Auditor General,,DEM,Rose Rosie Marie Davis,3,0,0,4,7
PERRY,SAVILLE TOWNSHIP,Auditor General,,DEM,Nina Ahmad,2,0,0,3,5
PERRY,SAVILLE TOWNSHIP,Auditor General,,DEM,Christina M Hartman,8,0,0,12,20
PERRY,SAVILLE TOWNSHIP,Auditor General,,DEM,Write-In,0,0,0,0,0
PERRY,SAVILLE TOWNSHIP,Auditor General,,REP,Timothy Defoor,316,0,0,84,400
PERRY,SAVILLE TOWNSHIP,Auditor General,,REP,Write-In,0,0,0,0,0
PERRY,SAVILLE TOWNSHIP,State Treasurer,,DEM,Joe Torsella,36,0,0,63,99
PERRY,SAVILLE TOWNSHIP,State Treasurer,,DEM,Write-In,1,0,0,2,3
PERRY,SAVILLE TOWNSHIP,State Treasurer,,REP,Stacy L Garrity,324,0,0,84,408
PERRY,SAVILLE TOWNSHIP,State Treasurer,,REP,Write-In,0,0,0,0,0
PERRY,SAVILLE TOWNSHIP,U.S. House,12,DEM,Lee Griffin,38,0,0,62,100
PERRY,SAVILLE TOWNSHIP,U.S. House,12,DEM,Write-In,5,0,0,1,6
PERRY,SAVILLE TOWNSHIP,U.S. House,12,REP,Fred Keller,332,0,0,91,423
PERRY,SAVILLE TOWNSHIP,U.S. House,12,REP,Write-In,1,0,0,0,1
PERRY,SAVILLE TOWNSHIP,State Senate,15,DEM,George Scott,36,0,0,51,87
PERRY,SAVILLE TOWNSHIP,State Senate,15,DEM,Alvin Q Taylor,4,0,0,17,21
PERRY,SAVILLE TOWNSHIP,State Senate,15,DEM,Write-In,0,0,0,1,1
PERRY,SAVILLE TOWNSHIP,State Senate,15,REP,John Disanto,327,0,0,89,416
PERRY,SAVILLE TOWNSHIP,State Senate,15,REP,Write-In,1,0,0,0,1
PERRY,SAVILLE TOWNSHIP,General Assembly,86,DEM,Write-In,13,0,0,24,37
PERRY,SAVILLE TOWNSHIP,General Assembly,86,REP,Jed Nessinger,47,0,0,8,55
PERRY,SAVILLE TOWNSHIP,General Assembly,86,REP,William Bill Benner,34,0,0,15,49
PERRY,SAVILLE TOWNSHIP,General Assembly,86,REP,Perry Stambaugh,273,0,0,75,348
PERRY,SAVILLE TOWNSHIP,General Assembly,86,REP,Write-In,0,0,0,0,0
PERRY,SPRING TOWNSHIP,President,,DEM,Bernie Sanders,7,0,0,14,21
PERRY,SPRING TOWNSHIP,President,,DEM,Joseph R Biden,25,0,0,70,95
PERRY,SPRING TOWNSHIP,President,,DEM,Tulsi Gabbard,7,0,0,2,9
PERRY,SPRING TOWNSHIP,President,,DEM,Write-In,5,0,0,4,9
PERRY,SPRING TOWNSHIP,President,,REP,Donald J Trump,305,0,0,79,384
PERRY,SPRING TOWNSHIP,President,,REP,Roque Rocky De La Fuente,3,0,0,4,7
PERRY,SPRING TOWNSHIP,President,,REP,Bill Weld,8,0,0,19,27
PERRY,SPRING TOWNSHIP,President,,REP,Write-In,1,0,0,4,5
PERRY,SPRING TOWNSHIP,Attorney General,,DEM,Josh Shapiro,41,0,0,83,124
PERRY,SPRING TOWNSHIP,Attorney General,,DEM,Write-In,1,0,0,0,1
PERRY,SPRING TOWNSHIP,Attorney General,,REP,Heather Heidelbaugh,275,0,0,91,366
PERRY,SPRING TOWNSHIP,Attorney General,,REP,Write-In,0,0,0,3,3
PERRY,SPRING TOWNSHIP,Auditor General,,DEM,H Scott Conklin,12,0,0,18,30
PERRY,SPRING TOWNSHIP,Auditor General,,DEM,Michael Lamb,1,0,0,3,4
PERRY,SPRING TOWNSHIP,Auditor General,,DEM,Tracie Fountain,13,0,0,45,58
PERRY,SPRING TOWNSHIP,Auditor General,,DEM,Rose Rosie Marie Davis,2,0,0,0,2
PERRY,SPRING TOWNSHIP,Auditor General,,DEM,Nina Ahmad,6,0,0,11,17
PERRY,SPRING TOWNSHIP,Auditor General,,DEM,Christina M Hartman,7,0,0,9,16
PERRY,SPRING TOWNSHIP,Auditor General,,DEM,Write-In,2,0,0,1,3
PERRY,SPRING TOWNSHIP,Auditor General,,REP,Timothy Defoor,272,0,0,92,364
PERRY,SPRING TOWNSHIP,Auditor General,,REP,Write-In,1,0,0,1,2
PERRY,SPRING TOWNSHIP,State Treasurer,,DEM,Joe Torsella,37,0,0,78,115
PERRY,SPRING TOWNSHIP,State Treasurer,,DEM,Write-In,2,0,0,1,3
PERRY,SPRING TOWNSHIP,State Treasurer,,REP,Stacy L Garrity,268,0,0,93,361
PERRY,SPRING TOWNSHIP,State Treasurer,,REP,Write-In,0,0,0,1,1
PERRY,SPRING TOWNSHIP,U.S. House,12,DEM,Lee Griffin,36,0,0,78,114
PERRY,SPRING TOWNSHIP,U.S. House,12,DEM,Write-In,2,0,0,0,2
PERRY,SPRING TOWNSHIP,U.S. House,12,REP,Fred Keller,290,0,0,95,385
PERRY,SPRING TOWNSHIP,U.S. House,12,REP,Write-In,0,0,0,3,3
PERRY,SPRING TOWNSHIP,State Senate,15,DEM,George Scott,38,0,0,73,111
PERRY,SPRING TOWNSHIP,State Senate,15,DEM,Alvin Q Taylor,5,0,0,15,20
PERRY,SPRING TOWNSHIP,State Senate,15,DEM,Write-In,2,0,0,0,2
PERRY,SPRING TOWNSHIP,State Senate,15,REP,John Disanto,287,0,0,90,377
PERRY,SPRING TOWNSHIP,State Senate,15,REP,Write-In,1,0,0,5,6
PERRY,SPRING TOWNSHIP,General Assembly,86,DEM,Write-In,16,0,0,19,35
PERRY,SPRING TOWNSHIP,General Assembly,86,REP,Jed Nessinger,35,0,0,6,41
PERRY,SPRING TOWNSHIP,General Assembly,86,REP,William Bill Benner,44,0,0,14,58
PERRY,SPRING TOWNSHIP,General Assembly,86,REP,Perry Stambaugh,241,0,0,84,325
PERRY,SPRING TOWNSHIP,General Assembly,86,REP,Write-In,0,0,0,0,0
PERRY,TOBOYNE TOWNSHIP 1ST,President,,DEM,Bernie Sanders,3,0,0,0,3
PERRY,TOBOYNE TOWNSHIP 1ST,President,,DEM,Joseph R Biden,9,0,0,8,17
PERRY,TOBOYNE TOWNSHIP 1ST,President,,DEM,Tulsi Gabbard,2,0,0,0,2
PERRY,TOBOYNE TOWNSHIP 1ST,President,,DEM,Write-In,0,0,0,0,0
PERRY,TOBOYNE TOWNSHIP 1ST,President,,REP,Donald J Trump,47,0,0,5,52
PERRY,TOBOYNE TOWNSHIP 1ST,President,,REP,Roque Rocky De La Fuente,0,0,0,0,0
PERRY,TOBOYNE TOWNSHIP 1ST,President,,REP,Bill Weld,0,0,0,0,0
PERRY,TOBOYNE TOWNSHIP 1ST,President,,REP,Write-In,0,0,0,0,0
PERRY,TOBOYNE TOWNSHIP 1ST,Attorney General,,DEM,Josh Shapiro,11,0,0,5,16
PERRY,TOBOYNE TOWNSHIP 1ST,Attorney General,,DEM,Write-In,0,0,0,0,0
PERRY,TOBOYNE TOWNSHIP 1ST,Attorney General,,REP,Heather Heidelbaugh,38,0,0,5,43
PERRY,TOBOYNE TOWNSHIP 1ST,Attorney General,,REP,Write-In,0,0,0,0,0
PERRY,TOBOYNE TOWNSHIP 1ST,Auditor General,,DEM,H Scott Conklin,6,0,0,2,8
PERRY,TOBOYNE TOWNSHIP 1ST,Auditor General,,DEM,Michael Lamb,2,0,0,0,2
PERRY,TOBOYNE TOWNSHIP 1ST,Auditor General,,DEM,Tracie Fountain,3,0,0,2,5
PERRY,TOBOYNE TOWNSHIP 1ST,Auditor General,,DEM,Rose Rosie Marie Davis,1,0,0,0,1
PERRY,TOBOYNE TOWNSHIP 1ST,Auditor General,,DEM,Nina Ahmad,1,0,0,0,1
PERRY,TOBOYNE TOWNSHIP 1ST,Auditor General,,DEM,Christina M Hartman,0,0,0,2,2
PERRY,TOBOYNE TOWNSHIP 1ST,Auditor General,,DEM,Write-In,0,0,0,0,0
PERRY,TOBOYNE TOWNSHIP 1ST,Auditor General,,REP,Timothy Defoor,39,0,0,5,44
PERRY,TOBOYNE TOWNSHIP 1ST,Auditor General,,REP,Write-In,0,0,0,0,0
PERRY,TOBOYNE TOWNSHIP 1ST,State Treasurer,,DEM,Joe Torsella,10,0,0,5,15
PERRY,TOBOYNE TOWNSHIP 1ST,State Treasurer,,DEM,Write-In,0,0,0,0,0
PERRY,TOBOYNE TOWNSHIP 1ST,State Treasurer,,REP,Stacy L Garrity,39,0,0,5,44
PERRY,TOBOYNE TOWNSHIP 1ST,State Treasurer,,REP,Write-In,0,0,0,0,0
PERRY,TOBOYNE TOWNSHIP 1ST,U.S. House,12,DEM,Lee Griffin,10,0,0,5,15
PERRY,TOBOYNE TOWNSHIP 1ST,U.S. House,12,DEM,Write-In,0,0,0,0,0
PERRY,TOBOYNE TOWNSHIP 1ST,U.S. House,12,REP,Fred Keller,44,0,0,5,49
PERRY,TOBOYNE TOWNSHIP 1ST,U.S. House,12,REP,Write-In,0,0,0,0,0
PERRY,TOBOYNE TOWNSHIP 1ST,State Senate,15,DEM,George Scott,11,0,0,4,15
PERRY,TOBOYNE TOWNSHIP 1ST,State Senate,15,DEM,Alvin Q Taylor,3,0,0,3,6
PERRY,TOBOYNE TOWNSHIP 1ST,State Senate,15,DEM,Write-In,0,0,0,0,0
PERRY,TOBOYNE TOWNSHIP 1ST,State Senate,15,REP,John Disanto,42,0,0,5,47
PERRY,TOBOYNE TOWNSHIP 1ST,State Senate,15,REP,Write-In,0,0,0,0,0
PERRY,TOBOYNE TOWNSHIP 1ST,General Assembly,86,DEM,Write-In,2,0,0,2,4
PERRY,TOBOYNE TOWNSHIP 1ST,General Assembly,86,REP,Jed Nessinger,11,0,0,0,11
PERRY,TOBOYNE TOWNSHIP 1ST,General Assembly,86,REP,William Bill Benner,3,0,0,0,3
PERRY,TOBOYNE TOWNSHIP 1ST,General Assembly,86,REP,Perry Stambaugh,33,0,0,5,38
PERRY,TOBOYNE TOWNSHIP 1ST,General Assembly,86,REP,Write-In,0,0,0,0,0
PERRY,TOBOYNE TOWNSHIP 2ND,President,,DEM,Bernie Sanders,1,0,0,0,1
PERRY,TOBOYNE TOWNSHIP 2ND,President,,DEM,Joseph R Biden,3,0,0,1,4
PERRY,TOBOYNE TOWNSHIP 2ND,President,,DEM,Tulsi Gabbard,0,0,0,0,0
PERRY,TOBOYNE TOWNSHIP 2ND,President,,DEM,Write-In,0,0,0,0,0
PERRY,TOBOYNE TOWNSHIP 2ND,President,,REP,Donald J Trump,24,0,0,3,27
PERRY,TOBOYNE TOWNSHIP 2ND,President,,REP,Roque Rocky De La Fuente,0,0,0,0,0
PERRY,TOBOYNE TOWNSHIP 2ND,President,,REP,Bill Weld,0,0,0,0,0
PERRY,TOBOYNE TOWNSHIP 2ND,President,,REP,Write-In,0,0,0,0,0
PERRY,TOBOYNE TOWNSHIP 2ND,Attorney General,,DEM,Josh Shapiro,3,0,0,1,4
PERRY,TOBOYNE TOWNSHIP 2ND,Attorney General,,DEM,Write-In,0,0,0,0,0
PERRY,TOBOYNE TOWNSHIP 2ND,Attorney General,,REP,Heather Heidelbaugh,22,0,0,3,25
PERRY,TOBOYNE TOWNSHIP 2ND,Attorney General,,REP,Write-In,0,0,0,0,0
PERRY,TOBOYNE TOWNSHIP 2ND,Auditor General,,DEM,H Scott Conklin,3,0,0,0,3
PERRY,TOBOYNE TOWNSHIP 2ND,Auditor General,,DEM,Michael Lamb,0,0,0,0,0
PERRY,TOBOYNE TOWNSHIP 2ND,Auditor General,,DEM,Tracie Fountain,1,0,0,0,1
PERRY,TOBOYNE TOWNSHIP 2ND,Auditor General,,DEM,Rose Rosie Marie Davis,0,0,0,0,0
PERRY,TOBOYNE TOWNSHIP 2ND,Auditor General,,DEM,Nina Ahmad,0,0,0,0,0
PERRY,TOBOYNE TOWNSHIP 2ND,Auditor General,,DEM,Christina M Hartman,1,0,0,1,2
PERRY,TOBOYNE TOWNSHIP 2ND,Auditor General,,DEM,Write-In,0,0,0,0,0
PERRY,TOBOYNE TOWNSHIP 2ND,Auditor General,,REP,Timothy Defoor,20,0,0,3,23
PERRY,TOBOYNE TOWNSHIP 2ND,Auditor General,,REP,Write-In,0,0,0,0,0
PERRY,TOBOYNE TOWNSHIP 2ND,State Treasurer,,DEM,Joe Torsella,4,0,0,0,4
PERRY,TOBOYNE TOWNSHIP 2ND,State Treasurer,,DEM,Write-In,0,0,0,0,0
PERRY,TOBOYNE TOWNSHIP 2ND,State Treasurer,,REP,Stacy L Garrity,21,0,0,3,24
PERRY,TOBOYNE TOWNSHIP 2ND,State Treasurer,,REP,Write-In,0,0,0,0,0
PERRY,TOBOYNE TOWNSHIP 2ND,U.S. House,12,DEM,Lee Griffin,5,0,0,0,5
PERRY,TOBOYNE TOWNSHIP 2ND,U.S. House,12,DEM,Write-In,0,0,0,0,0
PERRY,TOBOYNE TOWNSHIP 2ND,U.S. House,12,REP,Fred Keller,21,0,0,3,24
PERRY,TOBOYNE TOWNSHIP 2ND,U.S. House,12,REP,Write-In,0,0,0,0,0
PERRY,TOBOYNE TOWNSHIP 2ND,State Senate,15,DEM,George Scott,3,0,0,1,4
PERRY,TOBOYNE TOWNSHIP 2ND,State Senate,15,DEM,Alvin Q Taylor,1,0,0,0,1
PERRY,TOBOYNE TOWNSHIP 2ND,State Senate,15,DEM,Write-In,0,0,0,0,0
PERRY,TOBOYNE TOWNSHIP 2ND,State Senate,15,REP,John Disanto,23,0,0,3,26
PERRY,TOBOYNE TOWNSHIP 2ND,State Senate,15,REP,Write-In,0,0,0,0,0
PERRY,TOBOYNE TOWNSHIP 2ND,General Assembly,86,DEM,Write-In,0,0,0,0,0
PERRY,TOBOYNE TOWNSHIP 2ND,General Assembly,86,REP,Jed Nessinger,2,0,0,1,3
PERRY,TOBOYNE TOWNSHIP 2ND,General Assembly,86,REP,William Bill Benner,2,0,0,0,2
PERRY,TOBOYNE TOWNSHIP 2ND,General Assembly,86,REP,Perry Stambaugh,20,0,0,2,22
PERRY,TOBOYNE TOWNSHIP 2ND,General Assembly,86,REP,Write-In,0,0,0,0,0
PERRY,TUSCARORA TOWNSHIP,President,,DEM,Bernie Sanders,5,0,0,3,8
PERRY,TUSCARORA TOWNSHIP,President,,DEM,Joseph R Biden,13,0,0,31,44
PERRY,TUSCARORA TOWNSHIP,President,,DEM,Tulsi Gabbard,4,0,0,2,6
PERRY,TUSCARORA TOWNSHIP,President,,DEM,Write-In,1,0,0,1,2
PERRY,TUSCARORA TOWNSHIP,President,,REP,Donald J Trump,166,0,0,70,236
PERRY,TUSCARORA TOWNSHIP,President,,REP,Roque Rocky De La Fuente,1,0,0,2,3
PERRY,TUSCARORA TOWNSHIP,President,,REP,Bill Weld,2,0,0,4,6
PERRY,TUSCARORA TOWNSHIP,President,,REP,Write-In,0,0,0,4,4
PERRY,TUSCARORA TOWNSHIP,Attorney General,,DEM,Josh Shapiro,22,0,0,33,55
PERRY,TUSCARORA TOWNSHIP,Attorney General,,DEM,Write-In,0,0,0,0,0
PERRY,TUSCARORA TOWNSHIP,Attorney General,,REP,Heather Heidelbaugh,143,0,0,69,212
PERRY,TUSCARORA TOWNSHIP,Attorney General,,REP,Write-In,0,0,0,1,1
PERRY,TUSCARORA TOWNSHIP,Auditor General,,DEM,H Scott Conklin,4,0,0,9,13
PERRY,TUSCARORA TOWNSHIP,Auditor General,,DEM,Michael Lamb,1,0,0,1,2
PERRY,TUSCARORA TOWNSHIP,Auditor General,,DEM,Tracie Fountain,8,0,0,13,21
PERRY,TUSCARORA TOWNSHIP,Auditor General,,DEM,Rose Rosie Marie Davis,0,0,0,4,4
PERRY,TUSCARORA TOWNSHIP,Auditor General,,DEM,Nina Ahmad,3,0,0,3,6
PERRY,TUSCARORA TOWNSHIP,Auditor General,,DEM,Christina M Hartman,5,0,0,4,9
PERRY,TUSCARORA TOWNSHIP,Auditor General,,DEM,Write-In,0,0,0,1,1
PERRY,TUSCARORA TOWNSHIP,Auditor General,,REP,Timothy Defoor,147,0,0,72,219
PERRY,TUSCARORA TOWNSHIP,Auditor General,,REP,Write-In,0,0,0,1,1
PERRY,TUSCARORA TOWNSHIP,State Treasurer,,DEM,Joe Torsella,20,0,0,31,51
PERRY,TUSCARORA TOWNSHIP,State Treasurer,,DEM,Write-In,0,0,0,3,3
PERRY,TUSCARORA TOWNSHIP,State Treasurer,,REP,Stacy L Garrity,140,0,0,72,212
PERRY,TUSCARORA TOWNSHIP,State Treasurer,,REP,Write-In,0,0,0,0,0
PERRY,TUSCARORA TOWNSHIP,U.S. House,12,DEM,Lee Griffin,21,0,0,30,51
PERRY,TUSCARORA TOWNSHIP,U.S. House,12,DEM,Write-In,0,0,0,3,3
PERRY,TUSCARORA TOWNSHIP,U.S. House,12,REP,Fred Keller,153,0,0,77,230
PERRY,TUSCARORA TOWNSHIP,U.S. House,12,REP,Write-In,0,0,0,0,0
PERRY,TUSCARORA TOWNSHIP,State Senate,15,DEM,George Scott,13,0,0,30,43
PERRY,TUSCARORA TOWNSHIP,State Senate,15,DEM,Alvin Q Taylor,8,0,0,5,13
PERRY,TUSCARORA TOWNSHIP,State Senate,15,DEM,Write-In,1,0,0,0,1
PERRY,TUSCARORA TOWNSHIP,State Senate,15,REP,John Disanto,151,0,0,75,226
PERRY,TUSCARORA TOWNSHIP,State Senate,15,REP,Write-In,0,0,0,0,0
PERRY,TUSCARORA TOWNSHIP,General Assembly,86,DEM,Write-In,1,0,0,8,9
PERRY,TUSCARORA TOWNSHIP,General Assembly,86,REP,Jed Nessinger,14,0,0,3,17
PERRY,TUSCARORA TOWNSHIP,General Assembly,86,REP,William Bill Benner,31,0,0,9,40
PERRY,TUSCARORA TOWNSHIP,General Assembly,86,REP,Perry Stambaugh,124,0,0,69,193
PERRY,TUSCARORA TOWNSHIP,General Assembly,86,REP,Write-In,0,0,0,0,0
PERRY,TYRONE TOWNSHIP,President,,DEM,Bernie Sanders,18,0,0,6,24
PERRY,TYRONE TOWNSHIP,President,,DEM,Joseph R Biden,19,0,0,58,77
PERRY,TYRONE TOWNSHIP,President,,DEM,Tulsi Gabbard,8,0,0,0,8
PERRY,TYRONE TOWNSHIP,President,,DEM,Write-In,4,0,0,1,5
PERRY,TYRONE TOWNSHIP,President,,REP,Donald J Trump,238,0,0,50,288
PERRY,TYRONE TOWNSHIP,President,,REP,Roque Rocky De La Fuente,5,0,0,1,6
PERRY,TYRONE TOWNSHIP,President,,REP,Bill Weld,3,0,0,3,6
PERRY,TYRONE TOWNSHIP,President,,REP,Write-In,1,0,0,6,7
PERRY,TYRONE TOWNSHIP,Attorney General,,DEM,Josh Shapiro,42,0,0,62,104
PERRY,TYRONE TOWNSHIP,Attorney General,,DEM,Write-In,1,0,0,0,1
PERRY,TYRONE TOWNSHIP,Attorney General,,REP,Heather Heidelbaugh,207,0,0,53,260
PERRY,TYRONE TOWNSHIP,Attorney General,,REP,Write-In,0,0,0,1,1
PERRY,TYRONE TOWNSHIP,Auditor General,,DEM,H Scott Conklin,13,0,0,16,29
PERRY,TYRONE TOWNSHIP,Auditor General,,DEM,Michael Lamb,4,0,0,5,9
PERRY,TYRONE TOWNSHIP,Auditor General,,DEM,Tracie Fountain,13,0,0,19,32
PERRY,TYRONE TOWNSHIP,Auditor General,,DEM,Rose Rosie Marie Davis,4,0,0,3,7
PERRY,TYRONE TOWNSHIP,Auditor General,,DEM,Nina Ahmad,5,0,0,7,12
PERRY,TYRONE TOWNSHIP,Auditor General,,DEM,Christina M Hartman,5,0,0,14,19
PERRY,TYRONE TOWNSHIP,Auditor General,,DEM,Write-In,1,0,0,0,1
PERRY,TYRONE TOWNSHIP,Auditor General,,REP,Timothy Defoor,209,0,0,55,264
PERRY,TYRONE TOWNSHIP,Auditor General,,REP,Write-In,1,0,0,1,2
PERRY,TYRONE TOWNSHIP,State Treasurer,,DEM,Joe Torsella,39,0,0,59,98
PERRY,TYRONE TOWNSHIP,State Treasurer,,DEM,Write-In,1,0,0,0,1
PERRY,TYRONE TOWNSHIP,State Treasurer,,REP,Stacy L Garrity,205,0,0,56,261
PERRY,TYRONE TOWNSHIP,State Treasurer,,REP,Write-In,0,0,0,0,0
PERRY,TYRONE TOWNSHIP,U.S. House,12,DEM,Lee Griffin,39,0,0,60,99
PERRY,TYRONE TOWNSHIP,U.S. House,12,DEM,Write-In,1,0,0,1,2
PERRY,TYRONE TOWNSHIP,U.S. House,12,REP,Fred Keller,219,0,0,55,274
PERRY,TYRONE TOWNSHIP,U.S. House,12,REP,Write-In,2,0,0,1,3
PERRY,TYRONE TOWNSHIP,State Senate,15,DEM,George Scott,37,0,0,57,94
PERRY,TYRONE TOWNSHIP,State Senate,15,DEM,Alvin Q Taylor,8,0,0,8,16
PERRY,TYRONE TOWNSHIP,State Senate,15,DEM,Write-In,0,0,0,0,0
PERRY,TYRONE TOWNSHIP,State Senate,15,REP,John Disanto,217,0,0,55,272
PERRY,TYRONE TOWNSHIP,State Senate,15,REP,Write-In,1,0,0,0,1
PERRY,TYRONE TOWNSHIP,General Assembly,86,DEM,Write-In,8,0,0,26,34
PERRY,TYRONE TOWNSHIP,General Assembly,86,REP,Jed Nessinger,19,0,0,6,25
PERRY,TYRONE TOWNSHIP,General Assembly,86,REP,William Bill Benner,30,0,0,8,38
PERRY,TYRONE TOWNSHIP,General Assembly,86,REP,Perry Stambaugh,199,0,0,47,246
PERRY,TYRONE TOWNSHIP,General Assembly,86,REP,Write-In,0,0,0,0,0
PERRY,WATTS TOWNSHIP,President,,DEM,Bernie Sanders,3,0,0,4,7
PERRY,WATTS TOWNSHIP,President,,DEM,Joseph R Biden,16,0,0,40,56
PERRY,WATTS TOWNSHIP,President,,DEM,Tulsi Gabbard,3,0,0,2,5
PERRY,WATTS TOWNSHIP,President,,DEM,Write-In,2,0,0,2,4
PERRY,WATTS TOWNSHIP,President,,REP,Donald J Trump,169,0,0,50,219
PERRY,WATTS TOWNSHIP,President,,REP,Roque Rocky De La Fuente,0,0,0,2,2
PERRY,WATTS TOWNSHIP,President,,REP,Bill Weld,4,0,0,7,11
PERRY,WATTS TOWNSHIP,President,,REP,Write-In,4,0,0,2,6
PERRY,WATTS TOWNSHIP,Attorney General,,DEM,Josh Shapiro,21,0,0,47,68
PERRY,WATTS TOWNSHIP,Attorney General,,DEM,Write-In,0,0,0,0,0
PERRY,WATTS TOWNSHIP,Attorney General,,REP,Heather Heidelbaugh,155,0,0,56,211
PERRY,WATTS TOWNSHIP,Attorney General,,REP,Write-In,0,0,0,0,0
PERRY,WATTS TOWNSHIP,Auditor General,,DEM,H Scott Conklin,4,0,0,7,11
PERRY,WATTS TOWNSHIP,Auditor General,,DEM,Michael Lamb,0,0,0,3,3
PERRY,WATTS TOWNSHIP,Auditor General,,DEM,Tracie Fountain,8,0,0,24,32
PERRY,WATTS TOWNSHIP,Auditor General,,DEM,Rose Rosie Marie Davis,1,0,0,2,3
PERRY,WATTS TOWNSHIP,Auditor General,,DEM,Nina Ahmad,2,0,0,6,8
PERRY,WATTS TOWNSHIP,Auditor General,,DEM,Christina M Hartman,6,0,0,8,14
PERRY,WATTS TOWNSHIP,Auditor General,,DEM,Write-In,0,0,0,0,0
PERRY,WATTS TOWNSHIP,Auditor General,,REP,Timothy Defoor,156,0,0,54,210
PERRY,WATTS TOWNSHIP,Auditor General,,REP,Write-In,0,0,0,0,0
PERRY,WATTS TOWNSHIP,State Treasurer,,DEM,Joe Torsella,21,0,0,42,63
PERRY,WATTS TOWNSHIP,State Treasurer,,DEM,Write-In,0,0,0,0,0
PERRY,WATTS TOWNSHIP,State Treasurer,,REP,Stacy L Garrity,156,0,0,55,211
PERRY,WATTS TOWNSHIP,State Treasurer,,REP,Write-In,1,0,0,0,1
PERRY,WATTS TOWNSHIP,U.S. House,12,DEM,Lee Griffin,21,0,0,40,61
PERRY,WATTS TOWNSHIP,U.S. House,12,DEM,Write-In,0,0,0,0,0
PERRY,WATTS TOWNSHIP,U.S. House,12,REP,Fred Keller,158,0,0,54,212
PERRY,WATTS TOWNSHIP,U.S. House,12,REP,Write-In,1,0,0,1,2
PERRY,WATTS TOWNSHIP,State Senate,15,DEM,George Scott,12,0,0,38,50
PERRY,WATTS TOWNSHIP,State Senate,15,DEM,Alvin Q Taylor,9,0,0,12,21
PERRY,WATTS TOWNSHIP,State Senate,15,DEM,Write-In,0,0,0,0,0
PERRY,WATTS TOWNSHIP,State Senate,15,REP,John Disanto,161,0,0,57,218
PERRY,WATTS TOWNSHIP,State Senate,15,REP,Write-In,0,0,0,0,0
PERRY,WATTS TOWNSHIP,General Assembly,86,DEM,Write-In,2,0,0,4,6
PERRY,WATTS TOWNSHIP,General Assembly,86,REP,Jed Nessinger,40,0,0,9,49
PERRY,WATTS TOWNSHIP,General Assembly,86,REP,William Bill Benner,37,0,0,11,48
PERRY,WATTS TOWNSHIP,General Assembly,86,REP,Perry Stambaugh,95,0,0,38,133
PERRY,WATTS TOWNSHIP,General Assembly,86,REP,Write-In,0,0,0,0,0
PERRY,WHEATFIELD TOWNSHIP,President,,DEM,Bernie Sanders,14,0,0,23,37
PERRY,WHEATFIELD TOWNSHIP,President,,DEM,Joseph R Biden,30,0,0,114,144
PERRY,WHEATFIELD TOWNSHIP,President,,DEM,Tulsi Gabbard,6,0,0,3,9
PERRY,WHEATFIELD TOWNSHIP,President,,DEM,Write-In,4,0,0,1,5
PERRY,WHEATFIELD TOWNSHIP,President,,REP,Donald J Trump,482,0,0,132,614
PERRY,WHEATFIELD TOWNSHIP,President,,REP,Roque Rocky De La Fuente,2,0,0,2,4
PERRY,WHEATFIELD TOWNSHIP,President,,REP,Bill Weld,7,0,0,13,20
PERRY,WHEATFIELD TOWNSHIP,President,,REP,Write-In,4,0,0,3,7
PERRY,WHEATFIELD TOWNSHIP,Attorney General,,DEM,Josh Shapiro,45,0,0,131,176
PERRY,WHEATFIELD TOWNSHIP,Attorney General,,DEM,Write-In,2,0,0,1,3
PERRY,WHEATFIELD TOWNSHIP,Attorney General,,REP,Heather Heidelbaugh,437,0,0,134,571
PERRY,WHEATFIELD TOWNSHIP,Attorney General,,REP,Write-In,0,0,0,2,2
PERRY,WHEATFIELD TOWNSHIP,Auditor General,,DEM,H Scott Conklin,10,0,0,34,44
PERRY,WHEATFIELD TOWNSHIP,Auditor General,,DEM,Michael Lamb,3,0,0,18,21
PERRY,WHEATFIELD TOWNSHIP,Auditor General,,DEM,Tracie Fountain,23,0,0,52,75
PERRY,WHEATFIELD TOWNSHIP,Auditor General,,DEM,Rose Rosie Marie Davis,3,0,0,1,4
PERRY,WHEATFIELD TOWNSHIP,Auditor General,,DEM,Nina Ahmad,7,0,0,12,19
PERRY,WHEATFIELD TOWNSHIP,Auditor General,,DEM,Christina M Hartman,9,0,0,18,27
PERRY,WHEATFIELD TOWNSHIP,Auditor General,,DEM,Write-In,0,0,0,0,0
PERRY,WHEATFIELD TOWNSHIP,Auditor General,,REP,Timothy Defoor,444,0,0,136,580
PERRY,WHEATFIELD TOWNSHIP,Auditor General,,REP,Write-In,1,0,0,3,4
PERRY,WHEATFIELD TOWNSHIP,State Treasurer,,DEM,Joe Torsella,47,0,0,126,173
PERRY,WHEATFIELD TOWNSHIP,State Treasurer,,DEM,Write-In,1,0,0,1,2
PERRY,WHEATFIELD TOWNSHIP,State Treasurer,,REP,Stacy L Garrity,435,0,0,139,574
PERRY,WHEATFIELD TOWNSHIP,State Treasurer,,REP,Write-In,1,0,0,0,1
PERRY,WHEATFIELD TOWNSHIP,U.S. House,12,DEM,Lee Griffin,45,0,0,122,167
PERRY,WHEATFIELD TOWNSHIP,U.S. House,12,DEM,Write-In,2,0,0,3,5
PERRY,WHEATFIELD TOWNSHIP,U.S. House,12,REP,Fred Keller,462,0,0,135,597
PERRY,WHEATFIELD TOWNSHIP,U.S. House,12,REP,Write-In,0,0,0,2,2
PERRY,WHEATFIELD TOWNSHIP,State Senate,15,DEM,George Scott,37,0,0,115,152
PERRY,WHEATFIELD TOWNSHIP,State Senate,15,DEM,Alvin Q Taylor,17,0,0,22,39
PERRY,WHEATFIELD TOWNSHIP,State Senate,15,DEM,Write-In,0,0,0,0,0
PERRY,WHEATFIELD TOWNSHIP,State Senate,15,REP,John Disanto,465,0,0,140,605
PERRY,WHEATFIELD TOWNSHIP,State Senate,15,REP,Write-In,1,0,0,0,1
PERRY,WHEATFIELD TOWNSHIP,General Assembly,86,DEM,Write-In,5,0,0,20,25
PERRY,WHEATFIELD TOWNSHIP,General Assembly,86,REP,Jed Nessinger,127,0,0,19,146
PERRY,WHEATFIELD TOWNSHIP,General Assembly,86,REP,William Bill Benner,46,0,0,16,62
PERRY,WHEATFIELD TOWNSHIP,General Assembly,86,REP,Perry Stambaugh,315,0,0,117,432
PERRY,WHEATFIELD TOWNSHIP,General Assembly,86,REP,Write-In,2,0,0,0,2
