county,party,office,district,candidate,precinct,votes
Pike,DEM,President,,Bernie Sanders,BLOOMING GROVE TWP,63
Pike,DEM,President,,Joseph R. Biden,BLOOMING GROVE TWP,377
Pike,DEM,President,,Tulsi Gabbard,BLOOMING GROVE TWP,4
Pike,DEM,President,,Bernie Sanders,DELAWARE TWP #1,34
Pike,DEM,President,,Joseph R. Biden,DELAWARE TWP #1,191
Pike,DEM,President,,Tulsi Gabbard,DELAWARE TWP #1,7
Pike,DEM,President,,Bernie Sanders,DELAWARE TWP #2,42
Pike,DEM,President,,Joseph R. Biden,DELAWARE TWP #2,168
Pike,DEM,President,,Tulsi Gabbard,DELAWARE TWP #2,4
Pike,DEM,President,,Bernie Sanders,DINGMAN TWP #1,105
Pike,DEM,President,,Joseph R. Biden,DINGMAN TWP #1,383
Pike,DEM,President,,Tulsi Gabbard,DINGMAN TWP #1,10
Pike,DEM,President,,Bernie Sanders,DINGMAN TWP #2,72
Pike,DEM,President,,Joseph R. Biden,DINGMAN TWP #2,330
Pike,DEM,President,,Tulsi Gabbard,DINGMAN TWP #2,4
Pike,DEM,President,,Bernie Sanders,GREENE TWP,43
Pike,DEM,President,,Joseph R. Biden,GREENE TWP,202
Pike,DEM,President,,Tulsi Gabbard,GREENE TWP,11
Pike,DEM,President,,Bernie Sanders,LACKAWAXEN TWP #1,22
Pike,DEM,President,,Joseph R. Biden,LACKAWAXEN TWP #1,130
Pike,DEM,President,,Tulsi Gabbard,LACKAWAXEN TWP #1,3
Pike,DEM,President,,Bernie Sanders,LACKAWAXEN TWP #2,36
Pike,DEM,President,,Joseph R. Biden,LACKAWAXEN TWP #2,131
Pike,DEM,President,,Tulsi Gabbard,LACKAWAXEN TWP #2,0
Pike,DEM,President,,Bernie Sanders,LEHMAN TWP #1,51
Pike,DEM,President,,Joseph R. Biden,LEHMAN TWP #1,308
Pike,DEM,President,,Tulsi Gabbard,LEHMAN TWP #1,11
Pike,DEM,President,,Bernie Sanders,LEHMAN TWP #2,65
Pike,DEM,President,,Joseph R. Biden,LEHMAN TWP #2,414
Pike,DEM,President,,Tulsi Gabbard,LEHMAN TWP #2,4
Pike,DEM,President,,Bernie Sanders,MATAMORAS BORO # 1,10
Pike,DEM,President,,Joseph R. Biden,MATAMORAS BORO # 1,65
Pike,DEM,President,,Tulsi Gabbard,MATAMORAS BORO # 1,4
Pike,DEM,President,,Bernie Sanders,MATAMORAS BORO # 2,18
Pike,DEM,President,,Joseph R. Biden,MATAMORAS BORO # 2,88
Pike,DEM,President,,Tulsi Gabbard,MATAMORAS BORO # 2,3
Pike,DEM,President,,Bernie Sanders,MILFORD BORO,24
Pike,DEM,President,,Joseph R. Biden,MILFORD BORO,90
Pike,DEM,President,,Tulsi Gabbard,MILFORD BORO,4
Pike,DEM,President,,Bernie Sanders,MILFORD TWP,25
Pike,DEM,President,,Joseph R. Biden,MILFORD TWP,131
Pike,DEM,President,,Tulsi Gabbard,MILFORD TWP,1
Pike,DEM,President,,Bernie Sanders,PALMYRA TWP,51
Pike,DEM,President,,Joseph R. Biden,PALMYRA TWP,243
Pike,DEM,President,,Tulsi Gabbard,PALMYRA TWP,3
Pike,DEM,President,,Bernie Sanders,PORTER TWP,3
Pike,DEM,President,,Joseph R. Biden,PORTER TWP,36
Pike,DEM,President,,Tulsi Gabbard,PORTER TWP,0
Pike,DEM,President,,Bernie Sanders,SHOHOLA TWP,39
Pike,DEM,President,,Joseph R. Biden,SHOHOLA TWP,181
Pike,DEM,President,,Tulsi Gabbard,SHOHOLA TWP,7
Pike,DEM,President,,Bernie Sanders,WESTFALL TWP,33
Pike,DEM,President,,Joseph R. Biden,WESTFALL TWP,179
Pike,DEM,President,,Tulsi Gabbard,WESTFALL TWP,3
Pike,REP,President,,Donald J. Trump,BLOOMING GROVE TWP,452
Pike,REP,President,,Roque Rocky De La Fuente,BLOOMING GROVE TWP,3
Pike,REP,President,,Bill Weld,BLOOMING GROVE TWP,22
Pike,REP,President,,Donald J. Trump,DELAWARE TWP #1,324
Pike,REP,President,,Roque Rocky De La Fuente,DELAWARE TWP #1,4
Pike,REP,President,,Bill Weld,DELAWARE TWP #1,5
Pike,REP,President,,Donald J. Trump,DELAWARE TWP #2,306
Pike,REP,President,,Roque Rocky De La Fuente,DELAWARE TWP #2,4
Pike,REP,President,,Bill Weld,DELAWARE TWP #2,6
Pike,REP,President,,Donald J. Trump,DINGMAN TWP #1,562
Pike,REP,President,,Roque Rocky De La Fuente,DINGMAN TWP #1,6
Pike,REP,President,,Bill Weld,DINGMAN TWP #1,24
Pike,REP,President,,Donald J. Trump,DINGMAN TWP #2,479
Pike,REP,President,,Roque Rocky De La Fuente,DINGMAN TWP #2,7
Pike,REP,President,,Bill Weld,DINGMAN TWP #2,25
Pike,REP,President,,Donald J. Trump,GREENE TWP,456
Pike,REP,President,,Roque Rocky De La Fuente,GREENE TWP,5
Pike,REP,President,,Bill Weld,GREENE TWP,19
Pike,REP,President,,Donald J. Trump,LACKAWAXEN TWP #1,288
Pike,REP,President,,Roque Rocky De La Fuente,LACKAWAXEN TWP #1,1
Pike,REP,President,,Bill Weld,LACKAWAXEN TWP #1,9
Pike,REP,President,,Donald J. Trump,LACKAWAXEN TWP #2,350
Pike,REP,President,,Roque Rocky De La Fuente,LACKAWAXEN TWP #2,5
Pike,REP,President,,Bill Weld,LACKAWAXEN TWP #2,13
Pike,REP,President,,Donald J. Trump,LEHMAN TWP #1,251
Pike,REP,President,,Roque Rocky De La Fuente,LEHMAN TWP #1,5
Pike,REP,President,,Bill Weld,LEHMAN TWP #1,8
Pike,REP,President,,Donald J. Trump,LEHMAN TWP #2,210
Pike,REP,President,,Roque Rocky De La Fuente,LEHMAN TWP #2,3
Pike,REP,President,,Bill Weld,LEHMAN TWP #2,13
Pike,REP,President,,Donald J. Trump,MATAMORAS BORO # 1,86
Pike,REP,President,,Roque Rocky De La Fuente,MATAMORAS BORO # 1,2
Pike,REP,President,,Bill Weld,MATAMORAS BORO # 1,4
Pike,REP,President,,Donald J. Trump,MATAMORAS BORO # 2,94
Pike,REP,President,,Roque Rocky De La Fuente,MATAMORAS BORO # 2,1
Pike,REP,President,,Bill Weld,MATAMORAS BORO # 2,7
Pike,REP,President,,Donald J. Trump,MILFORD BORO,96
Pike,REP,President,,Roque Rocky De La Fuente,MILFORD BORO,1
Pike,REP,President,,Bill Weld,MILFORD BORO,6
Pike,REP,President,,Donald J. Trump,MILFORD TWP,191
Pike,REP,President,,Roque Rocky De La Fuente,MILFORD TWP,2
Pike,REP,President,,Bill Weld,MILFORD TWP,5
Pike,REP,President,,Donald J. Trump,PALMYRA TWP,465
Pike,REP,President,,Roque Rocky De La Fuente,PALMYRA TWP,6
Pike,REP,President,,Bill Weld,PALMYRA TWP,28
Pike,REP,President,,Donald J. Trump,PORTER TWP,57
Pike,REP,President,,Roque Rocky De La Fuente,PORTER TWP,1
Pike,REP,President,,Bill Weld,PORTER TWP,1
Pike,REP,President,,Donald J. Trump,SHOHOLA TWP,282
Pike,REP,President,,Roque Rocky De La Fuente,SHOHOLA TWP,1
Pike,REP,President,,Bill Weld,SHOHOLA TWP,15
Pike,REP,President,,Donald J. Trump,WESTFALL TWP,247
Pike,REP,President,,Roque Rocky De La Fuente,WESTFALL TWP,0
Pike,REP,President,,Bill Weld,WESTFALL TWP,12
Pike,REP,Attorney General,,Heather Heidelbaugh,BLOOMING GROVE TWP,405
Pike,REP,Attorney General,,Heather Heidelbaugh,DELAWARE TWP #1,277
Pike,REP,Attorney General,,Heather Heidelbaugh,DELAWARE TWP #2,267
Pike,REP,Attorney General,,Heather Heidelbaugh,DINGMAN TWP #1,502
Pike,REP,Attorney General,,Heather Heidelbaugh,DINGMAN TWP #2,442
Pike,REP,Attorney General,,Heather Heidelbaugh,GREENE TWP,411
Pike,REP,Attorney General,,Heather Heidelbaugh,LACKAWAXEN TWP #1,256
Pike,REP,Attorney General,,Heather Heidelbaugh,LACKAWAXEN TWP #2,312
Pike,REP,Attorney General,,Heather Heidelbaugh,LEHMAN TWP #1,220
Pike,REP,Attorney General,,Heather Heidelbaugh,LEHMAN TWP #2,201
Pike,REP,Attorney General,,Heather Heidelbaugh,MATAMORAS BORO # 1,87
Pike,REP,Attorney General,,Heather Heidelbaugh,MATAMORAS BORO # 2,88
Pike,REP,Attorney General,,Heather Heidelbaugh,MILFORD BORO,89
Pike,REP,Attorney General,,Heather Heidelbaugh,MILFORD TWP,163
Pike,REP,Attorney General,,Heather Heidelbaugh,PALMYRA TWP,452
Pike,REP,Attorney General,,Heather Heidelbaugh,PORTER TWP,51
Pike,REP,Attorney General,,Heather Heidelbaugh,SHOHOLA TWP,239
Pike,REP,Attorney General,,Heather Heidelbaugh,WESTFALL TWP,229
Pike,REP,Auditor General,,Timothy DeFoor,BLOOMING GROVE TWP,412
Pike,REP,Auditor General,,Timothy DeFoor,DELAWARE TWP #1,278
Pike,REP,Auditor General,,Timothy DeFoor,DELAWARE TWP #2,278
Pike,REP,Auditor General,,Timothy DeFoor,DINGMAN TWP #1,504
Pike,REP,Auditor General,,Timothy DeFoor,DINGMAN TWP #2,444
Pike,REP,Auditor General,,Timothy DeFoor,GREENE TWP,410
Pike,REP,Auditor General,,Timothy DeFoor,LACKAWAXEN TWP #1,246
Pike,REP,Auditor General,,Timothy DeFoor,LACKAWAXEN TWP #2,306
Pike,REP,Auditor General,,Timothy DeFoor,LEHMAN TWP #1,222
Pike,REP,Auditor General,,Timothy DeFoor,LEHMAN TWP #2,202
Pike,REP,Auditor General,,Timothy DeFoor,MATAMORAS BORO # 1,87
Pike,REP,Auditor General,,Timothy DeFoor,MATAMORAS BORO # 2,89
Pike,REP,Auditor General,,Timothy DeFoor,MILFORD BORO,92
Pike,REP,Auditor General,,Timothy DeFoor,MILFORD TWP,165
Pike,REP,Auditor General,,Timothy DeFoor,PALMYRA TWP,452
Pike,REP,Auditor General,,Timothy DeFoor,PORTER TWP,51
Pike,REP,Auditor General,,Timothy DeFoor,SHOHOLA TWP,246
Pike,REP,Auditor General,,Timothy DeFoor,WESTFALL TWP,229
Pike,REP,State Treasurer,,Stacy L. Garrity,BLOOMING GROVE TWP,405
Pike,REP,State Treasurer,,Stacy L. Garrity,DELAWARE TWP #1,279
Pike,REP,State Treasurer,,Stacy L. Garrity,DELAWARE TWP #2,276
Pike,REP,State Treasurer,,Stacy L. Garrity,DINGMAN TWP #1,501
Pike,REP,State Treasurer,,Stacy L. Garrity,DINGMAN TWP #2,437
Pike,REP,State Treasurer,,Stacy L. Garrity,GREENE TWP,401
Pike,REP,State Treasurer,,Stacy L. Garrity,LACKAWAXEN TWP #1,247
Pike,REP,State Treasurer,,Stacy L. Garrity,LACKAWAXEN TWP #2,306
Pike,REP,State Treasurer,,Stacy L. Garrity,LEHMAN TWP #1,221
Pike,REP,State Treasurer,,Stacy L. Garrity,LEHMAN TWP #2,201
Pike,REP,State Treasurer,,Stacy L. Garrity,MATAMORAS BORO # 1,85
Pike,REP,State Treasurer,,Stacy L. Garrity,MATAMORAS BORO # 2,88
Pike,REP,State Treasurer,,Stacy L. Garrity,MILFORD BORO,91
Pike,REP,State Treasurer,,Stacy L. Garrity,MILFORD TWP,170
Pike,REP,State Treasurer,,Stacy L. Garrity,PALMYRA TWP,453
Pike,REP,State Treasurer,,Stacy L. Garrity,PORTER TWP,51
Pike,REP,State Treasurer,,Stacy L. Garrity,SHOHOLA TWP,244
Pike,REP,State Treasurer,,Stacy L. Garrity,WESTFALL TWP,225
Pike,REP,U.S. House,8,Harry Haas,BLOOMING GROVE TWP,38
Pike,REP,U.S. House,8,Teddy Daniels,BLOOMING GROVE TWP,103
Pike,REP,U.S. House,8,Jim Bognet,BLOOMING GROVE TWP,136
Pike,REP,U.S. House,8,Mike Cammisa,BLOOMING GROVE TWP,10
Pike,REP,U.S. House,8,Mike Marsicano,BLOOMING GROVE TWP,74
Pike,REP,U.S. House,8,Earl Granville,BLOOMING GROVE TWP,93
Pike,REP,U.S. House,8,Harry Haas,DELAWARE TWP #1,23
Pike,REP,U.S. House,8,Teddy Daniels,DELAWARE TWP #1,145
Pike,REP,U.S. House,8,Jim Bognet,DELAWARE TWP #1,66
Pike,REP,U.S. House,8,Mike Cammisa,DELAWARE TWP #1,8
Pike,REP,U.S. House,8,Mike Marsicano,DELAWARE TWP #1,30
Pike,REP,U.S. House,8,Earl Granville,DELAWARE TWP #1,46
Pike,REP,U.S. House,8,Harry Haas,DELAWARE TWP #2,29
Pike,REP,U.S. House,8,Teddy Daniels,DELAWARE TWP #2,121
Pike,REP,U.S. House,8,Jim Bognet,DELAWARE TWP #2,66
Pike,REP,U.S. House,8,Mike Cammisa,DELAWARE TWP #2,2
Pike,REP,U.S. House,8,Mike Marsicano,DELAWARE TWP #2,31
Pike,REP,U.S. House,8,Earl Granville,DELAWARE TWP #2,46
Pike,REP,U.S. House,8,Harry Haas,DINGMAN TWP #1,32
Pike,REP,U.S. House,8,Teddy Daniels,DINGMAN TWP #1,193
Pike,REP,U.S. House,8,Jim Bognet,DINGMAN TWP #1,137
Pike,REP,U.S. House,8,Mike Cammisa,DINGMAN TWP #1,42
Pike,REP,U.S. House,8,Mike Marsicano,DINGMAN TWP #1,74
Pike,REP,U.S. House,8,Earl Granville,DINGMAN TWP #1,86
Pike,REP,U.S. House,8,Harry Haas,DINGMAN TWP #2,25
Pike,REP,U.S. House,8,Teddy Daniels,DINGMAN TWP #2,182
Pike,REP,U.S. House,8,Jim Bognet,DINGMAN TWP #2,99
Pike,REP,U.S. House,8,Mike Cammisa,DINGMAN TWP #2,21
Pike,REP,U.S. House,8,Mike Marsicano,DINGMAN TWP #2,81
Pike,REP,U.S. House,8,Earl Granville,DINGMAN TWP #2,68
Pike,REP,U.S. House,8,Harry Haas,GREENE TWP,31
Pike,REP,U.S. House,8,Teddy Daniels,GREENE TWP,143
Pike,REP,U.S. House,8,Jim Bognet,GREENE TWP,146
Pike,REP,U.S. House,8,Mike Cammisa,GREENE TWP,6
Pike,REP,U.S. House,8,Mike Marsicano,GREENE TWP,66
Pike,REP,U.S. House,8,Earl Granville,GREENE TWP,74
Pike,REP,U.S. House,8,Harry Haas,LACKAWAXEN TWP #1,12
Pike,REP,U.S. House,8,Teddy Daniels,LACKAWAXEN TWP #1,73
Pike,REP,U.S. House,8,Jim Bognet,LACKAWAXEN TWP #1,88
Pike,REP,U.S. House,8,Mike Cammisa,LACKAWAXEN TWP #1,6
Pike,REP,U.S. House,8,Mike Marsicano,LACKAWAXEN TWP #1,50
Pike,REP,U.S. House,8,Earl Granville,LACKAWAXEN TWP #1,57
Pike,REP,U.S. House,8,Harry Haas,LACKAWAXEN TWP #2,20
Pike,REP,U.S. House,8,Teddy Daniels,LACKAWAXEN TWP #2,126
Pike,REP,U.S. House,8,Jim Bognet,LACKAWAXEN TWP #2,67
Pike,REP,U.S. House,8,Mike Cammisa,LACKAWAXEN TWP #2,9
Pike,REP,U.S. House,8,Mike Marsicano,LACKAWAXEN TWP #2,52
Pike,REP,U.S. House,8,Earl Granville,LACKAWAXEN TWP #2,85
Pike,REP,U.S. House,8,Harry Haas,LEHMAN TWP #1,18
Pike,REP,U.S. House,8,Teddy Daniels,LEHMAN TWP #1,55
Pike,REP,U.S. House,8,Jim Bognet,LEHMAN TWP #1,58
Pike,REP,U.S. House,8,Mike Cammisa,LEHMAN TWP #1,10
Pike,REP,U.S. House,8,Mike Marsicano,LEHMAN TWP #1,44
Pike,REP,U.S. House,8,Earl Granville,LEHMAN TWP #1,57
Pike,REP,U.S. House,8,Harry Haas,LEHMAN TWP #2,16
Pike,REP,U.S. House,8,Teddy Daniels,LEHMAN TWP #2,55
Pike,REP,U.S. House,8,Jim Bognet,LEHMAN TWP #2,66
Pike,REP,U.S. House,8,Mike Cammisa,LEHMAN TWP #2,6
Pike,REP,U.S. House,8,Mike Marsicano,LEHMAN TWP #2,32
Pike,REP,U.S. House,8,Earl Granville,LEHMAN TWP #2,34
Pike,REP,U.S. House,8,Harry Haas,MATAMORAS BORO # 1,30
Pike,REP,U.S. House,8,Teddy Daniels,MATAMORAS BORO # 1,20
Pike,REP,U.S. House,8,Jim Bognet,MATAMORAS BORO # 1,12
Pike,REP,U.S. House,8,Mike Cammisa,MATAMORAS BORO # 1,6
Pike,REP,U.S. House,8,Mike Marsicano,MATAMORAS BORO # 1,5
Pike,REP,U.S. House,8,Earl Granville,MATAMORAS BORO # 1,20
Pike,REP,U.S. House,8,Harry Haas,MATAMORAS BORO # 2,29
Pike,REP,U.S. House,8,Teddy Daniels,MATAMORAS BORO # 2,34
Pike,REP,U.S. House,8,Jim Bognet,MATAMORAS BORO # 2,11
Pike,REP,U.S. House,8,Mike Cammisa,MATAMORAS BORO # 2,3
Pike,REP,U.S. House,8,Mike Marsicano,MATAMORAS BORO # 2,10
Pike,REP,U.S. House,8,Earl Granville,MATAMORAS BORO # 2,15
Pike,REP,U.S. House,8,Harry Haas,MILFORD BORO,14
Pike,REP,U.S. House,8,Teddy Daniels,MILFORD BORO,30
Pike,REP,U.S. House,8,Jim Bognet,MILFORD BORO,34
Pike,REP,U.S. House,8,Mike Cammisa,MILFORD BORO,1
Pike,REP,U.S. House,8,Mike Marsicano,MILFORD BORO,10
Pike,REP,U.S. House,8,Earl Granville,MILFORD BORO,14
Pike,REP,U.S. House,8,Harry Haas,MILFORD TWP,22
Pike,REP,U.S. House,8,Teddy Daniels,MILFORD TWP,52
Pike,REP,U.S. House,8,Jim Bognet,MILFORD TWP,64
Pike,REP,U.S. House,8,Mike Cammisa,MILFORD TWP,5
Pike,REP,U.S. House,8,Mike Marsicano,MILFORD TWP,14
Pike,REP,U.S. House,8,Earl Granville,MILFORD TWP,32
Pike,REP,U.S. House,8,Harry Haas,PALMYRA TWP,30
Pike,REP,U.S. House,8,Teddy Daniels,PALMYRA TWP,115
Pike,REP,U.S. House,8,Jim Bognet,PALMYRA TWP,145
Pike,REP,U.S. House,8,Mike Cammisa,PALMYRA TWP,11
Pike,REP,U.S. House,8,Mike Marsicano,PALMYRA TWP,70
Pike,REP,U.S. House,8,Earl Granville,PALMYRA TWP,110
Pike,REP,U.S. House,8,Harry Haas,PORTER TWP,6
Pike,REP,U.S. House,8,Teddy Daniels,PORTER TWP,13
Pike,REP,U.S. House,8,Jim Bognet,PORTER TWP,21
Pike,REP,U.S. House,8,Mike Cammisa,PORTER TWP,2
Pike,REP,U.S. House,8,Mike Marsicano,PORTER TWP,6
Pike,REP,U.S. House,8,Earl Granville,PORTER TWP,7
Pike,REP,U.S. House,8,Harry Haas,SHOHOLA TWP,11
Pike,REP,U.S. House,8,Teddy Daniels,SHOHOLA TWP,95
Pike,REP,U.S. House,8,Jim Bognet,SHOHOLA TWP,84
Pike,REP,U.S. House,8,Mike Cammisa,SHOHOLA TWP,4
Pike,REP,U.S. House,8,Mike Marsicano,SHOHOLA TWP,46
Pike,REP,U.S. House,8,Earl Granville,SHOHOLA TWP,46
Pike,REP,U.S. House,8,Harry Haas,WESTFALL TWP,20
Pike,REP,U.S. House,8,Teddy Daniels,WESTFALL TWP,83
Pike,REP,U.S. House,8,Jim Bognet,WESTFALL TWP,49
Pike,REP,U.S. House,8,Mike Cammisa,WESTFALL TWP,6
Pike,REP,U.S. House,8,Mike Marsicano,WESTFALL TWP,31
Pike,REP,U.S. House,8,Earl Granville,WESTFALL TWP,56
Pike,REP,General Assembly,139,Mike Peifer,BLOOMING GROVE TWP,468
Pike,REP,General Assembly,139,Mike Peifer,DINGMAN TWP #1,567
Pike,REP,General Assembly,139,Mike Peifer,DINGMAN TWP #2,484
Pike,REP,General Assembly,139,Mike Peifer,GREENE TWP,454
Pike,REP,General Assembly,139,Mike Peifer,LACKAWAXEN TWP #1,289
Pike,REP,General Assembly,139,Mike Peifer,LACKAWAXEN TWP #2,361
Pike,REP,General Assembly,139,Mike Peifer,MATAMORAS BORO # 1,94
Pike,REP,General Assembly,139,Mike Peifer,MATAMORAS BORO # 2,102
Pike,REP,General Assembly,139,Mike Peifer,MILFORD BORO,97
Pike,REP,General Assembly,139,Mike Peifer,MILFORD TWP,185
Pike,REP,General Assembly,139,Mike Peifer,PALMYRA TWP,488
Pike,REP,General Assembly,139,Mike Peifer,SHOHOLA TWP,273
Pike,REP,General Assembly,139,Mike Peifer,WESTFALL TWP,245
Pike,REP,General Assembly,189,Rosemary Brown,DELAWARE TWP #1,313
Pike,REP,General Assembly,189,Rosemary Brown,DELAWARE TWP #2,301
Pike,REP,General Assembly,189,Rosemary Brown,LEHMAN TWP #1,259
Pike,REP,General Assembly,189,Rosemary Brown,LEHMAN TWP #2,228
Pike,REP,General Assembly,189,Rosemary Brown,PORTER TWP,56
Pike,REP,R - DELEGATE NATL CONVENTION,,Dolores Strish,BLOOMING GROVE TWP,106
Pike,REP,R - DELEGATE NATL CONVENTION,,James Paul Hutchison,BLOOMING GROVE TWP,138
Pike,REP,R - DELEGATE NATL CONVENTION,,Annmarie Tyler,BLOOMING GROVE TWP,154
Pike,REP,R - DELEGATE NATL CONVENTION,,T. Lynette Villano,BLOOMING GROVE TWP,84
Pike,REP,R - DELEGATE NATL CONVENTION,,Doug Miller,BLOOMING GROVE TWP,143
Pike,REP,R - DELEGATE NATL CONVENTION,,John Wells,BLOOMING GROVE TWP,123
Pike,REP,R - DELEGATE NATL CONVENTION,,"Dominic J. Mastri, III",BLOOMING GROVE TWP,85
Pike,REP,R - DELEGATE NATL CONVENTION,,Paul Defabo,BLOOMING GROVE TWP,119
Pike,REP,R - DELEGATE NATL CONVENTION,,Josephine Ferro,BLOOMING GROVE TWP,153
Pike,REP,R - DELEGATE NATL CONVENTION,,Dolores Strish,DELAWARE TWP #1,55
Pike,REP,R - DELEGATE NATL CONVENTION,,James Paul Hutchison,DELAWARE TWP #1,96
Pike,REP,R - DELEGATE NATL CONVENTION,,Annmarie Tyler,DELAWARE TWP #1,90
Pike,REP,R - DELEGATE NATL CONVENTION,,T. Lynette Villano,DELAWARE TWP #1,49
Pike,REP,R - DELEGATE NATL CONVENTION,,Doug Miller,DELAWARE TWP #1,91
Pike,REP,R - DELEGATE NATL CONVENTION,,John Wells,DELAWARE TWP #1,118
Pike,REP,R - DELEGATE NATL CONVENTION,,"Dominic J. Mastri, III",DELAWARE TWP #1,35
Pike,REP,R - DELEGATE NATL CONVENTION,,Paul Defabo,DELAWARE TWP #1,40
Pike,REP,R - DELEGATE NATL CONVENTION,,Josephine Ferro,DELAWARE TWP #1,83
Pike,REP,R - DELEGATE NATL CONVENTION,,Dolores Strish,DELAWARE TWP #2,59
Pike,REP,R - DELEGATE NATL CONVENTION,,James Paul Hutchison,DELAWARE TWP #2,92
Pike,REP,R - DELEGATE NATL CONVENTION,,Annmarie Tyler,DELAWARE TWP #2,78
Pike,REP,R - DELEGATE NATL CONVENTION,,T. Lynette Villano,DELAWARE TWP #2,45
Pike,REP,R - DELEGATE NATL CONVENTION,,Doug Miller,DELAWARE TWP #2,103
Pike,REP,R - DELEGATE NATL CONVENTION,,John Wells,DELAWARE TWP #2,93
Pike,REP,R - DELEGATE NATL CONVENTION,,"Dominic J. Mastri, III",DELAWARE TWP #2,63
Pike,REP,R - DELEGATE NATL CONVENTION,,Paul Defabo,DELAWARE TWP #2,51
Pike,REP,R - DELEGATE NATL CONVENTION,,Josephine Ferro,DELAWARE TWP #2,76
Pike,REP,R - DELEGATE NATL CONVENTION,,Dolores Strish,DINGMAN TWP #1,137
Pike,REP,R - DELEGATE NATL CONVENTION,,James Paul Hutchison,DINGMAN TWP #1,178
Pike,REP,R - DELEGATE NATL CONVENTION,,Annmarie Tyler,DINGMAN TWP #1,169
Pike,REP,R - DELEGATE NATL CONVENTION,,T. Lynette Villano,DINGMAN TWP #1,80
Pike,REP,R - DELEGATE NATL CONVENTION,,Doug Miller,DINGMAN TWP #1,205
Pike,REP,R - DELEGATE NATL CONVENTION,,John Wells,DINGMAN TWP #1,173
Pike,REP,R - DELEGATE NATL CONVENTION,,"Dominic J. Mastri, III",DINGMAN TWP #1,98
Pike,REP,R - DELEGATE NATL CONVENTION,,Paul Defabo,DINGMAN TWP #1,95
Pike,REP,R - DELEGATE NATL CONVENTION,,Josephine Ferro,DINGMAN TWP #1,152
Pike,REP,R - DELEGATE NATL CONVENTION,,Dolores Strish,DINGMAN TWP #2,97
Pike,REP,R - DELEGATE NATL CONVENTION,,James Paul Hutchison,DINGMAN TWP #2,166
Pike,REP,R - DELEGATE NATL CONVENTION,,Annmarie Tyler,DINGMAN TWP #2,141
Pike,REP,R - DELEGATE NATL CONVENTION,,T. Lynette Villano,DINGMAN TWP #2,74
Pike,REP,R - DELEGATE NATL CONVENTION,,Doug Miller,DINGMAN TWP #2,163
Pike,REP,R - DELEGATE NATL CONVENTION,,John Wells,DINGMAN TWP #2,135
Pike,REP,R - DELEGATE NATL CONVENTION,,"Dominic J. Mastri, III",DINGMAN TWP #2,96
Pike,REP,R - DELEGATE NATL CONVENTION,,Paul Defabo,DINGMAN TWP #2,82
Pike,REP,R - DELEGATE NATL CONVENTION,,Josephine Ferro,DINGMAN TWP #2,112
Pike,REP,R - DELEGATE NATL CONVENTION,,Dolores Strish,GREENE TWP,92
Pike,REP,R - DELEGATE NATL CONVENTION,,James Paul Hutchison,GREENE TWP,143
Pike,REP,R - DELEGATE NATL CONVENTION,,Annmarie Tyler,GREENE TWP,120
Pike,REP,R - DELEGATE NATL CONVENTION,,T. Lynette Villano,GREENE TWP,60
Pike,REP,R - DELEGATE NATL CONVENTION,,Doug Miller,GREENE TWP,142
Pike,REP,R - DELEGATE NATL CONVENTION,,John Wells,GREENE TWP,97
Pike,REP,R - DELEGATE NATL CONVENTION,,"Dominic J. Mastri, III",GREENE TWP,82
Pike,REP,R - DELEGATE NATL CONVENTION,,Paul Defabo,GREENE TWP,102
Pike,REP,R - DELEGATE NATL CONVENTION,,Josephine Ferro,GREENE TWP,118
Pike,REP,R - DELEGATE NATL CONVENTION,,Dolores Strish,LACKAWAXEN TWP #1,49
Pike,REP,R - DELEGATE NATL CONVENTION,,James Paul Hutchison,LACKAWAXEN TWP #1,86
Pike,REP,R - DELEGATE NATL CONVENTION,,Annmarie Tyler,LACKAWAXEN TWP #1,65
Pike,REP,R - DELEGATE NATL CONVENTION,,T. Lynette Villano,LACKAWAXEN TWP #1,41
Pike,REP,R - DELEGATE NATL CONVENTION,,Doug Miller,LACKAWAXEN TWP #1,95
Pike,REP,R - DELEGATE NATL CONVENTION,,John Wells,LACKAWAXEN TWP #1,71
Pike,REP,R - DELEGATE NATL CONVENTION,,"Dominic J. Mastri, III",LACKAWAXEN TWP #1,47
Pike,REP,R - DELEGATE NATL CONVENTION,,Paul Defabo,LACKAWAXEN TWP #1,72
Pike,REP,R - DELEGATE NATL CONVENTION,,Josephine Ferro,LACKAWAXEN TWP #1,68
Pike,REP,R - DELEGATE NATL CONVENTION,,Dolores Strish,LACKAWAXEN TWP #2,97
Pike,REP,R - DELEGATE NATL CONVENTION,,James Paul Hutchison,LACKAWAXEN TWP #2,102
Pike,REP,R - DELEGATE NATL CONVENTION,,Annmarie Tyler,LACKAWAXEN TWP #2,92
Pike,REP,R - DELEGATE NATL CONVENTION,,T. Lynette Villano,LACKAWAXEN TWP #2,45
Pike,REP,R - DELEGATE NATL CONVENTION,,Doug Miller,LACKAWAXEN TWP #2,132
Pike,REP,R - DELEGATE NATL CONVENTION,,John Wells,LACKAWAXEN TWP #2,79
Pike,REP,R - DELEGATE NATL CONVENTION,,"Dominic J. Mastri, III",LACKAWAXEN TWP #2,47
Pike,REP,R - DELEGATE NATL CONVENTION,,Paul Defabo,LACKAWAXEN TWP #2,95
Pike,REP,R - DELEGATE NATL CONVENTION,,Josephine Ferro,LACKAWAXEN TWP #2,83
Pike,REP,R - DELEGATE NATL CONVENTION,,Dolores Strish,LEHMAN TWP #1,48
Pike,REP,R - DELEGATE NATL CONVENTION,,James Paul Hutchison,LEHMAN TWP #1,78
Pike,REP,R - DELEGATE NATL CONVENTION,,Annmarie Tyler,LEHMAN TWP #1,76
Pike,REP,R - DELEGATE NATL CONVENTION,,T. Lynette Villano,LEHMAN TWP #1,35
Pike,REP,R - DELEGATE NATL CONVENTION,,Doug Miller,LEHMAN TWP #1,66
Pike,REP,R - DELEGATE NATL CONVENTION,,John Wells,LEHMAN TWP #1,59
Pike,REP,R - DELEGATE NATL CONVENTION,,"Dominic J. Mastri, III",LEHMAN TWP #1,42
Pike,REP,R - DELEGATE NATL CONVENTION,,Paul Defabo,LEHMAN TWP #1,48
Pike,REP,R - DELEGATE NATL CONVENTION,,Josephine Ferro,LEHMAN TWP #1,103
Pike,REP,R - DELEGATE NATL CONVENTION,,Dolores Strish,LEHMAN TWP #2,56
Pike,REP,R - DELEGATE NATL CONVENTION,,James Paul Hutchison,LEHMAN TWP #2,77
Pike,REP,R - DELEGATE NATL CONVENTION,,Annmarie Tyler,LEHMAN TWP #2,64
Pike,REP,R - DELEGATE NATL CONVENTION,,T. Lynette Villano,LEHMAN TWP #2,33
Pike,REP,R - DELEGATE NATL CONVENTION,,Doug Miller,LEHMAN TWP #2,74
Pike,REP,R - DELEGATE NATL CONVENTION,,John Wells,LEHMAN TWP #2,56
Pike,REP,R - DELEGATE NATL CONVENTION,,"Dominic J. Mastri, III",LEHMAN TWP #2,44
Pike,REP,R - DELEGATE NATL CONVENTION,,Paul Defabo,LEHMAN TWP #2,43
Pike,REP,R - DELEGATE NATL CONVENTION,,Josephine Ferro,LEHMAN TWP #2,101
Pike,REP,R - DELEGATE NATL CONVENTION,,Dolores Strish,MATAMORAS BORO # 1,23
Pike,REP,R - DELEGATE NATL CONVENTION,,James Paul Hutchison,MATAMORAS BORO # 1,38
Pike,REP,R - DELEGATE NATL CONVENTION,,Annmarie Tyler,MATAMORAS BORO # 1,29
Pike,REP,R - DELEGATE NATL CONVENTION,,T. Lynette Villano,MATAMORAS BORO # 1,10
Pike,REP,R - DELEGATE NATL CONVENTION,,Doug Miller,MATAMORAS BORO # 1,53
Pike,REP,R - DELEGATE NATL CONVENTION,,John Wells,MATAMORAS BORO # 1,21
Pike,REP,R - DELEGATE NATL CONVENTION,,"Dominic J. Mastri, III",MATAMORAS BORO # 1,11
Pike,REP,R - DELEGATE NATL CONVENTION,,Paul Defabo,MATAMORAS BORO # 1,20
Pike,REP,R - DELEGATE NATL CONVENTION,,Josephine Ferro,MATAMORAS BORO # 1,18
Pike,REP,R - DELEGATE NATL CONVENTION,,Dolores Strish,MATAMORAS BORO # 2,21
Pike,REP,R - DELEGATE NATL CONVENTION,,James Paul Hutchison,MATAMORAS BORO # 2,32
Pike,REP,R - DELEGATE NATL CONVENTION,,Annmarie Tyler,MATAMORAS BORO # 2,28
Pike,REP,R - DELEGATE NATL CONVENTION,,T. Lynette Villano,MATAMORAS BORO # 2,17
Pike,REP,R - DELEGATE NATL CONVENTION,,Doug Miller,MATAMORAS BORO # 2,41
Pike,REP,R - DELEGATE NATL CONVENTION,,John Wells,MATAMORAS BORO # 2,37
Pike,REP,R - DELEGATE NATL CONVENTION,,"Dominic J. Mastri, III",MATAMORAS BORO # 2,18
Pike,REP,R - DELEGATE NATL CONVENTION,,Paul Defabo,MATAMORAS BORO # 2,17
Pike,REP,R - DELEGATE NATL CONVENTION,,Josephine Ferro,MATAMORAS BORO # 2,23
Pike,REP,R - DELEGATE NATL CONVENTION,,Dolores Strish,MILFORD BORO,21
Pike,REP,R - DELEGATE NATL CONVENTION,,James Paul Hutchison,MILFORD BORO,28
Pike,REP,R - DELEGATE NATL CONVENTION,,Annmarie Tyler,MILFORD BORO,28
Pike,REP,R - DELEGATE NATL CONVENTION,,T. Lynette Villano,MILFORD BORO,8
Pike,REP,R - DELEGATE NATL CONVENTION,,Doug Miller,MILFORD BORO,25
Pike,REP,R - DELEGATE NATL CONVENTION,,John Wells,MILFORD BORO,21
Pike,REP,R - DELEGATE NATL CONVENTION,,"Dominic J. Mastri, III",MILFORD BORO,18
Pike,REP,R - DELEGATE NATL CONVENTION,,Paul Defabo,MILFORD BORO,15
Pike,REP,R - DELEGATE NATL CONVENTION,,Josephine Ferro,MILFORD BORO,22
Pike,REP,R - DELEGATE NATL CONVENTION,,Dolores Strish,MILFORD TWP,46
Pike,REP,R - DELEGATE NATL CONVENTION,,James Paul Hutchison,MILFORD TWP,59
Pike,REP,R - DELEGATE NATL CONVENTION,,Annmarie Tyler,MILFORD TWP,42
Pike,REP,R - DELEGATE NATL CONVENTION,,T. Lynette Villano,MILFORD TWP,33
Pike,REP,R - DELEGATE NATL CONVENTION,,Doug Miller,MILFORD TWP,72
Pike,REP,R - DELEGATE NATL CONVENTION,,John Wells,MILFORD TWP,64
Pike,REP,R - DELEGATE NATL CONVENTION,,"Dominic J. Mastri, III",MILFORD TWP,26
Pike,REP,R - DELEGATE NATL CONVENTION,,Paul Defabo,MILFORD TWP,44
Pike,REP,R - DELEGATE NATL CONVENTION,,Josephine Ferro,MILFORD TWP,41
Pike,REP,R - DELEGATE NATL CONVENTION,,Dolores Strish,PALMYRA TWP,106
Pike,REP,R - DELEGATE NATL CONVENTION,,James Paul Hutchison,PALMYRA TWP,149
Pike,REP,R - DELEGATE NATL CONVENTION,,Annmarie Tyler,PALMYRA TWP,144
Pike,REP,R - DELEGATE NATL CONVENTION,,T. Lynette Villano,PALMYRA TWP,68
Pike,REP,R - DELEGATE NATL CONVENTION,,Doug Miller,PALMYRA TWP,169
Pike,REP,R - DELEGATE NATL CONVENTION,,John Wells,PALMYRA TWP,123
Pike,REP,R - DELEGATE NATL CONVENTION,,"Dominic J. Mastri, III",PALMYRA TWP,96
Pike,REP,R - DELEGATE NATL CONVENTION,,Paul Defabo,PALMYRA TWP,103
Pike,REP,R - DELEGATE NATL CONVENTION,,Josephine Ferro,PALMYRA TWP,114
Pike,REP,R - DELEGATE NATL CONVENTION,,Dolores Strish,PORTER TWP,9
Pike,REP,R - DELEGATE NATL CONVENTION,,James Paul Hutchison,PORTER TWP,24
Pike,REP,R - DELEGATE NATL CONVENTION,,Annmarie Tyler,PORTER TWP,15
Pike,REP,R - DELEGATE NATL CONVENTION,,T. Lynette Villano,PORTER TWP,9
Pike,REP,R - DELEGATE NATL CONVENTION,,Doug Miller,PORTER TWP,29
Pike,REP,R - DELEGATE NATL CONVENTION,,John Wells,PORTER TWP,16
Pike,REP,R - DELEGATE NATL CONVENTION,,"Dominic J. Mastri, III",PORTER TWP,6
Pike,REP,R - DELEGATE NATL CONVENTION,,Paul Defabo,PORTER TWP,10
Pike,REP,R - DELEGATE NATL CONVENTION,,Josephine Ferro,PORTER TWP,14
Pike,REP,R - DELEGATE NATL CONVENTION,,Dolores Strish,SHOHOLA TWP,58
Pike,REP,R - DELEGATE NATL CONVENTION,,James Paul Hutchison,SHOHOLA TWP,85
Pike,REP,R - DELEGATE NATL CONVENTION,,Annmarie Tyler,SHOHOLA TWP,80
Pike,REP,R - DELEGATE NATL CONVENTION,,T. Lynette Villano,SHOHOLA TWP,47
Pike,REP,R - DELEGATE NATL CONVENTION,,Doug Miller,SHOHOLA TWP,106
Pike,REP,R - DELEGATE NATL CONVENTION,,John Wells,SHOHOLA TWP,88
Pike,REP,R - DELEGATE NATL CONVENTION,,"Dominic J. Mastri, III",SHOHOLA TWP,54
Pike,REP,R - DELEGATE NATL CONVENTION,,Paul Defabo,SHOHOLA TWP,49
Pike,REP,R - DELEGATE NATL CONVENTION,,Josephine Ferro,SHOHOLA TWP,76
Pike,REP,R - DELEGATE NATL CONVENTION,,Dolores Strish,WESTFALL TWP,67
Pike,REP,R - DELEGATE NATL CONVENTION,,James Paul Hutchison,WESTFALL TWP,93
Pike,REP,R - DELEGATE NATL CONVENTION,,Annmarie Tyler,WESTFALL TWP,78
Pike,REP,R - DELEGATE NATL CONVENTION,,T. Lynette Villano,WESTFALL TWP,29
Pike,REP,R - DELEGATE NATL CONVENTION,,Doug Miller,WESTFALL TWP,127
Pike,REP,R - DELEGATE NATL CONVENTION,,John Wells,WESTFALL TWP,74
Pike,REP,R - DELEGATE NATL CONVENTION,,"Dominic J. Mastri, III",WESTFALL TWP,40
Pike,REP,R - DELEGATE NATL CONVENTION,,Paul Defabo,WESTFALL TWP,46
Pike,REP,R - DELEGATE NATL CONVENTION,,Josephine Ferro,WESTFALL TWP,50
Pike,REP,R - ALT DELEGATE NATL CONVENTION,,Mary Noldy,BLOOMING GROVE TWP,198
Pike,REP,R - ALT DELEGATE NATL CONVENTION,,James Paul Hutchison,BLOOMING GROVE TWP,258
Pike,REP,R - ALT DELEGATE NATL CONVENTION,,Thomas C. Whitehead,BLOOMING GROVE TWP,227
Pike,REP,R - ALT DELEGATE NATL CONVENTION,,"Dominic J. Mastri, III",BLOOMING GROVE TWP,190
Pike,REP,R - ALT DELEGATE NATL CONVENTION,,Mary Noldy,DELAWARE TWP #1,122
Pike,REP,R - ALT DELEGATE NATL CONVENTION,,James Paul Hutchison,DELAWARE TWP #1,161
Pike,REP,R - ALT DELEGATE NATL CONVENTION,,Thomas C. Whitehead,DELAWARE TWP #1,145
Pike,REP,R - ALT DELEGATE NATL CONVENTION,,"Dominic J. Mastri, III",DELAWARE TWP #1,95
Pike,REP,R - ALT DELEGATE NATL CONVENTION,,Mary Noldy,DELAWARE TWP #2,139
Pike,REP,R - ALT DELEGATE NATL CONVENTION,,James Paul Hutchison,DELAWARE TWP #2,169
Pike,REP,R - ALT DELEGATE NATL CONVENTION,,Thomas C. Whitehead,DELAWARE TWP #2,131
Pike,REP,R - ALT DELEGATE NATL CONVENTION,,"Dominic J. Mastri, III",DELAWARE TWP #2,120
Pike,REP,R - ALT DELEGATE NATL CONVENTION,,Mary Noldy,DINGMAN TWP #1,263
Pike,REP,R - ALT DELEGATE NATL CONVENTION,,James Paul Hutchison,DINGMAN TWP #1,297
Pike,REP,R - ALT DELEGATE NATL CONVENTION,,Thomas C. Whitehead,DINGMAN TWP #1,265
Pike,REP,R - ALT DELEGATE NATL CONVENTION,,"Dominic J. Mastri, III",DINGMAN TWP #1,225
Pike,REP,R - ALT DELEGATE NATL CONVENTION,,Mary Noldy,DINGMAN TWP #2,208
Pike,REP,R - ALT DELEGATE NATL CONVENTION,,James Paul Hutchison,DINGMAN TWP #2,268
Pike,REP,R - ALT DELEGATE NATL CONVENTION,,Thomas C. Whitehead,DINGMAN TWP #2,235
Pike,REP,R - ALT DELEGATE NATL CONVENTION,,"Dominic J. Mastri, III",DINGMAN TWP #2,176
Pike,REP,R - ALT DELEGATE NATL CONVENTION,,Mary Noldy,GREENE TWP,192
Pike,REP,R - ALT DELEGATE NATL CONVENTION,,James Paul Hutchison,GREENE TWP,222
Pike,REP,R - ALT DELEGATE NATL CONVENTION,,Thomas C. Whitehead,GREENE TWP,207
Pike,REP,R - ALT DELEGATE NATL CONVENTION,,"Dominic J. Mastri, III",GREENE TWP,160
Pike,REP,R - ALT DELEGATE NATL CONVENTION,,Mary Noldy,LACKAWAXEN TWP #1,125
Pike,REP,R - ALT DELEGATE NATL CONVENTION,,James Paul Hutchison,LACKAWAXEN TWP #1,143
Pike,REP,R - ALT DELEGATE NATL CONVENTION,,Thomas C. Whitehead,LACKAWAXEN TWP #1,105
Pike,REP,R - ALT DELEGATE NATL CONVENTION,,"Dominic J. Mastri, III",LACKAWAXEN TWP #1,119
Pike,REP,R - ALT DELEGATE NATL CONVENTION,,Mary Noldy,LACKAWAXEN TWP #2,158
Pike,REP,R - ALT DELEGATE NATL CONVENTION,,James Paul Hutchison,LACKAWAXEN TWP #2,183
Pike,REP,R - ALT DELEGATE NATL CONVENTION,,Thomas C. Whitehead,LACKAWAXEN TWP #2,171
Pike,REP,R - ALT DELEGATE NATL CONVENTION,,"Dominic J. Mastri, III",LACKAWAXEN TWP #2,112
Pike,REP,R - ALT DELEGATE NATL CONVENTION,,Mary Noldy,LEHMAN TWP #1,109
Pike,REP,R - ALT DELEGATE NATL CONVENTION,,James Paul Hutchison,LEHMAN TWP #1,119
Pike,REP,R - ALT DELEGATE NATL CONVENTION,,Thomas C. Whitehead,LEHMAN TWP #1,118
Pike,REP,R - ALT DELEGATE NATL CONVENTION,,"Dominic J. Mastri, III",LEHMAN TWP #1,92
Pike,REP,R - ALT DELEGATE NATL CONVENTION,,Mary Noldy,LEHMAN TWP #2,121
Pike,REP,R - ALT DELEGATE NATL CONVENTION,,James Paul Hutchison,LEHMAN TWP #2,117
Pike,REP,R - ALT DELEGATE NATL CONVENTION,,Thomas C. Whitehead,LEHMAN TWP #2,111
Pike,REP,R - ALT DELEGATE NATL CONVENTION,,"Dominic J. Mastri, III",LEHMAN TWP #2,85
Pike,REP,R - ALT DELEGATE NATL CONVENTION,,Mary Noldy,MATAMORAS BORO # 1,43
Pike,REP,R - ALT DELEGATE NATL CONVENTION,,James Paul Hutchison,MATAMORAS BORO # 1,52
Pike,REP,R - ALT DELEGATE NATL CONVENTION,,Thomas C. Whitehead,MATAMORAS BORO # 1,54
Pike,REP,R - ALT DELEGATE NATL CONVENTION,,"Dominic J. Mastri, III",MATAMORAS BORO # 1,38
Pike,REP,R - ALT DELEGATE NATL CONVENTION,,Mary Noldy,MATAMORAS BORO # 2,54
Pike,REP,R - ALT DELEGATE NATL CONVENTION,,James Paul Hutchison,MATAMORAS BORO # 2,59
Pike,REP,R - ALT DELEGATE NATL CONVENTION,,Thomas C. Whitehead,MATAMORAS BORO # 2,50
Pike,REP,R - ALT DELEGATE NATL CONVENTION,,"Dominic J. Mastri, III",MATAMORAS BORO # 2,41
Pike,REP,R - ALT DELEGATE NATL CONVENTION,,Mary Noldy,MILFORD BORO,44
Pike,REP,R - ALT DELEGATE NATL CONVENTION,,James Paul Hutchison,MILFORD BORO,47
Pike,REP,R - ALT DELEGATE NATL CONVENTION,,Thomas C. Whitehead,MILFORD BORO,44
Pike,REP,R - ALT DELEGATE NATL CONVENTION,,"Dominic J. Mastri, III",MILFORD BORO,32
Pike,REP,R - ALT DELEGATE NATL CONVENTION,,Mary Noldy,MILFORD TWP,79
Pike,REP,R - ALT DELEGATE NATL CONVENTION,,James Paul Hutchison,MILFORD TWP,101
Pike,REP,R - ALT DELEGATE NATL CONVENTION,,Thomas C. Whitehead,MILFORD TWP,85
Pike,REP,R - ALT DELEGATE NATL CONVENTION,,"Dominic J. Mastri, III",MILFORD TWP,67
Pike,REP,R - ALT DELEGATE NATL CONVENTION,,Mary Noldy,PALMYRA TWP,229
Pike,REP,R - ALT DELEGATE NATL CONVENTION,,James Paul Hutchison,PALMYRA TWP,246
Pike,REP,R - ALT DELEGATE NATL CONVENTION,,Thomas C. Whitehead,PALMYRA TWP,205
Pike,REP,R - ALT DELEGATE NATL CONVENTION,,"Dominic J. Mastri, III",PALMYRA TWP,192
Pike,REP,R - ALT DELEGATE NATL CONVENTION,,Mary Noldy,PORTER TWP,26
Pike,REP,R - ALT DELEGATE NATL CONVENTION,,James Paul Hutchison,PORTER TWP,33
Pike,REP,R - ALT DELEGATE NATL CONVENTION,,Thomas C. Whitehead,PORTER TWP,31
Pike,REP,R - ALT DELEGATE NATL CONVENTION,,"Dominic J. Mastri, III",PORTER TWP,19
Pike,REP,R - ALT DELEGATE NATL CONVENTION,,Mary Noldy,SHOHOLA TWP,119
Pike,REP,R - ALT DELEGATE NATL CONVENTION,,James Paul Hutchison,SHOHOLA TWP,152
Pike,REP,R - ALT DELEGATE NATL CONVENTION,,Thomas C. Whitehead,SHOHOLA TWP,128
Pike,REP,R - ALT DELEGATE NATL CONVENTION,,"Dominic J. Mastri, III",SHOHOLA TWP,114
Pike,REP,R - ALT DELEGATE NATL CONVENTION,,Mary Noldy,WESTFALL TWP,119
Pike,REP,R - ALT DELEGATE NATL CONVENTION,,James Paul Hutchison,WESTFALL TWP,152
Pike,REP,R - ALT DELEGATE NATL CONVENTION,,Thomas C. Whitehead,WESTFALL TWP,128
Pike,REP,R - ALT DELEGATE NATL CONVENTION,,"Dominic J. Mastri, III",WESTFALL TWP,101
Pike,DEM,Attorney General,,Josh Shapiro,BLOOMING GROVE TWP,363
Pike,DEM,Attorney General,,Josh Shapiro,DELAWARE TWP #1,205
Pike,DEM,Attorney General,,Josh Shapiro,DELAWARE TWP #2,183
Pike,DEM,Attorney General,,Josh Shapiro,DINGMAN TWP #1,426
Pike,DEM,Attorney General,,Josh Shapiro,DINGMAN TWP #2,341
Pike,DEM,Attorney General,,Josh Shapiro,GREENE TWP,226
Pike,DEM,Attorney General,,Josh Shapiro,LACKAWAXEN TWP #1,127
Pike,DEM,Attorney General,,Josh Shapiro,LACKAWAXEN TWP #2,137
Pike,DEM,Attorney General,,Josh Shapiro,LEHMAN TWP #1,307
Pike,DEM,Attorney General,,Josh Shapiro,LEHMAN TWP #2,414
Pike,DEM,Attorney General,,Josh Shapiro,MATAMORAS BORO # 1,65
Pike,DEM,Attorney General,,Josh Shapiro,MATAMORAS BORO # 2,90
Pike,DEM,Attorney General,,Josh Shapiro,MILFORD BORO,96
Pike,DEM,Attorney General,,Josh Shapiro,MILFORD TWP,131
Pike,DEM,Attorney General,,Josh Shapiro,PALMYRA TWP,260
Pike,DEM,Attorney General,,Josh Shapiro,PORTER TWP,31
Pike,DEM,Attorney General,,Josh Shapiro,SHOHOLA TWP,191
Pike,DEM,Attorney General,,Josh Shapiro,WESTFALL TWP,179
Pike,DEM,Auditor General,,H. Scott Conklin,BLOOMING GROVE TWP,19
Pike,DEM,Auditor General,,Michael Lamb,BLOOMING GROVE TWP,36
Pike,DEM,Auditor General,,Tracie Fountain,BLOOMING GROVE TWP,33
Pike,DEM,Auditor General,,Rose Rosie Marie Davis,BLOOMING GROVE TWP,153
Pike,DEM,Auditor General,,Nina Ahmad,BLOOMING GROVE TWP,75
Pike,DEM,Auditor General,,Christina M. Hartman,BLOOMING GROVE TWP,48
Pike,DEM,Auditor General,,H. Scott Conklin,DELAWARE TWP #1,14
Pike,DEM,Auditor General,,Michael Lamb,DELAWARE TWP #1,24
Pike,DEM,Auditor General,,Tracie Fountain,DELAWARE TWP #1,22
Pike,DEM,Auditor General,,Rose Rosie Marie Davis,DELAWARE TWP #1,72
Pike,DEM,Auditor General,,Nina Ahmad,DELAWARE TWP #1,43
Pike,DEM,Auditor General,,Christina M. Hartman,DELAWARE TWP #1,41
Pike,DEM,Auditor General,,H. Scott Conklin,DELAWARE TWP #2,12
Pike,DEM,Auditor General,,Michael Lamb,DELAWARE TWP #2,25
Pike,DEM,Auditor General,,Tracie Fountain,DELAWARE TWP #2,15
Pike,DEM,Auditor General,,Rose Rosie Marie Davis,DELAWARE TWP #2,84
Pike,DEM,Auditor General,,Nina Ahmad,DELAWARE TWP #2,29
Pike,DEM,Auditor General,,Christina M. Hartman,DELAWARE TWP #2,25
Pike,DEM,Auditor General,,H. Scott Conklin,DINGMAN TWP #1,40
Pike,DEM,Auditor General,,Michael Lamb,DINGMAN TWP #1,34
Pike,DEM,Auditor General,,Tracie Fountain,DINGMAN TWP #1,43
Pike,DEM,Auditor General,,Rose Rosie Marie Davis,DINGMAN TWP #1,146
Pike,DEM,Auditor General,,Nina Ahmad,DINGMAN TWP #1,99
Pike,DEM,Auditor General,,Christina M. Hartman,DINGMAN TWP #1,57
Pike,DEM,Auditor General,,H. Scott Conklin,DINGMAN TWP #2,24
Pike,DEM,Auditor General,,Michael Lamb,DINGMAN TWP #2,18
Pike,DEM,Auditor General,,Tracie Fountain,DINGMAN TWP #2,34
Pike,DEM,Auditor General,,Rose Rosie Marie Davis,DINGMAN TWP #2,120
Pike,DEM,Auditor General,,Nina Ahmad,DINGMAN TWP #2,95
Pike,DEM,Auditor General,,Christina M. Hartman,DINGMAN TWP #2,62
Pike,DEM,Auditor General,,H. Scott Conklin,GREENE TWP,17
Pike,DEM,Auditor General,,Michael Lamb,GREENE TWP,30
Pike,DEM,Auditor General,,Tracie Fountain,GREENE TWP,15
Pike,DEM,Auditor General,,Rose Rosie Marie Davis,GREENE TWP,84
Pike,DEM,Auditor General,,Nina Ahmad,GREENE TWP,53
Pike,DEM,Auditor General,,Christina M. Hartman,GREENE TWP,37
Pike,DEM,Auditor General,,H. Scott Conklin,LACKAWAXEN TWP #1,7
Pike,DEM,Auditor General,,Michael Lamb,LACKAWAXEN TWP #1,20
Pike,DEM,Auditor General,,Tracie Fountain,LACKAWAXEN TWP #1,16
Pike,DEM,Auditor General,,Rose Rosie Marie Davis,LACKAWAXEN TWP #1,35
Pike,DEM,Auditor General,,Nina Ahmad,LACKAWAXEN TWP #1,37
Pike,DEM,Auditor General,,Christina M. Hartman,LACKAWAXEN TWP #1,16
Pike,DEM,Auditor General,,H. Scott Conklin,LACKAWAXEN TWP #2,14
Pike,DEM,Auditor General,,Michael Lamb,LACKAWAXEN TWP #2,16
Pike,DEM,Auditor General,,Tracie Fountain,LACKAWAXEN TWP #2,15
Pike,DEM,Auditor General,,Rose Rosie Marie Davis,LACKAWAXEN TWP #2,39
Pike,DEM,Auditor General,,Nina Ahmad,LACKAWAXEN TWP #2,44
Pike,DEM,Auditor General,,Christina M. Hartman,LACKAWAXEN TWP #2,18
Pike,DEM,Auditor General,,H. Scott Conklin,LEHMAN TWP #1,15
Pike,DEM,Auditor General,,Michael Lamb,LEHMAN TWP #1,17
Pike,DEM,Auditor General,,Tracie Fountain,LEHMAN TWP #1,22
Pike,DEM,Auditor General,,Rose Rosie Marie Davis,LEHMAN TWP #1,229
Pike,DEM,Auditor General,,Nina Ahmad,LEHMAN TWP #1,43
Pike,DEM,Auditor General,,Christina M. Hartman,LEHMAN TWP #1,18
Pike,DEM,Auditor General,,H. Scott Conklin,LEHMAN TWP #2,19
Pike,DEM,Auditor General,,Michael Lamb,LEHMAN TWP #2,19
Pike,DEM,Auditor General,,Tracie Fountain,LEHMAN TWP #2,30
Pike,DEM,Auditor General,,Rose Rosie Marie Davis,LEHMAN TWP #2,285
Pike,DEM,Auditor General,,Nina Ahmad,LEHMAN TWP #2,80
Pike,DEM,Auditor General,,Christina M. Hartman,LEHMAN TWP #2,20
Pike,DEM,Auditor General,,H. Scott Conklin,MATAMORAS BORO # 1,3
Pike,DEM,Auditor General,,Michael Lamb,MATAMORAS BORO # 1,4
Pike,DEM,Auditor General,,Tracie Fountain,MATAMORAS BORO # 1,3
Pike,DEM,Auditor General,,Rose Rosie Marie Davis,MATAMORAS BORO # 1,33
Pike,DEM,Auditor General,,Nina Ahmad,MATAMORAS BORO # 1,14
Pike,DEM,Auditor General,,Christina M. Hartman,MATAMORAS BORO # 1,14
Pike,DEM,Auditor General,,H. Scott Conklin,MATAMORAS BORO # 2,4
Pike,DEM,Auditor General,,Michael Lamb,MATAMORAS BORO # 2,12
Pike,DEM,Auditor General,,Tracie Fountain,MATAMORAS BORO # 2,14
Pike,DEM,Auditor General,,Rose Rosie Marie Davis,MATAMORAS BORO # 2,29
Pike,DEM,Auditor General,,Nina Ahmad,MATAMORAS BORO # 2,24
Pike,DEM,Auditor General,,Christina M. Hartman,MATAMORAS BORO # 2,14
Pike,DEM,Auditor General,,H. Scott Conklin,MILFORD BORO,6
Pike,DEM,Auditor General,,Michael Lamb,MILFORD BORO,13
Pike,DEM,Auditor General,,Tracie Fountain,MILFORD BORO,14
Pike,DEM,Auditor General,,Rose Rosie Marie Davis,MILFORD BORO,32
Pike,DEM,Auditor General,,Nina Ahmad,MILFORD BORO,20
Pike,DEM,Auditor General,,Christina M. Hartman,MILFORD BORO,11
Pike,DEM,Auditor General,,H. Scott Conklin,MILFORD TWP,14
Pike,DEM,Auditor General,,Michael Lamb,MILFORD TWP,8
Pike,DEM,Auditor General,,Tracie Fountain,MILFORD TWP,11
Pike,DEM,Auditor General,,Rose Rosie Marie Davis,MILFORD TWP,43
Pike,DEM,Auditor General,,Nina Ahmad,MILFORD TWP,41
Pike,DEM,Auditor General,,Christina M. Hartman,MILFORD TWP,12
Pike,DEM,Auditor General,,H. Scott Conklin,PALMYRA TWP,23
Pike,DEM,Auditor General,,Michael Lamb,PALMYRA TWP,28
Pike,DEM,Auditor General,,Tracie Fountain,PALMYRA TWP,28
Pike,DEM,Auditor General,,Rose Rosie Marie Davis,PALMYRA TWP,113
Pike,DEM,Auditor General,,Nina Ahmad,PALMYRA TWP,46
Pike,DEM,Auditor General,,Christina M. Hartman,PALMYRA TWP,32
Pike,DEM,Auditor General,,H. Scott Conklin,PORTER TWP,4
Pike,DEM,Auditor General,,Michael Lamb,PORTER TWP,0
Pike,DEM,Auditor General,,Tracie Fountain,PORTER TWP,0
Pike,DEM,Auditor General,,Rose Rosie Marie Davis,PORTER TWP,17
Pike,DEM,Auditor General,,Nina Ahmad,PORTER TWP,4
Pike,DEM,Auditor General,,Christina M. Hartman,PORTER TWP,5
Pike,DEM,Auditor General,,H. Scott Conklin,SHOHOLA TWP,14
Pike,DEM,Auditor General,,Michael Lamb,SHOHOLA TWP,19
Pike,DEM,Auditor General,,Tracie Fountain,SHOHOLA TWP,32
Pike,DEM,Auditor General,,Rose Rosie Marie Davis,SHOHOLA TWP,59
Pike,DEM,Auditor General,,Nina Ahmad,SHOHOLA TWP,44
Pike,DEM,Auditor General,,Christina M. Hartman,SHOHOLA TWP,28
Pike,DEM,Auditor General,,H. Scott Conklin,WESTFALL TWP,17
Pike,DEM,Auditor General,,Michael Lamb,WESTFALL TWP,10
Pike,DEM,Auditor General,,Tracie Fountain,WESTFALL TWP,24
Pike,DEM,Auditor General,,Rose Rosie Marie Davis,WESTFALL TWP,60
Pike,DEM,Auditor General,,Nina Ahmad,WESTFALL TWP,35
Pike,DEM,Auditor General,,Christina M. Hartman,WESTFALL TWP,42
Pike,DEM,State Treasurer,,Joe Torsella,BLOOMING GROVE TWP,369
Pike,DEM,State Treasurer,,Joe Torsella,DELAWARE TWP #1,200
Pike,DEM,State Treasurer,,Joe Torsella,DELAWARE TWP #2,182
Pike,DEM,State Treasurer,,Joe Torsella,DINGMAN TWP #1,423
Pike,DEM,State Treasurer,,Joe Torsella,DINGMAN TWP #2,343
Pike,DEM,State Treasurer,,Joe Torsella,GREENE TWP,221
Pike,DEM,State Treasurer,,Joe Torsella,LACKAWAXEN TWP #1,131
Pike,DEM,State Treasurer,,Joe Torsella,LACKAWAXEN TWP #2,136
Pike,DEM,State Treasurer,,Joe Torsella,LEHMAN TWP #1,309
Pike,DEM,State Treasurer,,Joe Torsella,LEHMAN TWP #2,406
Pike,DEM,State Treasurer,,Joe Torsella,MATAMORAS BORO # 1,67
Pike,DEM,State Treasurer,,Joe Torsella,MATAMORAS BORO # 2,94
Pike,DEM,State Treasurer,,Joe Torsella,MILFORD BORO,93
Pike,DEM,State Treasurer,,Joe Torsella,MILFORD TWP,126
Pike,DEM,State Treasurer,,Joe Torsella,PALMYRA TWP,267
Pike,DEM,State Treasurer,,Joe Torsella,PORTER TWP,31
Pike,DEM,State Treasurer,,Joe Torsella,SHOHOLA TWP,190
Pike,DEM,State Treasurer,,Joe Torsella,WESTFALL TWP,183
Pike,DEM,U.S. House,8,Matt Cartwright,BLOOMING GROVE TWP,400
Pike,DEM,U.S. House,8,Matt Cartwright,DELAWARE TWP #1,214
Pike,DEM,U.S. House,8,Matt Cartwright,DELAWARE TWP #2,195
Pike,DEM,U.S. House,8,Matt Cartwright,DINGMAN TWP #1,447
Pike,DEM,U.S. House,8,Matt Cartwright,DINGMAN TWP #2,371
Pike,DEM,U.S. House,8,Matt Cartwright,GREENE TWP,239
Pike,DEM,U.S. House,8,Matt Cartwright,LACKAWAXEN TWP #1,136
Pike,DEM,U.S. House,8,Matt Cartwright,LACKAWAXEN TWP #2,149
Pike,DEM,U.S. House,8,Matt Cartwright,LEHMAN TWP #1,323
Pike,DEM,U.S. House,8,Matt Cartwright,LEHMAN TWP #2,435
Pike,DEM,U.S. House,8,Matt Cartwright,MATAMORAS BORO # 1,71
Pike,DEM,U.S. House,8,Matt Cartwright,MATAMORAS BORO # 2,101
Pike,DEM,U.S. House,8,Matt Cartwright,MILFORD BORO,107
Pike,DEM,U.S. House,8,Matt Cartwright,MILFORD TWP,142
Pike,DEM,U.S. House,8,Matt Cartwright,PALMYRA TWP,286
Pike,DEM,U.S. House,8,Matt Cartwright,PORTER TWP,33
Pike,DEM,U.S. House,8,Matt Cartwright,SHOHOLA TWP,191
Pike,DEM,U.S. House,8,Matt Cartwright,WESTFALL TWP,192
Pike,DEM,General Assembly,139,Marian Keegan,BLOOMING GROVE TWP,406
Pike,DEM,General Assembly,139,Marian Keegan,DINGMAN TWP #1,467
Pike,DEM,General Assembly,139,Marian Keegan,DINGMAN TWP #2,380
Pike,DEM,General Assembly,139,Marian Keegan,GREENE TWP,238
Pike,DEM,General Assembly,139,Marian Keegan,LACKAWAXEN TWP #1,150
Pike,DEM,General Assembly,139,Marian Keegan,LACKAWAXEN TWP #2,160
Pike,DEM,General Assembly,139,Marian Keegan,MATAMORAS BORO # 1,76
Pike,DEM,General Assembly,139,Marian Keegan,MATAMORAS BORO # 2,99
Pike,DEM,General Assembly,139,Marian Keegan,MILFORD BORO,108
Pike,DEM,General Assembly,139,Marian Keegan,MILFORD TWP,155
Pike,DEM,General Assembly,139,Marian Keegan,PALMYRA TWP,285
Pike,DEM,General Assembly,139,Marian Keegan,SHOHOLA TWP,207
Pike,DEM,General Assembly,139,Marian Keegan,WESTFALL TWP,207
Pike,DEM,General Assembly,189,Adam Rodriguez,DELAWARE TWP #1,214
Pike,DEM,General Assembly,189,Adam Rodriguez,DELAWARE TWP #2,186
Pike,DEM,General Assembly,189,Adam Rodriguez,LEHMAN TWP #1,330
Pike,DEM,General Assembly,189,Adam Rodriguez,LEHMAN TWP #2,438
Pike,DEM,General Assembly,189,Adam Rodriguez,PORTER TWP,29
Pike,DEM,D - DELEGATE NATL CONVENTION,,Rodrigo Gereda,BLOOMING GROVE TWP,102
Pike,DEM,D - DELEGATE NATL CONVENTION,,Gemma Rosato,BLOOMING GROVE TWP,114
Pike,DEM,D - DELEGATE NATL CONVENTION,,Allison Petryk,BLOOMING GROVE TWP,118
Pike,DEM,D - DELEGATE NATL CONVENTION,,Robin Sampson,BLOOMING GROVE TWP,335
Pike,DEM,D - DELEGATE NATL CONVENTION,,Jessica Fratzola,BLOOMING GROVE TWP,110
Pike,DEM,D - DELEGATE NATL CONVENTION,,Rosemary Boland,BLOOMING GROVE TWP,336
Pike,DEM,D - DELEGATE NATL CONVENTION,,Mark Shaffer,BLOOMING GROVE TWP,97
Pike,DEM,D - DELEGATE NATL CONVENTION,,John J. Corcoran,BLOOMING GROVE TWP,331
Pike,DEM,D - DELEGATE NATL CONVENTION,,Jim Connors,BLOOMING GROVE TWP,337
Pike,DEM,D - DELEGATE NATL CONVENTION,,Alexander Lotorto,BLOOMING GROVE TWP,86
Pike,DEM,D - DELEGATE NATL CONVENTION,,Rodrigo Gereda,DELAWARE TWP #1,40
Pike,DEM,D - DELEGATE NATL CONVENTION,,Gemma Rosato,DELAWARE TWP #1,52
Pike,DEM,D - DELEGATE NATL CONVENTION,,Allison Petryk,DELAWARE TWP #1,51
Pike,DEM,D - DELEGATE NATL CONVENTION,,Robin Sampson,DELAWARE TWP #1,162
Pike,DEM,D - DELEGATE NATL CONVENTION,,Jessica Fratzola,DELAWARE TWP #1,45
Pike,DEM,D - DELEGATE NATL CONVENTION,,Rosemary Boland,DELAWARE TWP #1,164
Pike,DEM,D - DELEGATE NATL CONVENTION,,Mark Shaffer,DELAWARE TWP #1,31
Pike,DEM,D - DELEGATE NATL CONVENTION,,John J. Corcoran,DELAWARE TWP #1,159
Pike,DEM,D - DELEGATE NATL CONVENTION,,Jim Connors,DELAWARE TWP #1,155
Pike,DEM,D - DELEGATE NATL CONVENTION,,Alexander Lotorto,DELAWARE TWP #1,37
Pike,DEM,D - DELEGATE NATL CONVENTION,,Rodrigo Gereda,DELAWARE TWP #2,47
Pike,DEM,D - DELEGATE NATL CONVENTION,,Gemma Rosato,DELAWARE TWP #2,56
Pike,DEM,D - DELEGATE NATL CONVENTION,,Allison Petryk,DELAWARE TWP #2,57
Pike,DEM,D - DELEGATE NATL CONVENTION,,Robin Sampson,DELAWARE TWP #2,141
Pike,DEM,D - DELEGATE NATL CONVENTION,,Jessica Fratzola,DELAWARE TWP #2,46
Pike,DEM,D - DELEGATE NATL CONVENTION,,Rosemary Boland,DELAWARE TWP #2,147
Pike,DEM,D - DELEGATE NATL CONVENTION,,Mark Shaffer,DELAWARE TWP #2,42
Pike,DEM,D - DELEGATE NATL CONVENTION,,John J. Corcoran,DELAWARE TWP #2,137
Pike,DEM,D - DELEGATE NATL CONVENTION,,Jim Connors,DELAWARE TWP #2,137
Pike,DEM,D - DELEGATE NATL CONVENTION,,Alexander Lotorto,DELAWARE TWP #2,44
Pike,DEM,D - DELEGATE NATL CONVENTION,,Rodrigo Gereda,DINGMAN TWP #1,140
Pike,DEM,D - DELEGATE NATL CONVENTION,,Gemma Rosato,DINGMAN TWP #1,156
Pike,DEM,D - DELEGATE NATL CONVENTION,,Allison Petryk,DINGMAN TWP #1,163
Pike,DEM,D - DELEGATE NATL CONVENTION,,Robin Sampson,DINGMAN TWP #1,332
Pike,DEM,D - DELEGATE NATL CONVENTION,,Jessica Fratzola,DINGMAN TWP #1,155
Pike,DEM,D - DELEGATE NATL CONVENTION,,Rosemary Boland,DINGMAN TWP #1,343
Pike,DEM,D - DELEGATE NATL CONVENTION,,Mark Shaffer,DINGMAN TWP #1,133
Pike,DEM,D - DELEGATE NATL CONVENTION,,John J. Corcoran,DINGMAN TWP #1,317
Pike,DEM,D - DELEGATE NATL CONVENTION,,Jim Connors,DINGMAN TWP #1,316
Pike,DEM,D - DELEGATE NATL CONVENTION,,Alexander Lotorto,DINGMAN TWP #1,136
Pike,DEM,D - DELEGATE NATL CONVENTION,,Rodrigo Gereda,DINGMAN TWP #2,110
Pike,DEM,D - DELEGATE NATL CONVENTION,,Gemma Rosato,DINGMAN TWP #2,133
Pike,DEM,D - DELEGATE NATL CONVENTION,,Allison Petryk,DINGMAN TWP #2,116
Pike,DEM,D - DELEGATE NATL CONVENTION,,Robin Sampson,DINGMAN TWP #2,277
Pike,DEM,D - DELEGATE NATL CONVENTION,,Jessica Fratzola,DINGMAN TWP #2,125
Pike,DEM,D - DELEGATE NATL CONVENTION,,Rosemary Boland,DINGMAN TWP #2,285
Pike,DEM,D - DELEGATE NATL CONVENTION,,Mark Shaffer,DINGMAN TWP #2,92
Pike,DEM,D - DELEGATE NATL CONVENTION,,John J. Corcoran,DINGMAN TWP #2,262
Pike,DEM,D - DELEGATE NATL CONVENTION,,Jim Connors,DINGMAN TWP #2,255
Pike,DEM,D - DELEGATE NATL CONVENTION,,Alexander Lotorto,DINGMAN TWP #2,97
Pike,DEM,D - DELEGATE NATL CONVENTION,,Rodrigo Gereda,GREENE TWP,54
Pike,DEM,D - DELEGATE NATL CONVENTION,,Gemma Rosato,GREENE TWP,61
Pike,DEM,D - DELEGATE NATL CONVENTION,,Allison Petryk,GREENE TWP,68
Pike,DEM,D - DELEGATE NATL CONVENTION,,Robin Sampson,GREENE TWP,177
Pike,DEM,D - DELEGATE NATL CONVENTION,,Jessica Fratzola,GREENE TWP,70
Pike,DEM,D - DELEGATE NATL CONVENTION,,Rosemary Boland,GREENE TWP,166
Pike,DEM,D - DELEGATE NATL CONVENTION,,Mark Shaffer,GREENE TWP,64
Pike,DEM,D - DELEGATE NATL CONVENTION,,John J. Corcoran,GREENE TWP,158
Pike,DEM,D - DELEGATE NATL CONVENTION,,Jim Connors,GREENE TWP,158
Pike,DEM,D - DELEGATE NATL CONVENTION,,Alexander Lotorto,GREENE TWP,50
Pike,DEM,D - DELEGATE NATL CONVENTION,,Rodrigo Gereda,LACKAWAXEN TWP #1,27
Pike,DEM,D - DELEGATE NATL CONVENTION,,Gemma Rosato,LACKAWAXEN TWP #1,38
Pike,DEM,D - DELEGATE NATL CONVENTION,,Allison Petryk,LACKAWAXEN TWP #1,40
Pike,DEM,D - DELEGATE NATL CONVENTION,,Robin Sampson,LACKAWAXEN TWP #1,111
Pike,DEM,D - DELEGATE NATL CONVENTION,,Jessica Fratzola,LACKAWAXEN TWP #1,41
Pike,DEM,D - DELEGATE NATL CONVENTION,,Rosemary Boland,LACKAWAXEN TWP #1,116
Pike,DEM,D - DELEGATE NATL CONVENTION,,Mark Shaffer,LACKAWAXEN TWP #1,28
Pike,DEM,D - DELEGATE NATL CONVENTION,,John J. Corcoran,LACKAWAXEN TWP #1,107
Pike,DEM,D - DELEGATE NATL CONVENTION,,Jim Connors,LACKAWAXEN TWP #1,102
Pike,DEM,D - DELEGATE NATL CONVENTION,,Alexander Lotorto,LACKAWAXEN TWP #1,28
Pike,DEM,D - DELEGATE NATL CONVENTION,,Rodrigo Gereda,LACKAWAXEN TWP #2,40
Pike,DEM,D - DELEGATE NATL CONVENTION,,Gemma Rosato,LACKAWAXEN TWP #2,48
Pike,DEM,D - DELEGATE NATL CONVENTION,,Allison Petryk,LACKAWAXEN TWP #2,56
Pike,DEM,D - DELEGATE NATL CONVENTION,,Robin Sampson,LACKAWAXEN TWP #2,113
Pike,DEM,D - DELEGATE NATL CONVENTION,,Jessica Fratzola,LACKAWAXEN TWP #2,46
Pike,DEM,D - DELEGATE NATL CONVENTION,,Rosemary Boland,LACKAWAXEN TWP #2,107
Pike,DEM,D - DELEGATE NATL CONVENTION,,Mark Shaffer,LACKAWAXEN TWP #2,38
Pike,DEM,D - DELEGATE NATL CONVENTION,,John J. Corcoran,LACKAWAXEN TWP #2,103
Pike,DEM,D - DELEGATE NATL CONVENTION,,Jim Connors,LACKAWAXEN TWP #2,105
Pike,DEM,D - DELEGATE NATL CONVENTION,,Alexander Lotorto,LACKAWAXEN TWP #2,40
Pike,DEM,D - DELEGATE NATL CONVENTION,,Rodrigo Gereda,LEHMAN TWP #1,78
Pike,DEM,D - DELEGATE NATL CONVENTION,,Gemma Rosato,LEHMAN TWP #1,87
Pike,DEM,D - DELEGATE NATL CONVENTION,,Allison Petryk,LEHMAN TWP #1,68
Pike,DEM,D - DELEGATE NATL CONVENTION,,Robin Sampson,LEHMAN TWP #1,252
Pike,DEM,D - DELEGATE NATL CONVENTION,,Jessica Fratzola,LEHMAN TWP #1,68
Pike,DEM,D - DELEGATE NATL CONVENTION,,Rosemary Boland,LEHMAN TWP #1,260
Pike,DEM,D - DELEGATE NATL CONVENTION,,Mark Shaffer,LEHMAN TWP #1,57
Pike,DEM,D - DELEGATE NATL CONVENTION,,John J. Corcoran,LEHMAN TWP #1,234
Pike,DEM,D - DELEGATE NATL CONVENTION,,Jim Connors,LEHMAN TWP #1,235
Pike,DEM,D - DELEGATE NATL CONVENTION,,Alexander Lotorto,LEHMAN TWP #1,50
Pike,DEM,D - DELEGATE NATL CONVENTION,,Rodrigo Gereda,LEHMAN TWP #2,112
Pike,DEM,D - DELEGATE NATL CONVENTION,,Gemma Rosato,LEHMAN TWP #2,122
Pike,DEM,D - DELEGATE NATL CONVENTION,,Allison Petryk,LEHMAN TWP #2,100
Pike,DEM,D - DELEGATE NATL CONVENTION,,Robin Sampson,LEHMAN TWP #2,356
Pike,DEM,D - DELEGATE NATL CONVENTION,,Jessica Fratzola,LEHMAN TWP #2,99
Pike,DEM,D - DELEGATE NATL CONVENTION,,Rosemary Boland,LEHMAN TWP #2,367
Pike,DEM,D - DELEGATE NATL CONVENTION,,Mark Shaffer,LEHMAN TWP #2,82
Pike,DEM,D - DELEGATE NATL CONVENTION,,John J. Corcoran,LEHMAN TWP #2,339
Pike,DEM,D - DELEGATE NATL CONVENTION,,Jim Connors,LEHMAN TWP #2,331
Pike,DEM,D - DELEGATE NATL CONVENTION,,Alexander Lotorto,LEHMAN TWP #2,78
Pike,DEM,D - DELEGATE NATL CONVENTION,,Rodrigo Gereda,MATAMORAS BORO # 1,20
Pike,DEM,D - DELEGATE NATL CONVENTION,,Gemma Rosato,MATAMORAS BORO # 1,25
Pike,DEM,D - DELEGATE NATL CONVENTION,,Allison Petryk,MATAMORAS BORO # 1,22
Pike,DEM,D - DELEGATE NATL CONVENTION,,Robin Sampson,MATAMORAS BORO # 1,60
Pike,DEM,D - DELEGATE NATL CONVENTION,,Jessica Fratzola,MATAMORAS BORO # 1,27
Pike,DEM,D - DELEGATE NATL CONVENTION,,Rosemary Boland,MATAMORAS BORO # 1,58
Pike,DEM,D - DELEGATE NATL CONVENTION,,Mark Shaffer,MATAMORAS BORO # 1,23
Pike,DEM,D - DELEGATE NATL CONVENTION,,John J. Corcoran,MATAMORAS BORO # 1,55
Pike,DEM,D - DELEGATE NATL CONVENTION,,Jim Connors,MATAMORAS BORO # 1,52
Pike,DEM,D - DELEGATE NATL CONVENTION,,Alexander Lotorto,MATAMORAS BORO # 1,22
Pike,DEM,D - DELEGATE NATL CONVENTION,,Rodrigo Gereda,MATAMORAS BORO # 2,28
Pike,DEM,D - DELEGATE NATL CONVENTION,,Gemma Rosato,MATAMORAS BORO # 2,31
Pike,DEM,D - DELEGATE NATL CONVENTION,,Allison Petryk,MATAMORAS BORO # 2,33
Pike,DEM,D - DELEGATE NATL CONVENTION,,Robin Sampson,MATAMORAS BORO # 2,70
Pike,DEM,D - DELEGATE NATL CONVENTION,,Jessica Fratzola,MATAMORAS BORO # 2,28
Pike,DEM,D - DELEGATE NATL CONVENTION,,Rosemary Boland,MATAMORAS BORO # 2,71
Pike,DEM,D - DELEGATE NATL CONVENTION,,Mark Shaffer,MATAMORAS BORO # 2,25
Pike,DEM,D - DELEGATE NATL CONVENTION,,John J. Corcoran,MATAMORAS BORO # 2,67
Pike,DEM,D - DELEGATE NATL CONVENTION,,Jim Connors,MATAMORAS BORO # 2,69
Pike,DEM,D - DELEGATE NATL CONVENTION,,Alexander Lotorto,MATAMORAS BORO # 2,27
Pike,DEM,D - DELEGATE NATL CONVENTION,,Rodrigo Gereda,MILFORD BORO,24
Pike,DEM,D - DELEGATE NATL CONVENTION,,Gemma Rosato,MILFORD BORO,29
Pike,DEM,D - DELEGATE NATL CONVENTION,,Allison Petryk,MILFORD BORO,27
Pike,DEM,D - DELEGATE NATL CONVENTION,,Robin Sampson,MILFORD BORO,84
Pike,DEM,D - DELEGATE NATL CONVENTION,,Jessica Fratzola,MILFORD BORO,23
Pike,DEM,D - DELEGATE NATL CONVENTION,,Rosemary Boland,MILFORD BORO,84
Pike,DEM,D - DELEGATE NATL CONVENTION,,Mark Shaffer,MILFORD BORO,19
Pike,DEM,D - DELEGATE NATL CONVENTION,,John J. Corcoran,MILFORD BORO,80
Pike,DEM,D - DELEGATE NATL CONVENTION,,Jim Connors,MILFORD BORO,77
Pike,DEM,D - DELEGATE NATL CONVENTION,,Alexander Lotorto,MILFORD BORO,23
Pike,DEM,D - DELEGATE NATL CONVENTION,,Rodrigo Gereda,MILFORD TWP,30
Pike,DEM,D - DELEGATE NATL CONVENTION,,Gemma Rosato,MILFORD TWP,37
Pike,DEM,D - DELEGATE NATL CONVENTION,,Allison Petryk,MILFORD TWP,39
Pike,DEM,D - DELEGATE NATL CONVENTION,,Robin Sampson,MILFORD TWP,115
Pike,DEM,D - DELEGATE NATL CONVENTION,,Jessica Fratzola,MILFORD TWP,34
Pike,DEM,D - DELEGATE NATL CONVENTION,,Rosemary Boland,MILFORD TWP,125
Pike,DEM,D - DELEGATE NATL CONVENTION,,Mark Shaffer,MILFORD TWP,19
Pike,DEM,D - DELEGATE NATL CONVENTION,,John J. Corcoran,MILFORD TWP,114
Pike,DEM,D - DELEGATE NATL CONVENTION,,Jim Connors,MILFORD TWP,110
Pike,DEM,D - DELEGATE NATL CONVENTION,,Alexander Lotorto,MILFORD TWP,23
Pike,DEM,D - DELEGATE NATL CONVENTION,,Rodrigo Gereda,PALMYRA TWP,59
Pike,DEM,D - DELEGATE NATL CONVENTION,,Gemma Rosato,PALMYRA TWP,70
Pike,DEM,D - DELEGATE NATL CONVENTION,,Allison Petryk,PALMYRA TWP,72
Pike,DEM,D - DELEGATE NATL CONVENTION,,Robin Sampson,PALMYRA TWP,222
Pike,DEM,D - DELEGATE NATL CONVENTION,,Jessica Fratzola,PALMYRA TWP,71
Pike,DEM,D - DELEGATE NATL CONVENTION,,Rosemary Boland,PALMYRA TWP,227
Pike,DEM,D - DELEGATE NATL CONVENTION,,Mark Shaffer,PALMYRA TWP,62
Pike,DEM,D - DELEGATE NATL CONVENTION,,John J. Corcoran,PALMYRA TWP,221
Pike,DEM,D - DELEGATE NATL CONVENTION,,Jim Connors,PALMYRA TWP,223
Pike,DEM,D - DELEGATE NATL CONVENTION,,Alexander Lotorto,PALMYRA TWP,56
Pike,DEM,D - DELEGATE NATL CONVENTION,,Rodrigo Gereda,PORTER TWP,9
Pike,DEM,D - DELEGATE NATL CONVENTION,,Gemma Rosato,PORTER TWP,7
Pike,DEM,D - DELEGATE NATL CONVENTION,,Allison Petryk,PORTER TWP,12
Pike,DEM,D - DELEGATE NATL CONVENTION,,Robin Sampson,PORTER TWP,33
Pike,DEM,D - DELEGATE NATL CONVENTION,,Jessica Fratzola,PORTER TWP,7
Pike,DEM,D - DELEGATE NATL CONVENTION,,Rosemary Boland,PORTER TWP,34
Pike,DEM,D - DELEGATE NATL CONVENTION,,Mark Shaffer,PORTER TWP,6
Pike,DEM,D - DELEGATE NATL CONVENTION,,John J. Corcoran,PORTER TWP,28
Pike,DEM,D - DELEGATE NATL CONVENTION,,Jim Connors,PORTER TWP,30
Pike,DEM,D - DELEGATE NATL CONVENTION,,Alexander Lotorto,PORTER TWP,5
Pike,DEM,D - DELEGATE NATL CONVENTION,,Rodrigo Gereda,SHOHOLA TWP,58
Pike,DEM,D - DELEGATE NATL CONVENTION,,Gemma Rosato,SHOHOLA TWP,61
Pike,DEM,D - DELEGATE NATL CONVENTION,,Allison Petryk,SHOHOLA TWP,70
Pike,DEM,D - DELEGATE NATL CONVENTION,,Robin Sampson,SHOHOLA TWP,166
Pike,DEM,D - DELEGATE NATL CONVENTION,,Jessica Fratzola,SHOHOLA TWP,62
Pike,DEM,D - DELEGATE NATL CONVENTION,,Rosemary Boland,SHOHOLA TWP,171
Pike,DEM,D - DELEGATE NATL CONVENTION,,Mark Shaffer,SHOHOLA TWP,48
Pike,DEM,D - DELEGATE NATL CONVENTION,,John J. Corcoran,SHOHOLA TWP,160
Pike,DEM,D - DELEGATE NATL CONVENTION,,Jim Connors,SHOHOLA TWP,161
Pike,DEM,D - DELEGATE NATL CONVENTION,,Alexander Lotorto,SHOHOLA TWP,51
Pike,DEM,D - DELEGATE NATL CONVENTION,,Rodrigo Gereda,WESTFALL TWP,39
Pike,DEM,D - DELEGATE NATL CONVENTION,,Gemma Rosato,WESTFALL TWP,51
Pike,DEM,D - DELEGATE NATL CONVENTION,,Allison Petryk,WESTFALL TWP,47
Pike,DEM,D - DELEGATE NATL CONVENTION,,Robin Sampson,WESTFALL TWP,158
Pike,DEM,D - DELEGATE NATL CONVENTION,,Jessica Fratzola,WESTFALL TWP,48
Pike,DEM,D - DELEGATE NATL CONVENTION,,Rosemary Boland,WESTFALL TWP,154
Pike,DEM,D - DELEGATE NATL CONVENTION,,Mark Shaffer,WESTFALL TWP,38
Pike,DEM,D - DELEGATE NATL CONVENTION,,John J. Corcoran,WESTFALL TWP,150
Pike,DEM,D - DELEGATE NATL CONVENTION,,Jim Connors,WESTFALL TWP,151
Pike,DEM,D - DELEGATE NATL CONVENTION,,Alexander Lotorto,WESTFALL TWP,43
Pike,DEM,D - ALT DELEGATE NATL CONVENTION,,Stephen McGough,BLOOMING GROVE TWP,85
Pike,DEM,D - ALT DELEGATE NATL CONVENTION,,David Fallk,BLOOMING GROVE TWP,332
Pike,DEM,D - ALT DELEGATE NATL CONVENTION,,Stephen McGough,DELAWARE TWP #1,33
Pike,DEM,D - ALT DELEGATE NATL CONVENTION,,David Fallk,DELAWARE TWP #1,163
Pike,DEM,D - ALT DELEGATE NATL CONVENTION,,Stephen McGough,DELAWARE TWP #2,48
Pike,DEM,D - ALT DELEGATE NATL CONVENTION,,David Fallk,DELAWARE TWP #2,140
Pike,DEM,D - ALT DELEGATE NATL CONVENTION,,Stephen McGough,DINGMAN TWP #1,129
Pike,DEM,D - ALT DELEGATE NATL CONVENTION,,David Fallk,DINGMAN TWP #1,335
Pike,DEM,D - ALT DELEGATE NATL CONVENTION,,Stephen McGough,DINGMAN TWP #2,94
Pike,DEM,D - ALT DELEGATE NATL CONVENTION,,David Fallk,DINGMAN TWP #2,286
Pike,DEM,D - ALT DELEGATE NATL CONVENTION,,Stephen McGough,GREENE TWP,50
Pike,DEM,D - ALT DELEGATE NATL CONVENTION,,David Fallk,GREENE TWP,178
Pike,DEM,D - ALT DELEGATE NATL CONVENTION,,Stephen McGough,LACKAWAXEN TWP #1,21
Pike,DEM,D - ALT DELEGATE NATL CONVENTION,,David Fallk,LACKAWAXEN TWP #1,114
Pike,DEM,D - ALT DELEGATE NATL CONVENTION,,Stephen McGough,LACKAWAXEN TWP #2,48
Pike,DEM,D - ALT DELEGATE NATL CONVENTION,,David Fallk,LACKAWAXEN TWP #2,111
Pike,DEM,D - ALT DELEGATE NATL CONVENTION,,Stephen McGough,LEHMAN TWP #1,76
Pike,DEM,D - ALT DELEGATE NATL CONVENTION,,David Fallk,LEHMAN TWP #1,262
Pike,DEM,D - ALT DELEGATE NATL CONVENTION,,Stephen McGough,LEHMAN TWP #2,90
Pike,DEM,D - ALT DELEGATE NATL CONVENTION,,David Fallk,LEHMAN TWP #2,359
Pike,DEM,D - ALT DELEGATE NATL CONVENTION,,Stephen McGough,MATAMORAS BORO # 1,19
Pike,DEM,D - ALT DELEGATE NATL CONVENTION,,David Fallk,MATAMORAS BORO # 1,57
Pike,DEM,D - ALT DELEGATE NATL CONVENTION,,Stephen McGough,MATAMORAS BORO # 2,25
Pike,DEM,D - ALT DELEGATE NATL CONVENTION,,David Fallk,MATAMORAS BORO # 2,64
Pike,DEM,D - ALT DELEGATE NATL CONVENTION,,Stephen McGough,MILFORD BORO,22
Pike,DEM,D - ALT DELEGATE NATL CONVENTION,,David Fallk,MILFORD BORO,83
Pike,DEM,D - ALT DELEGATE NATL CONVENTION,,Stephen McGough,MILFORD TWP,29
Pike,DEM,D - ALT DELEGATE NATL CONVENTION,,David Fallk,MILFORD TWP,118
Pike,DEM,D - ALT DELEGATE NATL CONVENTION,,Stephen McGough,PALMYRA TWP,56
Pike,DEM,D - ALT DELEGATE NATL CONVENTION,,David Fallk,PALMYRA TWP,225
Pike,DEM,D - ALT DELEGATE NATL CONVENTION,,Stephen McGough,PORTER TWP,6
Pike,DEM,D - ALT DELEGATE NATL CONVENTION,,David Fallk,PORTER TWP,31
Pike,DEM,D - ALT DELEGATE NATL CONVENTION,,Stephen McGough,SHOHOLA TWP,47
Pike,DEM,D - ALT DELEGATE NATL CONVENTION,,David Fallk,SHOHOLA TWP,165
Pike,DEM,D - ALT DELEGATE NATL CONVENTION,,Stephen McGough,WESTFALL TWP,41
Pike,DEM,D - ALT DELEGATE NATL CONVENTION,,David Fallk,WESTFALL TWP,159
Pike,DEM,Ballots Cast,,,BLOOMING GROVE TWP,464
Pike,DEM,Ballots Cast,,,DELAWARE TWP #1,238
Pike,DEM,Ballots Cast,,,DELAWARE TWP #2,221
Pike,DEM,Ballots Cast,,,DINGMAN TWP #1,513
Pike,DEM,Ballots Cast,,,DINGMAN TWP #2,422
Pike,DEM,Ballots Cast,,,GREENE TWP,266
Pike,DEM,Ballots Cast,,,LACKAWAXEN TWP #1,161
Pike,DEM,Ballots Cast,,,LACKAWAXEN TWP #2,176
Pike,DEM,Ballots Cast,,,LEHMAN TWP #1,378
Pike,DEM,Ballots Cast,,,LEHMAN TWP #2,492
Pike,DEM,Ballots Cast,,,MATAMORAS BORO # 1,84
Pike,DEM,Ballots Cast,,,MATAMORAS BORO # 2,112
Pike,DEM,Ballots Cast,,,MILFORD BORO,124
Pike,DEM,Ballots Cast,,,MILFORD TWP,165
Pike,DEM,Ballots Cast,,,PALMYRA TWP,312
Pike,DEM,Ballots Cast,,,PORTER TWP,39
Pike,DEM,Ballots Cast,,,SHOHOLA TWP,242
Pike,DEM,Ballots Cast,,,WESTFALL TWP,229
Pike,REP,Ballots Cast,,,BLOOMING GROVE TWP,494
Pike,REP,Ballots Cast,,,DELAWARE TWP #1,346
Pike,REP,Ballots Cast,,,DELAWARE TWP #2,325
Pike,REP,Ballots Cast,,,DINGMAN TWP #1,612
Pike,REP,Ballots Cast,,,DINGMAN TWP #2,521
Pike,REP,Ballots Cast,,,GREENE TWP,501
Pike,REP,Ballots Cast,,,LACKAWAXEN TWP #1,306
Pike,REP,Ballots Cast,,,LACKAWAXEN TWP #2,385
Pike,REP,Ballots Cast,,,LEHMAN TWP #1,273
Pike,REP,Ballots Cast,,,LEHMAN TWP #2,235
Pike,REP,Ballots Cast,,,MATAMORAS BORO # 1,97
Pike,REP,Ballots Cast,,,MATAMORAS BORO # 2,113
Pike,REP,Ballots Cast,,,MILFORD BORO,113
Pike,REP,Ballots Cast,,,MILFORD TWP,202
Pike,REP,Ballots Cast,,,PALMYRA TWP,517
Pike,REP,Ballots Cast,,,PORTER TWP,61
Pike,REP,Ballots Cast,,,SHOHOLA TWP,309
Pike,REP,Ballots Cast,,,WESTFALL TWP,269
Pike,,Ballots Cast,,,BLOOMING GROVE TWP,958
Pike,,Ballots Cast,,,DELAWARE TWP #1,584
Pike,,Ballots Cast,,,DELAWARE TWP #2,546
Pike,,Ballots Cast,,,DINGMAN TWP #1,1125
Pike,,Ballots Cast,,,DINGMAN TWP #2,943
Pike,,Ballots Cast,,,GREENE TWP,767
Pike,,Ballots Cast,,,LACKAWAXEN TWP #1,467
Pike,,Ballots Cast,,,LACKAWAXEN TWP #2,561
Pike,,Ballots Cast,,,LEHMAN TWP #1,651
Pike,,Ballots Cast,,,LEHMAN TWP #2,727
Pike,,Ballots Cast,,,MATAMORAS BORO # 1,181
Pike,,Ballots Cast,,,MATAMORAS BORO # 2,225
Pike,,Ballots Cast,,,MILFORD BORO,237
Pike,,Ballots Cast,,,MILFORD TWP,367
Pike,,Ballots Cast,,,PALMYRA TWP,829
Pike,,Ballots Cast,,,PORTER TWP,100
Pike,,Ballots Cast,,,SHOHOLA TWP,551
Pike,,Ballots Cast,,,WESTFALL TWP,498
