county,precinct,office,district,party,candidate,votes,election_day,provisional,mail
Mifflin,ARMAGH - EAST,Registered Voters,,,,726,,,
Mifflin,ARMAGH - EAST,Ballots Cast,,,,603,509,4,90
Mifflin,ARMAGH - EAST,Ballots Cast - Blank,,,,0,0,0,0
Mifflin,ARMAGH - EAST,President,,DEM,BIDEN and HARRIS,87,46,1,40
Mifflin,ARMAGH - EAST,President,,REP,TRUMP and PENCE,507,455,3,49
Mifflin,ARMAGH - EAST,President,,LIB,JORGENSEN and COHEN,8,7,0,1
Mifflin,ARMAGH - EAST,President,,,Write-In Totals,0,0,0,0
Mifflin,ARMAGH - EAST,ATTORNEY GENERAL,,DEM,JOSH SHAPIRO,97,59,1,37
Mifflin,ARMAGH - EAST,ATTORNEY GENERAL,,REP,HEATHER HEIDELBAUGH,476,424,3,49
Mifflin,ARMAGH - EAST,ATTORNEY GENERAL,,LIB,DANIEL WASSMER,10,8,0,2
Mifflin,ARMAGH - EAST,ATTORNEY GENERAL,,GRE,RICHARD L WEISS,2,2,0,0
Mifflin,ARMAGH - EAST,ATTORNEY GENERAL,,,Write-In Totals,0,0,0,0
Mifflin,ARMAGH - EAST,AUDITOR GENERAL,,DEM,NINA AHMAD,78,39,1,38
Mifflin,ARMAGH - EAST,AUDITOR GENERAL,,REP,TIMOTHY DEFOOR,477,428,3,46
Mifflin,ARMAGH - EAST,AUDITOR GENERAL,,LIB,JENNIFER MOORE,21,19,0,2
Mifflin,ARMAGH - EAST,AUDITOR GENERAL,,GRE,OLIVIA FAISON,2,1,0,1
Mifflin,ARMAGH - EAST,AUDITOR GENERAL,,,Write-In Totals,1,1,0,0
Mifflin,ARMAGH - EAST,STATE TREASURER,,DEM,JOE TORSELLA,82,47,1,34
Mifflin,ARMAGH - EAST,STATE TREASURER,,REP,STACY L GARRITY,485,430,3,52
Mifflin,ARMAGH - EAST,STATE TREASURER,,LIB,JOE SOLOSKI,14,12,0,2
Mifflin,ARMAGH - EAST,STATE TREASURER,,GRE,TIMOTHY RUNKLE,2,2,0,0
Mifflin,ARMAGH - EAST,STATE TREASURER,,,Write-In Totals,1,1,0,0
Mifflin,ARMAGH - EAST,U.S. House,12,DEM,LEE GRIFFIN,79,43,1,35
Mifflin,ARMAGH - EAST,U.S. House,12,REP,FRED KELLER,504,448,3,53
Mifflin,ARMAGH - EAST,U.S. House,12,,Write-In Totals,2,2,0,0
Mifflin,ARMAGH - EAST,State Assembly,171,DEM,PETER BUCK,65,35,0,30
Mifflin,ARMAGH - EAST,State Assembly,171,REP,KERRY A BENNINGHOFF,525,466,3,56
Mifflin,ARMAGH - EAST,State Assembly,171,,Write-In Totals,0,0,0,0
Mifflin,ARMAGH - WEST,Registered Voters,,,,1627,,,
Mifflin,ARMAGH - WEST,Ballots Cast,,,,1267,1029,4,234
Mifflin,ARMAGH - WEST,Ballots Cast - Blank,,,,0,0,0,0
Mifflin,ARMAGH - WEST,President,,DEM,BIDEN and HARRIS,250,123,2,125
Mifflin,ARMAGH - WEST,President,,REP,TRUMP and PENCE,992,888,2,102
Mifflin,ARMAGH - WEST,President,,LIB,JORGENSEN and COHEN,19,14,0,5
Mifflin,ARMAGH - WEST,President,,,Write-In Totals,4,4,0,0
Mifflin,ARMAGH - WEST,ATTORNEY GENERAL,,DEM,JOSH SHAPIRO,257,136,1,120
Mifflin,ARMAGH - WEST,ATTORNEY GENERAL,,REP,HEATHER HEIDELBAUGH,942,840,2,100
Mifflin,ARMAGH - WEST,ATTORNEY GENERAL,,LIB,DANIEL WASSMER,25,19,1,5
Mifflin,ARMAGH - WEST,ATTORNEY GENERAL,,GRE,RICHARD L WEISS,11,6,0,5
Mifflin,ARMAGH - WEST,ATTORNEY GENERAL,,,Write-In Totals,0,0,0,0
Mifflin,ARMAGH - WEST,AUDITOR GENERAL,,DEM,NINA AHMAD,201,96,1,104
Mifflin,ARMAGH - WEST,AUDITOR GENERAL,,REP,TIMOTHY DEFOOR,961,848,2,111
Mifflin,ARMAGH - WEST,AUDITOR GENERAL,,LIB,JENNIFER MOORE,47,39,1,7
Mifflin,ARMAGH - WEST,AUDITOR GENERAL,,GRE,OLIVIA FAISON,14,11,0,3
Mifflin,ARMAGH - WEST,AUDITOR GENERAL,,,Write-In Totals,0,0,0,0
Mifflin,ARMAGH - WEST,STATE TREASURER,,DEM,JOE TORSELLA,235,122,1,112
Mifflin,ARMAGH - WEST,STATE TREASURER,,REP,STACY L GARRITY,941,835,2,104
Mifflin,ARMAGH - WEST,STATE TREASURER,,LIB,JOE SOLOSKI,37,30,1,6
Mifflin,ARMAGH - WEST,STATE TREASURER,,GRE,TIMOTHY RUNKLE,14,9,0,5
Mifflin,ARMAGH - WEST,STATE TREASURER,,,Write-In Totals,0,0,0,0
Mifflin,ARMAGH - WEST,U.S. House,12,DEM,LEE GRIFFIN,230,118,2,110
Mifflin,ARMAGH - WEST,U.S. House,12,REP,FRED KELLER,992,874,2,116
Mifflin,ARMAGH - WEST,U.S. House,12,,Write-In Totals,2,1,0,1
Mifflin,ARMAGH - WEST,State Assembly,171,DEM,PETER BUCK,195,99,2,94
Mifflin,ARMAGH - WEST,State Assembly,171,REP,KERRY A BENNINGHOFF,1049,911,2,136
Mifflin,ARMAGH - WEST,State Assembly,171,,Write-In Totals,1,1,0,0
Mifflin,BRATTON,Registered Voters,,,,744,,,
Mifflin,BRATTON,Ballots Cast,,,,630,545,7,78
Mifflin,BRATTON,Ballots Cast - Blank,,,,0,0,0,0
Mifflin,BRATTON,President,,DEM,BIDEN and HARRIS,61,36,1,24
Mifflin,BRATTON,President,,REP,TRUMP and PENCE,561,505,6,50
Mifflin,BRATTON,President,,LIB,JORGENSEN and COHEN,6,4,0,2
Mifflin,BRATTON,President,,,Write-In Totals,1,0,0,1
Mifflin,BRATTON,ATTORNEY GENERAL,,DEM,JOSH SHAPIRO,77,49,2,26
Mifflin,BRATTON,ATTORNEY GENERAL,,REP,HEATHER HEIDELBAUGH,529,474,4,51
Mifflin,BRATTON,ATTORNEY GENERAL,,LIB,DANIEL WASSMER,7,7,0,0
Mifflin,BRATTON,ATTORNEY GENERAL,,GRE,RICHARD L WEISS,3,2,0,1
Mifflin,BRATTON,ATTORNEY GENERAL,,,Write-In Totals,0,0,0,0
Mifflin,BRATTON,AUDITOR GENERAL,,DEM,NINA AHMAD,59,38,1,20
Mifflin,BRATTON,AUDITOR GENERAL,,REP,TIMOTHY DEFOOR,539,478,5,56
Mifflin,BRATTON,AUDITOR GENERAL,,LIB,JENNIFER MOORE,10,9,0,1
Mifflin,BRATTON,AUDITOR GENERAL,,GRE,OLIVIA FAISON,4,3,0,1
Mifflin,BRATTON,AUDITOR GENERAL,,,Write-In Totals,0,0,0,0
Mifflin,BRATTON,STATE TREASURER,,DEM,JOE TORSELLA,68,45,1,22
Mifflin,BRATTON,STATE TREASURER,,REP,STACY L GARRITY,528,469,5,54
Mifflin,BRATTON,STATE TREASURER,,LIB,JOE SOLOSKI,9,9,0,0
Mifflin,BRATTON,STATE TREASURER,,GRE,TIMOTHY RUNKLE,7,5,0,2
Mifflin,BRATTON,STATE TREASURER,,,Write-In Totals,0,0,0,0
Mifflin,BRATTON,U.S. House,12,DEM,LEE GRIFFIN,55,34,1,20
Mifflin,BRATTON,U.S. House,12,REP,FRED KELLER,558,496,5,57
Mifflin,BRATTON,U.S. House,12,,Write-In Totals,1,0,0,1
Mifflin,BRATTON,State Assembly,82,REP,JOHN HERSHEY,590,517,7,66
Mifflin,BRATTON,State Assembly,82,,Write-In Totals,5,2,0,3
Mifflin,BROWN - REEDSVILLE/BIG VALLEY,Registered Voters,,,,1430,,,
Mifflin,BROWN - REEDSVILLE/BIG VALLEY,Ballots Cast,,,,1143,873,3,267
Mifflin,BROWN - REEDSVILLE/BIG VALLEY,Ballots Cast - Blank,,,,0,0,0,0
Mifflin,BROWN - REEDSVILLE/BIG VALLEY,President,,DEM,BIDEN and HARRIS,255,107,0,148
Mifflin,BROWN - REEDSVILLE/BIG VALLEY,President,,REP,TRUMP and PENCE,876,762,3,111
Mifflin,BROWN - REEDSVILLE/BIG VALLEY,President,,LIB,JORGENSEN and COHEN,5,3,0,2
Mifflin,BROWN - REEDSVILLE/BIG VALLEY,President,,,Write-In Totals,3,0,0,3
Mifflin,BROWN - REEDSVILLE/BIG VALLEY,ATTORNEY GENERAL,,DEM,JOSH SHAPIRO,256,113,0,143
Mifflin,BROWN - REEDSVILLE/BIG VALLEY,ATTORNEY GENERAL,,REP,HEATHER HEIDELBAUGH,845,721,3,121
Mifflin,BROWN - REEDSVILLE/BIG VALLEY,ATTORNEY GENERAL,,LIB,DANIEL WASSMER,13,12,0,1
Mifflin,BROWN - REEDSVILLE/BIG VALLEY,ATTORNEY GENERAL,,GRE,RICHARD L WEISS,4,3,0,1
Mifflin,BROWN - REEDSVILLE/BIG VALLEY,ATTORNEY GENERAL,,,Write-In Totals,1,1,0,0
Mifflin,BROWN - REEDSVILLE/BIG VALLEY,AUDITOR GENERAL,,DEM,NINA AHMAD,217,85,0,132
Mifflin,BROWN - REEDSVILLE/BIG VALLEY,AUDITOR GENERAL,,REP,TIMOTHY DEFOOR,860,731,3,126
Mifflin,BROWN - REEDSVILLE/BIG VALLEY,AUDITOR GENERAL,,LIB,JENNIFER MOORE,26,21,0,5
Mifflin,BROWN - REEDSVILLE/BIG VALLEY,AUDITOR GENERAL,,GRE,OLIVIA FAISON,7,7,0,0
Mifflin,BROWN - REEDSVILLE/BIG VALLEY,AUDITOR GENERAL,,,Write-In Totals,1,1,0,0
Mifflin,BROWN - REEDSVILLE/BIG VALLEY,STATE TREASURER,,DEM,JOE TORSELLA,238,105,0,133
Mifflin,BROWN - REEDSVILLE/BIG VALLEY,STATE TREASURER,,REP,STACY L GARRITY,847,717,3,127
Mifflin,BROWN - REEDSVILLE/BIG VALLEY,STATE TREASURER,,LIB,JOE SOLOSKI,17,14,0,3
Mifflin,BROWN - REEDSVILLE/BIG VALLEY,STATE TREASURER,,GRE,TIMOTHY RUNKLE,10,9,0,1
Mifflin,BROWN - REEDSVILLE/BIG VALLEY,STATE TREASURER,,,Write-In Totals,1,1,0,0
Mifflin,BROWN - REEDSVILLE/BIG VALLEY,U.S. House,12,DEM,LEE GRIFFIN,233,96,0,137
Mifflin,BROWN - REEDSVILLE/BIG VALLEY,U.S. House,12,REP,FRED KELLER,889,757,3,129
Mifflin,BROWN - REEDSVILLE/BIG VALLEY,U.S. House,12,,Write-In Totals,3,3,0,0
Mifflin,BROWN - REEDSVILLE/BIG VALLEY,State Assembly,171,DEM,PETER BUCK,209,83,0,126
Mifflin,BROWN - REEDSVILLE/BIG VALLEY,State Assembly,171,REP,KERRY A BENNINGHOFF,922,781,3,138
Mifflin,BROWN - REEDSVILLE/BIG VALLEY,State Assembly,171,,Write-In Totals,2,1,0,1
Mifflin,BROWN - CHURCH HILL,Registered Voters,,,,1127,,,
Mifflin,BROWN - CHURCH HILL,Ballots Cast,,,,952,663,5,284
Mifflin,BROWN - CHURCH HILL,Ballots Cast - Blank,,,,0,0,0,0
Mifflin,BROWN - CHURCH HILL,President,,DEM,BIDEN and HARRIS,290,105,2,183
Mifflin,BROWN - CHURCH HILL,President,,REP,TRUMP and PENCE,650,552,3,95
Mifflin,BROWN - CHURCH HILL,President,,LIB,JORGENSEN and COHEN,6,3,0,3
Mifflin,BROWN - CHURCH HILL,President,,,Write-In Totals,4,2,0,2
Mifflin,BROWN - CHURCH HILL,ATTORNEY GENERAL,,DEM,JOSH SHAPIRO,297,124,2,171
Mifflin,BROWN - CHURCH HILL,ATTORNEY GENERAL,,REP,HEATHER HEIDELBAUGH,621,518,2,101
Mifflin,BROWN - CHURCH HILL,ATTORNEY GENERAL,,LIB,DANIEL WASSMER,12,8,1,3
Mifflin,BROWN - CHURCH HILL,ATTORNEY GENERAL,,GRE,RICHARD L WEISS,13,8,0,5
Mifflin,BROWN - CHURCH HILL,ATTORNEY GENERAL,,,Write-In Totals,0,0,0,0
Mifflin,BROWN - CHURCH HILL,AUDITOR GENERAL,,DEM,NINA AHMAD,249,86,3,160
Mifflin,BROWN - CHURCH HILL,AUDITOR GENERAL,,REP,TIMOTHY DEFOOR,650,540,2,108
Mifflin,BROWN - CHURCH HILL,AUDITOR GENERAL,,LIB,JENNIFER MOORE,18,14,0,4
Mifflin,BROWN - CHURCH HILL,AUDITOR GENERAL,,GRE,OLIVIA FAISON,13,5,0,8
Mifflin,BROWN - CHURCH HILL,AUDITOR GENERAL,,,Write-In Totals,0,0,0,0
Mifflin,BROWN - CHURCH HILL,STATE TREASURER,,DEM,JOE TORSELLA,268,106,2,160
Mifflin,BROWN - CHURCH HILL,STATE TREASURER,,REP,STACY L GARRITY,638,525,3,110
Mifflin,BROWN - CHURCH HILL,STATE TREASURER,,LIB,JOE SOLOSKI,17,14,0,3
Mifflin,BROWN - CHURCH HILL,STATE TREASURER,,GRE,TIMOTHY RUNKLE,13,8,0,5
Mifflin,BROWN - CHURCH HILL,STATE TREASURER,,,Write-In Totals,0,0,0,0
Mifflin,BROWN - CHURCH HILL,U.S. House,12,DEM,LEE GRIFFIN,257,91,3,163
Mifflin,BROWN - CHURCH HILL,U.S. House,12,REP,FRED KELLER,676,558,2,116
Mifflin,BROWN - CHURCH HILL,U.S. House,12,,Write-In Totals,0,0,0,0
Mifflin,BROWN - CHURCH HILL,State Assembly,171,DEM,PETER BUCK,210,79,3,128
Mifflin,BROWN - CHURCH HILL,State Assembly,171,REP,KERRY A BENNINGHOFF,732,580,2,150
Mifflin,BROWN - CHURCH HILL,State Assembly,171,,Write-In Totals,1,0,0,1
Mifflin,BURNHAM BORO,Registered Voters,,,,1260,,,
Mifflin,BURNHAM BORO,Ballots Cast,,,,977,767,6,204
Mifflin,BURNHAM BORO,Ballots Cast - Blank,,,,0,0,0,0
Mifflin,BURNHAM BORO,President,,DEM,BIDEN and HARRIS,241,112,1,128
Mifflin,BURNHAM BORO,President,,REP,TRUMP and PENCE,723,646,5,72
Mifflin,BURNHAM BORO,President,,LIB,JORGENSEN and COHEN,11,8,0,3
Mifflin,BURNHAM BORO,President,,,Write-In Totals,2,1,0,1
Mifflin,BURNHAM BORO,ATTORNEY GENERAL,,DEM,JOSH SHAPIRO,266,144,2,120
Mifflin,BURNHAM BORO,ATTORNEY GENERAL,,REP,HEATHER HEIDELBAUGH,684,603,4,77
Mifflin,BURNHAM BORO,ATTORNEY GENERAL,,LIB,DANIEL WASSMER,14,11,0,3
Mifflin,BURNHAM BORO,ATTORNEY GENERAL,,GRE,RICHARD L WEISS,5,3,0,2
Mifflin,BURNHAM BORO,ATTORNEY GENERAL,,,Write-In Totals,0,0,0,0
Mifflin,BURNHAM BORO,AUDITOR GENERAL,,DEM,NINA AHMAD,208,98,1,109
Mifflin,BURNHAM BORO,AUDITOR GENERAL,,REP,TIMOTHY DEFOOR,695,615,4,76
Mifflin,BURNHAM BORO,AUDITOR GENERAL,,LIB,JENNIFER MOORE,41,32,0,9
Mifflin,BURNHAM BORO,AUDITOR GENERAL,,GRE,OLIVIA FAISON,11,8,0,3
Mifflin,BURNHAM BORO,AUDITOR GENERAL,,,Write-In Totals,0,0,0,0
Mifflin,BURNHAM BORO,STATE TREASURER,,DEM,JOE TORSELLA,228,111,1,116
Mifflin,BURNHAM BORO,STATE TREASURER,,REP,STACY L GARRITY,703,621,5,77
Mifflin,BURNHAM BORO,STATE TREASURER,,LIB,JOE SOLOSKI,24,18,0,6
Mifflin,BURNHAM BORO,STATE TREASURER,,GRE,TIMOTHY RUNKLE,10,8,0,2
Mifflin,BURNHAM BORO,STATE TREASURER,,,Write-In Totals,0,0,0,0
Mifflin,BURNHAM BORO,U.S. House,12,DEM,LEE GRIFFIN,232,113,1,118
Mifflin,BURNHAM BORO,U.S. House,12,REP,FRED KELLER,736,648,5,83
Mifflin,BURNHAM BORO,U.S. House,12,,Write-In Totals,1,1,0,0
Mifflin,BURNHAM BORO,State Assembly,82,REP,JOHN HERSHEY,837,698,5,134
Mifflin,BURNHAM BORO,State Assembly,82,,Write-In Totals,22,12,0,10
Mifflin,DECATUR - EAST,Registered Voters,,,,789,,,
Mifflin,DECATUR - EAST,Ballots Cast,,,,647,536,1,110
Mifflin,DECATUR - EAST,Ballots Cast - Blank,,,,0,0,0,0
Mifflin,DECATUR - EAST,President,,DEM,BIDEN and HARRIS,97,47,0,50
Mifflin,DECATUR - EAST,President,,REP,TRUMP and PENCE,537,480,1,56
Mifflin,DECATUR - EAST,President,,LIB,JORGENSEN and COHEN,8,7,0,1
Mifflin,DECATUR - EAST,President,,,Write-In Totals,2,0,0,2
Mifflin,DECATUR - EAST,ATTORNEY GENERAL,,DEM,JOSH SHAPIRO,114,65,0,49
Mifflin,DECATUR - EAST,ATTORNEY GENERAL,,REP,HEATHER HEIDELBAUGH,501,451,1,49
Mifflin,DECATUR - EAST,ATTORNEY GENERAL,,LIB,DANIEL WASSMER,5,3,0,2
Mifflin,DECATUR - EAST,ATTORNEY GENERAL,,GRE,RICHARD L WEISS,4,1,0,3
Mifflin,DECATUR - EAST,ATTORNEY GENERAL,,,Write-In Totals,0,0,0,0
Mifflin,DECATUR - EAST,AUDITOR GENERAL,,DEM,NINA AHMAD,90,43,0,47
Mifflin,DECATUR - EAST,AUDITOR GENERAL,,REP,TIMOTHY DEFOOR,509,460,1,48
Mifflin,DECATUR - EAST,AUDITOR GENERAL,,LIB,JENNIFER MOORE,16,12,0,4
Mifflin,DECATUR - EAST,AUDITOR GENERAL,,GRE,OLIVIA FAISON,4,3,0,1
Mifflin,DECATUR - EAST,AUDITOR GENERAL,,,Write-In Totals,0,0,0,0
Mifflin,DECATUR - EAST,STATE TREASURER,,DEM,JOE TORSELLA,95,55,0,40
Mifflin,DECATUR - EAST,STATE TREASURER,,REP,STACY L GARRITY,508,454,1,53
Mifflin,DECATUR - EAST,STATE TREASURER,,LIB,JOE SOLOSKI,9,6,0,3
Mifflin,DECATUR - EAST,STATE TREASURER,,GRE,TIMOTHY RUNKLE,7,4,0,3
Mifflin,DECATUR - EAST,STATE TREASURER,,,Write-In Totals,0,0,0,0
Mifflin,DECATUR - EAST,U.S. House,12,DEM,LEE GRIFFIN,88,44,0,44
Mifflin,DECATUR - EAST,U.S. House,12,REP,FRED KELLER,540,480,1,59
Mifflin,DECATUR - EAST,U.S. House,12,,Write-In Totals,0,0,0,0
Mifflin,DECATUR - EAST,State Assembly,171,DEM,PETER BUCK,82,42,0,40
Mifflin,DECATUR - EAST,State Assembly,171,REP,KERRY A BENNINGHOFF,546,483,1,62
Mifflin,DECATUR - EAST,State Assembly,171,,Write-In Totals,0,0,0,0
Mifflin,DECATUR - WEST,Registered Voters,,,,1071,,,
Mifflin,DECATUR - WEST,Ballots Cast,,,,878,722,6,150
Mifflin,DECATUR - WEST,Ballots Cast - Blank,,,,0,0,0,0
Mifflin,DECATUR - WEST,President,,DEM,BIDEN and HARRIS,137,63,2,72
Mifflin,DECATUR - WEST,President,,REP,TRUMP and PENCE,731,652,4,75
Mifflin,DECATUR - WEST,President,,LIB,JORGENSEN and COHEN,8,6,0,2
Mifflin,DECATUR - WEST,President,,,Write-In Totals,1,1,0,0
Mifflin,DECATUR - WEST,ATTORNEY GENERAL,,DEM,JOSH SHAPIRO,138,74,2,62
Mifflin,DECATUR - WEST,ATTORNEY GENERAL,,REP,HEATHER HEIDELBAUGH,712,627,4,81
Mifflin,DECATUR - WEST,ATTORNEY GENERAL,,LIB,DANIEL WASSMER,7,6,0,1
Mifflin,DECATUR - WEST,ATTORNEY GENERAL,,GRE,RICHARD L WEISS,7,4,0,3
Mifflin,DECATUR - WEST,ATTORNEY GENERAL,,,Write-In Totals,1,1,0,0
Mifflin,DECATUR - WEST,AUDITOR GENERAL,,DEM,NINA AHMAD,123,63,1,59
Mifflin,DECATUR - WEST,AUDITOR GENERAL,,REP,TIMOTHY DEFOOR,705,620,4,81
Mifflin,DECATUR - WEST,AUDITOR GENERAL,,LIB,JENNIFER MOORE,21,16,0,5
Mifflin,DECATUR - WEST,AUDITOR GENERAL,,GRE,OLIVIA FAISON,6,4,0,2
Mifflin,DECATUR - WEST,AUDITOR GENERAL,,,Write-In Totals,1,1,0,0
Mifflin,DECATUR - WEST,STATE TREASURER,,DEM,JOE TORSELLA,135,71,1,63
Mifflin,DECATUR - WEST,STATE TREASURER,,REP,STACY L GARRITY,703,621,5,77
Mifflin,DECATUR - WEST,STATE TREASURER,,LIB,JOE SOLOSKI,14,10,0,4
Mifflin,DECATUR - WEST,STATE TREASURER,,GRE,TIMOTHY RUNKLE,6,3,0,3
Mifflin,DECATUR - WEST,STATE TREASURER,,,Write-In Totals,1,1,0,0
Mifflin,DECATUR - WEST,U.S. House,12,DEM,LEE GRIFFIN,130,65,2,63
Mifflin,DECATUR - WEST,U.S. House,12,REP,FRED KELLER,733,646,4,83
Mifflin,DECATUR - WEST,U.S. House,12,,Write-In Totals,3,2,0,1
Mifflin,DECATUR - WEST,State Assembly,171,DEM,PETER BUCK,120,60,1,59
Mifflin,DECATUR - WEST,State Assembly,171,REP,KERRY A BENNINGHOFF,748,657,4,87
Mifflin,DECATUR - WEST,State Assembly,171,,Write-In Totals,1,1,0,0
Mifflin,DERRY - EAST,Registered Voters,,,,1522,,,
Mifflin,DERRY - EAST,Ballots Cast,,,,1258,780,12,466
Mifflin,DERRY - EAST,Ballots Cast - Blank,,,,0,0,0,0
Mifflin,DERRY - EAST,President,,DEM,BIDEN and HARRIS,286,53,1,232
Mifflin,DERRY - EAST,President,,REP,TRUMP and PENCE,951,719,11,221
Mifflin,DERRY - EAST,President,,LIB,JORGENSEN and COHEN,16,8,0,8
Mifflin,DERRY - EAST,President,,,Write-In Totals,0,0,0,0
Mifflin,DERRY - EAST,ATTORNEY GENERAL,,DEM,JOSH SHAPIRO,283,74,2,207
Mifflin,DERRY - EAST,ATTORNEY GENERAL,,REP,HEATHER HEIDELBAUGH,921,680,10,231
Mifflin,DERRY - EAST,ATTORNEY GENERAL,,LIB,DANIEL WASSMER,20,12,0,8
Mifflin,DERRY - EAST,ATTORNEY GENERAL,,GRE,RICHARD L WEISS,10,3,0,7
Mifflin,DERRY - EAST,ATTORNEY GENERAL,,,Write-In Totals,0,0,0,0
Mifflin,DERRY - EAST,AUDITOR GENERAL,,DEM,NINA AHMAD,252,52,2,198
Mifflin,DERRY - EAST,AUDITOR GENERAL,,REP,TIMOTHY DEFOOR,935,686,10,239
Mifflin,DERRY - EAST,AUDITOR GENERAL,,LIB,JENNIFER MOORE,32,22,0,10
Mifflin,DERRY - EAST,AUDITOR GENERAL,,GRE,OLIVIA FAISON,5,1,0,4
Mifflin,DERRY - EAST,AUDITOR GENERAL,,,Write-In Totals,0,0,0,0
Mifflin,DERRY - EAST,STATE TREASURER,,DEM,JOE TORSELLA,264,54,1,209
Mifflin,DERRY - EAST,STATE TREASURER,,REP,STACY L GARRITY,931,692,11,228
Mifflin,DERRY - EAST,STATE TREASURER,,LIB,JOE SOLOSKI,24,14,0,10
Mifflin,DERRY - EAST,STATE TREASURER,,GRE,TIMOTHY RUNKLE,11,8,0,3
Mifflin,DERRY - EAST,STATE TREASURER,,,Write-In Totals,0,0,0,0
Mifflin,DERRY - EAST,U.S. House,12,DEM,LEE GRIFFIN,260,61,2,197
Mifflin,DERRY - EAST,U.S. House,12,REP,FRED KELLER,974,707,10,257
Mifflin,DERRY - EAST,U.S. House,12,,Write-In Totals,0,0,0,0
Mifflin,DERRY - EAST,State Assembly,82,REP,JOHN HERSHEY,1123,745,11,367
Mifflin,DERRY - EAST,State Assembly,82,,Write-In Totals,21,2,0,19
Mifflin,DERRY - NORTH,Registered Voters,,,,1194,,,
Mifflin,DERRY - NORTH,Ballots Cast,,,,975,722,28,225
Mifflin,DERRY - NORTH,Ballots Cast - Blank,,,,0,0,0,0
Mifflin,DERRY - NORTH,President,,DEM,BIDEN and HARRIS,193,75,5,113
Mifflin,DERRY - NORTH,President,,REP,TRUMP and PENCE,765,633,22,110
Mifflin,DERRY - NORTH,President,,LIB,JORGENSEN and COHEN,13,11,1,1
Mifflin,DERRY - NORTH,President,,,Write-In Totals,2,2,0,0
Mifflin,DERRY - NORTH,ATTORNEY GENERAL,,DEM,JOSH SHAPIRO,205,93,5,107
Mifflin,DERRY - NORTH,ATTORNEY GENERAL,,REP,HEATHER HEIDELBAUGH,727,600,23,104
Mifflin,DERRY - NORTH,ATTORNEY GENERAL,,LIB,DANIEL WASSMER,14,10,0,4
Mifflin,DERRY - NORTH,ATTORNEY GENERAL,,GRE,RICHARD L WEISS,7,6,0,1
Mifflin,DERRY - NORTH,ATTORNEY GENERAL,,,Write-In Totals,0,0,0,0
Mifflin,DERRY - NORTH,AUDITOR GENERAL,,DEM,NINA AHMAD,169,71,4,94
Mifflin,DERRY - NORTH,AUDITOR GENERAL,,REP,TIMOTHY DEFOOR,746,610,24,112
Mifflin,DERRY - NORTH,AUDITOR GENERAL,,LIB,JENNIFER MOORE,27,18,0,9
Mifflin,DERRY - NORTH,AUDITOR GENERAL,,GRE,OLIVIA FAISON,10,9,0,1
Mifflin,DERRY - NORTH,AUDITOR GENERAL,,,Write-In Totals,0,0,0,0
Mifflin,DERRY - NORTH,STATE TREASURER,,DEM,JOE TORSELLA,192,85,5,102
Mifflin,DERRY - NORTH,STATE TREASURER,,REP,STACY L GARRITY,730,601,22,107
Mifflin,DERRY - NORTH,STATE TREASURER,,LIB,JOE SOLOSKI,15,10,1,4
Mifflin,DERRY - NORTH,STATE TREASURER,,GRE,TIMOTHY RUNKLE,11,9,0,2
Mifflin,DERRY - NORTH,STATE TREASURER,,,Write-In Totals,0,0,0,0
Mifflin,DERRY - NORTH,U.S. House,12,DEM,LEE GRIFFIN,176,74,4,98
Mifflin,DERRY - NORTH,U.S. House,12,REP,FRED KELLER,778,634,24,120
Mifflin,DERRY - NORTH,U.S. House,12,,Write-In Totals,1,0,0,1
Mifflin,DERRY - NORTH,State Assembly,82,REP,JOHN HERSHEY,870,675,28,167
Mifflin,DERRY - NORTH,State Assembly,82,,Write-In Totals,15,9,0,6
Mifflin,DERRY - SOUTH,Registered Voters,,,,1318,,,
Mifflin,DERRY - SOUTH,Ballots Cast,,,,1064,750,6,308
Mifflin,DERRY - SOUTH,Ballots Cast - Blank,,,,0,0,0,0
Mifflin,DERRY - SOUTH,President,,DEM,BIDEN and HARRIS,306,136,0,170
Mifflin,DERRY - SOUTH,President,,REP,TRUMP and PENCE,746,608,6,132
Mifflin,DERRY - SOUTH,President,,LIB,JORGENSEN and COHEN,8,5,0,3
Mifflin,DERRY - SOUTH,President,,,Write-In Totals,1,1,0,0
Mifflin,DERRY - SOUTH,ATTORNEY GENERAL,,DEM,JOSH SHAPIRO,307,135,1,171
Mifflin,DERRY - SOUTH,ATTORNEY GENERAL,,REP,HEATHER HEIDELBAUGH,704,575,5,124
Mifflin,DERRY - SOUTH,ATTORNEY GENERAL,,LIB,DANIEL WASSMER,19,13,0,6
Mifflin,DERRY - SOUTH,ATTORNEY GENERAL,,GRE,RICHARD L WEISS,7,4,0,3
Mifflin,DERRY - SOUTH,ATTORNEY GENERAL,,,Write-In Totals,0,0,0,0
Mifflin,DERRY - SOUTH,AUDITOR GENERAL,,DEM,NINA AHMAD,259,112,1,146
Mifflin,DERRY - SOUTH,AUDITOR GENERAL,,REP,TIMOTHY DEFOOR,718,573,5,140
Mifflin,DERRY - SOUTH,AUDITOR GENERAL,,LIB,JENNIFER MOORE,37,29,0,8
Mifflin,DERRY - SOUTH,AUDITOR GENERAL,,GRE,OLIVIA FAISON,7,4,0,3
Mifflin,DERRY - SOUTH,AUDITOR GENERAL,,,Write-In Totals,0,0,0,0
Mifflin,DERRY - SOUTH,STATE TREASURER,,DEM,JOE TORSELLA,276,121,0,155
Mifflin,DERRY - SOUTH,STATE TREASURER,,REP,STACY L GARRITY,716,570,6,140
Mifflin,DERRY - SOUTH,STATE TREASURER,,LIB,JOE SOLOSKI,26,19,0,7
Mifflin,DERRY - SOUTH,STATE TREASURER,,GRE,TIMOTHY RUNKLE,12,11,0,1
Mifflin,DERRY - SOUTH,STATE TREASURER,,,Write-In Totals,0,0,0,0
Mifflin,DERRY - SOUTH,U.S. House,12,DEM,LEE GRIFFIN,272,119,0,153
Mifflin,DERRY - SOUTH,U.S. House,12,REP,FRED KELLER,758,606,6,146
Mifflin,DERRY - SOUTH,U.S. House,12,,Write-In Totals,0,0,0,0
Mifflin,DERRY - SOUTH,State Assembly,82,REP,JOHN HERSHEY,875,662,5,208
Mifflin,DERRY - SOUTH,State Assembly,82,,Write-In Totals,17,8,0,9
Mifflin,DERRY - WEST,Registered Voters,,,,905,,,
Mifflin,DERRY - WEST,Ballots Cast,,,,722,540,1,181
Mifflin,DERRY - WEST,Ballots Cast - Blank,,,,0,0,0,0
Mifflin,DERRY - WEST,President,,DEM,BIDEN and HARRIS,160,69,0,91
Mifflin,DERRY - WEST,President,,REP,TRUMP and PENCE,550,465,1,84
Mifflin,DERRY - WEST,President,,LIB,JORGENSEN and COHEN,6,5,0,1
Mifflin,DERRY - WEST,President,,,Write-In Totals,0,0,0,0
Mifflin,DERRY - WEST,ATTORNEY GENERAL,,DEM,JOSH SHAPIRO,196,95,0,101
Mifflin,DERRY - WEST,ATTORNEY GENERAL,,REP,HEATHER HEIDELBAUGH,502,426,1,75
Mifflin,DERRY - WEST,ATTORNEY GENERAL,,LIB,DANIEL WASSMER,5,4,0,1
Mifflin,DERRY - WEST,ATTORNEY GENERAL,,GRE,RICHARD L WEISS,8,6,0,2
Mifflin,DERRY - WEST,ATTORNEY GENERAL,,,Write-In Totals,0,0,0,0
Mifflin,DERRY - WEST,AUDITOR GENERAL,,DEM,NINA AHMAD,147,65,0,82
Mifflin,DERRY - WEST,AUDITOR GENERAL,,REP,TIMOTHY DEFOOR,523,438,1,84
Mifflin,DERRY - WEST,AUDITOR GENERAL,,LIB,JENNIFER MOORE,20,15,0,5
Mifflin,DERRY - WEST,AUDITOR GENERAL,,GRE,OLIVIA FAISON,8,7,0,1
Mifflin,DERRY - WEST,AUDITOR GENERAL,,,Write-In Totals,2,1,0,1
Mifflin,DERRY - WEST,STATE TREASURER,,DEM,JOE TORSELLA,165,75,0,90
Mifflin,DERRY - WEST,STATE TREASURER,,REP,STACY L GARRITY,518,435,1,82
Mifflin,DERRY - WEST,STATE TREASURER,,LIB,JOE SOLOSKI,15,12,0,3
Mifflin,DERRY - WEST,STATE TREASURER,,GRE,TIMOTHY RUNKLE,9,7,0,2
Mifflin,DERRY - WEST,STATE TREASURER,,,Write-In Totals,0,0,0,0
Mifflin,DERRY - WEST,U.S. House,12,DEM,LEE GRIFFIN,158,70,0,88
Mifflin,DERRY - WEST,U.S. House,12,REP,FRED KELLER,548,460,1,87
Mifflin,DERRY - WEST,U.S. House,12,,Write-In Totals,1,0,0,1
Mifflin,DERRY - WEST,State Assembly,82,REP,JOHN HERSHEY,622,494,1,127
Mifflin,DERRY - WEST,State Assembly,82,,Write-In Totals,14,7,0,7
Mifflin,GRANVILLE - EAST,Registered Voters,,,,1052,,,
Mifflin,GRANVILLE - EAST,Ballots Cast,,,,847,673,9,165
Mifflin,GRANVILLE - EAST,Ballots Cast - Blank,,,,0,0,0,0
Mifflin,GRANVILLE - EAST,President,,DEM,BIDEN and HARRIS,162,76,0,86
Mifflin,GRANVILLE - EAST,President,,REP,TRUMP and PENCE,672,591,8,73
Mifflin,GRANVILLE - EAST,President,,LIB,JORGENSEN and COHEN,10,5,1,4
Mifflin,GRANVILLE - EAST,President,,,Write-In Totals,2,0,0,2
Mifflin,GRANVILLE - EAST,ATTORNEY GENERAL,,DEM,JOSH SHAPIRO,172,93,0,79
Mifflin,GRANVILLE - EAST,ATTORNEY GENERAL,,REP,HEATHER HEIDELBAUGH,642,560,7,75
Mifflin,GRANVILLE - EAST,ATTORNEY GENERAL,,LIB,DANIEL WASSMER,9,7,1,1
Mifflin,GRANVILLE - EAST,ATTORNEY GENERAL,,GRE,RICHARD L WEISS,6,2,0,4
Mifflin,GRANVILLE - EAST,ATTORNEY GENERAL,,,Write-In Totals,1,0,0,1
Mifflin,GRANVILLE - EAST,AUDITOR GENERAL,,DEM,NINA AHMAD,150,76,0,74
Mifflin,GRANVILLE - EAST,AUDITOR GENERAL,,REP,TIMOTHY DEFOOR,643,562,6,75
Mifflin,GRANVILLE - EAST,AUDITOR GENERAL,,LIB,JENNIFER MOORE,23,14,2,7
Mifflin,GRANVILLE - EAST,AUDITOR GENERAL,,GRE,OLIVIA FAISON,11,7,0,4
Mifflin,GRANVILLE - EAST,AUDITOR GENERAL,,,Write-In Totals,0,0,0,0
Mifflin,GRANVILLE - EAST,STATE TREASURER,,DEM,JOE TORSELLA,158,81,0,77
Mifflin,GRANVILLE - EAST,STATE TREASURER,,REP,STACY L GARRITY,649,566,7,76
Mifflin,GRANVILLE - EAST,STATE TREASURER,,LIB,JOE SOLOSKI,13,10,0,3
Mifflin,GRANVILLE - EAST,STATE TREASURER,,GRE,TIMOTHY RUNKLE,11,6,1,4
Mifflin,GRANVILLE - EAST,STATE TREASURER,,,Write-In Totals,0,0,0,0
Mifflin,GRANVILLE - EAST,U.S. House,12,DEM,LEE GRIFFIN,159,79,1,79
Mifflin,GRANVILLE - EAST,U.S. House,12,REP,FRED KELLER,668,583,7,78
Mifflin,GRANVILLE - EAST,U.S. House,12,,Write-In Totals,1,0,0,1
Mifflin,GRANVILLE - EAST,State Assembly,82,REP,JOHN HERSHEY,749,625,8,116
Mifflin,GRANVILLE - EAST,State Assembly,82,,Write-In Totals,15,5,0,10
Mifflin,GRANVILLE - WEST,Registered Voters,,,,2055,,,
Mifflin,GRANVILLE - WEST,Ballots Cast,,,,1683,1279,10,394
Mifflin,GRANVILLE - WEST,Ballots Cast - Blank,,,,0,0,0,0
Mifflin,GRANVILLE - WEST,President,,DEM,BIDEN and HARRIS,337,133,1,203
Mifflin,GRANVILLE - WEST,President,,REP,TRUMP and PENCE,1320,1125,9,186
Mifflin,GRANVILLE - WEST,President,,LIB,JORGENSEN and COHEN,18,16,0,2
Mifflin,GRANVILLE - WEST,President,,,Write-In Totals,4,2,0,2
Mifflin,GRANVILLE - WEST,ATTORNEY GENERAL,,DEM,JOSH SHAPIRO,353,157,1,195
Mifflin,GRANVILLE - WEST,ATTORNEY GENERAL,,REP,HEATHER HEIDELBAUGH,1273,1087,9,177
Mifflin,GRANVILLE - WEST,ATTORNEY GENERAL,,LIB,DANIEL WASSMER,24,17,0,7
Mifflin,GRANVILLE - WEST,ATTORNEY GENERAL,,GRE,RICHARD L WEISS,8,5,0,3
Mifflin,GRANVILLE - WEST,ATTORNEY GENERAL,,,Write-In Totals,0,0,0,0
Mifflin,GRANVILLE - WEST,AUDITOR GENERAL,,DEM,NINA AHMAD,300,118,1,181
Mifflin,GRANVILLE - WEST,AUDITOR GENERAL,,REP,TIMOTHY DEFOOR,1269,1082,9,178
Mifflin,GRANVILLE - WEST,AUDITOR GENERAL,,LIB,JENNIFER MOORE,59,47,0,12
Mifflin,GRANVILLE - WEST,AUDITOR GENERAL,,GRE,OLIVIA FAISON,15,11,0,4
Mifflin,GRANVILLE - WEST,AUDITOR GENERAL,,,Write-In Totals,0,0,0,0
Mifflin,GRANVILLE - WEST,STATE TREASURER,,DEM,JOE TORSELLA,324,141,1,182
Mifflin,GRANVILLE - WEST,STATE TREASURER,,REP,STACY L GARRITY,1278,1088,9,181
Mifflin,GRANVILLE - WEST,STATE TREASURER,,LIB,JOE SOLOSKI,32,23,0,9
Mifflin,GRANVILLE - WEST,STATE TREASURER,,GRE,TIMOTHY RUNKLE,11,6,0,5
Mifflin,GRANVILLE - WEST,STATE TREASURER,,,Write-In Totals,1,1,0,0
Mifflin,GRANVILLE - WEST,U.S. House,12,DEM,LEE GRIFFIN,325,135,1,189
Mifflin,GRANVILLE - WEST,U.S. House,12,REP,FRED KELLER,1328,1127,8,193
Mifflin,GRANVILLE - WEST,U.S. House,12,,Write-In Totals,5,3,0,2
Mifflin,GRANVILLE - WEST,State Assembly,82,REP,JOHN HERSHEY,1495,1201,10,284
Mifflin,GRANVILLE - WEST,State Assembly,82,,Write-In Totals,36,19,0,17
Mifflin,JUNIATA TERRACE BORO,Registered Voters,,,,355,,,
Mifflin,JUNIATA TERRACE BORO,Ballots Cast,,,,249,199,1,49
Mifflin,JUNIATA TERRACE BORO,Ballots Cast - Blank,,,,0,0,0,0
Mifflin,JUNIATA TERRACE BORO,President,,DEM,BIDEN and HARRIS,67,35,0,32
Mifflin,JUNIATA TERRACE BORO,President,,REP,TRUMP and PENCE,176,162,1,13
Mifflin,JUNIATA TERRACE BORO,President,,LIB,JORGENSEN and COHEN,6,2,0,4
Mifflin,JUNIATA TERRACE BORO,President,,,Write-In Totals,0,0,0,0
Mifflin,JUNIATA TERRACE BORO,ATTORNEY GENERAL,,DEM,JOSH SHAPIRO,79,47,0,32
Mifflin,JUNIATA TERRACE BORO,ATTORNEY GENERAL,,REP,HEATHER HEIDELBAUGH,158,141,1,16
Mifflin,JUNIATA TERRACE BORO,ATTORNEY GENERAL,,LIB,DANIEL WASSMER,6,5,0,1
Mifflin,JUNIATA TERRACE BORO,ATTORNEY GENERAL,,GRE,RICHARD L WEISS,4,4,0,0
Mifflin,JUNIATA TERRACE BORO,ATTORNEY GENERAL,,,Write-In Totals,0,0,0,0
Mifflin,JUNIATA TERRACE BORO,AUDITOR GENERAL,,DEM,NINA AHMAD,63,32,0,31
Mifflin,JUNIATA TERRACE BORO,AUDITOR GENERAL,,REP,TIMOTHY DEFOOR,167,150,1,16
Mifflin,JUNIATA TERRACE BORO,AUDITOR GENERAL,,LIB,JENNIFER MOORE,11,9,0,2
Mifflin,JUNIATA TERRACE BORO,AUDITOR GENERAL,,GRE,OLIVIA FAISON,2,2,0,0
Mifflin,JUNIATA TERRACE BORO,AUDITOR GENERAL,,,Write-In Totals,1,1,0,0
Mifflin,JUNIATA TERRACE BORO,STATE TREASURER,,DEM,JOE TORSELLA,69,38,0,31
Mifflin,JUNIATA TERRACE BORO,STATE TREASURER,,REP,STACY L GARRITY,167,148,1,18
Mifflin,JUNIATA TERRACE BORO,STATE TREASURER,,LIB,JOE SOLOSKI,6,6,0,0
Mifflin,JUNIATA TERRACE BORO,STATE TREASURER,,GRE,TIMOTHY RUNKLE,3,3,0,0
Mifflin,JUNIATA TERRACE BORO,STATE TREASURER,,,Write-In Totals,1,1,0,0
Mifflin,JUNIATA TERRACE BORO,U.S. House,12,DEM,LEE GRIFFIN,71,41,0,30
Mifflin,JUNIATA TERRACE BORO,U.S. House,12,REP,FRED KELLER,175,155,1,19
Mifflin,JUNIATA TERRACE BORO,U.S. House,12,,Write-In Totals,0,0,0,0
Mifflin,JUNIATA TERRACE BORO,State Assembly,82,REP,JOHN HERSHEY,209,178,1,30
Mifflin,JUNIATA TERRACE BORO,State Assembly,82,,Write-In Totals,6,2,0,4
Mifflin,KISTLER BORO,Registered Voters,,,,175,,,
Mifflin,KISTLER BORO,Ballots Cast,,,,132,117,0,15
Mifflin,KISTLER BORO,Ballots Cast - Blank,,,,0,0,0,0
Mifflin,KISTLER BORO,President,,DEM,BIDEN and HARRIS,29,19,0,10
Mifflin,KISTLER BORO,President,,REP,TRUMP and PENCE,101,97,0,4
Mifflin,KISTLER BORO,President,,LIB,JORGENSEN and COHEN,1,1,0,0
Mifflin,KISTLER BORO,President,,,Write-In Totals,0,0,0,0
Mifflin,KISTLER BORO,ATTORNEY GENERAL,,DEM,JOSH SHAPIRO,29,20,0,9
Mifflin,KISTLER BORO,ATTORNEY GENERAL,,REP,HEATHER HEIDELBAUGH,95,91,0,4
Mifflin,KISTLER BORO,ATTORNEY GENERAL,,LIB,DANIEL WASSMER,1,1,0,0
Mifflin,KISTLER BORO,ATTORNEY GENERAL,,GRE,RICHARD L WEISS,2,2,0,0
Mifflin,KISTLER BORO,ATTORNEY GENERAL,,,Write-In Totals,0,0,0,0
Mifflin,KISTLER BORO,AUDITOR GENERAL,,DEM,NINA AHMAD,29,18,0,11
Mifflin,KISTLER BORO,AUDITOR GENERAL,,REP,TIMOTHY DEFOOR,93,91,0,2
Mifflin,KISTLER BORO,AUDITOR GENERAL,,LIB,JENNIFER MOORE,4,4,0,0
Mifflin,KISTLER BORO,AUDITOR GENERAL,,GRE,OLIVIA FAISON,1,1,0,0
Mifflin,KISTLER BORO,AUDITOR GENERAL,,,Write-In Totals,0,0,0,0
Mifflin,KISTLER BORO,STATE TREASURER,,DEM,JOE TORSELLA,27,18,0,9
Mifflin,KISTLER BORO,STATE TREASURER,,REP,STACY L GARRITY,99,95,0,4
Mifflin,KISTLER BORO,STATE TREASURER,,LIB,JOE SOLOSKI,1,1,0,0
Mifflin,KISTLER BORO,STATE TREASURER,,GRE,TIMOTHY RUNKLE,0,0,0,0
Mifflin,KISTLER BORO,STATE TREASURER,,,Write-In Totals,0,0,0,0
Mifflin,KISTLER BORO,U.S. House,12,DEM,LEE GRIFFIN,28,17,0,11
Mifflin,KISTLER BORO,U.S. House,12,REP,FRED KELLER,100,98,0,2
Mifflin,KISTLER BORO,U.S. House,12,,Write-In Totals,0,0,0,0
Mifflin,KISTLER BORO,State Assembly,81,DEM,IAN M KIDD,31,20,0,11
Mifflin,KISTLER BORO,State Assembly,81,REP,RICH IRVIN,97,94,0,3
Mifflin,KISTLER BORO,State Assembly,81,,Write-In Totals,0,0,0,0
Mifflin,LEWISTOWN WEST,Registered Voters,,,,1027,,,
Mifflin,LEWISTOWN WEST,Ballots Cast,,,,713,526,7,180
Mifflin,LEWISTOWN WEST,Ballots Cast - Blank,,,,0,0,0,0
Mifflin,LEWISTOWN WEST,President,,DEM,BIDEN and HARRIS,209,104,3,102
Mifflin,LEWISTOWN WEST,President,,REP,TRUMP and PENCE,490,413,4,73
Mifflin,LEWISTOWN WEST,President,,LIB,JORGENSEN and COHEN,11,8,0,3
Mifflin,LEWISTOWN WEST,President,,,Write-In Totals,1,1,0,0
Mifflin,LEWISTOWN WEST,ATTORNEY GENERAL,,DEM,JOSH SHAPIRO,211,109,4,98
Mifflin,LEWISTOWN WEST,ATTORNEY GENERAL,,REP,HEATHER HEIDELBAUGH,465,389,2,74
Mifflin,LEWISTOWN WEST,ATTORNEY GENERAL,,LIB,DANIEL WASSMER,25,18,0,7
Mifflin,LEWISTOWN WEST,ATTORNEY GENERAL,,GRE,RICHARD L WEISS,1,1,0,0
Mifflin,LEWISTOWN WEST,ATTORNEY GENERAL,,,Write-In Totals,1,1,0,0
Mifflin,LEWISTOWN WEST,AUDITOR GENERAL,,DEM,NINA AHMAD,179,83,3,93
Mifflin,LEWISTOWN WEST,AUDITOR GENERAL,,REP,TIMOTHY DEFOOR,475,400,3,72
Mifflin,LEWISTOWN WEST,AUDITOR GENERAL,,LIB,JENNIFER MOORE,37,27,0,10
Mifflin,LEWISTOWN WEST,AUDITOR GENERAL,,GRE,OLIVIA FAISON,5,4,0,1
Mifflin,LEWISTOWN WEST,AUDITOR GENERAL,,,Write-In Totals,1,1,0,0
Mifflin,LEWISTOWN WEST,STATE TREASURER,,DEM,JOE TORSELLA,190,96,3,91
Mifflin,LEWISTOWN WEST,STATE TREASURER,,REP,STACY L GARRITY,474,394,3,77
Mifflin,LEWISTOWN WEST,STATE TREASURER,,LIB,JOE SOLOSKI,25,18,0,7
Mifflin,LEWISTOWN WEST,STATE TREASURER,,GRE,TIMOTHY RUNKLE,9,6,0,3
Mifflin,LEWISTOWN WEST,STATE TREASURER,,,Write-In Totals,0,0,0,0
Mifflin,LEWISTOWN WEST,U.S. House,12,DEM,LEE GRIFFIN,193,97,3,93
Mifflin,LEWISTOWN WEST,U.S. House,12,REP,FRED KELLER,500,411,3,86
Mifflin,LEWISTOWN WEST,U.S. House,12,,Write-In Totals,1,1,0,0
Mifflin,LEWISTOWN WEST,State Assembly,82,REP,JOHN HERSHEY,596,464,4,128
Mifflin,LEWISTOWN WEST,State Assembly,82,,Write-In Totals,26,11,0,15
Mifflin,LEWISTOWN CENTRAL,Registered Voters,,,,1075,,,
Mifflin,LEWISTOWN CENTRAL,Ballots Cast,,,,685,446,6,233
Mifflin,LEWISTOWN CENTRAL,Ballots Cast - Blank,,,,0,0,0,0
Mifflin,LEWISTOWN CENTRAL,President,,DEM,BIDEN and HARRIS,248,101,3,144
Mifflin,LEWISTOWN CENTRAL,President,,REP,TRUMP and PENCE,413,334,2,77
Mifflin,LEWISTOWN CENTRAL,President,,LIB,JORGENSEN and COHEN,12,7,0,5
Mifflin,LEWISTOWN CENTRAL,President,,,Write-In Totals,7,3,1,3
Mifflin,LEWISTOWN CENTRAL,ATTORNEY GENERAL,,DEM,JOSH SHAPIRO,254,108,3,143
Mifflin,LEWISTOWN CENTRAL,ATTORNEY GENERAL,,REP,HEATHER HEIDELBAUGH,385,310,1,74
Mifflin,LEWISTOWN CENTRAL,ATTORNEY GENERAL,,LIB,DANIEL WASSMER,20,13,0,7
Mifflin,LEWISTOWN CENTRAL,ATTORNEY GENERAL,,GRE,RICHARD L WEISS,8,3,0,5
Mifflin,LEWISTOWN CENTRAL,ATTORNEY GENERAL,,,Write-In Totals,1,0,1,0
Mifflin,LEWISTOWN CENTRAL,AUDITOR GENERAL,,DEM,NINA AHMAD,225,88,2,135
Mifflin,LEWISTOWN CENTRAL,AUDITOR GENERAL,,REP,TIMOTHY DEFOOR,387,310,1,76
Mifflin,LEWISTOWN CENTRAL,AUDITOR GENERAL,,LIB,JENNIFER MOORE,39,25,0,14
Mifflin,LEWISTOWN CENTRAL,AUDITOR GENERAL,,GRE,OLIVIA FAISON,6,4,0,2
Mifflin,LEWISTOWN CENTRAL,AUDITOR GENERAL,,,Write-In Totals,1,0,1,0
Mifflin,LEWISTOWN CENTRAL,STATE TREASURER,,DEM,JOE TORSELLA,234,91,2,141
Mifflin,LEWISTOWN CENTRAL,STATE TREASURER,,REP,STACY L GARRITY,397,320,1,76
Mifflin,LEWISTOWN CENTRAL,STATE TREASURER,,LIB,JOE SOLOSKI,20,12,0,8
Mifflin,LEWISTOWN CENTRAL,STATE TREASURER,,GRE,TIMOTHY RUNKLE,9,7,0,2
Mifflin,LEWISTOWN CENTRAL,STATE TREASURER,,,Write-In Totals,1,0,1,0
Mifflin,LEWISTOWN CENTRAL,U.S. House,12,DEM,LEE GRIFFIN,241,96,2,143
Mifflin,LEWISTOWN CENTRAL,U.S. House,12,REP,FRED KELLER,424,337,1,86
Mifflin,LEWISTOWN CENTRAL,U.S. House,12,,Write-In Totals,1,0,1,0
Mifflin,LEWISTOWN CENTRAL,State Assembly,82,REP,JOHN HERSHEY,537,385,1,151
Mifflin,LEWISTOWN CENTRAL,State Assembly,82,,Write-In Totals,36,12,1,23
Mifflin,LEWISTOWN NORTH,Registered Voters,,,,1263,,,
Mifflin,LEWISTOWN NORTH,Ballots Cast,,,,870,662,17,191
Mifflin,LEWISTOWN NORTH,Ballots Cast - Blank,,,,1,1,0,0
Mifflin,LEWISTOWN NORTH,President,,DEM,BIDEN and HARRIS,241,126,6,109
Mifflin,LEWISTOWN NORTH,President,,REP,TRUMP and PENCE,616,527,11,78
Mifflin,LEWISTOWN NORTH,President,,LIB,JORGENSEN and COHEN,8,6,0,2
Mifflin,LEWISTOWN NORTH,President,,,Write-In Totals,2,1,0,1
Mifflin,LEWISTOWN NORTH,ATTORNEY GENERAL,,DEM,JOSH SHAPIRO,257,138,8,111
Mifflin,LEWISTOWN NORTH,ATTORNEY GENERAL,,REP,HEATHER HEIDELBAUGH,570,491,8,71
Mifflin,LEWISTOWN NORTH,ATTORNEY GENERAL,,LIB,DANIEL WASSMER,22,18,0,4
Mifflin,LEWISTOWN NORTH,ATTORNEY GENERAL,,GRE,RICHARD L WEISS,11,7,0,4
Mifflin,LEWISTOWN NORTH,ATTORNEY GENERAL,,,Write-In Totals,1,1,0,0
Mifflin,LEWISTOWN NORTH,AUDITOR GENERAL,,DEM,NINA AHMAD,218,116,4,98
Mifflin,LEWISTOWN NORTH,AUDITOR GENERAL,,REP,TIMOTHY DEFOOR,581,490,11,80
Mifflin,LEWISTOWN NORTH,AUDITOR GENERAL,,LIB,JENNIFER MOORE,42,35,1,6
Mifflin,LEWISTOWN NORTH,AUDITOR GENERAL,,GRE,OLIVIA FAISON,12,7,0,5
Mifflin,LEWISTOWN NORTH,AUDITOR GENERAL,,,Write-In Totals,0,0,0,0
Mifflin,LEWISTOWN NORTH,STATE TREASURER,,DEM,JOE TORSELLA,229,120,5,104
Mifflin,LEWISTOWN NORTH,STATE TREASURER,,REP,STACY L GARRITY,587,501,10,76
Mifflin,LEWISTOWN NORTH,STATE TREASURER,,LIB,JOE SOLOSKI,28,24,1,3
Mifflin,LEWISTOWN NORTH,STATE TREASURER,,GRE,TIMOTHY RUNKLE,12,6,0,6
Mifflin,LEWISTOWN NORTH,STATE TREASURER,,,Write-In Totals,0,0,0,0
Mifflin,LEWISTOWN NORTH,U.S. House,12,DEM,LEE GRIFFIN,244,134,6,104
Mifflin,LEWISTOWN NORTH,U.S. House,12,REP,FRED KELLER,612,517,10,85
Mifflin,LEWISTOWN NORTH,U.S. House,12,,Write-In Totals,0,0,0,0
Mifflin,LEWISTOWN NORTH,State Assembly,82,REP,JOHN HERSHEY,761,598,13,150
Mifflin,LEWISTOWN NORTH,State Assembly,82,,Write-In Totals,24,12,1,11
Mifflin,LEWISTOWN SOUTH,Registered Voters,,,,1380,,,
Mifflin,LEWISTOWN SOUTH,Ballots Cast,,,,1013,732,1,280
Mifflin,LEWISTOWN SOUTH,Ballots Cast - Blank,,,,0,0,0,0
Mifflin,LEWISTOWN SOUTH,President,,DEM,BIDEN and HARRIS,286,119,1,166
Mifflin,LEWISTOWN SOUTH,President,,REP,TRUMP and PENCE,704,595,0,109
Mifflin,LEWISTOWN SOUTH,President,,LIB,JORGENSEN and COHEN,15,13,0,2
Mifflin,LEWISTOWN SOUTH,President,,,Write-In Totals,5,3,0,2
Mifflin,LEWISTOWN SOUTH,ATTORNEY GENERAL,,DEM,JOSH SHAPIRO,298,139,1,158
Mifflin,LEWISTOWN SOUTH,ATTORNEY GENERAL,,REP,HEATHER HEIDELBAUGH,651,545,0,106
Mifflin,LEWISTOWN SOUTH,ATTORNEY GENERAL,,LIB,DANIEL WASSMER,28,23,0,5
Mifflin,LEWISTOWN SOUTH,ATTORNEY GENERAL,,GRE,RICHARD L WEISS,9,5,0,4
Mifflin,LEWISTOWN SOUTH,ATTORNEY GENERAL,,,Write-In Totals,0,0,0,0
Mifflin,LEWISTOWN SOUTH,AUDITOR GENERAL,,DEM,NINA AHMAD,241,98,1,142
Mifflin,LEWISTOWN SOUTH,AUDITOR GENERAL,,REP,TIMOTHY DEFOOR,679,561,0,118
Mifflin,LEWISTOWN SOUTH,AUDITOR GENERAL,,LIB,JENNIFER MOORE,44,35,0,9
Mifflin,LEWISTOWN SOUTH,AUDITOR GENERAL,,GRE,OLIVIA FAISON,16,12,0,4
Mifflin,LEWISTOWN SOUTH,AUDITOR GENERAL,,,Write-In Totals,1,1,0,0
Mifflin,LEWISTOWN SOUTH,STATE TREASURER,,DEM,JOE TORSELLA,262,111,1,150
Mifflin,LEWISTOWN SOUTH,STATE TREASURER,,REP,STACY L GARRITY,673,559,0,114
Mifflin,LEWISTOWN SOUTH,STATE TREASURER,,LIB,JOE SOLOSKI,32,26,0,6
Mifflin,LEWISTOWN SOUTH,STATE TREASURER,,GRE,TIMOTHY RUNKLE,18,14,0,4
Mifflin,LEWISTOWN SOUTH,STATE TREASURER,,,Write-In Totals,0,0,0,0
Mifflin,LEWISTOWN SOUTH,U.S. House,12,DEM,LEE GRIFFIN,266,116,1,149
Mifflin,LEWISTOWN SOUTH,U.S. House,12,REP,FRED KELLER,723,597,0,126
Mifflin,LEWISTOWN SOUTH,U.S. House,12,,Write-In Totals,0,0,0,0
Mifflin,LEWISTOWN SOUTH,State Assembly,82,REP,JOHN HERSHEY,849,662,1,186
Mifflin,LEWISTOWN SOUTH,State Assembly,82,,Write-In Totals,28,12,0,16
Mifflin,MCVEYTOWN BORO,Registered Voters,,,,232,,,
Mifflin,MCVEYTOWN BORO,Ballots Cast,,,,190,162,0,28
Mifflin,MCVEYTOWN BORO,Ballots Cast - Blank,,,,0,0,0,0
Mifflin,MCVEYTOWN BORO,President,,DEM,BIDEN and HARRIS,43,27,0,16
Mifflin,MCVEYTOWN BORO,President,,REP,TRUMP and PENCE,142,132,0,10
Mifflin,MCVEYTOWN BORO,President,,LIB,JORGENSEN and COHEN,5,3,0,2
Mifflin,MCVEYTOWN BORO,President,,,Write-In Totals,0,0,0,0
Mifflin,MCVEYTOWN BORO,ATTORNEY GENERAL,,DEM,JOSH SHAPIRO,47,32,0,15
Mifflin,MCVEYTOWN BORO,ATTORNEY GENERAL,,REP,HEATHER HEIDELBAUGH,137,125,0,12
Mifflin,MCVEYTOWN BORO,ATTORNEY GENERAL,,LIB,DANIEL WASSMER,1,1,0,0
Mifflin,MCVEYTOWN BORO,ATTORNEY GENERAL,,GRE,RICHARD L WEISS,1,0,0,1
Mifflin,MCVEYTOWN BORO,ATTORNEY GENERAL,,,Write-In Totals,0,0,0,0
Mifflin,MCVEYTOWN BORO,AUDITOR GENERAL,,DEM,NINA AHMAD,35,21,0,14
Mifflin,MCVEYTOWN BORO,AUDITOR GENERAL,,REP,TIMOTHY DEFOOR,140,130,0,10
Mifflin,MCVEYTOWN BORO,AUDITOR GENERAL,,LIB,JENNIFER MOORE,8,5,0,3
Mifflin,MCVEYTOWN BORO,AUDITOR GENERAL,,GRE,OLIVIA FAISON,2,1,0,1
Mifflin,MCVEYTOWN BORO,AUDITOR GENERAL,,,Write-In Totals,0,0,0,0
Mifflin,MCVEYTOWN BORO,STATE TREASURER,,DEM,JOE TORSELLA,34,22,0,12
Mifflin,MCVEYTOWN BORO,STATE TREASURER,,REP,STACY L GARRITY,142,128,0,14
Mifflin,MCVEYTOWN BORO,STATE TREASURER,,LIB,JOE SOLOSKI,2,2,0,0
Mifflin,MCVEYTOWN BORO,STATE TREASURER,,GRE,TIMOTHY RUNKLE,8,6,0,2
Mifflin,MCVEYTOWN BORO,STATE TREASURER,,,Write-In Totals,0,0,0,0
Mifflin,MCVEYTOWN BORO,U.S. House,12,DEM,LEE GRIFFIN,35,23,0,12
Mifflin,MCVEYTOWN BORO,U.S. House,12,REP,FRED KELLER,151,135,0,16
Mifflin,MCVEYTOWN BORO,U.S. House,12,,Write-In Totals,0,0,0,0
Mifflin,MCVEYTOWN BORO,State Assembly,82,REP,JOHN HERSHEY,172,149,0,23
Mifflin,MCVEYTOWN BORO,State Assembly,82,,Write-In Totals,5,3,0,2
Mifflin,MENNO,Registered Voters,,,,459,,,
Mifflin,MENNO,Ballots Cast,,,,394,351,3,40
Mifflin,MENNO,Ballots Cast - Blank,,,,0,0,0,0
Mifflin,MENNO,President,,DEM,BIDEN and HARRIS,37,20,1,16
Mifflin,MENNO,President,,REP,TRUMP and PENCE,352,328,1,23
Mifflin,MENNO,President,,LIB,JORGENSEN and COHEN,2,1,1,0
Mifflin,MENNO,President,,,Write-In Totals,1,1,0,0
Mifflin,MENNO,ATTORNEY GENERAL,,DEM,JOSH SHAPIRO,38,23,1,14
Mifflin,MENNO,ATTORNEY GENERAL,,REP,HEATHER HEIDELBAUGH,341,314,1,26
Mifflin,MENNO,ATTORNEY GENERAL,,LIB,DANIEL WASSMER,7,6,1,0
Mifflin,MENNO,ATTORNEY GENERAL,,GRE,RICHARD L WEISS,1,1,0,0
Mifflin,MENNO,ATTORNEY GENERAL,,,Write-In Totals,0,0,0,0
Mifflin,MENNO,AUDITOR GENERAL,,DEM,NINA AHMAD,30,15,1,14
Mifflin,MENNO,AUDITOR GENERAL,,REP,TIMOTHY DEFOOR,343,316,1,26
Mifflin,MENNO,AUDITOR GENERAL,,LIB,JENNIFER MOORE,9,8,1,0
Mifflin,MENNO,AUDITOR GENERAL,,GRE,OLIVIA FAISON,1,1,0,0
Mifflin,MENNO,AUDITOR GENERAL,,,Write-In Totals,0,0,0,0
Mifflin,MENNO,STATE TREASURER,,DEM,JOE TORSELLA,35,20,1,14
Mifflin,MENNO,STATE TREASURER,,REP,STACY L GARRITY,344,317,1,26
Mifflin,MENNO,STATE TREASURER,,LIB,JOE SOLOSKI,4,3,1,0
Mifflin,MENNO,STATE TREASURER,,GRE,TIMOTHY RUNKLE,2,2,0,0
Mifflin,MENNO,STATE TREASURER,,,Write-In Totals,0,0,0,0
Mifflin,MENNO,U.S. House,12,DEM,LEE GRIFFIN,31,16,1,14
Mifflin,MENNO,U.S. House,12,REP,FRED KELLER,357,329,2,26
Mifflin,MENNO,U.S. House,12,,Write-In Totals,1,1,0,0
Mifflin,MENNO,State Assembly,82,REP,JOHN HERSHEY,370,336,2,32
Mifflin,MENNO,State Assembly,82,,Write-In Totals,2,0,0,2
Mifflin,NEWTON HAMILTON BORO,Registered Voters,,,,105,,,
Mifflin,NEWTON HAMILTON BORO,Ballots Cast,,,,75,66,1,8
Mifflin,NEWTON HAMILTON BORO,Ballots Cast - Blank,,,,0,0,0,0
Mifflin,NEWTON HAMILTON BORO,President,,DEM,BIDEN and HARRIS,7,6,0,1
Mifflin,NEWTON HAMILTON BORO,President,,REP,TRUMP and PENCE,68,60,1,7
Mifflin,NEWTON HAMILTON BORO,President,,LIB,JORGENSEN and COHEN,0,0,0,0
Mifflin,NEWTON HAMILTON BORO,President,,,Write-In Totals,0,0,0,0
Mifflin,NEWTON HAMILTON BORO,ATTORNEY GENERAL,,DEM,JOSH SHAPIRO,12,9,1,2
Mifflin,NEWTON HAMILTON BORO,ATTORNEY GENERAL,,REP,HEATHER HEIDELBAUGH,59,53,0,6
Mifflin,NEWTON HAMILTON BORO,ATTORNEY GENERAL,,LIB,DANIEL WASSMER,1,1,0,0
Mifflin,NEWTON HAMILTON BORO,ATTORNEY GENERAL,,GRE,RICHARD L WEISS,3,3,0,0
Mifflin,NEWTON HAMILTON BORO,ATTORNEY GENERAL,,,Write-In Totals,0,0,0,0
Mifflin,NEWTON HAMILTON BORO,AUDITOR GENERAL,,DEM,NINA AHMAD,7,6,1,0
Mifflin,NEWTON HAMILTON BORO,AUDITOR GENERAL,,REP,TIMOTHY DEFOOR,62,55,0,7
Mifflin,NEWTON HAMILTON BORO,AUDITOR GENERAL,,LIB,JENNIFER MOORE,5,4,0,1
Mifflin,NEWTON HAMILTON BORO,AUDITOR GENERAL,,GRE,OLIVIA FAISON,1,1,0,0
Mifflin,NEWTON HAMILTON BORO,AUDITOR GENERAL,,,Write-In Totals,0,0,0,0
Mifflin,NEWTON HAMILTON BORO,STATE TREASURER,,DEM,JOE TORSELLA,6,5,1,0
Mifflin,NEWTON HAMILTON BORO,STATE TREASURER,,REP,STACY L GARRITY,64,57,0,7
Mifflin,NEWTON HAMILTON BORO,STATE TREASURER,,LIB,JOE SOLOSKI,3,2,0,1
Mifflin,NEWTON HAMILTON BORO,STATE TREASURER,,GRE,TIMOTHY RUNKLE,2,2,0,0
Mifflin,NEWTON HAMILTON BORO,STATE TREASURER,,,Write-In Totals,0,0,0,0
Mifflin,NEWTON HAMILTON BORO,U.S. House,12,DEM,LEE GRIFFIN,7,5,1,1
Mifflin,NEWTON HAMILTON BORO,U.S. House,12,REP,FRED KELLER,68,61,0,7
Mifflin,NEWTON HAMILTON BORO,U.S. House,12,,Write-In Totals,0,0,0,0
Mifflin,NEWTON HAMILTON BORO,State Assembly,81,DEM,IAN M KIDD,12,10,1,1
Mifflin,NEWTON HAMILTON BORO,State Assembly,81,REP,RICH IRVIN,61,54,0,7
Mifflin,NEWTON HAMILTON BORO,State Assembly,81,,Write-In Totals,0,0,0,0
Mifflin,OLIVER,Registered Voters,,,,1233,,,
Mifflin,OLIVER,Ballots Cast,,,,1056,867,8,181
Mifflin,OLIVER,Ballots Cast - Blank,,,,0,0,0,0
Mifflin,OLIVER,President,,DEM,BIDEN and HARRIS,150,68,2,80
Mifflin,OLIVER,President,,REP,TRUMP and PENCE,898,793,6,99
Mifflin,OLIVER,President,,LIB,JORGENSEN and COHEN,7,6,0,1
Mifflin,OLIVER,President,,,Write-In Totals,0,0,0,0
Mifflin,OLIVER,ATTORNEY GENERAL,,DEM,JOSH SHAPIRO,178,94,2,82
Mifflin,OLIVER,ATTORNEY GENERAL,,REP,HEATHER HEIDELBAUGH,841,747,5,89
Mifflin,OLIVER,ATTORNEY GENERAL,,LIB,DANIEL WASSMER,11,10,0,1
Mifflin,OLIVER,ATTORNEY GENERAL,,GRE,RICHARD L WEISS,3,2,0,1
Mifflin,OLIVER,ATTORNEY GENERAL,,,Write-In Totals,0,0,0,0
Mifflin,OLIVER,AUDITOR GENERAL,,DEM,NINA AHMAD,138,63,1,74
Mifflin,OLIVER,AUDITOR GENERAL,,REP,TIMOTHY DEFOOR,860,762,5,93
Mifflin,OLIVER,AUDITOR GENERAL,,LIB,JENNIFER MOORE,23,20,0,3
Mifflin,OLIVER,AUDITOR GENERAL,,GRE,OLIVIA FAISON,6,4,1,1
Mifflin,OLIVER,AUDITOR GENERAL,,,Write-In Totals,0,0,0,0
Mifflin,OLIVER,STATE TREASURER,,DEM,JOE TORSELLA,147,71,1,75
Mifflin,OLIVER,STATE TREASURER,,REP,STACY L GARRITY,862,761,5,96
Mifflin,OLIVER,STATE TREASURER,,LIB,JOE SOLOSKI,19,19,0,0
Mifflin,OLIVER,STATE TREASURER,,GRE,TIMOTHY RUNKLE,9,6,1,2
Mifflin,OLIVER,STATE TREASURER,,,Write-In Totals,1,1,0,0
Mifflin,OLIVER,U.S. House,12,DEM,LEE GRIFFIN,140,63,2,75
Mifflin,OLIVER,U.S. House,12,REP,FRED KELLER,894,791,6,97
Mifflin,OLIVER,U.S. House,12,,Write-In Totals,0,0,0,0
Mifflin,OLIVER,State Assembly,82,REP,JOHN HERSHEY,945,814,7,124
Mifflin,OLIVER,State Assembly,82,,Write-In Totals,22,9,1,12
Mifflin,UNION,Registered Voters,,,,1703,,,
Mifflin,UNION,Ballots Cast,,,,1318,966,13,339
Mifflin,UNION,Ballots Cast - Blank,,,,0,0,0,0
Mifflin,UNION,President,,DEM,BIDEN and HARRIS,246,101,2,143
Mifflin,UNION,President,,REP,TRUMP and PENCE,1053,856,10,187
Mifflin,UNION,President,,LIB,JORGENSEN and COHEN,12,7,0,5
Mifflin,UNION,President,,,Write-In Totals,3,2,1,0
Mifflin,UNION,ATTORNEY GENERAL,,DEM,JOSH SHAPIRO,247,116,1,130
Mifflin,UNION,ATTORNEY GENERAL,,REP,HEATHER HEIDELBAUGH,1023,827,10,186
Mifflin,UNION,ATTORNEY GENERAL,,LIB,DANIEL WASSMER,23,11,1,11
Mifflin,UNION,ATTORNEY GENERAL,,GRE,RICHARD L WEISS,5,3,1,1
Mifflin,UNION,ATTORNEY GENERAL,,,Write-In Totals,0,0,0,0
Mifflin,UNION,AUDITOR GENERAL,,DEM,NINA AHMAD,194,79,2,113
Mifflin,UNION,AUDITOR GENERAL,,REP,TIMOTHY DEFOOR,1056,850,10,196
Mifflin,UNION,AUDITOR GENERAL,,LIB,JENNIFER MOORE,33,20,0,13
Mifflin,UNION,AUDITOR GENERAL,,GRE,OLIVIA FAISON,7,2,1,4
Mifflin,UNION,AUDITOR GENERAL,,,Write-In Totals,0,0,0,0
Mifflin,UNION,STATE TREASURER,,DEM,JOE TORSELLA,222,94,2,126
Mifflin,UNION,STATE TREASURER,,REP,STACY L GARRITY,1032,835,9,188
Mifflin,UNION,STATE TREASURER,,LIB,JOE SOLOSKI,26,15,0,11
Mifflin,UNION,STATE TREASURER,,GRE,TIMOTHY RUNKLE,13,9,2,2
Mifflin,UNION,STATE TREASURER,,,Write-In Totals,0,0,0,0
Mifflin,UNION,U.S. House,12,DEM,LEE GRIFFIN,222,89,4,129
Mifflin,UNION,U.S. House,12,REP,FRED KELLER,1077,866,9,202
Mifflin,UNION,U.S. House,12,,Write-In Totals,2,1,0,1
Mifflin,UNION,State Assembly,171,DEM,PETER BUCK,181,79,4,98
Mifflin,UNION,State Assembly,171,REP,KERRY A BENNINGHOFF,1123,881,9,233
Mifflin,UNION,State Assembly,171,,Write-In Totals,1,0,0,1
Mifflin,WAYNE,Registered Voters,,,,1534,,,
Mifflin,WAYNE,Ballots Cast,,,,1262,1054,16,192
Mifflin,WAYNE,Ballots Cast - Blank,,,,0,0,0,0
Mifflin,WAYNE,President,,DEM,BIDEN and HARRIS,178,76,3,99
Mifflin,WAYNE,President,,REP,TRUMP and PENCE,1076,972,13,91
Mifflin,WAYNE,President,,LIB,JORGENSEN and COHEN,8,6,0,2
Mifflin,WAYNE,President,,,Write-In Totals,0,0,0,0
Mifflin,WAYNE,ATTORNEY GENERAL,,DEM,JOSH SHAPIRO,195,96,3,96
Mifflin,WAYNE,ATTORNEY GENERAL,,REP,HEATHER HEIDELBAUGH,1034,932,13,89
Mifflin,WAYNE,ATTORNEY GENERAL,,LIB,DANIEL WASSMER,14,11,0,3
Mifflin,WAYNE,ATTORNEY GENERAL,,GRE,RICHARD L WEISS,5,2,0,3
Mifflin,WAYNE,ATTORNEY GENERAL,,,Write-In Totals,1,1,0,0
Mifflin,WAYNE,AUDITOR GENERAL,,DEM,NINA AHMAD,173,81,3,89
Mifflin,WAYNE,AUDITOR GENERAL,,REP,TIMOTHY DEFOOR,1040,935,12,93
Mifflin,WAYNE,AUDITOR GENERAL,,LIB,JENNIFER MOORE,23,17,0,6
Mifflin,WAYNE,AUDITOR GENERAL,,GRE,OLIVIA FAISON,5,1,1,3
Mifflin,WAYNE,AUDITOR GENERAL,,,Write-In Totals,2,2,0,0
Mifflin,WAYNE,STATE TREASURER,,DEM,JOE TORSELLA,185,94,3,88
Mifflin,WAYNE,STATE TREASURER,,REP,STACY L GARRITY,1041,929,13,99
Mifflin,WAYNE,STATE TREASURER,,LIB,JOE SOLOSKI,13,11,0,2
Mifflin,WAYNE,STATE TREASURER,,GRE,TIMOTHY RUNKLE,6,4,0,2
Mifflin,WAYNE,STATE TREASURER,,,Write-In Totals,1,1,0,0
Mifflin,WAYNE,U.S. House,12,DEM,LEE GRIFFIN,181,83,4,94
Mifflin,WAYNE,U.S. House,12,REP,FRED KELLER,1063,956,12,95
Mifflin,WAYNE,U.S. House,12,,Write-In Totals,1,1,0,0
Mifflin,WAYNE,State Assembly,81,DEM,IAN M KIDD,186,90,3,93
Mifflin,WAYNE,State Assembly,81,REP,RICH IRVIN,1051,941,12,98
Mifflin,WAYNE,State Assembly,81,,Write-In Totals,3,3,0,0