county,precinct,office,district,party,candidate,votes
Clearfield,0001 Brisbin Borough,,,,Registered Voters,239
Clearfield,0001 Brisbin Borough,,,,Ballots Cast,143
Clearfield,0001 Brisbin Borough,Straight Party,,DEM,Democratic,12
Clearfield,0001 Brisbin Borough,Straight Party,,REP,Republican,64
Clearfield,0001 Brisbin Borough,Straight Party,,GR),Green,0
Clearfield,0001 Brisbin Borough,Straight Party,,LIB,Libertarian,0
Clearfield,0001 Brisbin Borough,U.S. Senate,,DEM,BOB CASEY JR,52
Clearfield,0001 Brisbin Borough,U.S. Senate,,REP,LOU BARLETTA,88
Clearfield,0001 Brisbin Borough,U.S. Senate,,GR,NEAL GALE,2
Clearfield,0001 Brisbin Borough,U.S. Senate,,LIB,DALE R KERNS JR,0
Clearfield,0001 Brisbin Borough,U.S. Senate,,,Write-ins,0
Clearfield,0001 Brisbin Borough,Governor,,DEM,TOM WOLF,41
Clearfield,0001 Brisbin Borough,Governor,,REP,SCOTT R WAGNER,99
Clearfield,0001 Brisbin Borough,Governor,,GR),PAUL GLOVER,0
Clearfield,0001 Brisbin Borough,Governor,,LIB,KEN V KRAWCHUK,1
Clearfield,0001 Brisbin Borough,Governor,,,Write-ins,1
Clearfield,0001 Brisbin Borough,U.S. House,15,DEM,SUSAN BOSER,28
Clearfield,0001 Brisbin Borough,U.S. House,15,REP,GLENN GT THOMPSON,114
Clearfield,0001 Brisbin Borough,U.S. House,15,,Write-ins,0
Clearfield,0001 Brisbin Borough,State House,73,REP,TOMMY SANKEY,138
Clearfield,0001 Brisbin Borough,State House,73,,Write-ins,1
Clearfield,0002 Burnside Borough,,,,Registered Voters,110
Clearfield,0002 Burnside Borough,,,,Ballots Cast,53
Clearfield,0002 Burnside Borough,Straight Party,,DEM,Democratic,13
Clearfield,0002 Burnside Borough,Straight Party,,REP,Republican,23
Clearfield,0002 Burnside Borough,Straight Party,,GR),Green,0
Clearfield,0002 Burnside Borough,Straight Party,,LIB,Libertarian,0
Clearfield,0002 Burnside Borough,U.S. Senate,,DEM,BOB CASEY JR,21
Clearfield,0002 Burnside Borough,U.S. Senate,,REP,LOU BARLETTA,31
Clearfield,0002 Burnside Borough,U.S. Senate,,GR,NEAL GALE,0
Clearfield,0002 Burnside Borough,U.S. Senate,,LIB,DALE R KERNS JR,1
Clearfield,0002 Burnside Borough,U.S. Senate,,,Write-ins,0
Clearfield,0002 Burnside Borough,Governor,,DEM,TOM WOLF,18
Clearfield,0002 Burnside Borough,Governor,,REP,SCOTT R WAGNER,33
Clearfield,0002 Burnside Borough,Governor,,GR),PAUL GLOVER,1
Clearfield,0002 Burnside Borough,Governor,,LIB,KEN V KRAWCHUK,1
Clearfield,0002 Burnside Borough,Governor,,,Write-ins,0
Clearfield,0002 Burnside Borough,U.S. House,15,DEM,SUSAN BOSER,19
Clearfield,0002 Burnside Borough,U.S. House,15,REP,GLENN GT THOMPSON,33
Clearfield,0002 Burnside Borough,U.S. House,15,,Write-ins,0
Clearfield,0002 Burnside Borough,State House,73,REP,TOMMY SANKEY,53  100.00
Clearfield,0002 Burnside Borough,State House,73,,Write-ins,0
Clearfield,0003 Chester Hill Borough,,,,Registered Voters,0
Clearfield,0003 Chester Hill Borough,,,,Ballots Cast,256
Clearfield,0003 Chester Hill Borough,Straight Party,,DEM,Democratic,53
Clearfield,0003 Chester Hill Borough,Straight Party,,REP,Republican,90
Clearfield,0003 Chester Hill Borough,Straight Party,,GR),Green,0
Clearfield,0003 Chester Hill Borough,Straight Party,,LIB,Libertarian,0
Clearfield,0003 Chester Hill Borough,U.S. Senate,,DEM,BOB CASEY JR,111
Clearfield,0003 Chester Hill Borough,U.S. Senate,,REP,LOU BARLETTA,141
Clearfield,0003 Chester Hill Borough,U.S. Senate,,GR,NEAL GALE,1
Clearfield,0003 Chester Hill Borough,U.S. Senate,,LIB,DALE R KERNS JR,2
Clearfield,0003 Chester Hill Borough,U.S. Senate,,,Write-ins,0
Clearfield,0003 Chester Hill Borough,Governor,,DEM,TOM WOLF,116
Clearfield,0003 Chester Hill Borough,Governor,,REP,SCOTT R WAGNER,136
Clearfield,0003 Chester Hill Borough,Governor,,GR),PAUL GLOVER,1
Clearfield,0003 Chester Hill Borough,Governor,,LIB,KEN V KRAWCHUK,3
Clearfield,0003 Chester Hill Borough,Governor,,,Write-ins,0
Clearfield,0003 Chester Hill Borough,U.S. House,15,DEM,SUSAN BOSER,84
Clearfield,0003 Chester Hill Borough,U.S. House,15,REP,GLENN GT THOMPSON,172
Clearfield,0003 Chester Hill Borough,U.S. House,15,,Write-ins,0
Clearfield,0003 Chester Hill Borough,State House,73,REP,TOMMY SANKEY,252
Clearfield,0003 Chester Hill Borough,State House,73,,Write-ins,1
Clearfield,0004 Clearfield 1st Ward,,,,Registered Voters,929
Clearfield,0004 Clearfield 1st Ward,,,,Ballots Cast,548
Clearfield,0004 Clearfield 1st Ward,Straight Party,,DEM,Democratic,93
Clearfield,0004 Clearfield 1st Ward,Straight Party,,REP,Republican,163
Clearfield,0004 Clearfield 1st Ward,Straight Party,,GR),Green,3
Clearfield,0004 Clearfield 1st Ward,Straight Party,,LIB,Libertarian,3
Clearfield,0004 Clearfield 1st Ward,U.S. Senate,,DEM,BOB CASEY JR,248
Clearfield,0004 Clearfield 1st Ward,U.S. Senate,,REP,LOU BARLETTA,275
Clearfield,0004 Clearfield 1st Ward,U.S. Senate,,GR,NEAL GALE,5
Clearfield,0004 Clearfield 1st Ward,U.S. Senate,,LIB,DALE R KERNS JR,14
Clearfield,0004 Clearfield 1st Ward,U.S. Senate,,,Write-ins,1
Clearfield,0004 Clearfield 1st Ward,Governor,,DEM,TOM WOLF,250
Clearfield,0004 Clearfield 1st Ward,Governor,,REP,SCOTT R WAGNER,270
Clearfield,0004 Clearfield 1st Ward,Governor,,GR),PAUL GLOVER,5
Clearfield,0004 Clearfield 1st Ward,Governor,,LIB,KEN V KRAWCHUK,17
Clearfield,0004 Clearfield 1st Ward,Governor,,,Write-ins,2
Clearfield,0004 Clearfield 1st Ward,U.S. House,15,DEM,SUSAN BOSER,201
Clearfield,0004 Clearfield 1st Ward,U.S. House,15,REP,GLENN GT THOMPSON,343
Clearfield,0004 Clearfield 1st Ward,U.S. House,15,,Write-ins,1
Clearfield,0004 Clearfield 1st Ward,State House,73,REP,TOMMY SANKEY,512
Clearfield,0004 Clearfield 1st Ward,State House,73,,Write-ins,12
Clearfield,0005 Clearfield 2nd Ward,,,,Registered Voters,1065
Clearfield,0005 Clearfield 2nd Ward,,,,Ballots Cast,631
Clearfield,0005 Clearfield 2nd Ward,Straight Party,,DEM,Democratic,129
Clearfield,0005 Clearfield 2nd Ward,Straight Party,,REP,Republican,206
Clearfield,0005 Clearfield 2nd Ward,Straight Party,,GR),Green,0
Clearfield,0005 Clearfield 2nd Ward,Straight Party,,LIB,Libertarian,4
Clearfield,0005 Clearfield 2nd Ward,U.S. Senate,,DEM,BOB CASEY JR,284
Clearfield,0005 Clearfield 2nd Ward,U.S. Senate,,REP,LOU BARLETTA,328
Clearfield,0005 Clearfield 2nd Ward,U.S. Senate,,GR,NEAL GALE,3
Clearfield,0005 Clearfield 2nd Ward,U.S. Senate,,LIB,DALE R KERNS JR,7
Clearfield,0005 Clearfield 2nd Ward,U.S. Senate,,,Write-ins,0
Clearfield,0005 Clearfield 2nd Ward,Governor,,DEM,TOM WOLF,274
Clearfield,0005 Clearfield 2nd Ward,Governor,,REP,SCOTT R WAGNER,346
Clearfield,0005 Clearfield 2nd Ward,Governor,,GR),PAUL GLOVER,1
Clearfield,0005 Clearfield 2nd Ward,Governor,,LIB,KEN V KRAWCHUK,5
Clearfield,0005 Clearfield 2nd Ward,Governor,,,Write-ins,0
Clearfield,0005 Clearfield 2nd Ward,U.S. House,15,DEM,SUSAN BOSER,213
Clearfield,0005 Clearfield 2nd Ward,U.S. House,15,REP,GLENN GT THOMPSON,410
Clearfield,0005 Clearfield 2nd Ward,U.S. House,15,,Write-ins,0
Clearfield,0005 Clearfield 2nd Ward,State House,73,REP,TOMMY SANKEY,591
Clearfield,0005 Clearfield 2nd Ward,State House,73,,Write-ins,15
Clearfield,0006 Clearfield 3rd Ward,,,,Registered Voters,791
Clearfield,0006 Clearfield 3rd Ward,,,,Ballots Cast,469
Clearfield,0006 Clearfield 3rd Ward,Straight Party,,DEM,Democratic,126
Clearfield,0006 Clearfield 3rd Ward,Straight Party,,REP,Republican,135
Clearfield,0006 Clearfield 3rd Ward,Straight Party,,GR),Green,1
Clearfield,0006 Clearfield 3rd Ward,Straight Party,,LIB,Libertarian,0
Clearfield,0006 Clearfield 3rd Ward,U.S. Senate,,DEM,BOB CASEY JR,232
Clearfield,0006 Clearfield 3rd Ward,U.S. Senate,,REP,LOU BARLETTA,224
Clearfield,0006 Clearfield 3rd Ward,U.S. Senate,,GR,NEAL GALE,4
Clearfield,0006 Clearfield 3rd Ward,U.S. Senate,,LIB,DALE R KERNS JR,4
Clearfield,0006 Clearfield 3rd Ward,U.S. Senate,,,Write-ins,0
Clearfield,0006 Clearfield 3rd Ward,Governor,,DEM,TOM WOLF,233
Clearfield,0006 Clearfield 3rd Ward,Governor,,REP,SCOTT R WAGNER,225
Clearfield,0006 Clearfield 3rd Ward,Governor,,GR),PAUL GLOVER,2
Clearfield,0006 Clearfield 3rd Ward,Governor,,LIB,KEN V KRAWCHUK,6
Clearfield,0006 Clearfield 3rd Ward,Governor,,,Write-ins,0
Clearfield,0006 Clearfield 3rd Ward,U.S. House,15,DEM,SUSAN BOSER,178
Clearfield,0006 Clearfield 3rd Ward,U.S. House,15,REP,GLENN GT THOMPSON,288
Clearfield,0006 Clearfield 3rd Ward,U.S. House,15,,Write-ins,0
Clearfield,0006 Clearfield 3rd Ward,State House,73,REP,TOMMY SANKEY,443
Clearfield,0006 Clearfield 3rd Ward,State House,73,,Write-ins,8
Clearfield,0007 Clearfield 4th Ward,,,,Registered Voters,853
Clearfield,0007 Clearfield 4th Ward,,,,Ballots Cast,348
Clearfield,0007 Clearfield 4th Ward,Straight Party,,DEM,Democratic,81
Clearfield,0007 Clearfield 4th Ward,Straight Party,,REP,Republican,116
Clearfield,0007 Clearfield 4th Ward,Straight Party,,GR),Green,0
Clearfield,0007 Clearfield 4th Ward,Straight Party,,LIB,Libertarian,4
Clearfield,0007 Clearfield 4th Ward,U.S. Senate,,DEM,BOB CASEY JR,161
Clearfield,0007 Clearfield 4th Ward,U.S. Senate,,REP,LOU BARLETTA,174
Clearfield,0007 Clearfield 4th Ward,U.S. Senate,,GR,NEAL GALE,0
Clearfield,0007 Clearfield 4th Ward,U.S. Senate,,LIB,DALE R KERNS JR,8
Clearfield,0007 Clearfield 4th Ward,U.S. Senate,,,Write-ins,0
Clearfield,0007 Clearfield 4th Ward,Governor,,DEM,TOM WOLF,156
Clearfield,0007 Clearfield 4th Ward,Governor,,REP,SCOTT R WAGNER,184
Clearfield,0007 Clearfield 4th Ward,Governor,,GR),PAUL GLOVER,2
Clearfield,0007 Clearfield 4th Ward,Governor,,LIB,KEN V KRAWCHUK,4
Clearfield,0007 Clearfield 4th Ward,Governor,,,Write-ins,0
Clearfield,0007 Clearfield 4th Ward,U.S. House,15,DEM,SUSAN BOSER,131
Clearfield,0007 Clearfield 4th Ward,U.S. House,15,REP,GLENN GT THOMPSON,214
Clearfield,0007 Clearfield 4th Ward,U.S. House,15,,Write-ins,0
Clearfield,0007 Clearfield 4th Ward,State House,73,REP,TOMMY SANKEY,330
Clearfield,0007 Clearfield 4th Ward,State House,73,,Write-ins,2
Clearfield,0008 Coalport Borough,,,,Registered Voters,267
Clearfield,0008 Coalport Borough,,,,Ballots Cast,147
Clearfield,0008 Coalport Borough,Straight Party,,DEM,Democratic,30
Clearfield,0008 Coalport Borough,Straight Party,,REP,Republican,67
Clearfield,0008 Coalport Borough,Straight Party,,GR),Green,0
Clearfield,0008 Coalport Borough,Straight Party,,LIB,Libertarian,0
Clearfield,0008 Coalport Borough,U.S. Senate,,DEM,BOB CASEY JR,49
Clearfield,0008 Coalport Borough,U.S. Senate,,REP,LOU BARLETTA,91
Clearfield,0008 Coalport Borough,U.S. Senate,,GR,NEAL GALE,1
Clearfield,0008 Coalport Borough,U.S. Senate,,LIB,DALE R KERNS JR,4
Clearfield,0008 Coalport Borough,U.S. Senate,,,Write-ins,0
Clearfield,0008 Coalport Borough,Governor,,DEM,TOM WOLF,39
Clearfield,0008 Coalport Borough,Governor,,REP,SCOTT R WAGNER,102
Clearfield,0008 Coalport Borough,Governor,,GR),PAUL GLOVER,1
Clearfield,0008 Coalport Borough,Governor,,LIB,KEN V KRAWCHUK,3
Clearfield,0008 Coalport Borough,Governor,,,Write-ins,0
Clearfield,0008 Coalport Borough,U.S. House,15,DEM,SUSAN BOSER,38
Clearfield,0008 Coalport Borough,U.S. House,15,REP,GLENN GT THOMPSON,107
Clearfield,0008 Coalport Borough,U.S. House,15,,Write-ins,0
Clearfield,0008 Coalport Borough,State House,73,REP,TOMMY SANKEY,137
Clearfield,0008 Coalport Borough,State House,73,,Write-ins,3
Clearfield,0009 Curwensville Borough,,,,Registered Voters,1392
Clearfield,0009 Curwensville Borough,,,,Ballots Cast,744
Clearfield,0009 Curwensville Borough,Straight Party,,DEM,Democratic,170
Clearfield,0009 Curwensville Borough,Straight Party,,REP,Republican,242
Clearfield,0009 Curwensville Borough,Straight Party,,GR),Green,0
Clearfield,0009 Curwensville Borough,Straight Party,,LIB,Libertarian,1
Clearfield,0009 Curwensville Borough,U.S. Senate,,DEM,BOB CASEY JR,356
Clearfield,0009 Curwensville Borough,U.S. Senate,,REP,LOU BARLETTA,373
Clearfield,0009 Curwensville Borough,U.S. Senate,,GR,NEAL GALE,4
Clearfield,0009 Curwensville Borough,U.S. Senate,,LIB,DALE R KERNS JR,5
Clearfield,0009 Curwensville Borough,U.S. Senate,,,Write-ins,2
Clearfield,0009 Curwensville Borough,Governor,,DEM,TOM WOLF,337
Clearfield,0009 Curwensville Borough,Governor,,REP,SCOTT R WAGNER,393
Clearfield,0009 Curwensville Borough,Governor,,GR),PAUL GLOVER,5
Clearfield,0009 Curwensville Borough,Governor,,LIB,KEN V KRAWCHUK,7
Clearfield,0009 Curwensville Borough,Governor,,,Write-ins,0
Clearfield,0009 Curwensville Borough,U.S. House,15,DEM,SUSAN BOSER,276
Clearfield,0009 Curwensville Borough,U.S. House,15,REP,GLENN GT THOMPSON,465
Clearfield,0009 Curwensville Borough,U.S. House,15,,Write-ins,1
Clearfield,0009 Curwensville Borough,State House,73,REP,TOMMY SANKEY,694
Clearfield,0009 Curwensville Borough,State House,73,,Write-ins,15
Clearfield,0010 DuBois City 1st Ward,,,,Registered Voters,740
Clearfield,0010 DuBois City 1st Ward,,,,Ballots Cast,346
Clearfield,0010 DuBois City 1st Ward,Straight Party,,DEM,Democratic,68
Clearfield,0010 DuBois City 1st Ward,Straight Party,,REP,Republican,124
Clearfield,0010 DuBois City 1st Ward,Straight Party,,GR),Green,0
Clearfield,0010 DuBois City 1st Ward,Straight Party,,LIB,Libertarian,0
Clearfield,0010 DuBois City 1st Ward,U.S. Senate,,DEM,BOB CASEY JR,138
Clearfield,0010 DuBois City 1st Ward,U.S. Senate,,REP,LOU BARLETTA,198
Clearfield,0010 DuBois City 1st Ward,U.S. Senate,,GR,NEAL GALE,2
Clearfield,0010 DuBois City 1st Ward,U.S. Senate,,LIB,DALE R KERNS JR,7
Clearfield,0010 DuBois City 1st Ward,U.S. Senate,,,Write-ins,0
Clearfield,0010 DuBois City 1st Ward,Governor,,DEM,TOM WOLF,140
Clearfield,0010 DuBois City 1st Ward,Governor,,REP,SCOTT R WAGNER,198
Clearfield,0010 DuBois City 1st Ward,Governor,,GR),PAUL GLOVER,1
Clearfield,0010 DuBois City 1st Ward,Governor,,LIB,KEN V KRAWCHUK,5
Clearfield,0010 DuBois City 1st Ward,Governor,,,Write-ins,0
Clearfield,0010 DuBois City 1st Ward,U.S. House,15,DEM,SUSAN BOSER,126
Clearfield,0010 DuBois City 1st Ward,U.S. House,15,REP,GLENN GT THOMPSON,219
Clearfield,0010 DuBois City 1st Ward,U.S. House,15,,Write-ins,0
Clearfield,0010 DuBois City 1st Ward,State House,75,REP,MATT GABLER,327
Clearfield,0010 DuBois City 1st Ward,State House,75,,Write-ins,6
Clearfield,0011 DuBois City 2nd Ward,,,,Registered Voters,1332
Clearfield,0011 DuBois City 2nd Ward,,,,Ballots Cast,590
Clearfield,0011 DuBois City 2nd Ward,Straight Party,,DEM,Democratic,89
Clearfield,0011 DuBois City 2nd Ward,Straight Party,,REP,Republican,209
Clearfield,0011 DuBois City 2nd Ward,Straight Party,,GR),Green,3
Clearfield,0011 DuBois City 2nd Ward,Straight Party,,LIB,Libertarian,0
Clearfield,0011 DuBois City 2nd Ward,U.S. Senate,,DEM,BOB CASEY JR,231
Clearfield,0011 DuBois City 2nd Ward,U.S. Senate,,REP,LOU BARLETTA,341
Clearfield,0011 DuBois City 2nd Ward,U.S. Senate,,GR,NEAL GALE,5
Clearfield,0011 DuBois City 2nd Ward,U.S. Senate,,LIB,DALE R KERNS JR,8
Clearfield,0011 DuBois City 2nd Ward,U.S. Senate,,,Write-ins,0
Clearfield,0011 DuBois City 2nd Ward,Governor,,DEM,TOM WOLF,225
Clearfield,0011 DuBois City 2nd Ward,Governor,,REP,SCOTT R WAGNER,344
Clearfield,0011 DuBois City 2nd Ward,Governor,,GR),PAUL GLOVER,8
Clearfield,0011 DuBois City 2nd Ward,Governor,,LIB,KEN V KRAWCHUK,6
Clearfield,0011 DuBois City 2nd Ward,Governor,,,Write-ins,0
Clearfield,0011 DuBois City 2nd Ward,U.S. House,15,DEM,SUSAN BOSER,205
Clearfield,0011 DuBois City 2nd Ward,U.S. House,15,REP,GLENN GT THOMPSON,377
Clearfield,0011 DuBois City 2nd Ward,U.S. House,15,,Write-ins,1
Clearfield,0011 DuBois City 2nd Ward,State House,75,REP,MATT GABLER,536
Clearfield,0011 DuBois City 2nd Ward,State House,75,,Write-ins,18
Clearfield,0012 DuBois City 3rd Ward,,,,Registered Voters,1316
Clearfield,0012 DuBois City 3rd Ward,,,,Ballots Cast,758
Clearfield,0012 DuBois City 3rd Ward,Straight Party,,DEM,Democratic,120
Clearfield,0012 DuBois City 3rd Ward,Straight Party,,REP,Republican,293
Clearfield,0012 DuBois City 3rd Ward,Straight Party,,GR),Green,1
Clearfield,0012 DuBois City 3rd Ward,Straight Party,,LIB,Libertarian,1
Clearfield,0012 DuBois City 3rd Ward,U.S. Senate,,DEM,BOB CASEY JR,298
Clearfield,0012 DuBois City 3rd Ward,U.S. Senate,,REP,LOU BARLETTA,436
Clearfield,0012 DuBois City 3rd Ward,U.S. Senate,,GR,NEAL GALE,4
Clearfield,0012 DuBois City 3rd Ward,U.S. Senate,,LIB,DALE R KERNS JR,12
Clearfield,0012 DuBois City 3rd Ward,U.S. Senate,,,Write-ins,1
Clearfield,0012 DuBois City 3rd Ward,Governor,,DEM,TOM WOLF,307
Clearfield,0012 DuBois City 3rd Ward,Governor,,REP,SCOTT R WAGNER,437
Clearfield,0012 DuBois City 3rd Ward,Governor,,GR),PAUL GLOVER,3
Clearfield,0012 DuBois City 3rd Ward,Governor,,LIB,KEN V KRAWCHUK,8
Clearfield,0012 DuBois City 3rd Ward,Governor,,,Write-ins,0
Clearfield,0012 DuBois City 3rd Ward,U.S. House,15,DEM,SUSAN BOSER,239
Clearfield,0012 DuBois City 3rd Ward,U.S. House,15,REP,GLENN GT THOMPSON,512
Clearfield,0012 DuBois City 3rd Ward,U.S. House,15,,Write-ins,1
Clearfield,0012 DuBois City 3rd Ward,State House,75,REP,MATT GABLER,715
Clearfield,0012 DuBois City 3rd Ward,State House,75,,Write-ins,14
Clearfield,0013 DuBois City 4th Ward,,,,Registered Voters,658
Clearfield,0013 DuBois City 4th Ward,,,,Ballots Cast,305
Clearfield,0013 DuBois City 4th Ward,Straight Party,,DEM,Democratic,66
Clearfield,0013 DuBois City 4th Ward,Straight Party,,REP,Republican,118
Clearfield,0013 DuBois City 4th Ward,Straight Party,,GR),Green,0
Clearfield,0013 DuBois City 4th Ward,Straight Party,,LIB,Libertarian,3
Clearfield,0013 DuBois City 4th Ward,U.S. Senate,,DEM,BOB CASEY JR,117
Clearfield,0013 DuBois City 4th Ward,U.S. Senate,,REP,LOU BARLETTA,182
Clearfield,0013 DuBois City 4th Ward,U.S. Senate,,GR,NEAL GALE,1
Clearfield,0013 DuBois City 4th Ward,U.S. Senate,,LIB,DALE R KERNS JR,3
Clearfield,0013 DuBois City 4th Ward,U.S. Senate,,,Write-ins,0
Clearfield,0013 DuBois City 4th Ward,Governor,,DEM,TOM WOLF,114
Clearfield,0013 DuBois City 4th Ward,Governor,,REP,SCOTT R WAGNER,184
Clearfield,0013 DuBois City 4th Ward,Governor,,GR),PAUL GLOVER,3
Clearfield,0013 DuBois City 4th Ward,Governor,,LIB,KEN V KRAWCHUK,2
Clearfield,0013 DuBois City 4th Ward,Governor,,,Write-ins,0
Clearfield,0013 DuBois City 4th Ward,U.S. House,15,DEM,SUSAN BOSER,101
Clearfield,0013 DuBois City 4th Ward,U.S. House,15,REP,GLENN GT THOMPSON,199
Clearfield,0013 DuBois City 4th Ward,U.S. House,15,,Write-ins,1
Clearfield,0013 DuBois City 4th Ward,State House,75,REP,MATT GABLER,285
Clearfield,0013 DuBois City 4th Ward,State House,75,,Write-ins,5
Clearfield,0014 DuBois City 5th Ward,,,,Registered Voters,773
Clearfield,0014 DuBois City 5th Ward,,,,Ballots Cast,433
Clearfield,0014 DuBois City 5th Ward,Straight Party,,DEM,Democratic,79
Clearfield,0014 DuBois City 5th Ward,Straight Party,,REP,Republican,131
Clearfield,0014 DuBois City 5th Ward,Straight Party,,GR),Green,2
Clearfield,0014 DuBois City 5th Ward,Straight Party,,LIB,Libertarian,0
Clearfield,0014 DuBois City 5th Ward,U.S. Senate,,DEM,BOB CASEY JR,182
Clearfield,0014 DuBois City 5th Ward,U.S. Senate,,REP,LOU BARLETTA,241
Clearfield,0014 DuBois City 5th Ward,U.S. Senate,,GR,NEAL GALE,6
Clearfield,0014 DuBois City 5th Ward,U.S. Senate,,LIB,DALE R KERNS JR,1
Clearfield,0014 DuBois City 5th Ward,U.S. Senate,,,Write-ins,1
Clearfield,0014 DuBois City 5th Ward,Governor,,DEM,TOM WOLF,187
Clearfield,0014 DuBois City 5th Ward,Governor,,REP,SCOTT R WAGNER,237
Clearfield,0014 DuBois City 5th Ward,Governor,,GR),PAUL GLOVER,3
Clearfield,0014 DuBois City 5th Ward,Governor,,LIB,KEN V KRAWCHUK,3
Clearfield,0014 DuBois City 5th Ward,Governor,,,Write-ins,2
Clearfield,0014 DuBois City 5th Ward,U.S. House,15,DEM,SUSAN BOSER,163
Clearfield,0014 DuBois City 5th Ward,U.S. House,15,REP,GLENN GT THOMPSON,266
Clearfield,0014 DuBois City 5th Ward,U.S. House,15,,Write-ins,2
Clearfield,0014 DuBois City 5th Ward,State House,75,REP,MATT GABLER,395
Clearfield,0014 DuBois City 5th Ward,State House,75,,Write-ins,11
Clearfield,0015 Glen Hope Borough,,,,Registered Voters,97
Clearfield,0015 Glen Hope Borough,,,,Ballots Cast,62
Clearfield,0015 Glen Hope Borough,Straight Party,,DEM,Democratic,7
Clearfield,0015 Glen Hope Borough,Straight Party,,REP,Republican,39
Clearfield,0015 Glen Hope Borough,Straight Party,,GR),Green,0
Clearfield,0015 Glen Hope Borough,Straight Party,,LIB,Libertarian,0
Clearfield,0015 Glen Hope Borough,U.S. Senate,,DEM,BOB CASEY JR,15
Clearfield,0015 Glen Hope Borough,U.S. Senate,,REP,LOU BARLETTA,46
Clearfield,0015 Glen Hope Borough,U.S. Senate,,GR,NEAL GALE,0
Clearfield,0015 Glen Hope Borough,U.S. Senate,,LIB,DALE R KERNS JR,0
Clearfield,0015 Glen Hope Borough,U.S. Senate,,,Write-ins,0
Clearfield,0015 Glen Hope Borough,Governor,,DEM,TOM WOLF,14
Clearfield,0015 Glen Hope Borough,Governor,,REP,SCOTT R WAGNER,47
Clearfield,0015 Glen Hope Borough,Governor,,GR),PAUL GLOVER,0
Clearfield,0015 Glen Hope Borough,Governor,,LIB,KEN V KRAWCHUK,0
Clearfield,0015 Glen Hope Borough,Governor,,,Write-ins,0
Clearfield,0015 Glen Hope Borough,U.S. House,15,DEM,SUSAN BOSER,12
Clearfield,0015 Glen Hope Borough,U.S. House,15,REP,GLENN GT THOMPSON,49
Clearfield,0015 Glen Hope Borough,U.S. House,15,,Write-ins,0
Clearfield,0015 Glen Hope Borough,State House,73,REP,TOMMY SANKEY,61  100.00
Clearfield,0015 Glen Hope Borough,State House,73,,Write-ins,0
Clearfield,0016 Grampian Borough,,,,Registered Voters,203
Clearfield,0016 Grampian Borough,,,,Ballots Cast,124
Clearfield,0016 Grampian Borough,Straight Party,,DEM,Democratic,19
Clearfield,0016 Grampian Borough,Straight Party,,REP,Republican,49
Clearfield,0016 Grampian Borough,Straight Party,,GR),Green,0
Clearfield,0016 Grampian Borough,Straight Party,,LIB,Libertarian,1
Clearfield,0016 Grampian Borough,U.S. Senate,,DEM,BOB CASEY JR,45
Clearfield,0016 Grampian Borough,U.S. Senate,,REP,LOU BARLETTA,76
Clearfield,0016 Grampian Borough,U.S. Senate,,GR,NEAL GALE,1
Clearfield,0016 Grampian Borough,U.S. Senate,,LIB,DALE R KERNS JR,2
Clearfield,0016 Grampian Borough,U.S. Senate,,,Write-ins,0
Clearfield,0016 Grampian Borough,Governor,,DEM,TOM WOLF,47
Clearfield,0016 Grampian Borough,Governor,,REP,SCOTT R WAGNER,74
Clearfield,0016 Grampian Borough,Governor,,GR),PAUL GLOVER,0
Clearfield,0016 Grampian Borough,Governor,,LIB,KEN V KRAWCHUK,3
Clearfield,0016 Grampian Borough,Governor,,,Write-ins,0
Clearfield,0016 Grampian Borough,U.S. House,15,DEM,SUSAN BOSER,38
Clearfield,0016 Grampian Borough,U.S. House,15,REP,GLENN GT THOMPSON,86
Clearfield,0016 Grampian Borough,U.S. House,15,,Write-ins,0
Clearfield,0016 Grampian Borough,State House,73,REP,TOMMY SANKEY,120
Clearfield,0016 Grampian Borough,State House,73,,Write-ins,2
Clearfield,0017 Houtzdale Borough,,,,Registered Voters,521
Clearfield,0017 Houtzdale Borough,,,,Ballots Cast,294
Clearfield,0017 Houtzdale Borough,Straight Party,,DEM,Democratic,61
Clearfield,0017 Houtzdale Borough,Straight Party,,REP,Republican,98
Clearfield,0017 Houtzdale Borough,Straight Party,,GR),Green,0
Clearfield,0017 Houtzdale Borough,Straight Party,,LIB,Libertarian,1
Clearfield,0017 Houtzdale Borough,U.S. Senate,,DEM,BOB CASEY JR,135
Clearfield,0017 Houtzdale Borough,U.S. Senate,,REP,LOU BARLETTA,152
Clearfield,0017 Houtzdale Borough,U.S. Senate,,GR,NEAL GALE,4
Clearfield,0017 Houtzdale Borough,U.S. Senate,,LIB,DALE R KERNS JR,2
Clearfield,0017 Houtzdale Borough,U.S. Senate,,,Write-ins,0
Clearfield,0017 Houtzdale Borough,Governor,,DEM,TOM WOLF,122
Clearfield,0017 Houtzdale Borough,Governor,,REP,SCOTT R WAGNER,165
Clearfield,0017 Houtzdale Borough,Governor,,GR),PAUL GLOVER,4
Clearfield,0017 Houtzdale Borough,Governor,,LIB,KEN V KRAWCHUK,1
Clearfield,0017 Houtzdale Borough,Governor,,,Write-ins,1
Clearfield,0017 Houtzdale Borough,U.S. House,15,DEM,SUSAN BOSER,105
Clearfield,0017 Houtzdale Borough,U.S. House,15,REP,GLENN GT THOMPSON,186
Clearfield,0017 Houtzdale Borough,U.S. House,15,,Write-ins,0
Clearfield,0017 Houtzdale Borough,State House,73,REP,TOMMY SANKEY,275
Clearfield,0017 Houtzdale Borough,State House,73,,Write-ins,6
Clearfield,0018 Irvona Borough,,,,Registered Voters,326
Clearfield,0018 Irvona Borough,,,,Ballots Cast,183
Clearfield,0018 Irvona Borough,Straight Party,,DEM,Democratic,18
Clearfield,0018 Irvona Borough,Straight Party,,REP,Republican,83
Clearfield,0018 Irvona Borough,Straight Party,,GR),Green,0
Clearfield,0018 Irvona Borough,Straight Party,,LIB,Libertarian,1
Clearfield,0018 Irvona Borough,U.S. Senate,,DEM,BOB CASEY JR,59
Clearfield,0018 Irvona Borough,U.S. Senate,,REP,LOU BARLETTA,119
Clearfield,0018 Irvona Borough,U.S. Senate,,GR,NEAL GALE,0
Clearfield,0018 Irvona Borough,U.S. Senate,,LIB,DALE R KERNS JR,3
Clearfield,0018 Irvona Borough,U.S. Senate,,,Write-ins,1
Clearfield,0018 Irvona Borough,Governor,,DEM,TOM WOLF,57
Clearfield,0018 Irvona Borough,Governor,,REP,SCOTT R WAGNER,125
Clearfield,0018 Irvona Borough,Governor,,GR),PAUL GLOVER,0
Clearfield,0018 Irvona Borough,Governor,,LIB,KEN V KRAWCHUK,1
Clearfield,0018 Irvona Borough,Governor,,,Write-ins,0
Clearfield,0018 Irvona Borough,U.S. House,15,DEM,SUSAN BOSER,36
Clearfield,0018 Irvona Borough,U.S. House,15,REP,GLENN GT THOMPSON,147
Clearfield,0018 Irvona Borough,U.S. House,15,,Write-ins,0
Clearfield,0018 Irvona Borough,State House,73,REP,TOMMY SANKEY,180  100.00
Clearfield,0018 Irvona Borough,State House,73,,Write-ins,0
Clearfield,0019 Mahaffey Borough,,,,Registered Voters,196
Clearfield,0019 Mahaffey Borough,,,,Ballots Cast,116
Clearfield,0019 Mahaffey Borough,Straight Party,,DEM,Democratic,16
Clearfield,0019 Mahaffey Borough,Straight Party,,REP,Republican,63
Clearfield,0019 Mahaffey Borough,Straight Party,,GR),Green,1
Clearfield,0019 Mahaffey Borough,Straight Party,,LIB,Libertarian,0
Clearfield,0019 Mahaffey Borough,U.S. Senate,,DEM,BOB CASEY JR,35
Clearfield,0019 Mahaffey Borough,U.S. Senate,,REP,LOU BARLETTA,80
Clearfield,0019 Mahaffey Borough,U.S. Senate,,GR,NEAL GALE,1
Clearfield,0019 Mahaffey Borough,U.S. Senate,,LIB,DALE R KERNS JR,0
Clearfield,0019 Mahaffey Borough,U.S. Senate,,,Write-ins,0
Clearfield,0019 Mahaffey Borough,Governor,,DEM,TOM WOLF,34
Clearfield,0019 Mahaffey Borough,Governor,,REP,SCOTT R WAGNER,82
Clearfield,0019 Mahaffey Borough,Governor,,GR),PAUL GLOVER,0
Clearfield,0019 Mahaffey Borough,Governor,,LIB,KEN V KRAWCHUK,0
Clearfield,0019 Mahaffey Borough,Governor,,,Write-ins,0
Clearfield,0019 Mahaffey Borough,U.S. House,15,DEM,SUSAN BOSER,24
Clearfield,0019 Mahaffey Borough,U.S. House,15,REP,GLENN GT THOMPSON,91
Clearfield,0019 Mahaffey Borough,U.S. House,15,,Write-ins,0
Clearfield,0019 Mahaffey Borough,State House,73,REP,TOMMY SANKEY,111
Clearfield,0019 Mahaffey Borough,State House,73,,Write-ins,1
Clearfield,0020 Newburg Borough,,,,Registered Voters,46
Clearfield,0020 Newburg Borough,,,,Ballots Cast,32
Clearfield,0020 Newburg Borough,Straight Party,,DEM,Democratic,3
Clearfield,0020 Newburg Borough,Straight Party,,REP,Republican,13
Clearfield,0020 Newburg Borough,Straight Party,,GR),Green,0
Clearfield,0020 Newburg Borough,Straight Party,,LIB,Libertarian,0
Clearfield,0020 Newburg Borough,U.S. Senate,,DEM,BOB CASEY JR,11
Clearfield,0020 Newburg Borough,U.S. Senate,,REP,LOU BARLETTA,20
Clearfield,0020 Newburg Borough,U.S. Senate,,GR,NEAL GALE,0
Clearfield,0020 Newburg Borough,U.S. Senate,,LIB,DALE R KERNS JR,0
Clearfield,0020 Newburg Borough,U.S. Senate,,,Write-ins,0
Clearfield,0020 Newburg Borough,Governor,,DEM,TOM WOLF,7
Clearfield,0020 Newburg Borough,Governor,,REP,SCOTT R WAGNER,22
Clearfield,0020 Newburg Borough,Governor,,GR),PAUL GLOVER,1
Clearfield,0020 Newburg Borough,Governor,,LIB,KEN V KRAWCHUK,0
Clearfield,0020 Newburg Borough,Governor,,,Write-ins,1
Clearfield,0020 Newburg Borough,U.S. House,15,DEM,SUSAN BOSER,5
Clearfield,0020 Newburg Borough,U.S. House,15,REP,GLENN GT THOMPSON,26
Clearfield,0020 Newburg Borough,U.S. House,15,,Write-ins,0
Clearfield,0020 Newburg Borough,State House,73,REP,TOMMY SANKEY,29  100.00
Clearfield,0020 Newburg Borough,State House,73,,Write-ins,0
Clearfield,0021 New Washington Borough,,,,Registered Voters,43
Clearfield,0021 New Washington Borough,,,,Ballots Cast,33
Clearfield,0021 New Washington Borough,Straight Party,,DEM,Democratic,2
Clearfield,0021 New Washington Borough,Straight Party,,REP,Republican,22
Clearfield,0021 New Washington Borough,Straight Party,,GR),Green,0
Clearfield,0021 New Washington Borough,Straight Party,,LIB,Libertarian,0
Clearfield,0021 New Washington Borough,U.S. Senate,,DEM,BOB CASEY JR,5
Clearfield,0021 New Washington Borough,U.S. Senate,,REP,LOU BARLETTA,27
Clearfield,0021 New Washington Borough,U.S. Senate,,GR,NEAL GALE,0
Clearfield,0021 New Washington Borough,U.S. Senate,,LIB,DALE R KERNS JR,0
Clearfield,0021 New Washington Borough,U.S. Senate,,,Write-ins,0
Clearfield,0021 New Washington Borough,Governor,,DEM,TOM WOLF,7
Clearfield,0021 New Washington Borough,Governor,,REP,SCOTT R WAGNER,25
Clearfield,0021 New Washington Borough,Governor,,GR),PAUL GLOVER,0
Clearfield,0021 New Washington Borough,Governor,,LIB,KEN V KRAWCHUK,0
Clearfield,0021 New Washington Borough,Governor,,,Write-ins,0
Clearfield,0021 New Washington Borough,U.S. House,15,DEM,SUSAN BOSER,4
Clearfield,0021 New Washington Borough,U.S. House,15,REP,GLENN GT THOMPSON,29
Clearfield,0021 New Washington Borough,U.S. House,15,,Write-ins,0
Clearfield,0021 New Washington Borough,State House,73,REP,TOMMY SANKEY,32  100.00
Clearfield,0021 New Washington Borough,State House,73,,Write-ins,0
Clearfield,0022 Osceola Mills Borough,,,,Registered Voters,619
Clearfield,0022 Osceola Mills Borough,,,,Ballots Cast,313
Clearfield,0022 Osceola Mills Borough,Straight Party,,DEM,Democratic,67
Clearfield,0022 Osceola Mills Borough,Straight Party,,REP,Republican,104
Clearfield,0022 Osceola Mills Borough,Straight Party,,GR),Green,2
Clearfield,0022 Osceola Mills Borough,Straight Party,,LIB,Libertarian,1
Clearfield,0022 Osceola Mills Borough,U.S. Senate,,DEM,BOB CASEY JR,150
Clearfield,0022 Osceola Mills Borough,U.S. Senate,,REP,LOU BARLETTA,156
Clearfield,0022 Osceola Mills Borough,U.S. Senate,,GR,NEAL GALE,3
Clearfield,0022 Osceola Mills Borough,U.S. Senate,,LIB,DALE R KERNS JR,2
Clearfield,0022 Osceola Mills Borough,U.S. Senate,,,Write-ins,0
Clearfield,0022 Osceola Mills Borough,Governor,,DEM,TOM WOLF,150
Clearfield,0022 Osceola Mills Borough,Governor,,REP,SCOTT R WAGNER,156
Clearfield,0022 Osceola Mills Borough,Governor,,GR),PAUL GLOVER,3
Clearfield,0022 Osceola Mills Borough,Governor,,LIB,KEN V KRAWCHUK,4
Clearfield,0022 Osceola Mills Borough,Governor,,,Write-ins,0
Clearfield,0022 Osceola Mills Borough,U.S. House,15,DEM,SUSAN BOSER,116
Clearfield,0022 Osceola Mills Borough,U.S. House,15,REP,GLENN GT THOMPSON,197
Clearfield,0022 Osceola Mills Borough,U.S. House,15,,Write-ins,0
Clearfield,0022 Osceola Mills Borough,State House,73,REP,TOMMY SANKEY,289
Clearfield,0022 Osceola Mills Borough,State House,73,,Write-ins,9
Clearfield,0023 Ramey Borough,,,,Registered Voters,316
Clearfield,0023 Ramey Borough,,,,Ballots Cast,194
Clearfield,0023 Ramey Borough,Straight Party,,DEM,Democratic,22
Clearfield,0023 Ramey Borough,Straight Party,,REP,Republican,83
Clearfield,0023 Ramey Borough,Straight Party,,GR),Green,0
Clearfield,0023 Ramey Borough,Straight Party,,LIB,Libertarian,0
Clearfield,0023 Ramey Borough,U.S. Senate,,DEM,BOB CASEY JR,56
Clearfield,0023 Ramey Borough,U.S. Senate,,REP,LOU BARLETTA,135
Clearfield,0023 Ramey Borough,U.S. Senate,,GR,NEAL GALE,0
Clearfield,0023 Ramey Borough,U.S. Senate,,LIB,DALE R KERNS JR,1
Clearfield,0023 Ramey Borough,U.S. Senate,,,Write-ins,0
Clearfield,0023 Ramey Borough,Governor,,DEM,TOM WOLF,59
Clearfield,0023 Ramey Borough,Governor,,REP,SCOTT R WAGNER,131
Clearfield,0023 Ramey Borough,Governor,,GR),PAUL GLOVER,2
Clearfield,0023 Ramey Borough,Governor,,LIB,KEN V KRAWCHUK,2
Clearfield,0023 Ramey Borough,Governor,,,Write-ins,0
Clearfield,0023 Ramey Borough,U.S. House,15,DEM,SUSAN BOSER,45
Clearfield,0023 Ramey Borough,U.S. House,15,REP,GLENN GT THOMPSON,148
Clearfield,0023 Ramey Borough,U.S. House,15,,Write-ins,0
Clearfield,0023 Ramey Borough,State House,73,REP,TOMMY SANKEY,184
Clearfield,0023 Ramey Borough,State House,73,,Write-ins,2
Clearfield,0024 Troutville Borough,,,,Registered Voters,115
Clearfield,0024 Troutville Borough,,,,Ballots Cast,76
Clearfield,0024 Troutville Borough,Straight Party,,DEM,Democratic,7
Clearfield,0024 Troutville Borough,Straight Party,,REP,Republican,40
Clearfield,0024 Troutville Borough,Straight Party,,GR),Green,0
Clearfield,0024 Troutville Borough,Straight Party,,LIB,Libertarian,1
Clearfield,0024 Troutville Borough,U.S. Senate,,DEM,BOB CASEY JR,17
Clearfield,0024 Troutville Borough,U.S. Senate,,REP,LOU BARLETTA,57
Clearfield,0024 Troutville Borough,U.S. Senate,,GR,NEAL GALE,0
Clearfield,0024 Troutville Borough,U.S. Senate,,LIB,DALE R KERNS JR,2
Clearfield,0024 Troutville Borough,U.S. Senate,,,Write-ins,0
Clearfield,0024 Troutville Borough,Governor,,DEM,TOM WOLF,18
Clearfield,0024 Troutville Borough,Governor,,REP,SCOTT R WAGNER,57
Clearfield,0024 Troutville Borough,Governor,,GR),PAUL GLOVER,0
Clearfield,0024 Troutville Borough,Governor,,LIB,KEN V KRAWCHUK,1
Clearfield,0024 Troutville Borough,Governor,,,Write-ins,0
Clearfield,0024 Troutville Borough,U.S. House,15,DEM,SUSAN BOSER,15
Clearfield,0024 Troutville Borough,U.S. House,15,REP,GLENN GT THOMPSON,61
Clearfield,0024 Troutville Borough,U.S. House,15,,Write-ins,0
Clearfield,0024 Troutville Borough,State House,75,REP,MATT GABLER,71
Clearfield,0024 Troutville Borough,State House,75,,Write-ins,2
Clearfield,0025 Wallaceton Borough,,,,Registered Voters,176
Clearfield,0025 Wallaceton Borough,,,,Ballots Cast,120
Clearfield,0025 Wallaceton Borough,Straight Party,,DEM,Democratic,20
Clearfield,0025 Wallaceton Borough,Straight Party,,REP,Republican,35
Clearfield,0025 Wallaceton Borough,Straight Party,,GR),Green,0
Clearfield,0025 Wallaceton Borough,Straight Party,,LIB,Libertarian,1
Clearfield,0025 Wallaceton Borough,U.S. Senate,,DEM,BOB CASEY JR,52
Clearfield,0025 Wallaceton Borough,U.S. Senate,,REP,LOU BARLETTA,64
Clearfield,0025 Wallaceton Borough,U.S. Senate,,GR,NEAL GALE,1
Clearfield,0025 Wallaceton Borough,U.S. Senate,,LIB,DALE R KERNS JR,2
Clearfield,0025 Wallaceton Borough,U.S. Senate,,,Write-ins,0
Clearfield,0025 Wallaceton Borough,Governor,,DEM,TOM WOLF,51
Clearfield,0025 Wallaceton Borough,Governor,,REP,SCOTT R WAGNER,67
Clearfield,0025 Wallaceton Borough,Governor,,GR),PAUL GLOVER,1
Clearfield,0025 Wallaceton Borough,Governor,,LIB,KEN V KRAWCHUK,1
Clearfield,0025 Wallaceton Borough,Governor,,,Write-ins,0
Clearfield,0025 Wallaceton Borough,U.S. House,15,DEM,SUSAN BOSER,43
Clearfield,0025 Wallaceton Borough,U.S. House,15,REP,GLENN GT THOMPSON,75
Clearfield,0025 Wallaceton Borough,U.S. House,15,,Write-ins,0
Clearfield,0025 Wallaceton Borough,State House,73,REP,TOMMY SANKEY,114
Clearfield,0025 Wallaceton Borough,State House,73,,Write-ins,2
Clearfield,0026 Westover Borough,,,,Registered Voters,199
Clearfield,0026 Westover Borough,,,,Ballots Cast,105
Clearfield,0026 Westover Borough,Straight Party,,DEM,Democratic,13
Clearfield,0026 Westover Borough,Straight Party,,REP,Republican,44
Clearfield,0026 Westover Borough,Straight Party,,GR),Green,0
Clearfield,0026 Westover Borough,Straight Party,,LIB,Libertarian,1
Clearfield,0026 Westover Borough,U.S. Senate,,DEM,BOB CASEY JR,33
Clearfield,0026 Westover Borough,U.S. Senate,,REP,LOU BARLETTA,71
Clearfield,0026 Westover Borough,U.S. Senate,,GR,NEAL GALE,0
Clearfield,0026 Westover Borough,U.S. Senate,,LIB,DALE R KERNS JR,1
Clearfield,0026 Westover Borough,U.S. Senate,,,Write-ins,0
Clearfield,0026 Westover Borough,Governor,,DEM,TOM WOLF,34
Clearfield,0026 Westover Borough,Governor,,REP,SCOTT R WAGNER,68
Clearfield,0026 Westover Borough,Governor,,GR),PAUL GLOVER,2
Clearfield,0026 Westover Borough,Governor,,LIB,KEN V KRAWCHUK,0
Clearfield,0026 Westover Borough,Governor,,,Write-ins,0
Clearfield,0026 Westover Borough,U.S. House,15,DEM,SUSAN BOSER,25
Clearfield,0026 Westover Borough,U.S. House,15,REP,GLENN GT THOMPSON,78
Clearfield,0026 Westover Borough,U.S. House,15,,Write-ins,0
Clearfield,0026 Westover Borough,State House,73,REP,TOMMY SANKEY,98
Clearfield,0026 Westover Borough,State House,73,,Write-ins,1
Clearfield,0027 Beccaria Township 1st,,,,Registered Voters,680
Clearfield,0027 Beccaria Township 1st,,,,Ballots Cast,459
Clearfield,0027 Beccaria Township 1st,Straight Party,,DEM,Democratic,51
Clearfield,0027 Beccaria Township 1st,Straight Party,,REP,Republican,210
Clearfield,0027 Beccaria Township 1st,Straight Party,,GR),Green,2
Clearfield,0027 Beccaria Township 1st,Straight Party,,LIB,Libertarian,3
Clearfield,0027 Beccaria Township 1st,U.S. Senate,,DEM,BOB CASEY JR,137
Clearfield,0027 Beccaria Township 1st,U.S. Senate,,REP,LOU BARLETTA,310
Clearfield,0027 Beccaria Township 1st,U.S. Senate,,GR,NEAL GALE,5
Clearfield,0027 Beccaria Township 1st,U.S. Senate,,LIB,DALE R KERNS JR,1
Clearfield,0027 Beccaria Township 1st,U.S. Senate,,,Write-ins,1
Clearfield,0027 Beccaria Township 1st,Governor,,DEM,TOM WOLF,140
Clearfield,0027 Beccaria Township 1st,Governor,,REP,SCOTT R WAGNER,308
Clearfield,0027 Beccaria Township 1st,Governor,,GR),PAUL GLOVER,4
Clearfield,0027 Beccaria Township 1st,Governor,,LIB,KEN V KRAWCHUK,3
Clearfield,0027 Beccaria Township 1st,Governor,,,Write-ins,0
Clearfield,0027 Beccaria Township 1st,U.S. House,15,DEM,SUSAN BOSER,102
Clearfield,0027 Beccaria Township 1st,U.S. House,15,REP,GLENN GT THOMPSON,351
Clearfield,0027 Beccaria Township 1st,U.S. House,15,,Write-ins,0
Clearfield,0027 Beccaria Township 1st,State House,73,REP,TOMMY SANKEY,436
Clearfield,0027 Beccaria Township 1st,State House,73,,Write-ins,5
Clearfield,0028 Beccaria Township 2nd,,,,Registered Voters,402
Clearfield,0028 Beccaria Township 2nd,,,,Ballots Cast,243
Clearfield,0028 Beccaria Township 2nd,Straight Party,,DEM,Democratic,30
Clearfield,0028 Beccaria Township 2nd,Straight Party,,REP,Republican,109
Clearfield,0028 Beccaria Township 2nd,Straight Party,,GR),Green,1
Clearfield,0028 Beccaria Township 2nd,Straight Party,,LIB,Libertarian,2
Clearfield,0028 Beccaria Township 2nd,U.S. Senate,,DEM,BOB CASEY JR,61
Clearfield,0028 Beccaria Township 2nd,U.S. Senate,,REP,LOU BARLETTA,177
Clearfield,0028 Beccaria Township 2nd,U.S. Senate,,GR,NEAL GALE,2
Clearfield,0028 Beccaria Township 2nd,U.S. Senate,,LIB,DALE R KERNS JR,1
Clearfield,0028 Beccaria Township 2nd,U.S. Senate,,,Write-ins,0
Clearfield,0028 Beccaria Township 2nd,Governor,,DEM,TOM WOLF,67
Clearfield,0028 Beccaria Township 2nd,Governor,,REP,SCOTT R WAGNER,171
Clearfield,0028 Beccaria Township 2nd,Governor,,GR),PAUL GLOVER,2
Clearfield,0028 Beccaria Township 2nd,Governor,,LIB,KEN V KRAWCHUK,2
Clearfield,0028 Beccaria Township 2nd,Governor,,,Write-ins,0
Clearfield,0028 Beccaria Township 2nd,U.S. House,15,DEM,SUSAN BOSER,42
Clearfield,0028 Beccaria Township 2nd,U.S. House,15,REP,GLENN GT THOMPSON,195
Clearfield,0028 Beccaria Township 2nd,U.S. House,15,,Write-ins,0
Clearfield,0028 Beccaria Township 2nd,State House,73,REP,TOMMY SANKEY,235  100.00
Clearfield,0028 Beccaria Township 2nd,State House,73,,Write-ins,0
Clearfield,0029 Bell Township,,,,Registered Voters,490
Clearfield,0029 Bell Township,,,,Ballots Cast,285
Clearfield,0029 Bell Township,Straight Party,,DEM,Democratic,37
Clearfield,0029 Bell Township,Straight Party,,REP,Republican,165
Clearfield,0029 Bell Township,Straight Party,,GR),Green,0
Clearfield,0029 Bell Township,Straight Party,,LIB,Libertarian,1
Clearfield,0029 Bell Township,U.S. Senate,,DEM,BOB CASEY JR,59
Clearfield,0029 Bell Township,U.S. Senate,,REP,LOU BARLETTA,220
Clearfield,0029 Bell Township,U.S. Senate,,GR,NEAL GALE,0
Clearfield,0029 Bell Township,U.S. Senate,,LIB,DALE R KERNS JR,5
Clearfield,0029 Bell Township,U.S. Senate,,,Write-ins,0
Clearfield,0029 Bell Township,Governor,,DEM,TOM WOLF,60
Clearfield,0029 Bell Township,Governor,,REP,SCOTT R WAGNER,219
Clearfield,0029 Bell Township,Governor,,GR),PAUL GLOVER,2
Clearfield,0029 Bell Township,Governor,,LIB,KEN V KRAWCHUK,3
Clearfield,0029 Bell Township,Governor,,,Write-ins,1
Clearfield,0029 Bell Township,U.S. House,15,DEM,SUSAN BOSER,52
Clearfield,0029 Bell Township,U.S. House,15,REP,GLENN GT THOMPSON,233
Clearfield,0029 Bell Township,U.S. House,15,,Write-ins,0
Clearfield,0029 Bell Township,State House,73,REP,TOMMY SANKEY,267
Clearfield,0029 Bell Township,State House,73,,Write-ins,2
Clearfield,0030 Bigler Township,,,,Registered Voters,778
Clearfield,0030 Bigler Township,,,,Ballots Cast,448
Clearfield,0030 Bigler Township,Straight Party,,DEM,Democratic,66
Clearfield,0030 Bigler Township,Straight Party,,REP,Republican,215
Clearfield,0030 Bigler Township,Straight Party,,GR),Green,0
Clearfield,0030 Bigler Township,Straight Party,,LIB,Libertarian,1
Clearfield,0030 Bigler Township,U.S. Senate,,DEM,BOB CASEY JR,138
Clearfield,0030 Bigler Township,U.S. Senate,,REP,LOU BARLETTA,300
Clearfield,0030 Bigler Township,U.S. Senate,,GR,NEAL GALE,3
Clearfield,0030 Bigler Township,U.S. Senate,,LIB,DALE R KERNS JR,2
Clearfield,0030 Bigler Township,U.S. Senate,,,Write-ins,0
Clearfield,0030 Bigler Township,Governor,,DEM,TOM WOLF,134
Clearfield,0030 Bigler Township,Governor,,REP,SCOTT R WAGNER,304
Clearfield,0030 Bigler Township,Governor,,GR),PAUL GLOVER,4
Clearfield,0030 Bigler Township,Governor,,LIB,KEN V KRAWCHUK,1
Clearfield,0030 Bigler Township,Governor,,,Write-ins,0
Clearfield,0030 Bigler Township,U.S. House,15,DEM,SUSAN BOSER,106
Clearfield,0030 Bigler Township,U.S. House,15,REP,GLENN GT THOMPSON,339
Clearfield,0030 Bigler Township,U.S. House,15,,Write-ins,1
Clearfield,0030 Bigler Township,State House,73,REP,TOMMY SANKEY,427
Clearfield,0030 Bigler Township,State House,73,,Write-ins,2
Clearfield,0031 Bloom Township,,,,Registered Voters,275
Clearfield,0031 Bloom Township,,,,Ballots Cast,166
Clearfield,0031 Bloom Township,Straight Party,,DEM,Democratic,23
Clearfield,0031 Bloom Township,Straight Party,,REP,Republican,76
Clearfield,0031 Bloom Township,Straight Party,,GR),Green,0
Clearfield,0031 Bloom Township,Straight Party,,LIB,Libertarian,0
Clearfield,0031 Bloom Township,U.S. Senate,,DEM,BOB CASEY JR,49
Clearfield,0031 Bloom Township,U.S. Senate,,REP,LOU BARLETTA,112
Clearfield,0031 Bloom Township,U.S. Senate,,GR,NEAL GALE,0
Clearfield,0031 Bloom Township,U.S. Senate,,LIB,DALE R KERNS JR,1
Clearfield,0031 Bloom Township,U.S. Senate,,,Write-ins,1
Clearfield,0031 Bloom Township,Governor,,DEM,TOM WOLF,44
Clearfield,0031 Bloom Township,Governor,,REP,SCOTT R WAGNER,119
Clearfield,0031 Bloom Township,Governor,,GR),PAUL GLOVER,0
Clearfield,0031 Bloom Township,Governor,,LIB,KEN V KRAWCHUK,1
Clearfield,0031 Bloom Township,Governor,,,Write-ins,0
Clearfield,0031 Bloom Township,U.S. House,15,DEM,SUSAN BOSER,31
Clearfield,0031 Bloom Township,U.S. House,15,REP,GLENN GT THOMPSON,134
Clearfield,0031 Bloom Township,U.S. House,15,,Write-ins,0
Clearfield,0031 Bloom Township,State House,75,REP,MATT GABLER,162
Clearfield,0031 Bloom Township,State House,75,,Write-ins,1
Clearfield,0032 Boggs Township,,,,Registered Voters,1040
Clearfield,0032 Boggs Township,,,,Ballots Cast,624
Clearfield,0032 Boggs Township,Straight Party,,DEM,Democratic,93
Clearfield,0032 Boggs Township,Straight Party,,REP,Republican,265
Clearfield,0032 Boggs Township,Straight Party,,GR),Green,2
Clearfield,0032 Boggs Township,Straight Party,,LIB,Libertarian,0
Clearfield,0032 Boggs Township,U.S. Senate,,DEM,BOB CASEY JR,226
Clearfield,0032 Boggs Township,U.S. Senate,,REP,LOU BARLETTA,381
Clearfield,0032 Boggs Township,U.S. Senate,,GR,NEAL GALE,2
Clearfield,0032 Boggs Township,U.S. Senate,,LIB,DALE R KERNS JR,6
Clearfield,0032 Boggs Township,U.S. Senate,,,Write-ins,1
Clearfield,0032 Boggs Township,Governor,,DEM,TOM WOLF,215
Clearfield,0032 Boggs Township,Governor,,REP,SCOTT R WAGNER,390
Clearfield,0032 Boggs Township,Governor,,GR),PAUL GLOVER,7
Clearfield,0032 Boggs Township,Governor,,LIB,KEN V KRAWCHUK,9
Clearfield,0032 Boggs Township,Governor,,,Write-ins,0
Clearfield,0032 Boggs Township,U.S. House,15,DEM,SUSAN BOSER,158
Clearfield,0032 Boggs Township,U.S. House,15,REP,GLENN GT THOMPSON,457
Clearfield,0032 Boggs Township,U.S. House,15,,Write-ins,1
Clearfield,0032 Boggs Township,State House,73,REP,TOMMY SANKEY,597
Clearfield,0032 Boggs Township,State House,73,,Write-ins,6
Clearfield,0033 Bradford Township 1st,,,,Registered Voters,1003
Clearfield,0033 Bradford Township 1st,,,,Ballots Cast,607
Clearfield,0033 Bradford Township 1st,Straight Party,,DEM,Democratic,55
Clearfield,0033 Bradford Township 1st,Straight Party,,REP,Republican,324
Clearfield,0033 Bradford Township 1st,Straight Party,,GR),Green,1
Clearfield,0033 Bradford Township 1st,Straight Party,,LIB,Libertarian,0
Clearfield,0033 Bradford Township 1st,U.S. Senate,,DEM,BOB CASEY JR,147
Clearfield,0033 Bradford Township 1st,U.S. Senate,,REP,LOU BARLETTA,447
Clearfield,0033 Bradford Township 1st,U.S. Senate,,GR,NEAL GALE,3
Clearfield,0033 Bradford Township 1st,U.S. Senate,,LIB,DALE R KERNS JR,4
Clearfield,0033 Bradford Township 1st,U.S. Senate,,,Write-ins,0
Clearfield,0033 Bradford Township 1st,Governor,,DEM,TOM WOLF,137
Clearfield,0033 Bradford Township 1st,Governor,,REP,SCOTT R WAGNER,457
Clearfield,0033 Bradford Township 1st,Governor,,GR),PAUL GLOVER,3
Clearfield,0033 Bradford Township 1st,Governor,,LIB,KEN V KRAWCHUK,6
Clearfield,0033 Bradford Township 1st,Governor,,,Write-ins,2
Clearfield,0033 Bradford Township 1st,U.S. House,15,DEM,SUSAN BOSER,104
Clearfield,0033 Bradford Township 1st,U.S. House,15,REP,GLENN GT THOMPSON,502
Clearfield,0033 Bradford Township 1st,U.S. House,15,,Write-ins,0
Clearfield,0033 Bradford Township 1st,State House,75,REP,MATT GABLER,586
Clearfield,0033 Bradford Township 1st,State House,75,,Write-ins,1
Clearfield,0034 Bradford Township 2nd,,,,Registered Voters,717
Clearfield,0034 Bradford Township 2nd,,,,Ballots Cast,396
Clearfield,0034 Bradford Township 2nd,Straight Party,,DEM,Democratic,54
Clearfield,0034 Bradford Township 2nd,Straight Party,,REP,Republican,168
Clearfield,0034 Bradford Township 2nd,Straight Party,,GR),Green,1
Clearfield,0034 Bradford Township 2nd,Straight Party,,LIB,Libertarian,0
Clearfield,0034 Bradford Township 2nd,U.S. Senate,,DEM,BOB CASEY JR,117
Clearfield,0034 Bradford Township 2nd,U.S. Senate,,REP,LOU BARLETTA,263
Clearfield,0034 Bradford Township 2nd,U.S. Senate,,GR,NEAL GALE,3
Clearfield,0034 Bradford Township 2nd,U.S. Senate,,LIB,DALE R KERNS JR,9
Clearfield,0034 Bradford Township 2nd,U.S. Senate,,,Write-ins,0
Clearfield,0034 Bradford Township 2nd,Governor,,DEM,TOM WOLF,119
Clearfield,0034 Bradford Township 2nd,Governor,,REP,SCOTT R WAGNER,261
Clearfield,0034 Bradford Township 2nd,Governor,,GR),PAUL GLOVER,5
Clearfield,0034 Bradford Township 2nd,Governor,,LIB,KEN V KRAWCHUK,9
Clearfield,0034 Bradford Township 2nd,Governor,,,Write-ins,1
Clearfield,0034 Bradford Township 2nd,U.S. House,15,DEM,SUSAN BOSER,90
Clearfield,0034 Bradford Township 2nd,U.S. House,15,REP,GLENN GT THOMPSON,303
Clearfield,0034 Bradford Township 2nd,U.S. House,15,,Write-ins,0
Clearfield,0034 Bradford Township 2nd,State House,75,REP,MATT GABLER,382
Clearfield,0034 Bradford Township 2nd,State House,75,,Write-ins,2
Clearfield,0035 Brady Township,,,,Registered Voters,1075
Clearfield,0035 Brady Township,,,,Ballots Cast,643
Clearfield,0035 Brady Township,Straight Party,,DEM,Democratic,66
Clearfield,0035 Brady Township,Straight Party,,REP,Republican,259
Clearfield,0035 Brady Township,Straight Party,,GR),Green,0
Clearfield,0035 Brady Township,Straight Party,,LIB,Libertarian,0
Clearfield,0035 Brady Township,U.S. Senate,,DEM,BOB CASEY JR,194
Clearfield,0035 Brady Township,U.S. Senate,,REP,LOU BARLETTA,432
Clearfield,0035 Brady Township,U.S. Senate,,GR,NEAL GALE,4
Clearfield,0035 Brady Township,U.S. Senate,,LIB,DALE R KERNS JR,4
Clearfield,0035 Brady Township,U.S. Senate,,,Write-ins,0
Clearfield,0035 Brady Township,Governor,,DEM,TOM WOLF,182
Clearfield,0035 Brady Township,Governor,,REP,SCOTT R WAGNER,453
Clearfield,0035 Brady Township,Governor,,GR),PAUL GLOVER,1
Clearfield,0035 Brady Township,Governor,,LIB,KEN V KRAWCHUK,5
Clearfield,0035 Brady Township,Governor,,,Write-ins,0
Clearfield,0035 Brady Township,U.S. House,15,DEM,SUSAN BOSER,122
Clearfield,0035 Brady Township,U.S. House,15,REP,GLENN GT THOMPSON,515
Clearfield,0035 Brady Township,U.S. House,15,,Write-ins,0
Clearfield,0035 Brady Township,State House,75,REP,MATT GABLER,616
Clearfield,0035 Brady Township,State House,75,,Write-ins,7
Clearfield,0036 Burnside Township,,,,Registered Voters,634
Clearfield,0036 Burnside Township,,,,Ballots Cast,359
Clearfield,0036 Burnside Township,Straight Party,,DEM,Democratic,41
Clearfield,0036 Burnside Township,Straight Party,,REP,Republican,185
Clearfield,0036 Burnside Township,Straight Party,,GR),Green,0
Clearfield,0036 Burnside Township,Straight Party,,LIB,Libertarian,0
Clearfield,0036 Burnside Township,U.S. Senate,,DEM,BOB CASEY JR,88
Clearfield,0036 Burnside Township,U.S. Senate,,REP,LOU BARLETTA,268
Clearfield,0036 Burnside Township,U.S. Senate,,GR,NEAL GALE,1
Clearfield,0036 Burnside Township,U.S. Senate,,LIB,DALE R KERNS JR,2
Clearfield,0036 Burnside Township,U.S. Senate,,,Write-ins,0
Clearfield,0036 Burnside Township,Governor,,DEM,TOM WOLF,85
Clearfield,0036 Burnside Township,Governor,,REP,SCOTT R WAGNER,272
Clearfield,0036 Burnside Township,Governor,,GR),PAUL GLOVER,0
Clearfield,0036 Burnside Township,Governor,,LIB,KEN V KRAWCHUK,2
Clearfield,0036 Burnside Township,Governor,,,Write-ins,0
Clearfield,0036 Burnside Township,U.S. House,15,DEM,SUSAN BOSER,70
Clearfield,0036 Burnside Township,U.S. House,15,REP,GLENN GT THOMPSON,289
Clearfield,0036 Burnside Township,U.S. House,15,,Write-ins,0
Clearfield,0036 Burnside Township,State House,73,REP,TOMMY SANKEY,346
Clearfield,0036 Burnside Township,State House,73,,Write-ins,2
Clearfield,0037 Chest Township,,,,Registered Voters,337
Clearfield,0037 Chest Township,,,,Ballots Cast,177
Clearfield,0037 Chest Township,Straight Party,,DEM,Democratic,23
Clearfield,0037 Chest Township,Straight Party,,REP,Republican,89
Clearfield,0037 Chest Township,Straight Party,,GR),Green,0
Clearfield,0037 Chest Township,Straight Party,,LIB,Libertarian,0
Clearfield,0037 Chest Township,U.S. Senate,,DEM,BOB CASEY JR,54
Clearfield,0037 Chest Township,U.S. Senate,,REP,LOU BARLETTA,118
Clearfield,0037 Chest Township,U.S. Senate,,GR,NEAL GALE,1
Clearfield,0037 Chest Township,U.S. Senate,,LIB,DALE R KERNS JR,0
Clearfield,0037 Chest Township,U.S. Senate,,,Write-ins,0
Clearfield,0037 Chest Township,Governor,,DEM,TOM WOLF,44
Clearfield,0037 Chest Township,Governor,,REP,SCOTT R WAGNER,129
Clearfield,0037 Chest Township,Governor,,GR),PAUL GLOVER,0
Clearfield,0037 Chest Township,Governor,,LIB,KEN V KRAWCHUK,4
Clearfield,0037 Chest Township,Governor,,,Write-ins,0
Clearfield,0037 Chest Township,U.S. House,15,DEM,SUSAN BOSER,43
Clearfield,0037 Chest Township,U.S. House,15,REP,GLENN GT THOMPSON,130
Clearfield,0037 Chest Township,U.S. House,15,,Write-ins,2
Clearfield,0037 Chest Township,State House,73,REP,TOMMY SANKEY,167
Clearfield,0037 Chest Township,State House,73,,Write-ins,1
Clearfield,0038 Cooper Township 1st,,,,Registered Voters,948
Clearfield,0038 Cooper Township 1st,,,,Ballots Cast,518
Clearfield,0038 Cooper Township 1st,Straight Party,,DEM,Democratic,118
Clearfield,0038 Cooper Township 1st,Straight Party,,REP,Republican,193
Clearfield,0038 Cooper Township 1st,Straight Party,,GR),Green,2
Clearfield,0038 Cooper Township 1st,Straight Party,,LIB,Libertarian,3
Clearfield,0038 Cooper Township 1st,U.S. Senate,,DEM,BOB CASEY JR,224
Clearfield,0038 Cooper Township 1st,U.S. Senate,,REP,LOU BARLETTA,283
Clearfield,0038 Cooper Township 1st,U.S. Senate,,GR,NEAL GALE,2
Clearfield,0038 Cooper Township 1st,U.S. Senate,,LIB,DALE R KERNS JR,5
Clearfield,0038 Cooper Township 1st,U.S. Senate,,,Write-ins,0
Clearfield,0038 Cooper Township 1st,Governor,,DEM,TOM WOLF,218
Clearfield,0038 Cooper Township 1st,Governor,,REP,SCOTT R WAGNER,294
Clearfield,0038 Cooper Township 1st,Governor,,GR),PAUL GLOVER,3
Clearfield,0038 Cooper Township 1st,Governor,,LIB,KEN V KRAWCHUK,2
Clearfield,0038 Cooper Township 1st,Governor,,,Write-ins,0
Clearfield,0038 Cooper Township 1st,U.S. House,15,DEM,SUSAN BOSER,178
Clearfield,0038 Cooper Township 1st,U.S. House,15,REP,GLENN GT THOMPSON,337
Clearfield,0038 Cooper Township 1st,U.S. House,15,,Write-ins,1
Clearfield,0038 Cooper Township 1st,State House,73,REP,TOMMY SANKEY,498
Clearfield,0038 Cooper Township 1st,State House,73,,Write-ins,5
Clearfield,0039 Cooper Township 2nd,,,,Registered Voters,581
Clearfield,0039 Cooper Township 2nd,,,,Ballots Cast,315
Clearfield,0039 Cooper Township 2nd,Straight Party,,DEM,Democratic,41
Clearfield,0039 Cooper Township 2nd,Straight Party,,REP,Republican,122
Clearfield,0039 Cooper Township 2nd,Straight Party,,GR),Green,1
Clearfield,0039 Cooper Township 2nd,Straight Party,,LIB,Libertarian,0
Clearfield,0039 Cooper Township 2nd,U.S. Senate,,DEM,BOB CASEY JR,92
Clearfield,0039 Cooper Township 2nd,U.S. Senate,,REP,LOU BARLETTA,205
Clearfield,0039 Cooper Township 2nd,U.S. Senate,,GR,NEAL GALE,0
Clearfield,0039 Cooper Township 2nd,U.S. Senate,,LIB,DALE R KERNS JR,11
Clearfield,0039 Cooper Township 2nd,U.S. Senate,,,Write-ins,0
Clearfield,0039 Cooper Township 2nd,Governor,,DEM,TOM WOLF,98
Clearfield,0039 Cooper Township 2nd,Governor,,REP,SCOTT R WAGNER,203
Clearfield,0039 Cooper Township 2nd,Governor,,GR),PAUL GLOVER,0
Clearfield,0039 Cooper Township 2nd,Governor,,LIB,KEN V KRAWCHUK,4
Clearfield,0039 Cooper Township 2nd,Governor,,,Write-ins,1
Clearfield,0039 Cooper Township 2nd,U.S. House,15,DEM,SUSAN BOSER,65
Clearfield,0039 Cooper Township 2nd,U.S. House,15,REP,GLENN GT THOMPSON,244
Clearfield,0039 Cooper Township 2nd,U.S. House,15,,Write-ins,0
Clearfield,0039 Cooper Township 2nd,State House,73,REP,TOMMY SANKEY,301
Clearfield,0039 Cooper Township 2nd,State House,73,,Write-ins,2
Clearfield,0040 Covington Township,,,,Registered Voters,359
Clearfield,0040 Covington Township,,,,Ballots Cast,236
Clearfield,0040 Covington Township,Straight Party,,DEM,Democratic,27
Clearfield,0040 Covington Township,Straight Party,,REP,Republican,104
Clearfield,0040 Covington Township,Straight Party,,GR),Green,1
Clearfield,0040 Covington Township,Straight Party,,LIB,Libertarian,1
Clearfield,0040 Covington Township,U.S. Senate,,DEM,BOB CASEY JR,68
Clearfield,0040 Covington Township,U.S. Senate,,REP,LOU BARLETTA,161
Clearfield,0040 Covington Township,U.S. Senate,,GR,NEAL GALE,2
Clearfield,0040 Covington Township,U.S. Senate,,LIB,DALE R KERNS JR,2
Clearfield,0040 Covington Township,U.S. Senate,,,Write-ins,0
Clearfield,0040 Covington Township,Governor,,DEM,TOM WOLF,56
Clearfield,0040 Covington Township,Governor,,REP,SCOTT R WAGNER,172
Clearfield,0040 Covington Township,Governor,,GR),PAUL GLOVER,3
Clearfield,0040 Covington Township,Governor,,LIB,KEN V KRAWCHUK,3
Clearfield,0040 Covington Township,Governor,,,Write-ins,0
Clearfield,0040 Covington Township,U.S. House,15,DEM,SUSAN BOSER,47
Clearfield,0040 Covington Township,U.S. House,15,REP,GLENN GT THOMPSON,184
Clearfield,0040 Covington Township,U.S. House,15,,Write-ins,0
Clearfield,0040 Covington Township,State House,75,REP,MATT GABLER,228
Clearfield,0040 Covington Township,State House,75,,Write-ins,1
Clearfield,0041 Decatur Township 1st,,,,Registered Voters,849
Clearfield,0041 Decatur Township 1st,,,,Ballots Cast,518
Clearfield,0041 Decatur Township 1st,Straight Party,,DEM,Democratic,68
Clearfield,0041 Decatur Township 1st,Straight Party,,REP,Republican,251
Clearfield,0041 Decatur Township 1st,Straight Party,,GR),Green,0
Clearfield,0041 Decatur Township 1st,Straight Party,,LIB,Libertarian,0
Clearfield,0041 Decatur Township 1st,U.S. Senate,,DEM,BOB CASEY JR,147
Clearfield,0041 Decatur Township 1st,U.S. Senate,,REP,LOU BARLETTA,361
Clearfield,0041 Decatur Township 1st,U.S. Senate,,GR,NEAL GALE,1
Clearfield,0041 Decatur Township 1st,U.S. Senate,,LIB,DALE R KERNS JR,2
Clearfield,0041 Decatur Township 1st,U.S. Senate,,,Write-ins,1
Clearfield,0041 Decatur Township 1st,Governor,,DEM,TOM WOLF,136
Clearfield,0041 Decatur Township 1st,Governor,,REP,SCOTT R WAGNER,373
Clearfield,0041 Decatur Township 1st,Governor,,GR),PAUL GLOVER,5
Clearfield,0041 Decatur Township 1st,Governor,,LIB,KEN V KRAWCHUK,2
Clearfield,0041 Decatur Township 1st,Governor,,,Write-ins,1
Clearfield,0041 Decatur Township 1st,U.S. House,15,DEM,SUSAN BOSER,106
Clearfield,0041 Decatur Township 1st,U.S. House,15,REP,GLENN GT THOMPSON,407
Clearfield,0041 Decatur Township 1st,U.S. House,15,,Write-ins,0
Clearfield,0041 Decatur Township 1st,State House,73,REP,TOMMY SANKEY,502
Clearfield,0041 Decatur Township 1st,State House,73,,Write-ins,6
Clearfield,0042 Decatur Township 2nd,,,,Registered Voters,891
Clearfield,0042 Decatur Township 2nd,,,,Ballots Cast,524
Clearfield,0042 Decatur Township 2nd,Straight Party,,DEM,Democratic,103
Clearfield,0042 Decatur Township 2nd,Straight Party,,REP,Republican,204
Clearfield,0042 Decatur Township 2nd,Straight Party,,GR),Green,1
Clearfield,0042 Decatur Township 2nd,Straight Party,,LIB,Libertarian,0
Clearfield,0042 Decatur Township 2nd,U.S. Senate,,DEM,BOB CASEY JR,210
Clearfield,0042 Decatur Township 2nd,U.S. Senate,,REP,LOU BARLETTA,298
Clearfield,0042 Decatur Township 2nd,U.S. Senate,,GR,NEAL GALE,2
Clearfield,0042 Decatur Township 2nd,U.S. Senate,,LIB,DALE R KERNS JR,8
Clearfield,0042 Decatur Township 2nd,U.S. Senate,,,Write-ins,0
Clearfield,0042 Decatur Township 2nd,Governor,,DEM,TOM WOLF,200
Clearfield,0042 Decatur Township 2nd,Governor,,REP,SCOTT R WAGNER,307
Clearfield,0042 Decatur Township 2nd,Governor,,GR),PAUL GLOVER,3
Clearfield,0042 Decatur Township 2nd,Governor,,LIB,KEN V KRAWCHUK,6
Clearfield,0042 Decatur Township 2nd,Governor,,,Write-ins,0
Clearfield,0042 Decatur Township 2nd,U.S. House,15,DEM,SUSAN BOSER,167
Clearfield,0042 Decatur Township 2nd,U.S. House,15,REP,GLENN GT THOMPSON,352
Clearfield,0042 Decatur Township 2nd,U.S. House,15,,Write-ins,0
Clearfield,0042 Decatur Township 2nd,State House,73,REP,TOMMY SANKEY,505
Clearfield,0042 Decatur Township 2nd,State House,73,,Write-ins,3
Clearfield,0043 Ferguson Township,,,,Registered Voters,310
Clearfield,0043 Ferguson Township,,,,Ballots Cast,192
Clearfield,0043 Ferguson Township,Straight Party,,DEM,Democratic,11
Clearfield,0043 Ferguson Township,Straight Party,,REP,Republican,82
Clearfield,0043 Ferguson Township,Straight Party,,GR),Green,0
Clearfield,0043 Ferguson Township,Straight Party,,LIB,Libertarian,1
Clearfield,0043 Ferguson Township,U.S. Senate,,DEM,BOB CASEY JR,56
Clearfield,0043 Ferguson Township,U.S. Senate,,REP,LOU BARLETTA,129
Clearfield,0043 Ferguson Township,U.S. Senate,,GR,NEAL GALE,1
Clearfield,0043 Ferguson Township,U.S. Senate,,LIB,DALE R KERNS JR,2
Clearfield,0043 Ferguson Township,U.S. Senate,,,Write-ins,0
Clearfield,0043 Ferguson Township,Governor,,DEM,TOM WOLF,43
Clearfield,0043 Ferguson Township,Governor,,REP,SCOTT R WAGNER,142
Clearfield,0043 Ferguson Township,Governor,,GR),PAUL GLOVER,0
Clearfield,0043 Ferguson Township,Governor,,LIB,KEN V KRAWCHUK,7
Clearfield,0043 Ferguson Township,Governor,,,Write-ins,0
Clearfield,0043 Ferguson Township,U.S. House,15,DEM,SUSAN BOSER,34
Clearfield,0043 Ferguson Township,U.S. House,15,REP,GLENN GT THOMPSON,158
Clearfield,0043 Ferguson Township,U.S. House,15,,Write-ins,0
Clearfield,0043 Ferguson Township,State House,73,REP,TOMMY SANKEY,180
Clearfield,0043 Ferguson Township,State House,73,,Write-ins,1
Clearfield,0044 Girard Township,,,,Registered Voters,321
Clearfield,0044 Girard Township,,,,Ballots Cast,177
Clearfield,0044 Girard Township,Straight Party,,DEM,Democratic,26
Clearfield,0044 Girard Township,Straight Party,,REP,Republican,100
Clearfield,0044 Girard Township,Straight Party,,GR),Green,0
Clearfield,0044 Girard Township,Straight Party,,LIB,Libertarian,1
Clearfield,0044 Girard Township,U.S. Senate,,DEM,BOB CASEY JR,46
Clearfield,0044 Girard Township,U.S. Senate,,REP,LOU BARLETTA,127
Clearfield,0044 Girard Township,U.S. Senate,,GR,NEAL GALE,0
Clearfield,0044 Girard Township,U.S. Senate,,LIB,DALE R KERNS JR,3
Clearfield,0044 Girard Township,U.S. Senate,,,Write-ins,0
Clearfield,0044 Girard Township,Governor,,DEM,TOM WOLF,42
Clearfield,0044 Girard Township,Governor,,REP,SCOTT R WAGNER,131
Clearfield,0044 Girard Township,Governor,,GR),PAUL GLOVER,0
Clearfield,0044 Girard Township,Governor,,LIB,KEN V KRAWCHUK,2
Clearfield,0044 Girard Township,Governor,,,Write-ins,0
Clearfield,0044 Girard Township,U.S. House,15,DEM,SUSAN BOSER,35
Clearfield,0044 Girard Township,U.S. House,15,REP,GLENN GT THOMPSON,141
Clearfield,0044 Girard Township,U.S. House,15,,Write-ins,1
Clearfield,0044 Girard Township,State House,75,REP,MATT GABLER,168
Clearfield,0044 Girard Township,State House,75,,Write-ins,2
Clearfield,0045 Goshen Township,,,,Registered Voters,252
Clearfield,0045 Goshen Township,,,,Ballots Cast,148
Clearfield,0045 Goshen Township,Straight Party,,DEM,Democratic,8
Clearfield,0045 Goshen Township,Straight Party,,REP,Republican,85
Clearfield,0045 Goshen Township,Straight Party,,GR),Green,2
Clearfield,0045 Goshen Township,Straight Party,,LIB,Libertarian,0
Clearfield,0045 Goshen Township,U.S. Senate,,DEM,BOB CASEY JR,27
Clearfield,0045 Goshen Township,U.S. Senate,,REP,LOU BARLETTA,117
Clearfield,0045 Goshen Township,U.S. Senate,,GR,NEAL GALE,2
Clearfield,0045 Goshen Township,U.S. Senate,,LIB,DALE R KERNS JR,2
Clearfield,0045 Goshen Township,U.S. Senate,,,Write-ins,0
Clearfield,0045 Goshen Township,Governor,,DEM,TOM WOLF,19
Clearfield,0045 Goshen Township,Governor,,REP,SCOTT R WAGNER,125
Clearfield,0045 Goshen Township,Governor,,GR),PAUL GLOVER,4
Clearfield,0045 Goshen Township,Governor,,LIB,KEN V KRAWCHUK,0
Clearfield,0045 Goshen Township,Governor,,,Write-ins,0
Clearfield,0045 Goshen Township,U.S. House,15,DEM,SUSAN BOSER,26
Clearfield,0045 Goshen Township,U.S. House,15,REP,GLENN GT THOMPSON,122
Clearfield,0045 Goshen Township,U.S. House,15,,Write-ins,0
Clearfield,0045 Goshen Township,State House,75,REP,MATT GABLER,142
Clearfield,0045 Goshen Township,State House,75,,Write-ins,1
Clearfield,0046 Graham Township,,,,Registered Voters,859
Clearfield,0046 Graham Township,,,,Ballots Cast,526
Clearfield,0046 Graham Township,Straight Party,,DEM,Democratic,82
Clearfield,0046 Graham Township,Straight Party,,REP,Republican,243
Clearfield,0046 Graham Township,Straight Party,,GR),Green,1
Clearfield,0046 Graham Township,Straight Party,,LIB,Libertarian,0
Clearfield,0046 Graham Township,U.S. Senate,,DEM,BOB CASEY JR,164
Clearfield,0046 Graham Township,U.S. Senate,,REP,LOU BARLETTA,345
Clearfield,0046 Graham Township,U.S. Senate,,GR,NEAL GALE,5
Clearfield,0046 Graham Township,U.S. Senate,,LIB,DALE R KERNS JR,7
Clearfield,0046 Graham Township,U.S. Senate,,,Write-ins,0
Clearfield,0046 Graham Township,Governor,,DEM,TOM WOLF,165
Clearfield,0046 Graham Township,Governor,,REP,SCOTT R WAGNER,353
Clearfield,0046 Graham Township,Governor,,GR),PAUL GLOVER,1
Clearfield,0046 Graham Township,Governor,,LIB,KEN V KRAWCHUK,5
Clearfield,0046 Graham Township,Governor,,,Write-ins,0
Clearfield,0046 Graham Township,U.S. House,15,DEM,SUSAN BOSER,123
Clearfield,0046 Graham Township,U.S. House,15,REP,GLENN GT THOMPSON,400
Clearfield,0046 Graham Township,U.S. House,15,,Write-ins,0
Clearfield,0046 Graham Township,State House,75,REP,MATT GABLER,493
Clearfield,0046 Graham Township,State House,75,,Write-ins,3
Clearfield,0047 Greenwood Township,,,,Registered Voters,229
Clearfield,0047 Greenwood Township,,,,Ballots Cast,151
Clearfield,0047 Greenwood Township,Straight Party,,DEM,Democratic,16
Clearfield,0047 Greenwood Township,Straight Party,,REP,Republican,74
Clearfield,0047 Greenwood Township,Straight Party,,GR),Green,0
Clearfield,0047 Greenwood Township,Straight Party,,LIB,Libertarian,1
Clearfield,0047 Greenwood Township,U.S. Senate,,DEM,BOB CASEY JR,34
Clearfield,0047 Greenwood Township,U.S. Senate,,REP,LOU BARLETTA,113
Clearfield,0047 Greenwood Township,U.S. Senate,,GR,NEAL GALE,1
Clearfield,0047 Greenwood Township,U.S. Senate,,LIB,DALE R KERNS JR,1
Clearfield,0047 Greenwood Township,U.S. Senate,,,Write-ins,0
Clearfield,0047 Greenwood Township,Governor,,DEM,TOM WOLF,30
Clearfield,0047 Greenwood Township,Governor,,REP,SCOTT R WAGNER,119
Clearfield,0047 Greenwood Township,Governor,,GR),PAUL GLOVER,0
Clearfield,0047 Greenwood Township,Governor,,LIB,KEN V KRAWCHUK,1
Clearfield,0047 Greenwood Township,Governor,,,Write-ins,0
Clearfield,0047 Greenwood Township,U.S. House,15,DEM,SUSAN BOSER,24
Clearfield,0047 Greenwood Township,U.S. House,15,REP,GLENN GT THOMPSON,126
Clearfield,0047 Greenwood Township,U.S. House,15,,Write-ins,1
Clearfield,0047 Greenwood Township,State House,73,REP,TOMMY SANKEY,142
Clearfield,0047 Greenwood Township,State House,73,,Write-ins,2
Clearfield,0048 Gulich Township,,,,Registered Voters,813
Clearfield,0048 Gulich Township,,,,Ballots Cast,494
Clearfield,0048 Gulich Township,Straight Party,,DEM,Democratic,78
Clearfield,0048 Gulich Township,Straight Party,,REP,Republican,172
Clearfield,0048 Gulich Township,Straight Party,,GR),Green,0
Clearfield,0048 Gulich Township,Straight Party,,LIB,Libertarian,1
Clearfield,0048 Gulich Township,U.S. Senate,,DEM,BOB CASEY JR,222
Clearfield,0048 Gulich Township,U.S. Senate,,REP,LOU BARLETTA,258
Clearfield,0048 Gulich Township,U.S. Senate,,GR,NEAL GALE,5
Clearfield,0048 Gulich Township,U.S. Senate,,LIB,DALE R KERNS JR,4
Clearfield,0048 Gulich Township,U.S. Senate,,,Write-ins,0
Clearfield,0048 Gulich Township,Governor,,DEM,TOM WOLF,207
Clearfield,0048 Gulich Township,Governor,,REP,SCOTT R WAGNER,279
Clearfield,0048 Gulich Township,Governor,,GR),PAUL GLOVER,2
Clearfield,0048 Gulich Township,Governor,,LIB,KEN V KRAWCHUK,2
Clearfield,0048 Gulich Township,Governor,,,Write-ins,0
Clearfield,0048 Gulich Township,U.S. House,15,DEM,SUSAN BOSER,154
Clearfield,0048 Gulich Township,U.S. House,15,REP,GLENN GT THOMPSON,335
Clearfield,0048 Gulich Township,U.S. House,15,,Write-ins,0
Clearfield,0048 Gulich Township,State House,73,REP,TOMMY SANKEY,469
Clearfield,0048 Gulich Township,State House,73,,Write-ins,5
Clearfield,0049 Huston Township,,,,Registered Voters,815
Clearfield,0049 Huston Township,,,,Ballots Cast,456
Clearfield,0049 Huston Township,Straight Party,,DEM,Democratic,78
Clearfield,0049 Huston Township,Straight Party,,REP,Republican,188
Clearfield,0049 Huston Township,Straight Party,,GR),Green,0
Clearfield,0049 Huston Township,Straight Party,,LIB,Libertarian,0
Clearfield,0049 Huston Township,U.S. Senate,,DEM,BOB CASEY JR,150
Clearfield,0049 Huston Township,U.S. Senate,,REP,LOU BARLETTA,301
Clearfield,0049 Huston Township,U.S. Senate,,GR,NEAL GALE,3
Clearfield,0049 Huston Township,U.S. Senate,,LIB,DALE R KERNS JR,2
Clearfield,0049 Huston Township,U.S. Senate,,,Write-ins,0
Clearfield,0049 Huston Township,Governor,,DEM,TOM WOLF,146
Clearfield,0049 Huston Township,Governor,,REP,SCOTT R WAGNER,297
Clearfield,0049 Huston Township,Governor,,GR),PAUL GLOVER,6
Clearfield,0049 Huston Township,Governor,,LIB,KEN V KRAWCHUK,5
Clearfield,0049 Huston Township,Governor,,,Write-ins,0
Clearfield,0049 Huston Township,U.S. House,15,DEM,SUSAN BOSER,123
Clearfield,0049 Huston Township,U.S. House,15,REP,GLENN GT THOMPSON,330
Clearfield,0049 Huston Township,U.S. House,15,,Write-ins,1
Clearfield,0049 Huston Township,State House,75,REP,MATT GABLER,442
Clearfield,0049 Huston Township,State House,75,,Write-ins,5
Clearfield,0050 Jordan Township,,,,Registered Voters,243
Clearfield,0050 Jordan Township,,,,Ballots Cast,166
Clearfield,0050 Jordan Township,Straight Party,,DEM,Democratic,11
Clearfield,0050 Jordan Township,Straight Party,,REP,Republican,77
Clearfield,0050 Jordan Township,Straight Party,,GR),Green,0
Clearfield,0050 Jordan Township,Straight Party,,LIB,Libertarian,0
Clearfield,0050 Jordan Township,U.S. Senate,,DEM,BOB CASEY JR,32
Clearfield,0050 Jordan Township,U.S. Senate,,REP,LOU BARLETTA,128
Clearfield,0050 Jordan Township,U.S. Senate,,GR,NEAL GALE,2
Clearfield,0050 Jordan Township,U.S. Senate,,LIB,DALE R KERNS JR,1
Clearfield,0050 Jordan Township,U.S. Senate,,,Write-ins,0
Clearfield,0050 Jordan Township,Governor,,DEM,TOM WOLF,29
Clearfield,0050 Jordan Township,Governor,,REP,SCOTT R WAGNER,137
Clearfield,0050 Jordan Township,Governor,,GR),PAUL GLOVER,0
Clearfield,0050 Jordan Township,Governor,,LIB,KEN V KRAWCHUK,0
Clearfield,0050 Jordan Township,Governor,,,Write-ins,0
Clearfield,0050 Jordan Township,U.S. House,15,DEM,SUSAN BOSER,21
Clearfield,0050 Jordan Township,U.S. House,15,REP,GLENN GT THOMPSON,144
Clearfield,0050 Jordan Township,U.S. House,15,,Write-ins,0
Clearfield,0050 Jordan Township,State House,73,REP,TOMMY SANKEY,160
Clearfield,0050 Jordan Township,State House,73,,Write-ins,3
Clearfield,0051 Karthaus Township,,,,Registered Voters,295
Clearfield,0051 Karthaus Township,,,,Ballots Cast,173
Clearfield,0051 Karthaus Township,Straight Party,,DEM,Democratic,24
Clearfield,0051 Karthaus Township,Straight Party,,REP,Republican,86
Clearfield,0051 Karthaus Township,Straight Party,,GR),Green,0
Clearfield,0051 Karthaus Township,Straight Party,,LIB,Libertarian,0
Clearfield,0051 Karthaus Township,U.S. Senate,,DEM,BOB CASEY JR,44
Clearfield,0051 Karthaus Township,U.S. Senate,,REP,LOU BARLETTA,127
Clearfield,0051 Karthaus Township,U.S. Senate,,GR,NEAL GALE,0
Clearfield,0051 Karthaus Township,U.S. Senate,,LIB,DALE R KERNS JR,1
Clearfield,0051 Karthaus Township,U.S. Senate,,,Write-ins,0
Clearfield,0051 Karthaus Township,Governor,,DEM,TOM WOLF,42
Clearfield,0051 Karthaus Township,Governor,,REP,SCOTT R WAGNER,129
Clearfield,0051 Karthaus Township,Governor,,GR),PAUL GLOVER,0
Clearfield,0051 Karthaus Township,Governor,,LIB,KEN V KRAWCHUK,2
Clearfield,0051 Karthaus Township,Governor,,,Write-ins,0
Clearfield,0051 Karthaus Township,U.S. House,15,DEM,SUSAN BOSER,35
Clearfield,0051 Karthaus Township,U.S. House,15,REP,GLENN GT THOMPSON,138
Clearfield,0051 Karthaus Township,U.S. House,15,,Write-ins,0
Clearfield,0051 Karthaus Township,State House,75,REP,MATT GABLER,167
Clearfield,0051 Karthaus Township,State House,75,,Write-ins,2
Clearfield,0052 Knox Township,,,,Registered Voters,353
Clearfield,0052 Knox Township,,,,Ballots Cast,202
Clearfield,0052 Knox Township,Straight Party,,DEM,Democratic,25
Clearfield,0052 Knox Township,Straight Party,,REP,Republican,97
Clearfield,0052 Knox Township,Straight Party,,GR),Green,0
Clearfield,0052 Knox Township,Straight Party,,LIB,Libertarian,1
Clearfield,0052 Knox Township,U.S. Senate,,DEM,BOB CASEY JR,55
Clearfield,0052 Knox Township,U.S. Senate,,REP,LOU BARLETTA,139
Clearfield,0052 Knox Township,U.S. Senate,,GR,NEAL GALE,1
Clearfield,0052 Knox Township,U.S. Senate,,LIB,DALE R KERNS JR,4
Clearfield,0052 Knox Township,U.S. Senate,,,Write-ins,0
Clearfield,0052 Knox Township,Governor,,DEM,TOM WOLF,54
Clearfield,0052 Knox Township,Governor,,REP,SCOTT R WAGNER,143
Clearfield,0052 Knox Township,Governor,,GR),PAUL GLOVER,2
Clearfield,0052 Knox Township,Governor,,LIB,KEN V KRAWCHUK,1
Clearfield,0052 Knox Township,Governor,,,Write-ins,0
Clearfield,0052 Knox Township,U.S. House,15,DEM,SUSAN BOSER,40
Clearfield,0052 Knox Township,U.S. House,15,REP,GLENN GT THOMPSON,161
Clearfield,0052 Knox Township,U.S. House,15,,Write-ins,0
Clearfield,0052 Knox Township,State House,73,REP,TOMMY SANKEY,190
Clearfield,0052 Knox Township,State House,73,,Write-ins,1
Clearfield,0053 Lawrence Twp Glen Richey,,,,Registered Voters,471
Clearfield,0053 Lawrence Twp Glen Richey,,,,Ballots Cast,270
Clearfield,0053 Lawrence Twp Glen Richey,Straight Party,,DEM,Democratic,39
Clearfield,0053 Lawrence Twp Glen Richey,Straight Party,,REP,Republican,98
Clearfield,0053 Lawrence Twp Glen Richey,Straight Party,,GR),Green,0
Clearfield,0053 Lawrence Twp Glen Richey,Straight Party,,LIB,Libertarian,0
Clearfield,0053 Lawrence Twp Glen Richey,U.S. Senate,,DEM,BOB CASEY JR,119
Clearfield,0053 Lawrence Twp Glen Richey,U.S. Senate,,REP,LOU BARLETTA,143
Clearfield,0053 Lawrence Twp Glen Richey,U.S. Senate,,GR,NEAL GALE,2
Clearfield,0053 Lawrence Twp Glen Richey,U.S. Senate,,LIB,DALE R KERNS JR,3
Clearfield,0053 Lawrence Twp Glen Richey,U.S. Senate,,,Write-ins,0
Clearfield,0053 Lawrence Twp Glen Richey,Governor,,DEM,TOM WOLF,98
Clearfield,0053 Lawrence Twp Glen Richey,Governor,,REP,SCOTT R WAGNER,165
Clearfield,0053 Lawrence Twp Glen Richey,Governor,,GR),PAUL GLOVER,4
Clearfield,0053 Lawrence Twp Glen Richey,Governor,,LIB,KEN V KRAWCHUK,1
Clearfield,0053 Lawrence Twp Glen Richey,Governor,,,Write-ins,0
Clearfield,0053 Lawrence Twp Glen Richey,U.S. House,15,DEM,SUSAN BOSER,74
Clearfield,0053 Lawrence Twp Glen Richey,U.S. House,15,REP,GLENN GT THOMPSON,194
Clearfield,0053 Lawrence Twp Glen Richey,U.S. House,15,,Write-ins,0
Clearfield,0053 Lawrence Twp Glen Richey,State House,73,REP,TOMMY SANKEY,256  100.00
Clearfield,0053 Lawrence Twp Glen Richey,State House,73,,Write-ins,0
Clearfield,0054 Lawrence Township Golden,,,,Registered Voters,1090
Clearfield,0054 Lawrence Township Golden,,,,Ballots Cast,669
Clearfield,0054 Lawrence Township Golden,Straight Party,,DEM,Democratic,107
Clearfield,0054 Lawrence Township Golden,Straight Party,,REP,Republican,243
Clearfield,0054 Lawrence Township Golden,Straight Party,,GR),Green,0
Clearfield,0054 Lawrence Township Golden,Straight Party,,LIB,Libertarian,0
Clearfield,0054 Lawrence Township Golden,U.S. Senate,,DEM,BOB CASEY JR,278
Clearfield,0054 Lawrence Township Golden,U.S. Senate,,REP,LOU BARLETTA,384
Clearfield,0054 Lawrence Township Golden,U.S. Senate,,GR,NEAL GALE,1
Clearfield,0054 Lawrence Township Golden,U.S. Senate,,LIB,DALE R KERNS JR,4
Clearfield,0054 Lawrence Township Golden,U.S. Senate,,,Write-ins,0
Clearfield,0054 Lawrence Township Golden,Governor,,DEM,TOM WOLF,275
Clearfield,0054 Lawrence Township Golden,Governor,,REP,SCOTT R WAGNER,380
Clearfield,0054 Lawrence Township Golden,Governor,,GR),PAUL GLOVER,4
Clearfield,0054 Lawrence Township Golden,Governor,,LIB,KEN V KRAWCHUK,6
Clearfield,0054 Lawrence Township Golden,Governor,,,Write-ins,0
Clearfield,0054 Lawrence Township Golden,U.S. House,15,DEM,SUSAN BOSER,200
Clearfield,0054 Lawrence Township Golden,U.S. House,15,REP,GLENN GT THOMPSON,465
Clearfield,0054 Lawrence Township Golden,U.S. House,15,,Write-ins,0
Clearfield,0054 Lawrence Township Golden,State House,73,REP,TOMMY SANKEY,631
Clearfield,0054 Lawrence Township Golden,State House,73,,Write-ins,5
Clearfield,0055 Lawrence Township Hyde,,,,Registered Voters,1625
Clearfield,0055 Lawrence Township Hyde,,,,Ballots Cast,966
Clearfield,0055 Lawrence Township Hyde,Straight Party,,DEM,Democratic,157
Clearfield,0055 Lawrence Township Hyde,Straight Party,,REP,Republican,328
Clearfield,0055 Lawrence Township Hyde,Straight Party,,GR),Green,1
Clearfield,0055 Lawrence Township Hyde,Straight Party,,LIB,Libertarian,0
Clearfield,0055 Lawrence Township Hyde,U.S. Senate,,DEM,BOB CASEY JR,372
Clearfield,0055 Lawrence Township Hyde,U.S. Senate,,REP,LOU BARLETTA,573
Clearfield,0055 Lawrence Township Hyde,U.S. Senate,,GR,NEAL GALE,5
Clearfield,0055 Lawrence Township Hyde,U.S. Senate,,LIB,DALE R KERNS JR,8
Clearfield,0055 Lawrence Township Hyde,U.S. Senate,,,Write-ins,0
Clearfield,0055 Lawrence Township Hyde,Governor,,DEM,TOM WOLF,355
Clearfield,0055 Lawrence Township Hyde,Governor,,REP,SCOTT R WAGNER,595
Clearfield,0055 Lawrence Township Hyde,Governor,,GR),PAUL GLOVER,4
Clearfield,0055 Lawrence Township Hyde,Governor,,LIB,KEN V KRAWCHUK,5
Clearfield,0055 Lawrence Township Hyde,Governor,,,Write-ins,2
Clearfield,0055 Lawrence Township Hyde,U.S. House,15,DEM,SUSAN BOSER,292
Clearfield,0055 Lawrence Township Hyde,U.S. House,15,REP,GLENN GT THOMPSON,670
Clearfield,0055 Lawrence Township Hyde,U.S. House,15,,Write-ins,0
Clearfield,0055 Lawrence Township Hyde,State House,73,REP,TOMMY SANKEY,913
Clearfield,0055 Lawrence Township Hyde,State House,73,,Write-ins,11
Clearfield,0056 Lawrence Twp Plympton,,,,Registered Voters,1254
Clearfield,0056 Lawrence Twp Plympton,,,,Ballots Cast,739
Clearfield,0056 Lawrence Twp Plympton,Straight Party,,DEM,Democratic,115
Clearfield,0056 Lawrence Twp Plympton,Straight Party,,REP,Republican,316
Clearfield,0056 Lawrence Twp Plympton,Straight Party,,GR),Green,1
Clearfield,0056 Lawrence Twp Plympton,Straight Party,,LIB,Libertarian,2
Clearfield,0056 Lawrence Twp Plympton,U.S. Senate,,DEM,BOB CASEY JR,259
Clearfield,0056 Lawrence Twp Plympton,U.S. Senate,,REP,LOU BARLETTA,462
Clearfield,0056 Lawrence Twp Plympton,U.S. Senate,,GR,NEAL GALE,5
Clearfield,0056 Lawrence Twp Plympton,U.S. Senate,,LIB,DALE R KERNS JR,7
Clearfield,0056 Lawrence Twp Plympton,U.S. Senate,,,Write-ins,0
Clearfield,0056 Lawrence Twp Plympton,Governor,,DEM,TOM WOLF,244
Clearfield,0056 Lawrence Twp Plympton,Governor,,REP,SCOTT R WAGNER,477
Clearfield,0056 Lawrence Twp Plympton,Governor,,GR),PAUL GLOVER,5
Clearfield,0056 Lawrence Twp Plympton,Governor,,LIB,KEN V KRAWCHUK,10
Clearfield,0056 Lawrence Twp Plympton,Governor,,,Write-ins,0
Clearfield,0056 Lawrence Twp Plympton,U.S. House,15,DEM,SUSAN BOSER,202
Clearfield,0056 Lawrence Twp Plympton,U.S. House,15,REP,GLENN GT THOMPSON,529
Clearfield,0056 Lawrence Twp Plympton,U.S. House,15,,Write-ins,0
Clearfield,0056 Lawrence Twp Plympton,State House,75,REP,MATT GABLER,704
Clearfield,0056 Lawrence Twp Plympton,State House,75,,Write-ins,7
Clearfield,0057 Morris Township 1st,,,,Registered Voters,1119
Clearfield,0057 Morris Township 1st,,,,Ballots Cast,631
Clearfield,0057 Morris Township 1st,Straight Party,,DEM,Democratic,102
Clearfield,0057 Morris Township 1st,Straight Party,,REP,Republican,278
Clearfield,0057 Morris Township 1st,Straight Party,,GR),Green,1
Clearfield,0057 Morris Township 1st,Straight Party,,LIB,Libertarian,1
Clearfield,0057 Morris Township 1st,U.S. Senate,,DEM,BOB CASEY JR,218
Clearfield,0057 Morris Township 1st,U.S. Senate,,REP,LOU BARLETTA,395
Clearfield,0057 Morris Township 1st,U.S. Senate,,GR,NEAL GALE,5
Clearfield,0057 Morris Township 1st,U.S. Senate,,LIB,DALE R KERNS JR,5
Clearfield,0057 Morris Township 1st,U.S. Senate,,,Write-ins,1
Clearfield,0057 Morris Township 1st,Governor,,DEM,TOM WOLF,222
Clearfield,0057 Morris Township 1st,Governor,,REP,SCOTT R WAGNER,397
Clearfield,0057 Morris Township 1st,Governor,,GR),PAUL GLOVER,3
Clearfield,0057 Morris Township 1st,Governor,,LIB,KEN V KRAWCHUK,6
Clearfield,0057 Morris Township 1st,Governor,,,Write-ins,0
Clearfield,0057 Morris Township 1st,U.S. House,15,DEM,SUSAN BOSER,157
Clearfield,0057 Morris Township 1st,U.S. House,15,REP,GLENN GT THOMPSON,469
Clearfield,0057 Morris Township 1st,U.S. House,15,,Write-ins,1
Clearfield,0057 Morris Township 1st,State House,73,REP,TOMMY SANKEY,612
Clearfield,0057 Morris Township 1st,State House,73,,Write-ins,7
Clearfield,0058 Morris Township 2nd,,,,Registered Voters,573
Clearfield,0058 Morris Township 2nd,,,,Ballots Cast,326
Clearfield,0058 Morris Township 2nd,Straight Party,,DEM,Democratic,68
Clearfield,0058 Morris Township 2nd,Straight Party,,REP,Republican,105
Clearfield,0058 Morris Township 2nd,Straight Party,,GR),Green,0
Clearfield,0058 Morris Township 2nd,Straight Party,,LIB,Libertarian,0
Clearfield,0058 Morris Township 2nd,U.S. Senate,,DEM,BOB CASEY JR,146
Clearfield,0058 Morris Township 2nd,U.S. Senate,,REP,LOU BARLETTA,176
Clearfield,0058 Morris Township 2nd,U.S. Senate,,GR,NEAL GALE,1
Clearfield,0058 Morris Township 2nd,U.S. Senate,,LIB,DALE R KERNS JR,1
Clearfield,0058 Morris Township 2nd,U.S. Senate,,,Write-ins,0
Clearfield,0058 Morris Township 2nd,Governor,,DEM,TOM WOLF,154
Clearfield,0058 Morris Township 2nd,Governor,,REP,SCOTT R WAGNER,169
Clearfield,0058 Morris Township 2nd,Governor,,GR),PAUL GLOVER,3
Clearfield,0058 Morris Township 2nd,Governor,,LIB,KEN V KRAWCHUK,0
Clearfield,0058 Morris Township 2nd,Governor,,,Write-ins,0
Clearfield,0058 Morris Township 2nd,U.S. House,15,DEM,SUSAN BOSER,117
Clearfield,0058 Morris Township 2nd,U.S. House,15,REP,GLENN GT THOMPSON,209
Clearfield,0058 Morris Township 2nd,U.S. House,15,,Write-ins,0
Clearfield,0058 Morris Township 2nd,State House,73,REP,TOMMY SANKEY,305
Clearfield,0058 Morris Township 2nd,State House,73,,Write-ins,7
Clearfield,0059 Penn Township,,,,Registered Voters,0
Clearfield,0059 Penn Township,,,,Ballots Cast,521
Clearfield,0059 Penn Township,Straight Party,,DEM,Democratic,44
Clearfield,0059 Penn Township,Straight Party,,REP,Republican,233
Clearfield,0059 Penn Township,Straight Party,,GR),Green,1
Clearfield,0059 Penn Township,Straight Party,,LIB,Libertarian,0
Clearfield,0059 Penn Township,U.S. Senate,,DEM,BOB CASEY JR,144
Clearfield,0059 Penn Township,U.S. Senate,,REP,LOU BARLETTA,363
Clearfield,0059 Penn Township,U.S. Senate,,GR,NEAL GALE,2
Clearfield,0059 Penn Township,U.S. Senate,,LIB,DALE R KERNS JR,5
Clearfield,0059 Penn Township,U.S. Senate,,,Write-ins,0
Clearfield,0059 Penn Township,Governor,,DEM,TOM WOLF,120
Clearfield,0059 Penn Township,Governor,,REP,SCOTT R WAGNER,395
Clearfield,0059 Penn Township,Governor,,GR),PAUL GLOVER,1
Clearfield,0059 Penn Township,Governor,,LIB,KEN V KRAWCHUK,3
Clearfield,0059 Penn Township,Governor,,,Write-ins,0
Clearfield,0059 Penn Township,U.S. House,15,DEM,SUSAN BOSER,101
Clearfield,0059 Penn Township,U.S. House,15,REP,GLENN GT THOMPSON,417
Clearfield,0059 Penn Township,U.S. House,15,,Write-ins,0
Clearfield,0059 Penn Township,State House,73,REP,TOMMY SANKEY,500
Clearfield,0059 Penn Township,State House,73,,Write-ins,2
Clearfield,0060 Pike Township,,,,Registered Voters,1478
Clearfield,0060 Pike Township,,,,Ballots Cast,896
Clearfield,0060 Pike Township,Straight Party,,DEM,Democratic,113
Clearfield,0060 Pike Township,Straight Party,,REP,Republican,404
Clearfield,0060 Pike Township,Straight Party,,GR),Green,0
Clearfield,0060 Pike Township,Straight Party,,LIB,Libertarian,2
Clearfield,0060 Pike Township,U.S. Senate,,DEM,BOB CASEY JR,293
Clearfield,0060 Pike Township,U.S. Senate,,REP,LOU BARLETTA,583
Clearfield,0060 Pike Township,U.S. Senate,,GR,NEAL GALE,3
Clearfield,0060 Pike Township,U.S. Senate,,LIB,DALE R KERNS JR,6
Clearfield,0060 Pike Township,U.S. Senate,,,Write-ins,1
Clearfield,0060 Pike Township,Governor,,DEM,TOM WOLF,264
Clearfield,0060 Pike Township,Governor,,REP,SCOTT R WAGNER,613
Clearfield,0060 Pike Township,Governor,,GR),PAUL GLOVER,3
Clearfield,0060 Pike Township,Governor,,LIB,KEN V KRAWCHUK,12
Clearfield,0060 Pike Township,Governor,,,Write-ins,0
Clearfield,0060 Pike Township,U.S. House,15,DEM,SUSAN BOSER,205
Clearfield,0060 Pike Township,U.S. House,15,REP,GLENN GT THOMPSON,682
Clearfield,0060 Pike Township,U.S. House,15,,Write-ins,1
Clearfield,0060 Pike Township,State House,73,REP,TOMMY SANKEY,845
Clearfield,0060 Pike Township,State House,73,,Write-ins,10
Clearfield,0061 Pine Township,,,,Registered Voters,39
Clearfield,0061 Pine Township,,,,Ballots Cast,26
Clearfield,0061 Pine Township,Straight Party,,DEM,Democratic,3
Clearfield,0061 Pine Township,Straight Party,,REP,Republican,12
Clearfield,0061 Pine Township,Straight Party,,GR),Green,0
Clearfield,0061 Pine Township,Straight Party,,LIB,Libertarian,0
Clearfield,0061 Pine Township,U.S. Senate,,DEM,BOB CASEY JR,8
Clearfield,0061 Pine Township,U.S. Senate,,REP,LOU BARLETTA,17
Clearfield,0061 Pine Township,U.S. Senate,,GR,NEAL GALE,0
Clearfield,0061 Pine Township,U.S. Senate,,LIB,DALE R KERNS JR,0
Clearfield,0061 Pine Township,U.S. Senate,,,Write-ins,0
Clearfield,0061 Pine Township,Governor,,DEM,TOM WOLF,7
Clearfield,0061 Pine Township,Governor,,REP,SCOTT R WAGNER,18
Clearfield,0061 Pine Township,Governor,,GR),PAUL GLOVER,1
Clearfield,0061 Pine Township,Governor,,LIB,KEN V KRAWCHUK,0
Clearfield,0061 Pine Township,Governor,,,Write-ins,0
Clearfield,0061 Pine Township,U.S. House,15,DEM,SUSAN BOSER,7
Clearfield,0061 Pine Township,U.S. House,15,REP,GLENN GT THOMPSON,18
Clearfield,0061 Pine Township,U.S. House,15,,Write-ins,0
Clearfield,0061 Pine Township,State House,75,REP,MATT GABLER,23  100.00
Clearfield,0061 Pine Township,State House,75,,Write-ins,0
Clearfield,0062 Sandy Twp Falls Creek 1,,,,Registered Voters,662
Clearfield,0062 Sandy Twp Falls Creek 1,,,,Ballots Cast,423
Clearfield,0062 Sandy Twp Falls Creek 1,Straight Party,,DEM,Democratic,78
Clearfield,0062 Sandy Twp Falls Creek 1,Straight Party,,REP,Republican,183
Clearfield,0062 Sandy Twp Falls Creek 1,Straight Party,,GR),Green,0
Clearfield,0062 Sandy Twp Falls Creek 1,Straight Party,,LIB,Libertarian,0
Clearfield,0062 Sandy Twp Falls Creek 1,U.S. Senate,,DEM,BOB CASEY JR,161
Clearfield,0062 Sandy Twp Falls Creek 1,U.S. Senate,,REP,LOU BARLETTA,257
Clearfield,0062 Sandy Twp Falls Creek 1,U.S. Senate,,GR,NEAL GALE,2
Clearfield,0062 Sandy Twp Falls Creek 1,U.S. Senate,,LIB,DALE R KERNS JR,1
Clearfield,0062 Sandy Twp Falls Creek 1,U.S. Senate,,,Write-ins,0
Clearfield,0062 Sandy Twp Falls Creek 1,Governor,,DEM,TOM WOLF,154
Clearfield,0062 Sandy Twp Falls Creek 1,Governor,,REP,SCOTT R WAGNER,266
Clearfield,0062 Sandy Twp Falls Creek 1,Governor,,GR),PAUL GLOVER,2
Clearfield,0062 Sandy Twp Falls Creek 1,Governor,,LIB,KEN V KRAWCHUK,0
Clearfield,0062 Sandy Twp Falls Creek 1,Governor,,,Write-ins,0
Clearfield,0062 Sandy Twp Falls Creek 1,U.S. House,15,DEM,SUSAN BOSER,135
Clearfield,0062 Sandy Twp Falls Creek 1,U.S. House,15,REP,GLENN GT THOMPSON,288
Clearfield,0062 Sandy Twp Falls Creek 1,U.S. House,15,,Write-ins,0
Clearfield,0062 Sandy Twp Falls Creek 1,State House,75,REP,MATT GABLER,405
Clearfield,0062 Sandy Twp Falls Creek 1,State House,75,,Write-ins,7
Clearfield,0063 Sandy Twp Falls Creek 2,,,,Registered Voters,32
Clearfield,0063 Sandy Twp Falls Creek 2,,,,Ballots Cast,10
Clearfield,0063 Sandy Twp Falls Creek 2,Straight Party,,DEM,Democratic,1
Clearfield,0063 Sandy Twp Falls Creek 2,Straight Party,,REP,Republican,4
Clearfield,0063 Sandy Twp Falls Creek 2,Straight Party,,GR),Green,0
Clearfield,0063 Sandy Twp Falls Creek 2,Straight Party,,LIB,Libertarian,0
Clearfield,0063 Sandy Twp Falls Creek 2,U.S. Senate,,DEM,BOB CASEY JR,2
Clearfield,0063 Sandy Twp Falls Creek 2,U.S. Senate,,REP,LOU BARLETTA,8
Clearfield,0063 Sandy Twp Falls Creek 2,U.S. Senate,,GR,NEAL GALE,0
Clearfield,0063 Sandy Twp Falls Creek 2,U.S. Senate,,LIB,DALE R KERNS JR,0
Clearfield,0063 Sandy Twp Falls Creek 2,U.S. Senate,,,Write-ins,0
Clearfield,0063 Sandy Twp Falls Creek 2,Governor,,DEM,TOM WOLF,1
Clearfield,0063 Sandy Twp Falls Creek 2,Governor,,REP,SCOTT R WAGNER,9
Clearfield,0063 Sandy Twp Falls Creek 2,Governor,,GR),PAUL GLOVER,0
Clearfield,0063 Sandy Twp Falls Creek 2,Governor,,LIB,KEN V KRAWCHUK,0
Clearfield,0063 Sandy Twp Falls Creek 2,Governor,,,Write-ins,0
Clearfield,0063 Sandy Twp Falls Creek 2,U.S. House,15,DEM,SUSAN BOSER,2
Clearfield,0063 Sandy Twp Falls Creek 2,U.S. House,15,REP,GLENN GT THOMPSON,8
Clearfield,0063 Sandy Twp Falls Creek 2,U.S. House,15,,Write-ins,0
Clearfield,0063 Sandy Twp Falls Creek 2,State House,75,REP,MATT GABLER,9  100.00
Clearfield,0063 Sandy Twp Falls Creek 2,State House,75,,Write-ins,0
Clearfield,0064 Sandy Township Oklahoma,,,,Registered Voters,989
Clearfield,0064 Sandy Township Oklahoma,,,,Ballots Cast,579
Clearfield,0064 Sandy Township Oklahoma,Straight Party,,DEM,Democratic,76
Clearfield,0064 Sandy Township Oklahoma,Straight Party,,REP,Republican,276
Clearfield,0064 Sandy Township Oklahoma,Straight Party,,GR),Green,0
Clearfield,0064 Sandy Township Oklahoma,Straight Party,,LIB,Libertarian,0
Clearfield,0064 Sandy Township Oklahoma,U.S. Senate,,DEM,BOB CASEY JR,174
Clearfield,0064 Sandy Township Oklahoma,U.S. Senate,,REP,LOU BARLETTA,393
Clearfield,0064 Sandy Township Oklahoma,U.S. Senate,,GR,NEAL GALE,2
Clearfield,0064 Sandy Township Oklahoma,U.S. Senate,,LIB,DALE R KERNS JR,5
Clearfield,0064 Sandy Township Oklahoma,U.S. Senate,,,Write-ins,0
Clearfield,0064 Sandy Township Oklahoma,Governor,,DEM,TOM WOLF,173
Clearfield,0064 Sandy Township Oklahoma,Governor,,REP,SCOTT R WAGNER,390
Clearfield,0064 Sandy Township Oklahoma,Governor,,GR),PAUL GLOVER,4
Clearfield,0064 Sandy Township Oklahoma,Governor,,LIB,KEN V KRAWCHUK,7
Clearfield,0064 Sandy Township Oklahoma,Governor,,,Write-ins,0
Clearfield,0064 Sandy Township Oklahoma,U.S. House,15,DEM,SUSAN BOSER,136
Clearfield,0064 Sandy Township Oklahoma,U.S. House,15,REP,GLENN GT THOMPSON,437
Clearfield,0064 Sandy Township Oklahoma,U.S. House,15,,Write-ins,0
Clearfield,0064 Sandy Township Oklahoma,State House,75,REP,MATT GABLER,554
Clearfield,0064 Sandy Township Oklahoma,State House,75,,Write-ins,7
Clearfield,0065 Sandy Township Sabula Pct,,,,Registered Voters,645
Clearfield,0065 Sandy Township Sabula Pct,,,,Ballots Cast,372
Clearfield,0065 Sandy Township Sabula Pct,Straight Party,,DEM,Democratic,25
Clearfield,0065 Sandy Township Sabula Pct,Straight Party,,REP,Republican,204
Clearfield,0065 Sandy Township Sabula Pct,Straight Party,,GR),Green,0
Clearfield,0065 Sandy Township Sabula Pct,Straight Party,,LIB,Libertarian,0
Clearfield,0065 Sandy Township Sabula Pct,U.S. Senate,,DEM,BOB CASEY JR,79
Clearfield,0065 Sandy Township Sabula Pct,U.S. Senate,,REP,LOU BARLETTA,290
Clearfield,0065 Sandy Township Sabula Pct,U.S. Senate,,GR,NEAL GALE,0
Clearfield,0065 Sandy Township Sabula Pct,U.S. Senate,,LIB,DALE R KERNS JR,1
Clearfield,0065 Sandy Township Sabula Pct,U.S. Senate,,,Write-ins,0
Clearfield,0065 Sandy Township Sabula Pct,Governor,,DEM,TOM WOLF,68
Clearfield,0065 Sandy Township Sabula Pct,Governor,,REP,SCOTT R WAGNER,300
Clearfield,0065 Sandy Township Sabula Pct,Governor,,GR),PAUL GLOVER,1
Clearfield,0065 Sandy Township Sabula Pct,Governor,,LIB,KEN V KRAWCHUK,2
Clearfield,0065 Sandy Township Sabula Pct,Governor,,,Write-ins,0
Clearfield,0065 Sandy Township Sabula Pct,U.S. House,15,DEM,SUSAN BOSER,57
Clearfield,0065 Sandy Township Sabula Pct,U.S. House,15,REP,GLENN GT THOMPSON,310
Clearfield,0065 Sandy Township Sabula Pct,U.S. House,15,,Write-ins,0
Clearfield,0065 Sandy Township Sabula Pct,State House,75,REP,MATT GABLER,359
Clearfield,0065 Sandy Township Sabula Pct,State House,75,,Write-ins,3
Clearfield,0066 Sandy Twp Treasure Lake,,,,Registered Voters,0
Clearfield,0066 Sandy Twp Treasure Lake,,,,Ballots Cast,2007
Clearfield,0066 Sandy Twp Treasure Lake,Straight Party,,DEM,Democratic,316
Clearfield,0066 Sandy Twp Treasure Lake,Straight Party,,REP,Republican,893
Clearfield,0066 Sandy Twp Treasure Lake,Straight Party,,GR),Green,2
Clearfield,0066 Sandy Twp Treasure Lake,Straight Party,,LIB,Libertarian,3
Clearfield,0066 Sandy Twp Treasure Lake,U.S. Senate,,DEM,BOB CASEY JR,651
Clearfield,0066 Sandy Twp Treasure Lake,U.S. Senate,,GR,NEAL GALE,5
Clearfield,0066 Sandy Twp Treasure Lake,U.S. Senate,,LIB,DALE R KERNS JR,16
Clearfield,0066 Sandy Twp Treasure Lake,U.S. Senate,,,Write-ins,3
Clearfield,0066 Sandy Twp Treasure Lake,Governor,,DEM,TOM WOLF,676
Clearfield,0066 Sandy Twp Treasure Lake,Governor,,GR),PAUL GLOVER,10
Clearfield,0066 Sandy Twp Treasure Lake,Governor,,LIB,KEN V KRAWCHUK,10
Clearfield,0066 Sandy Twp Treasure Lake,Governor,,,Write-ins,0
Clearfield,0066 Sandy Twp Treasure Lake,U.S. House,15,DEM,SUSAN BOSER,555
Clearfield,0066 Sandy Twp Treasure Lake,U.S. House,15,,Write-ins,2
Clearfield,0066 Sandy Twp Treasure Lake,State House,75,,Write-ins,33
Clearfield,0067 Sandy Township West Sandy,,,,Registered Voters,1703
Clearfield,0067 Sandy Township West Sandy,,,,Ballots Cast,984
Clearfield,0067 Sandy Township West Sandy,Straight Party,,DEM,Democratic,141
Clearfield,0067 Sandy Township West Sandy,Straight Party,,REP,Republican,414
Clearfield,0067 Sandy Township West Sandy,Straight Party,,GR),Green,3
Clearfield,0067 Sandy Township West Sandy,Straight Party,,LIB,Libertarian,2
Clearfield,0067 Sandy Township West Sandy,U.S. Senate,,DEM,BOB CASEY JR,346
Clearfield,0067 Sandy Township West Sandy,U.S. Senate,,REP,LOU BARLETTA,613
Clearfield,0067 Sandy Township West Sandy,U.S. Senate,,GR,NEAL GALE,4
Clearfield,0067 Sandy Township West Sandy,U.S. Senate,,LIB,DALE R KERNS JR,16
Clearfield,0067 Sandy Township West Sandy,U.S. Senate,,,Write-ins,0
Clearfield,0067 Sandy Township West Sandy,Governor,,DEM,TOM WOLF,335
Clearfield,0067 Sandy Township West Sandy,Governor,,REP,SCOTT R WAGNER,632
Clearfield,0067 Sandy Township West Sandy,Governor,,GR),PAUL GLOVER,5
Clearfield,0067 Sandy Township West Sandy,Governor,,LIB,KEN V KRAWCHUK,8
Clearfield,0067 Sandy Township West Sandy,Governor,,,Write-ins,1
Clearfield,0067 Sandy Township West Sandy,U.S. House,15,DEM,SUSAN BOSER,281
Clearfield,0067 Sandy Township West Sandy,U.S. House,15,REP,GLENN GT THOMPSON,699
Clearfield,0067 Sandy Township West Sandy,U.S. House,15,,Write-ins,0
Clearfield,0067 Sandy Township West Sandy,State House,75,REP,MATT GABLER,937
Clearfield,0067 Sandy Township West Sandy,State House,75,,Write-ins,6
Clearfield,0068 Union Township,,,,Registered Voters,0
Clearfield,0068 Union Township,,,,Ballots Cast,425
Clearfield,0068 Union Township,Straight Party,,DEM,Democratic,32
Clearfield,0068 Union Township,Straight Party,,REP,Republican,216
Clearfield,0068 Union Township,Straight Party,,GR),Green,1
Clearfield,0068 Union Township,Straight Party,,LIB,Libertarian,2
Clearfield,0068 Union Township,U.S. Senate,,DEM,BOB CASEY JR,96
Clearfield,0068 Union Township,U.S. Senate,,REP,LOU BARLETTA,316
Clearfield,0068 Union Township,U.S. Senate,,GR,NEAL GALE,4
Clearfield,0068 Union Township,U.S. Senate,,LIB,DALE R KERNS JR,4
Clearfield,0068 Union Township,U.S. Senate,,,Write-ins,0
Clearfield,0068 Union Township,Governor,,DEM,TOM WOLF,97
Clearfield,0068 Union Township,Governor,,REP,SCOTT R WAGNER,316
Clearfield,0068 Union Township,Governor,,GR),PAUL GLOVER,4
Clearfield,0068 Union Township,Governor,,LIB,KEN V KRAWCHUK,5
Clearfield,0068 Union Township,Governor,,,Write-ins,0
Clearfield,0068 Union Township,U.S. House,15,DEM,SUSAN BOSER,73
Clearfield,0068 Union Township,U.S. House,15,REP,GLENN GT THOMPSON,350
Clearfield,0068 Union Township,U.S. House,15,,Write-ins,0
Clearfield,0068 Union Township,State House,75,REP,MATT GABLER,406
Clearfield,0068 Union Township,State House,75,,Write-ins,5
Clearfield,0069 Woodward Township 1st,,,,Registered Voters,777
Clearfield,0069 Woodward Township 1st,,,,Ballots Cast,457
Clearfield,0069 Woodward Township 1st,Straight Party,,DEM,Democratic,93
Clearfield,0069 Woodward Township 1st,Straight Party,,REP,Republican,153
Clearfield,0069 Woodward Township 1st,Straight Party,,GR),Green,2
Clearfield,0069 Woodward Township 1st,Straight Party,,LIB,Libertarian,0
Clearfield,0069 Woodward Township 1st,U.S. Senate,,DEM,BOB CASEY JR,194
Clearfield,0069 Woodward Township 1st,U.S. Senate,,REP,LOU BARLETTA,254
Clearfield,0069 Woodward Township 1st,U.S. Senate,,GR,NEAL GALE,3
Clearfield,0069 Woodward Township 1st,U.S. Senate,,LIB,DALE R KERNS JR,1
Clearfield,0069 Woodward Township 1st,U.S. Senate,,,Write-ins,0
Clearfield,0069 Woodward Township 1st,Governor,,DEM,TOM WOLF,185
Clearfield,0069 Woodward Township 1st,Governor,,REP,SCOTT R WAGNER,264
Clearfield,0069 Woodward Township 1st,Governor,,GR),PAUL GLOVER,3
Clearfield,0069 Woodward Township 1st,Governor,,LIB,KEN V KRAWCHUK,1
Clearfield,0069 Woodward Township 1st,Governor,,,Write-ins,0
Clearfield,0069 Woodward Township 1st,U.S. House,15,DEM,SUSAN BOSER,158
Clearfield,0069 Woodward Township 1st,U.S. House,15,REP,GLENN GT THOMPSON,293
Clearfield,0069 Woodward Township 1st,U.S. House,15,,Write-ins,0
Clearfield,0069 Woodward Township 1st,State House,73,REP,TOMMY SANKEY,435
Clearfield,0069 Woodward Township 1st,State House,73,,Write-ins,5
Clearfield,0070 Woodward Township 2nd,,,,Registered Voters,199
Clearfield,0070 Woodward Township 2nd,,,,Ballots Cast,128
Clearfield,0070 Woodward Township 2nd,Straight Party,,DEM,Democratic,30
Clearfield,0070 Woodward Township 2nd,Straight Party,,REP,Republican,35
Clearfield,0070 Woodward Township 2nd,Straight Party,,GR),Green,0
Clearfield,0070 Woodward Township 2nd,Straight Party,,LIB,Libertarian,1
Clearfield,0070 Woodward Township 2nd,U.S. Senate,,DEM,BOB CASEY JR,66
Clearfield,0070 Woodward Township 2nd,U.S. Senate,,REP,LOU BARLETTA,58
Clearfield,0070 Woodward Township 2nd,U.S. Senate,,GR,NEAL GALE,2
Clearfield,0070 Woodward Township 2nd,U.S. Senate,,LIB,DALE R KERNS JR,2
Clearfield,0070 Woodward Township 2nd,U.S. Senate,,,Write-ins,0
Clearfield,0070 Woodward Township 2nd,Governor,,DEM,TOM WOLF,58
Clearfield,0070 Woodward Township 2nd,Governor,,REP,SCOTT R WAGNER,62
Clearfield,0070 Woodward Township 2nd,Governor,,GR),PAUL GLOVER,2
Clearfield,0070 Woodward Township 2nd,Governor,,LIB,KEN V KRAWCHUK,4
Clearfield,0070 Woodward Township 2nd,Governor,,,Write-ins,1
Clearfield,0070 Woodward Township 2nd,U.S. House,15,DEM,SUSAN BOSER,47
Clearfield,0070 Woodward Township 2nd,U.S. House,15,REP,GLENN GT THOMPSON,79
Clearfield,0070 Woodward Township 2nd,U.S. House,15,,Write-ins,0
Clearfield,0070 Woodward Township 2nd,State House,73,REP,TOMMY SANKEY,118
Clearfield,0070 Woodward Township 2nd,State House,73,,Write-ins,3
