county,precinct,office,district,candidate,party,votes
Susquehanna,APOLACON TWP,Registered Voters,,,,360
Susquehanna,APOLACON TWP,Ballots Cast,,,,298
Susquehanna,APOLACON TWP,President,,KAMALA D HARRIS,DEM,69
Susquehanna,APOLACON TWP,President,,DONALD J TRUMP,REP,222
Susquehanna,APOLACON TWP,President,,CHASE OLIVER,LIB,2
Susquehanna,APOLACON TWP,President,,JILL STEIN,GRN,1
Susquehanna,APOLACON TWP,President,,Write-ins,,2
Susquehanna,APOLACON TWP,U.S. Senate,,ROBERT P CASEY JR,DEM,72
Susquehanna,APOLACON TWP,U.S. Senate,,DAVE MCCORMICK,REP,213
Susquehanna,APOLACON TWP,U.S. Senate,,JOHN C THOMAS,LIB,3
Susquehanna,APOLACON TWP,U.S. Senate,,LEILA HAZOU,GRN,1
Susquehanna,APOLACON TWP,U.S. Senate,,MARTY SELKER,CST,3
Susquehanna,APOLACON TWP,U.S. Senate,,Write-ins,,0
Susquehanna,APOLACON TWP,ATTORNEY GENERAL,,EUGENE DEPASQUALE,DEM,66
Susquehanna,APOLACON TWP,ATTORNEY GENERAL,,DAVE SUNDAY,REP,210
Susquehanna,APOLACON TWP,ATTORNEY GENERAL,,ROBERT COWBURN,LIB,4
Susquehanna,APOLACON TWP,ATTORNEY GENERAL,,RICHARD L WEISS,GRN,1
Susquehanna,APOLACON TWP,ATTORNEY GENERAL,,JUSTIN L MAGILL,CST,4
Susquehanna,APOLACON TWP,ATTORNEY GENERAL,,ERIC L SETTLE,FWD,0
Susquehanna,APOLACON TWP,ATTORNEY GENERAL,,Write-ins,,0
Susquehanna,ARARAT TWP,Registered Voters,,,,413
Susquehanna,ARARAT TWP,Ballots Cast,,,,332
Susquehanna,ARARAT TWP,President,,KAMALA D HARRIS,DEM,95
Susquehanna,ARARAT TWP,President,,DONALD J TRUMP,REP,234
Susquehanna,ARARAT TWP,President,,CHASE OLIVER,LIB,0
Susquehanna,ARARAT TWP,President,,JILL STEIN,GRN,2
Susquehanna,ARARAT TWP,President,,Write-ins,,0
Susquehanna,ARARAT TWP,U.S. Senate,,ROBERT P CASEY JR,DEM,95
Susquehanna,ARARAT TWP,U.S. Senate,,DAVE MCCORMICK,REP,228
Susquehanna,ARARAT TWP,U.S. Senate,,JOHN C THOMAS,LIB,1
Susquehanna,ARARAT TWP,U.S. Senate,,LEILA HAZOU,GRN,1
Susquehanna,ARARAT TWP,U.S. Senate,,MARTY SELKER,CST,3
Susquehanna,ARARAT TWP,U.S. Senate,,Write-ins,,1
Susquehanna,ARARAT TWP,ATTORNEY GENERAL,,EUGENE DEPASQUALE,DEM,89
Susquehanna,ARARAT TWP,ATTORNEY GENERAL,,DAVE SUNDAY,REP,228
Susquehanna,ARARAT TWP,ATTORNEY GENERAL,,ROBERT COWBURN,LIB,2
Susquehanna,ARARAT TWP,ATTORNEY GENERAL,,RICHARD L WEISS,GRN,2
Susquehanna,ARARAT TWP,ATTORNEY GENERAL,,JUSTIN L MAGILL,CST,5
Susquehanna,ARARAT TWP,ATTORNEY GENERAL,,ERIC L SETTLE,FWD,1
Susquehanna,ARARAT TWP,ATTORNEY GENERAL,,Write-ins,,1
Susquehanna,AUBURN TWP,Registered Voters,,,,1161
Susquehanna,AUBURN TWP,Ballots Cast,,,,970
Susquehanna,AUBURN TWP,President,,KAMALA D HARRIS,DEM,188
Susquehanna,AUBURN TWP,President,,DONALD J TRUMP,REP,771
Susquehanna,AUBURN TWP,President,,CHASE OLIVER,LIB,6
Susquehanna,AUBURN TWP,President,,JILL STEIN,GRN,2
Susquehanna,AUBURN TWP,President,,Write-ins,,0
Susquehanna,AUBURN TWP,U.S. Senate,,ROBERT P CASEY JR,DEM,198
Susquehanna,AUBURN TWP,U.S. Senate,,DAVE MCCORMICK,REP,746
Susquehanna,AUBURN TWP,U.S. Senate,,JOHN C THOMAS,LIB,10
Susquehanna,AUBURN TWP,U.S. Senate,,LEILA HAZOU,GRN,6
Susquehanna,AUBURN TWP,U.S. Senate,,MARTY SELKER,CST,3
Susquehanna,AUBURN TWP,U.S. Senate,,Write-ins,,0
Susquehanna,AUBURN TWP,ATTORNEY GENERAL,,EUGENE DEPASQUALE,DEM,192
Susquehanna,AUBURN TWP,ATTORNEY GENERAL,,DAVE SUNDAY,REP,741
Susquehanna,AUBURN TWP,ATTORNEY GENERAL,,ROBERT COWBURN,LIB,8
Susquehanna,AUBURN TWP,ATTORNEY GENERAL,,RICHARD L WEISS,GRN,5
Susquehanna,AUBURN TWP,ATTORNEY GENERAL,,JUSTIN L MAGILL,CST,4
Susquehanna,AUBURN TWP,ATTORNEY GENERAL,,ERIC L SETTLE,FWD,0
Susquehanna,AUBURN TWP,ATTORNEY GENERAL,,Write-ins,,1
Susquehanna,BRIDGEWATER TWP,Registered Voters,,,,1839
Susquehanna,BRIDGEWATER TWP,Ballots Cast,,,,1516
Susquehanna,BRIDGEWATER TWP,President,,KAMALA D HARRIS,DEM,396
Susquehanna,BRIDGEWATER TWP,President,,DONALD J TRUMP,REP,1100
Susquehanna,BRIDGEWATER TWP,President,,CHASE OLIVER,LIB,9
Susquehanna,BRIDGEWATER TWP,President,,JILL STEIN,GRN,7
Susquehanna,BRIDGEWATER TWP,President,,Write-ins,,3
Susquehanna,BRIDGEWATER TWP,U.S. Senate,,ROBERT P CASEY JR,DEM,395
Susquehanna,BRIDGEWATER TWP,U.S. Senate,,DAVE MCCORMICK,REP,1064
Susquehanna,BRIDGEWATER TWP,U.S. Senate,,JOHN C THOMAS,LIB,17
Susquehanna,BRIDGEWATER TWP,U.S. Senate,,LEILA HAZOU,GRN,9
Susquehanna,BRIDGEWATER TWP,U.S. Senate,,MARTY SELKER,CST,7
Susquehanna,BRIDGEWATER TWP,U.S. Senate,,Write-ins,,1
Susquehanna,BRIDGEWATER TWP,ATTORNEY GENERAL,,EUGENE DEPASQUALE,DEM,371
Susquehanna,BRIDGEWATER TWP,ATTORNEY GENERAL,,DAVE SUNDAY,REP,1058
Susquehanna,BRIDGEWATER TWP,ATTORNEY GENERAL,,ROBERT COWBURN,LIB,20
Susquehanna,BRIDGEWATER TWP,ATTORNEY GENERAL,,RICHARD L WEISS,GRN,14
Susquehanna,BRIDGEWATER TWP,ATTORNEY GENERAL,,JUSTIN L MAGILL,CST,8
Susquehanna,BRIDGEWATER TWP,ATTORNEY GENERAL,,ERIC L SETTLE,FWD,7
Susquehanna,BRIDGEWATER TWP,ATTORNEY GENERAL,,Write-ins,,1
Susquehanna,BROOKLYN TWP,Registered Voters,,,,577
Susquehanna,BROOKLYN TWP,Ballots Cast,,,,497
Susquehanna,BROOKLYN TWP,President,,KAMALA D HARRIS,DEM,114
Susquehanna,BROOKLYN TWP,President,,DONALD J TRUMP,REP,381
Susquehanna,BROOKLYN TWP,President,,CHASE OLIVER,LIB,1
Susquehanna,BROOKLYN TWP,President,,JILL STEIN,GRN,0
Susquehanna,BROOKLYN TWP,President,,Write-ins,,1
Susquehanna,BROOKLYN TWP,U.S. Senate,,ROBERT P CASEY JR,DEM,107
Susquehanna,BROOKLYN TWP,U.S. Senate,,DAVE MCCORMICK,REP,372
Susquehanna,BROOKLYN TWP,U.S. Senate,,JOHN C THOMAS,LIB,4
Susquehanna,BROOKLYN TWP,U.S. Senate,,LEILA HAZOU,GRN,5
Susquehanna,BROOKLYN TWP,U.S. Senate,,MARTY SELKER,CST,5
Susquehanna,BROOKLYN TWP,U.S. Senate,,Write-ins,,1
Susquehanna,BROOKLYN TWP,ATTORNEY GENERAL,,EUGENE DEPASQUALE,DEM,96
Susquehanna,BROOKLYN TWP,ATTORNEY GENERAL,,DAVE SUNDAY,REP,381
Susquehanna,BROOKLYN TWP,ATTORNEY GENERAL,,ROBERT COWBURN,LIB,6
Susquehanna,BROOKLYN TWP,ATTORNEY GENERAL,,RICHARD L WEISS,GRN,6
Susquehanna,BROOKLYN TWP,ATTORNEY GENERAL,,JUSTIN L MAGILL,CST,1
Susquehanna,BROOKLYN TWP,ATTORNEY GENERAL,,ERIC L SETTLE,FWD,0
Susquehanna,BROOKLYN TWP,ATTORNEY GENERAL,,Write-ins,,0
Susquehanna,CHOCONUT TWP,Registered Voters,,,,534
Susquehanna,CHOCONUT TWP,Ballots Cast,,,,423
Susquehanna,CHOCONUT TWP,President,,KAMALA D HARRIS,DEM,137
Susquehanna,CHOCONUT TWP,President,,DONALD J TRUMP,REP,283
Susquehanna,CHOCONUT TWP,President,,CHASE OLIVER,LIB,1
Susquehanna,CHOCONUT TWP,President,,JILL STEIN,GRN,1
Susquehanna,CHOCONUT TWP,President,,Write-ins,,0
Susquehanna,CHOCONUT TWP,U.S. Senate,,ROBERT P CASEY JR,DEM,132
Susquehanna,CHOCONUT TWP,U.S. Senate,,DAVE MCCORMICK,REP,278
Susquehanna,CHOCONUT TWP,U.S. Senate,,JOHN C THOMAS,LIB,4
Susquehanna,CHOCONUT TWP,U.S. Senate,,LEILA HAZOU,GRN,2
Susquehanna,CHOCONUT TWP,U.S. Senate,,MARTY SELKER,CST,3
Susquehanna,CHOCONUT TWP,U.S. Senate,,Write-ins,,1
Susquehanna,CHOCONUT TWP,ATTORNEY GENERAL,,EUGENE DEPASQUALE,DEM,121
Susquehanna,CHOCONUT TWP,ATTORNEY GENERAL,,DAVE SUNDAY,REP,281
Susquehanna,CHOCONUT TWP,ATTORNEY GENERAL,,ROBERT COWBURN,LIB,3
Susquehanna,CHOCONUT TWP,ATTORNEY GENERAL,,RICHARD L WEISS,GRN,3
Susquehanna,CHOCONUT TWP,ATTORNEY GENERAL,,JUSTIN L MAGILL,CST,7
Susquehanna,CHOCONUT TWP,ATTORNEY GENERAL,,ERIC L SETTLE,FWD,0
Susquehanna,CHOCONUT TWP,ATTORNEY GENERAL,,Write-ins,,1
Susquehanna,CLIFFORD TWP,Registered Voters,,,,1596
Susquehanna,CLIFFORD TWP,Ballots Cast,,,,1359
Susquehanna,CLIFFORD TWP,President,,KAMALA D HARRIS,DEM,414
Susquehanna,CLIFFORD TWP,President,,DONALD J TRUMP,REP,933
Susquehanna,CLIFFORD TWP,President,,CHASE OLIVER,LIB,1
Susquehanna,CLIFFORD TWP,President,,JILL STEIN,GRN,5
Susquehanna,CLIFFORD TWP,President,,Write-ins,,5
Susquehanna,CLIFFORD TWP,U.S. Senate,,ROBERT P CASEY JR,DEM,424
Susquehanna,CLIFFORD TWP,U.S. Senate,,DAVE MCCORMICK,REP,895
Susquehanna,CLIFFORD TWP,U.S. Senate,,JOHN C THOMAS,LIB,12
Susquehanna,CLIFFORD TWP,U.S. Senate,,LEILA HAZOU,GRN,7
Susquehanna,CLIFFORD TWP,U.S. Senate,,MARTY SELKER,CST,5
Susquehanna,CLIFFORD TWP,U.S. Senate,,Write-ins,,3
Susquehanna,CLIFFORD TWP,ATTORNEY GENERAL,,EUGENE DEPASQUALE,DEM,382
Susquehanna,CLIFFORD TWP,ATTORNEY GENERAL,,DAVE SUNDAY,REP,909
Susquehanna,CLIFFORD TWP,ATTORNEY GENERAL,,ROBERT COWBURN,LIB,15
Susquehanna,CLIFFORD TWP,ATTORNEY GENERAL,,RICHARD L WEISS,GRN,10
Susquehanna,CLIFFORD TWP,ATTORNEY GENERAL,,JUSTIN L MAGILL,CST,8
Susquehanna,CLIFFORD TWP,ATTORNEY GENERAL,,ERIC L SETTLE,FWD,4
Susquehanna,CLIFFORD TWP,ATTORNEY GENERAL,,Write-ins,,2
Susquehanna,DIMOCK TWP,Registered Voters,,,,867
Susquehanna,DIMOCK TWP,Ballots Cast,,,,713
Susquehanna,DIMOCK TWP,President,,KAMALA D HARRIS,DEM,152
Susquehanna,DIMOCK TWP,President,,DONALD J TRUMP,REP,550
Susquehanna,DIMOCK TWP,President,,CHASE OLIVER,LIB,2
Susquehanna,DIMOCK TWP,President,,JILL STEIN,GRN,5
Susquehanna,DIMOCK TWP,President,,Write-ins,,0
Susquehanna,DIMOCK TWP,U.S. Senate,,ROBERT P CASEY JR,DEM,157
Susquehanna,DIMOCK TWP,U.S. Senate,,DAVE MCCORMICK,REP,522
Susquehanna,DIMOCK TWP,U.S. Senate,,JOHN C THOMAS,LIB,8
Susquehanna,DIMOCK TWP,U.S. Senate,,LEILA HAZOU,GRN,7
Susquehanna,DIMOCK TWP,U.S. Senate,,MARTY SELKER,CST,1
Susquehanna,DIMOCK TWP,U.S. Senate,,Write-ins,,0
Susquehanna,DIMOCK TWP,ATTORNEY GENERAL,,EUGENE DEPASQUALE,DEM,151
Susquehanna,DIMOCK TWP,ATTORNEY GENERAL,,DAVE SUNDAY,REP,523
Susquehanna,DIMOCK TWP,ATTORNEY GENERAL,,ROBERT COWBURN,LIB,12
Susquehanna,DIMOCK TWP,ATTORNEY GENERAL,,RICHARD L WEISS,GRN,6
Susquehanna,DIMOCK TWP,ATTORNEY GENERAL,,JUSTIN L MAGILL,CST,2
Susquehanna,DIMOCK TWP,ATTORNEY GENERAL,,ERIC L SETTLE,FWD,0
Susquehanna,DIMOCK TWP,ATTORNEY GENERAL,,Write-ins,,1
Susquehanna,FOREST CITY BORO,Registered Voters,,,,1022
Susquehanna,FOREST CITY BORO,Ballots Cast,,,,755
Susquehanna,FOREST CITY BORO,President,,KAMALA D HARRIS,DEM,260
Susquehanna,FOREST CITY BORO,President,,DONALD J TRUMP,REP,485
Susquehanna,FOREST CITY BORO,President,,CHASE OLIVER,LIB,5
Susquehanna,FOREST CITY BORO,President,,JILL STEIN,GRN,2
Susquehanna,FOREST CITY BORO,President,,Write-ins,,2
Susquehanna,FOREST CITY BORO,U.S. Senate,,ROBERT P CASEY JR,DEM,268
Susquehanna,FOREST CITY BORO,U.S. Senate,,DAVE MCCORMICK,REP,454
Susquehanna,FOREST CITY BORO,U.S. Senate,,JOHN C THOMAS,LIB,8
Susquehanna,FOREST CITY BORO,U.S. Senate,,LEILA HAZOU,GRN,8
Susquehanna,FOREST CITY BORO,U.S. Senate,,MARTY SELKER,CST,3
Susquehanna,FOREST CITY BORO,U.S. Senate,,Write-ins,,2
Susquehanna,FOREST CITY BORO,ATTORNEY GENERAL,,EUGENE DEPASQUALE,DEM,253
Susquehanna,FOREST CITY BORO,ATTORNEY GENERAL,,DAVE SUNDAY,REP,453
Susquehanna,FOREST CITY BORO,ATTORNEY GENERAL,,ROBERT COWBURN,LIB,13
Susquehanna,FOREST CITY BORO,ATTORNEY GENERAL,,RICHARD L WEISS,GRN,13
Susquehanna,FOREST CITY BORO,ATTORNEY GENERAL,,JUSTIN L MAGILL,CST,6
Susquehanna,FOREST CITY BORO,ATTORNEY GENERAL,,ERIC L SETTLE,FWD,3
Susquehanna,FOREST CITY BORO,ATTORNEY GENERAL,,Write-ins,,0
Susquehanna,FOREST LAKE TWP,Registered Voters,,,,814
Susquehanna,FOREST LAKE TWP,Ballots Cast,,,,675
Susquehanna,FOREST LAKE TWP,President,,KAMALA D HARRIS,DEM,144
Susquehanna,FOREST LAKE TWP,President,,DONALD J TRUMP,REP,520
Susquehanna,FOREST LAKE TWP,President,,CHASE OLIVER,LIB,4
Susquehanna,FOREST LAKE TWP,President,,JILL STEIN,GRN,3
Susquehanna,FOREST LAKE TWP,President,,Write-ins,,2
Susquehanna,FOREST LAKE TWP,U.S. Senate,,ROBERT P CASEY JR,DEM,143
Susquehanna,FOREST LAKE TWP,U.S. Senate,,DAVE MCCORMICK,REP,499
Susquehanna,FOREST LAKE TWP,U.S. Senate,,JOHN C THOMAS,LIB,11
Susquehanna,FOREST LAKE TWP,U.S. Senate,,LEILA HAZOU,GRN,3
Susquehanna,FOREST LAKE TWP,U.S. Senate,,MARTY SELKER,CST,7
Susquehanna,FOREST LAKE TWP,U.S. Senate,,Write-ins,,0
Susquehanna,FOREST LAKE TWP,ATTORNEY GENERAL,,EUGENE DEPASQUALE,DEM,119
Susquehanna,FOREST LAKE TWP,ATTORNEY GENERAL,,DAVE SUNDAY,REP,515
Susquehanna,FOREST LAKE TWP,ATTORNEY GENERAL,,ROBERT COWBURN,LIB,6
Susquehanna,FOREST LAKE TWP,ATTORNEY GENERAL,,RICHARD L WEISS,GRN,6
Susquehanna,FOREST LAKE TWP,ATTORNEY GENERAL,,JUSTIN L MAGILL,CST,8
Susquehanna,FOREST LAKE TWP,ATTORNEY GENERAL,,ERIC L SETTLE,FWD,0
Susquehanna,FOREST LAKE TWP,ATTORNEY GENERAL,,Write-ins,,2
Susquehanna,FRANKLIN TWP,Registered Voters,,,,632
Susquehanna,FRANKLIN TWP,Ballots Cast,,,,520
Susquehanna,FRANKLIN TWP,President,,KAMALA D HARRIS,DEM,122
Susquehanna,FRANKLIN TWP,President,,DONALD J TRUMP,REP,388
Susquehanna,FRANKLIN TWP,President,,CHASE OLIVER,LIB,3
Susquehanna,FRANKLIN TWP,President,,JILL STEIN,GRN,2
Susquehanna,FRANKLIN TWP,President,,Write-ins,,3
Susquehanna,FRANKLIN TWP,U.S. Senate,,ROBERT P CASEY JR,DEM,113
Susquehanna,FRANKLIN TWP,U.S. Senate,,DAVE MCCORMICK,REP,386
Susquehanna,FRANKLIN TWP,U.S. Senate,,JOHN C THOMAS,LIB,7
Susquehanna,FRANKLIN TWP,U.S. Senate,,LEILA HAZOU,GRN,7
Susquehanna,FRANKLIN TWP,U.S. Senate,,MARTY SELKER,CST,1
Susquehanna,FRANKLIN TWP,U.S. Senate,,Write-ins,,1
Susquehanna,FRANKLIN TWP,ATTORNEY GENERAL,,EUGENE DEPASQUALE,DEM,110
Susquehanna,FRANKLIN TWP,ATTORNEY GENERAL,,DAVE SUNDAY,REP,381
Susquehanna,FRANKLIN TWP,ATTORNEY GENERAL,,ROBERT COWBURN,LIB,13
Susquehanna,FRANKLIN TWP,ATTORNEY GENERAL,,RICHARD L WEISS,GRN,5
Susquehanna,FRANKLIN TWP,ATTORNEY GENERAL,,JUSTIN L MAGILL,CST,4
Susquehanna,FRANKLIN TWP,ATTORNEY GENERAL,,ERIC L SETTLE,FWD,0
Susquehanna,FRANKLIN TWP,ATTORNEY GENERAL,,Write-ins,,0
Susquehanna,FRIENDSVILLE BORO,Registered Voters,,,,78
Susquehanna,FRIENDSVILLE BORO,Ballots Cast,,,,67
Susquehanna,FRIENDSVILLE BORO,President,,KAMALA D HARRIS,DEM,10
Susquehanna,FRIENDSVILLE BORO,President,,DONALD J TRUMP,REP,57
Susquehanna,FRIENDSVILLE BORO,President,,CHASE OLIVER,LIB,0
Susquehanna,FRIENDSVILLE BORO,President,,JILL STEIN,GRN,0
Susquehanna,FRIENDSVILLE BORO,President,,Write-ins,,0
Susquehanna,FRIENDSVILLE BORO,U.S. Senate,,ROBERT P CASEY JR,DEM,7
Susquehanna,FRIENDSVILLE BORO,U.S. Senate,,DAVE MCCORMICK,REP,59
Susquehanna,FRIENDSVILLE BORO,U.S. Senate,,JOHN C THOMAS,LIB,1
Susquehanna,FRIENDSVILLE BORO,U.S. Senate,,LEILA HAZOU,GRN,0
Susquehanna,FRIENDSVILLE BORO,U.S. Senate,,MARTY SELKER,CST,0
Susquehanna,FRIENDSVILLE BORO,U.S. Senate,,Write-ins,,0
Susquehanna,FRIENDSVILLE BORO,ATTORNEY GENERAL,,EUGENE DEPASQUALE,DEM,8
Susquehanna,FRIENDSVILLE BORO,ATTORNEY GENERAL,,DAVE SUNDAY,REP,55
Susquehanna,FRIENDSVILLE BORO,ATTORNEY GENERAL,,ROBERT COWBURN,LIB,3
Susquehanna,FRIENDSVILLE BORO,ATTORNEY GENERAL,,RICHARD L WEISS,GRN,0
Susquehanna,FRIENDSVILLE BORO,ATTORNEY GENERAL,,JUSTIN L MAGILL,CST,0
Susquehanna,FRIENDSVILLE BORO,ATTORNEY GENERAL,,ERIC L SETTLE,FWD,0
Susquehanna,FRIENDSVILLE BORO,ATTORNEY GENERAL,,Write-ins,,0
Susquehanna,GIBSON TWP,Registered Voters,,,,754
Susquehanna,GIBSON TWP,Ballots Cast,,,,637
Susquehanna,GIBSON TWP,President,,KAMALA D HARRIS,DEM,141
Susquehanna,GIBSON TWP,President,,DONALD J TRUMP,REP,478
Susquehanna,GIBSON TWP,President,,CHASE OLIVER,LIB,7
Susquehanna,GIBSON TWP,President,,JILL STEIN,GRN,2
Susquehanna,GIBSON TWP,President,,Write-ins,,4
Susquehanna,GIBSON TWP,U.S. Senate,,ROBERT P CASEY JR,DEM,135
Susquehanna,GIBSON TWP,U.S. Senate,,DAVE MCCORMICK,REP,473
Susquehanna,GIBSON TWP,U.S. Senate,,JOHN C THOMAS,LIB,10
Susquehanna,GIBSON TWP,U.S. Senate,,LEILA HAZOU,GRN,2
Susquehanna,GIBSON TWP,U.S. Senate,,MARTY SELKER,CST,3
Susquehanna,GIBSON TWP,U.S. Senate,,Write-ins,,0
Susquehanna,GIBSON TWP,ATTORNEY GENERAL,,EUGENE DEPASQUALE,DEM,116
Susquehanna,GIBSON TWP,ATTORNEY GENERAL,,DAVE SUNDAY,REP,477
Susquehanna,GIBSON TWP,ATTORNEY GENERAL,,ROBERT COWBURN,LIB,15
Susquehanna,GIBSON TWP,ATTORNEY GENERAL,,RICHARD L WEISS,GRN,6
Susquehanna,GIBSON TWP,ATTORNEY GENERAL,,JUSTIN L MAGILL,CST,1
Susquehanna,GIBSON TWP,ATTORNEY GENERAL,,ERIC L SETTLE,FWD,0
Susquehanna,GIBSON TWP,ATTORNEY GENERAL,,Write-ins,,0
Susquehanna,GREAT BEND BORO,Registered Voters,,,,405
Susquehanna,GREAT BEND BORO,Ballots Cast,,,,312
Susquehanna,GREAT BEND BORO,President,,KAMALA D HARRIS,DEM,119
Susquehanna,GREAT BEND BORO,President,,DONALD J TRUMP,REP,183
Susquehanna,GREAT BEND BORO,President,,CHASE OLIVER,LIB,2
Susquehanna,GREAT BEND BORO,President,,JILL STEIN,GRN,1
Susquehanna,GREAT BEND BORO,President,,Write-ins,,3
Susquehanna,GREAT BEND BORO,U.S. Senate,,ROBERT P CASEY JR,DEM,110
Susquehanna,GREAT BEND BORO,U.S. Senate,,DAVE MCCORMICK,REP,179
Susquehanna,GREAT BEND BORO,U.S. Senate,,JOHN C THOMAS,LIB,4
Susquehanna,GREAT BEND BORO,U.S. Senate,,LEILA HAZOU,GRN,5
Susquehanna,GREAT BEND BORO,U.S. Senate,,MARTY SELKER,CST,1
Susquehanna,GREAT BEND BORO,U.S. Senate,,Write-ins,,1
Susquehanna,GREAT BEND BORO,ATTORNEY GENERAL,,EUGENE DEPASQUALE,DEM,107
Susquehanna,GREAT BEND BORO,ATTORNEY GENERAL,,DAVE SUNDAY,REP,181
Susquehanna,GREAT BEND BORO,ATTORNEY GENERAL,,ROBERT COWBURN,LIB,7
Susquehanna,GREAT BEND BORO,ATTORNEY GENERAL,,RICHARD L WEISS,GRN,5
Susquehanna,GREAT BEND BORO,ATTORNEY GENERAL,,JUSTIN L MAGILL,CST,1
Susquehanna,GREAT BEND BORO,ATTORNEY GENERAL,,ERIC L SETTLE,FWD,0
Susquehanna,GREAT BEND BORO,ATTORNEY GENERAL,,Write-ins,,0
Susquehanna,GREAT BEND TWP,Registered Voters,,,,1211
Susquehanna,GREAT BEND TWP,Ballots Cast,,,,941
Susquehanna,GREAT BEND TWP,President,,KAMALA D HARRIS,DEM,255
Susquehanna,GREAT BEND TWP,President,,DONALD J TRUMP,REP,671
Susquehanna,GREAT BEND TWP,President,,CHASE OLIVER,LIB,5
Susquehanna,GREAT BEND TWP,President,,JILL STEIN,GRN,3
Susquehanna,GREAT BEND TWP,President,,Write-ins,,5
Susquehanna,GREAT BEND TWP,U.S. Senate,,ROBERT P CASEY JR,DEM,257
Susquehanna,GREAT BEND TWP,U.S. Senate,,DAVE MCCORMICK,REP,645
Susquehanna,GREAT BEND TWP,U.S. Senate,,JOHN C THOMAS,LIB,14
Susquehanna,GREAT BEND TWP,U.S. Senate,,LEILA HAZOU,GRN,7
Susquehanna,GREAT BEND TWP,U.S. Senate,,MARTY SELKER,CST,5
Susquehanna,GREAT BEND TWP,U.S. Senate,,Write-ins,,0
Susquehanna,GREAT BEND TWP,ATTORNEY GENERAL,,EUGENE DEPASQUALE,DEM,238
Susquehanna,GREAT BEND TWP,ATTORNEY GENERAL,,DAVE SUNDAY,REP,642
Susquehanna,GREAT BEND TWP,ATTORNEY GENERAL,,ROBERT COWBURN,LIB,14
Susquehanna,GREAT BEND TWP,ATTORNEY GENERAL,,RICHARD L WEISS,GRN,6
Susquehanna,GREAT BEND TWP,ATTORNEY GENERAL,,JUSTIN L MAGILL,CST,11
Susquehanna,GREAT BEND TWP,ATTORNEY GENERAL,,ERIC L SETTLE,FWD,1
Susquehanna,GREAT BEND TWP,ATTORNEY GENERAL,,Write-ins,,1
Susquehanna,HALLSTEAD BORO,Registered Voters,,,,713
Susquehanna,HALLSTEAD BORO,Ballots Cast,,,,532
Susquehanna,HALLSTEAD BORO,President,,KAMALA D HARRIS,DEM,178
Susquehanna,HALLSTEAD BORO,President,,DONALD J TRUMP,REP,342
Susquehanna,HALLSTEAD BORO,President,,CHASE OLIVER,LIB,9
Susquehanna,HALLSTEAD BORO,President,,JILL STEIN,GRN,2
Susquehanna,HALLSTEAD BORO,President,,Write-ins,,0
Susquehanna,HALLSTEAD BORO,U.S. Senate,,ROBERT P CASEY JR,DEM,185
Susquehanna,HALLSTEAD BORO,U.S. Senate,,DAVE MCCORMICK,REP,324
Susquehanna,HALLSTEAD BORO,U.S. Senate,,JOHN C THOMAS,LIB,12
Susquehanna,HALLSTEAD BORO,U.S. Senate,,LEILA HAZOU,GRN,5
Susquehanna,HALLSTEAD BORO,U.S. Senate,,MARTY SELKER,CST,1
Susquehanna,HALLSTEAD BORO,U.S. Senate,,Write-ins,,0
Susquehanna,HALLSTEAD BORO,ATTORNEY GENERAL,,EUGENE DEPASQUALE,DEM,158
Susquehanna,HALLSTEAD BORO,ATTORNEY GENERAL,,DAVE SUNDAY,REP,338
Susquehanna,HALLSTEAD BORO,ATTORNEY GENERAL,,ROBERT COWBURN,LIB,15
Susquehanna,HALLSTEAD BORO,ATTORNEY GENERAL,,RICHARD L WEISS,GRN,7
Susquehanna,HALLSTEAD BORO,ATTORNEY GENERAL,,JUSTIN L MAGILL,CST,4
Susquehanna,HALLSTEAD BORO,ATTORNEY GENERAL,,ERIC L SETTLE,FWD,0
Susquehanna,HALLSTEAD BORO,ATTORNEY GENERAL,,Write-ins,,0
Susquehanna,HARFORD TWP,Registered Voters,,,,946
Susquehanna,HARFORD TWP,Ballots Cast,,,,782
Susquehanna,HARFORD TWP,President,,KAMALA D HARRIS,DEM,178
Susquehanna,HARFORD TWP,President,,DONALD J TRUMP,REP,597
Susquehanna,HARFORD TWP,President,,CHASE OLIVER,LIB,3
Susquehanna,HARFORD TWP,President,,JILL STEIN,GRN,1
Susquehanna,HARFORD TWP,President,,Write-ins,,1
Susquehanna,HARFORD TWP,U.S. Senate,,ROBERT P CASEY JR,DEM,172
Susquehanna,HARFORD TWP,U.S. Senate,,DAVE MCCORMICK,REP,588
Susquehanna,HARFORD TWP,U.S. Senate,,JOHN C THOMAS,LIB,5
Susquehanna,HARFORD TWP,U.S. Senate,,LEILA HAZOU,GRN,4
Susquehanna,HARFORD TWP,U.S. Senate,,MARTY SELKER,CST,3
Susquehanna,HARFORD TWP,U.S. Senate,,Write-ins,,0
Susquehanna,HARFORD TWP,ATTORNEY GENERAL,,EUGENE DEPASQUALE,DEM,161
Susquehanna,HARFORD TWP,ATTORNEY GENERAL,,DAVE SUNDAY,REP,591
Susquehanna,HARFORD TWP,ATTORNEY GENERAL,,ROBERT COWBURN,LIB,6
Susquehanna,HARFORD TWP,ATTORNEY GENERAL,,RICHARD L WEISS,GRN,3
Susquehanna,HARFORD TWP,ATTORNEY GENERAL,,JUSTIN L MAGILL,CST,3
Susquehanna,HARFORD TWP,ATTORNEY GENERAL,,ERIC L SETTLE,FWD,2
Susquehanna,HARFORD TWP,ATTORNEY GENERAL,,Write-ins,,0
Susquehanna,HARMONY TWP,Registered Voters,,,,349
Susquehanna,HARMONY TWP,Ballots Cast,,,,292
Susquehanna,HARMONY TWP,President,,KAMALA D HARRIS,DEM,64
Susquehanna,HARMONY TWP,President,,DONALD J TRUMP,REP,223
Susquehanna,HARMONY TWP,President,,CHASE OLIVER,LIB,1
Susquehanna,HARMONY TWP,President,,JILL STEIN,GRN,0
Susquehanna,HARMONY TWP,President,,Write-ins,,1
Susquehanna,HARMONY TWP,U.S. Senate,,ROBERT P CASEY JR,DEM,67
Susquehanna,HARMONY TWP,U.S. Senate,,DAVE MCCORMICK,REP,214
Susquehanna,HARMONY TWP,U.S. Senate,,JOHN C THOMAS,LIB,3
Susquehanna,HARMONY TWP,U.S. Senate,,LEILA HAZOU,GRN,2
Susquehanna,HARMONY TWP,U.S. Senate,,MARTY SELKER,CST,0
Susquehanna,HARMONY TWP,U.S. Senate,,Write-ins,,1
Susquehanna,HARMONY TWP,ATTORNEY GENERAL,,EUGENE DEPASQUALE,DEM,64
Susquehanna,HARMONY TWP,ATTORNEY GENERAL,,DAVE SUNDAY,REP,203
Susquehanna,HARMONY TWP,ATTORNEY GENERAL,,ROBERT COWBURN,LIB,4
Susquehanna,HARMONY TWP,ATTORNEY GENERAL,,RICHARD L WEISS,GRN,3
Susquehanna,HARMONY TWP,ATTORNEY GENERAL,,JUSTIN L MAGILL,CST,5
Susquehanna,HARMONY TWP,ATTORNEY GENERAL,,ERIC L SETTLE,FWD,0
Susquehanna,HARMONY TWP,ATTORNEY GENERAL,,Write-ins,,2
Susquehanna,HERRICK TWP,Registered Voters,,,,654
Susquehanna,HERRICK TWP,Ballots Cast,,,,540
Susquehanna,HERRICK TWP,President,,KAMALA D HARRIS,DEM,211
Susquehanna,HERRICK TWP,President,,DONALD J TRUMP,REP,320
Susquehanna,HERRICK TWP,President,,CHASE OLIVER,LIB,4
Susquehanna,HERRICK TWP,President,,JILL STEIN,GRN,0
Susquehanna,HERRICK TWP,President,,Write-ins,,3
Susquehanna,HERRICK TWP,U.S. Senate,,ROBERT P CASEY JR,DEM,212
Susquehanna,HERRICK TWP,U.S. Senate,,DAVE MCCORMICK,REP,308
Susquehanna,HERRICK TWP,U.S. Senate,,JOHN C THOMAS,LIB,7
Susquehanna,HERRICK TWP,U.S. Senate,,LEILA HAZOU,GRN,2
Susquehanna,HERRICK TWP,U.S. Senate,,MARTY SELKER,CST,3
Susquehanna,HERRICK TWP,U.S. Senate,,Write-ins,,0
Susquehanna,HERRICK TWP,ATTORNEY GENERAL,,EUGENE DEPASQUALE,DEM,203
Susquehanna,HERRICK TWP,ATTORNEY GENERAL,,DAVE SUNDAY,REP,307
Susquehanna,HERRICK TWP,ATTORNEY GENERAL,,ROBERT COWBURN,LIB,9
Susquehanna,HERRICK TWP,ATTORNEY GENERAL,,RICHARD L WEISS,GRN,3
Susquehanna,HERRICK TWP,ATTORNEY GENERAL,,JUSTIN L MAGILL,CST,3
Susquehanna,HERRICK TWP,ATTORNEY GENERAL,,ERIC L SETTLE,FWD,2
Susquehanna,HERRICK TWP,ATTORNEY GENERAL,,Write-ins,,0
Susquehanna,HOP BOTTOM BORO,Registered Voters,,,,192
Susquehanna,HOP BOTTOM BORO,Ballots Cast,,,,148
Susquehanna,HOP BOTTOM BORO,President,,KAMALA D HARRIS,DEM,49
Susquehanna,HOP BOTTOM BORO,President,,DONALD J TRUMP,REP,94
Susquehanna,HOP BOTTOM BORO,President,,CHASE OLIVER,LIB,2
Susquehanna,HOP BOTTOM BORO,President,,JILL STEIN,GRN,1
Susquehanna,HOP BOTTOM BORO,President,,Write-ins,,0
Susquehanna,HOP BOTTOM BORO,U.S. Senate,,ROBERT P CASEY JR,DEM,46
Susquehanna,HOP BOTTOM BORO,U.S. Senate,,DAVE MCCORMICK,REP,85
Susquehanna,HOP BOTTOM BORO,U.S. Senate,,JOHN C THOMAS,LIB,6
Susquehanna,HOP BOTTOM BORO,U.S. Senate,,LEILA HAZOU,GRN,2
Susquehanna,HOP BOTTOM BORO,U.S. Senate,,MARTY SELKER,CST,4
Susquehanna,HOP BOTTOM BORO,U.S. Senate,,Write-ins,,0
Susquehanna,HOP BOTTOM BORO,ATTORNEY GENERAL,,EUGENE DEPASQUALE,DEM,46
Susquehanna,HOP BOTTOM BORO,ATTORNEY GENERAL,,DAVE SUNDAY,REP,90
Susquehanna,HOP BOTTOM BORO,ATTORNEY GENERAL,,ROBERT COWBURN,LIB,4
Susquehanna,HOP BOTTOM BORO,ATTORNEY GENERAL,,RICHARD L WEISS,GRN,1
Susquehanna,HOP BOTTOM BORO,ATTORNEY GENERAL,,JUSTIN L MAGILL,CST,4
Susquehanna,HOP BOTTOM BORO,ATTORNEY GENERAL,,ERIC L SETTLE,FWD,0
Susquehanna,HOP BOTTOM BORO,ATTORNEY GENERAL,,Write-ins,,0
Susquehanna,JACKSON TWP,Registered Voters,,,,642
Susquehanna,JACKSON TWP,Ballots Cast,,,,536
Susquehanna,JACKSON TWP,President,,KAMALA D HARRIS,DEM,110
Susquehanna,JACKSON TWP,President,,DONALD J TRUMP,REP,421
Susquehanna,JACKSON TWP,President,,CHASE OLIVER,LIB,2
Susquehanna,JACKSON TWP,President,,JILL STEIN,GRN,1
Susquehanna,JACKSON TWP,President,,Write-ins,,1
Susquehanna,JACKSON TWP,U.S. Senate,,ROBERT P CASEY JR,DEM,107
Susquehanna,JACKSON TWP,U.S. Senate,,DAVE MCCORMICK,REP,413
Susquehanna,JACKSON TWP,U.S. Senate,,JOHN C THOMAS,LIB,4
Susquehanna,JACKSON TWP,U.S. Senate,,LEILA HAZOU,GRN,6
Susquehanna,JACKSON TWP,U.S. Senate,,MARTY SELKER,CST,3
Susquehanna,JACKSON TWP,U.S. Senate,,Write-ins,,0
Susquehanna,JACKSON TWP,ATTORNEY GENERAL,,EUGENE DEPASQUALE,DEM,92
Susquehanna,JACKSON TWP,ATTORNEY GENERAL,,DAVE SUNDAY,REP,427
Susquehanna,JACKSON TWP,ATTORNEY GENERAL,,ROBERT COWBURN,LIB,9
Susquehanna,JACKSON TWP,ATTORNEY GENERAL,,RICHARD L WEISS,GRN,2
Susquehanna,JACKSON TWP,ATTORNEY GENERAL,,JUSTIN L MAGILL,CST,2
Susquehanna,JACKSON TWP,ATTORNEY GENERAL,,ERIC L SETTLE,FWD,2
Susquehanna,JACKSON TWP,ATTORNEY GENERAL,,Write-ins,,0
Susquehanna,JESSUP TWP,Registered Voters,,,,360
Susquehanna,JESSUP TWP,Ballots Cast,,,,308
Susquehanna,JESSUP TWP,President,,KAMALA D HARRIS,DEM,82
Susquehanna,JESSUP TWP,President,,DONALD J TRUMP,REP,221
Susquehanna,JESSUP TWP,President,,CHASE OLIVER,LIB,4
Susquehanna,JESSUP TWP,President,,JILL STEIN,GRN,0
Susquehanna,JESSUP TWP,President,,Write-ins,,0
Susquehanna,JESSUP TWP,U.S. Senate,,ROBERT P CASEY JR,DEM,87
Susquehanna,JESSUP TWP,U.S. Senate,,DAVE MCCORMICK,REP,213
Susquehanna,JESSUP TWP,U.S. Senate,,JOHN C THOMAS,LIB,4
Susquehanna,JESSUP TWP,U.S. Senate,,LEILA HAZOU,GRN,1
Susquehanna,JESSUP TWP,U.S. Senate,,MARTY SELKER,CST,2
Susquehanna,JESSUP TWP,U.S. Senate,,Write-ins,,0
Susquehanna,JESSUP TWP,ATTORNEY GENERAL,,EUGENE DEPASQUALE,DEM,81
Susquehanna,JESSUP TWP,ATTORNEY GENERAL,,DAVE SUNDAY,REP,216
Susquehanna,JESSUP TWP,ATTORNEY GENERAL,,ROBERT COWBURN,LIB,2
Susquehanna,JESSUP TWP,ATTORNEY GENERAL,,RICHARD L WEISS,GRN,2
Susquehanna,JESSUP TWP,ATTORNEY GENERAL,,JUSTIN L MAGILL,CST,2
Susquehanna,JESSUP TWP,ATTORNEY GENERAL,,ERIC L SETTLE,FWD,0
Susquehanna,JESSUP TWP,ATTORNEY GENERAL,,Write-ins,,0
Susquehanna,LANESBORO BORO,Registered Voters,,,,285
Susquehanna,LANESBORO BORO,Ballots Cast,,,,226
Susquehanna,LANESBORO BORO,President,,KAMALA D HARRIS,DEM,55
Susquehanna,LANESBORO BORO,President,,DONALD J TRUMP,REP,166
Susquehanna,LANESBORO BORO,President,,CHASE OLIVER,LIB,1
Susquehanna,LANESBORO BORO,President,,JILL STEIN,GRN,0
Susquehanna,LANESBORO BORO,President,,Write-ins,,1
Susquehanna,LANESBORO BORO,U.S. Senate,,ROBERT P CASEY JR,DEM,57
Susquehanna,LANESBORO BORO,U.S. Senate,,DAVE MCCORMICK,REP,156
Susquehanna,LANESBORO BORO,U.S. Senate,,JOHN C THOMAS,LIB,3
Susquehanna,LANESBORO BORO,U.S. Senate,,LEILA HAZOU,GRN,0
Susquehanna,LANESBORO BORO,U.S. Senate,,MARTY SELKER,CST,2
Susquehanna,LANESBORO BORO,U.S. Senate,,Write-ins,,0
Susquehanna,LANESBORO BORO,ATTORNEY GENERAL,,EUGENE DEPASQUALE,DEM,56
Susquehanna,LANESBORO BORO,ATTORNEY GENERAL,,DAVE SUNDAY,REP,149
Susquehanna,LANESBORO BORO,ATTORNEY GENERAL,,ROBERT COWBURN,LIB,5
Susquehanna,LANESBORO BORO,ATTORNEY GENERAL,,RICHARD L WEISS,GRN,3
Susquehanna,LANESBORO BORO,ATTORNEY GENERAL,,JUSTIN L MAGILL,CST,1
Susquehanna,LANESBORO BORO,ATTORNEY GENERAL,,ERIC L SETTLE,FWD,1
Susquehanna,LANESBORO BORO,ATTORNEY GENERAL,,Write-ins,,0
Susquehanna,LATHROP TWP,Registered Voters,,,,554
Susquehanna,LATHROP TWP,Ballots Cast,,,,458
Susquehanna,LATHROP TWP,President,,KAMALA D HARRIS,DEM,118
Susquehanna,LATHROP TWP,President,,DONALD J TRUMP,REP,334
Susquehanna,LATHROP TWP,President,,CHASE OLIVER,LIB,5
Susquehanna,LATHROP TWP,President,,JILL STEIN,GRN,0
Susquehanna,LATHROP TWP,President,,Write-ins,,0
Susquehanna,LATHROP TWP,U.S. Senate,,ROBERT P CASEY JR,DEM,116
Susquehanna,LATHROP TWP,U.S. Senate,,DAVE MCCORMICK,REP,319
Susquehanna,LATHROP TWP,U.S. Senate,,JOHN C THOMAS,LIB,9
Susquehanna,LATHROP TWP,U.S. Senate,,LEILA HAZOU,GRN,4
Susquehanna,LATHROP TWP,U.S. Senate,,MARTY SELKER,CST,1
Susquehanna,LATHROP TWP,U.S. Senate,,Write-ins,,0
Susquehanna,LATHROP TWP,ATTORNEY GENERAL,,EUGENE DEPASQUALE,DEM,115
Susquehanna,LATHROP TWP,ATTORNEY GENERAL,,DAVE SUNDAY,REP,312
Susquehanna,LATHROP TWP,ATTORNEY GENERAL,,ROBERT COWBURN,LIB,9
Susquehanna,LATHROP TWP,ATTORNEY GENERAL,,RICHARD L WEISS,GRN,6
Susquehanna,LATHROP TWP,ATTORNEY GENERAL,,JUSTIN L MAGILL,CST,1
Susquehanna,LATHROP TWP,ATTORNEY GENERAL,,ERIC L SETTLE,FWD,3
Susquehanna,LATHROP TWP,ATTORNEY GENERAL,,Write-ins,,0
Susquehanna,LENO TWP,Registered Voters,,,,1247
Susquehanna,LENO TWP,Ballots Cast,,,,1052
Susquehanna,LENO TWP,President,,KAMALA D HARRIS,DEM,282
Susquehanna,LENO TWP,President,,DONALD J TRUMP,REP,759
Susquehanna,LENO TWP,President,,CHASE OLIVER,LIB,6
Susquehanna,LENO TWP,President,,JILL STEIN,GRN,1
Susquehanna,LENO TWP,President,,Write-ins,,0
Susquehanna,LENO TWP,U.S. Senate,,ROBERT P CASEY JR,DEM,278
Susquehanna,LENO TWP,U.S. Senate,,DAVE MCCORMICK,REP,730
Susquehanna,LENO TWP,U.S. Senate,,JOHN C THOMAS,LIB,11
Susquehanna,LENO TWP,U.S. Senate,,LEILA HAZOU,GRN,10
Susquehanna,LENO TWP,U.S. Senate,,MARTY SELKER,CST,5
Susquehanna,LENO TWP,U.S. Senate,,Write-ins,,0
Susquehanna,LENO TWP,ATTORNEY GENERAL,,EUGENE DEPASQUALE,DEM,257
Susquehanna,LENO TWP,ATTORNEY GENERAL,,DAVE SUNDAY,REP,735
Susquehanna,LENO TWP,ATTORNEY GENERAL,,ROBERT COWBURN,LIB,15
Susquehanna,LENO TWP,ATTORNEY GENERAL,,RICHARD L WEISS,GRN,12
Susquehanna,LENO TWP,ATTORNEY GENERAL,,JUSTIN L MAGILL,CST,6
Susquehanna,LENO TWP,ATTORNEY GENERAL,,ERIC L SETTLE,FWD,1
Susquehanna,LENO TWP,ATTORNEY GENERAL,,Write-ins,,1
Susquehanna,LIBERTY TWP,Registered Voters,,,,782
Susquehanna,LIBERTY TWP,Ballots Cast,,,,623
Susquehanna,LIBERTY TWP,President,,KAMALA D HARRIS,DEM,158
Susquehanna,LIBERTY TWP,President,,DONALD J TRUMP,REP,451
Susquehanna,LIBERTY TWP,President,,CHASE OLIVER,LIB,5
Susquehanna,LIBERTY TWP,President,,JILL STEIN,GRN,4
Susquehanna,LIBERTY TWP,President,,Write-ins,,4
Susquehanna,LIBERTY TWP,U.S. Senate,,ROBERT P CASEY JR,DEM,158
Susquehanna,LIBERTY TWP,U.S. Senate,,DAVE MCCORMICK,REP,440
Susquehanna,LIBERTY TWP,U.S. Senate,,JOHN C THOMAS,LIB,12
Susquehanna,LIBERTY TWP,U.S. Senate,,LEILA HAZOU,GRN,6
Susquehanna,LIBERTY TWP,U.S. Senate,,MARTY SELKER,CST,6
Susquehanna,LIBERTY TWP,U.S. Senate,,Write-ins,,0
Susquehanna,LIBERTY TWP,ATTORNEY GENERAL,,EUGENE DEPASQUALE,DEM,153
Susquehanna,LIBERTY TWP,ATTORNEY GENERAL,,DAVE SUNDAY,REP,432
Susquehanna,LIBERTY TWP,ATTORNEY GENERAL,,ROBERT COWBURN,LIB,16
Susquehanna,LIBERTY TWP,ATTORNEY GENERAL,,RICHARD L WEISS,GRN,6
Susquehanna,LIBERTY TWP,ATTORNEY GENERAL,,JUSTIN L MAGILL,CST,7
Susquehanna,LIBERTY TWP,ATTORNEY GENERAL,,ERIC L SETTLE,FWD,3
Susquehanna,LIBERTY TWP,ATTORNEY GENERAL,,Write-ins,,0
Susquehanna,LITTLE MDWS BORO,Registered Voters,,,,196
Susquehanna,LITTLE MDWS BORO,Ballots Cast,,,,159
Susquehanna,LITTLE MDWS BORO,President,,KAMALA D HARRIS,DEM,31
Susquehanna,LITTLE MDWS BORO,President,,DONALD J TRUMP,REP,126
Susquehanna,LITTLE MDWS BORO,President,,CHASE OLIVER,LIB,1
Susquehanna,LITTLE MDWS BORO,President,,JILL STEIN,GRN,0
Susquehanna,LITTLE MDWS BORO,President,,Write-ins,,0
Susquehanna,LITTLE MDWS BORO,U.S. Senate,,ROBERT P CASEY JR,DEM,26
Susquehanna,LITTLE MDWS BORO,U.S. Senate,,DAVE MCCORMICK,REP,125
Susquehanna,LITTLE MDWS BORO,U.S. Senate,,JOHN C THOMAS,LIB,3
Susquehanna,LITTLE MDWS BORO,U.S. Senate,,LEILA HAZOU,GRN,0
Susquehanna,LITTLE MDWS BORO,U.S. Senate,,MARTY SELKER,CST,0
Susquehanna,LITTLE MDWS BORO,U.S. Senate,,Write-ins,,0
Susquehanna,LITTLE MDWS BORO,ATTORNEY GENERAL,,EUGENE DEPASQUALE,DEM,25
Susquehanna,LITTLE MDWS BORO,ATTORNEY GENERAL,,DAVE SUNDAY,REP,124
Susquehanna,LITTLE MDWS BORO,ATTORNEY GENERAL,,ROBERT COWBURN,LIB,2
Susquehanna,LITTLE MDWS BORO,ATTORNEY GENERAL,,RICHARD L WEISS,GRN,1
Susquehanna,LITTLE MDWS BORO,ATTORNEY GENERAL,,JUSTIN L MAGILL,CST,1
Susquehanna,LITTLE MDWS BORO,ATTORNEY GENERAL,,ERIC L SETTLE,FWD,0
Susquehanna,LITTLE MDWS BORO,ATTORNEY GENERAL,,Write-ins,,0
Susquehanna,MIDDLETOWN TWP,Registered Voters,,,,253
Susquehanna,MIDDLETOWN TWP,Ballots Cast,,,,222
Susquehanna,MIDDLETOWN TWP,President,,KAMALA D HARRIS,DEM,38
Susquehanna,MIDDLETOWN TWP,President,,DONALD J TRUMP,REP,181
Susquehanna,MIDDLETOWN TWP,President,,CHASE OLIVER,LIB,2
Susquehanna,MIDDLETOWN TWP,President,,JILL STEIN,GRN,0
Susquehanna,MIDDLETOWN TWP,President,,Write-ins,,1
Susquehanna,MIDDLETOWN TWP,U.S. Senate,,ROBERT P CASEY JR,DEM,33
Susquehanna,MIDDLETOWN TWP,U.S. Senate,,DAVE MCCORMICK,REP,182
Susquehanna,MIDDLETOWN TWP,U.S. Senate,,JOHN C THOMAS,LIB,1
Susquehanna,MIDDLETOWN TWP,U.S. Senate,,LEILA HAZOU,GRN,3
Susquehanna,MIDDLETOWN TWP,U.S. Senate,,MARTY SELKER,CST,0
Susquehanna,MIDDLETOWN TWP,U.S. Senate,,Write-ins,,0
Susquehanna,MIDDLETOWN TWP,ATTORNEY GENERAL,,EUGENE DEPASQUALE,DEM,32
Susquehanna,MIDDLETOWN TWP,ATTORNEY GENERAL,,DAVE SUNDAY,REP,176
Susquehanna,MIDDLETOWN TWP,ATTORNEY GENERAL,,ROBERT COWBURN,LIB,2
Susquehanna,MIDDLETOWN TWP,ATTORNEY GENERAL,,RICHARD L WEISS,GRN,1
Susquehanna,MIDDLETOWN TWP,ATTORNEY GENERAL,,JUSTIN L MAGILL,CST,2
Susquehanna,MIDDLETOWN TWP,ATTORNEY GENERAL,,ERIC L SETTLE,FWD,0
Susquehanna,MIDDLETOWN TWP,ATTORNEY GENERAL,,Write-ins,,0
Susquehanna,MONTROSE BORO-1W,Registered Voters,,,,630
Susquehanna,MONTROSE BORO-1W,Ballots Cast,,,,532
Susquehanna,MONTROSE BORO-1W,President,,KAMALA D HARRIS,DEM,206
Susquehanna,MONTROSE BORO-1W,President,,DONALD J TRUMP,REP,287
Susquehanna,MONTROSE BORO-1W,President,,CHASE OLIVER,LIB,2
Susquehanna,MONTROSE BORO-1W,President,,JILL STEIN,GRN,2
Susquehanna,MONTROSE BORO-1W,President,,Write-ins,,9
Susquehanna,MONTROSE BORO-1W,U.S. Senate,,ROBERT P CASEY JR,DEM,201
Susquehanna,MONTROSE BORO-1W,U.S. Senate,,DAVE MCCORMICK,REP,280
Susquehanna,MONTROSE BORO-1W,U.S. Senate,,JOHN C THOMAS,LIB,10
Susquehanna,MONTROSE BORO-1W,U.S. Senate,,LEILA HAZOU,GRN,2
Susquehanna,MONTROSE BORO-1W,U.S. Senate,,MARTY SELKER,CST,0
Susquehanna,MONTROSE BORO-1W,U.S. Senate,,Write-ins,,1
Susquehanna,MONTROSE BORO-1W,ATTORNEY GENERAL,,EUGENE DEPASQUALE,DEM,178
Susquehanna,MONTROSE BORO-1W,ATTORNEY GENERAL,,DAVE SUNDAY,REP,285
Susquehanna,MONTROSE BORO-1W,ATTORNEY GENERAL,,ROBERT COWBURN,LIB,9
Susquehanna,MONTROSE BORO-1W,ATTORNEY GENERAL,,RICHARD L WEISS,GRN,4
Susquehanna,MONTROSE BORO-1W,ATTORNEY GENERAL,,JUSTIN L MAGILL,CST,1
Susquehanna,MONTROSE BORO-1W,ATTORNEY GENERAL,,ERIC L SETTLE,FWD,2
Susquehanna,MONTROSE BORO-1W,ATTORNEY GENERAL,,Write-ins,,1
Susquehanna,MONTROSE BORO-2W,Registered Voters,,,,451
Susquehanna,MONTROSE BORO-2W,Ballots Cast,,,,364
Susquehanna,MONTROSE BORO-2W,President,,KAMALA D HARRIS,DEM,128
Susquehanna,MONTROSE BORO-2W,President,,DONALD J TRUMP,REP,229
Susquehanna,MONTROSE BORO-2W,President,,CHASE OLIVER,LIB,2
Susquehanna,MONTROSE BORO-2W,President,,JILL STEIN,GRN,1
Susquehanna,MONTROSE BORO-2W,President,,Write-ins,,3
Susquehanna,MONTROSE BORO-2W,U.S. Senate,,ROBERT P CASEY JR,DEM,129
Susquehanna,MONTROSE BORO-2W,U.S. Senate,,DAVE MCCORMICK,REP,220
Susquehanna,MONTROSE BORO-2W,U.S. Senate,,JOHN C THOMAS,LIB,3
Susquehanna,MONTROSE BORO-2W,U.S. Senate,,LEILA HAZOU,GRN,4
Susquehanna,MONTROSE BORO-2W,U.S. Senate,,MARTY SELKER,CST,2
Susquehanna,MONTROSE BORO-2W,U.S. Senate,,Write-ins,,0
Susquehanna,MONTROSE BORO-2W,ATTORNEY GENERAL,,EUGENE DEPASQUALE,DEM,123
Susquehanna,MONTROSE BORO-2W,ATTORNEY GENERAL,,DAVE SUNDAY,REP,227
Susquehanna,MONTROSE BORO-2W,ATTORNEY GENERAL,,ROBERT COWBURN,LIB,3
Susquehanna,MONTROSE BORO-2W,ATTORNEY GENERAL,,RICHARD L WEISS,GRN,3
Susquehanna,MONTROSE BORO-2W,ATTORNEY GENERAL,,JUSTIN L MAGILL,CST,3
Susquehanna,MONTROSE BORO-2W,ATTORNEY GENERAL,,ERIC L SETTLE,FWD,0
Susquehanna,MONTROSE BORO-2W,ATTORNEY GENERAL,,Write-ins,,0
Susquehanna,NEW MILFORD BORO,Registered Voters,,,,526
Susquehanna,NEW MILFORD BORO,Ballots Cast,,,,402
Susquehanna,NEW MILFORD BORO,President,,KAMALA D HARRIS,DEM,116
Susquehanna,NEW MILFORD BORO,President,,DONALD J TRUMP,REP,282
Susquehanna,NEW MILFORD BORO,President,,CHASE OLIVER,LIB,2
Susquehanna,NEW MILFORD BORO,President,,JILL STEIN,GRN,0
Susquehanna,NEW MILFORD BORO,President,,Write-ins,,0
Susquehanna,NEW MILFORD BORO,U.S. Senate,,ROBERT P CASEY JR,DEM,125
Susquehanna,NEW MILFORD BORO,U.S. Senate,,DAVE MCCORMICK,REP,261
Susquehanna,NEW MILFORD BORO,U.S. Senate,,JOHN C THOMAS,LIB,7
Susquehanna,NEW MILFORD BORO,U.S. Senate,,LEILA HAZOU,GRN,4
Susquehanna,NEW MILFORD BORO,U.S. Senate,,MARTY SELKER,CST,2
Susquehanna,NEW MILFORD BORO,U.S. Senate,,Write-ins,,0
Susquehanna,NEW MILFORD BORO,ATTORNEY GENERAL,,EUGENE DEPASQUALE,DEM,113
Susquehanna,NEW MILFORD BORO,ATTORNEY GENERAL,,DAVE SUNDAY,REP,263
Susquehanna,NEW MILFORD BORO,ATTORNEY GENERAL,,ROBERT COWBURN,LIB,8
Susquehanna,NEW MILFORD BORO,ATTORNEY GENERAL,,RICHARD L WEISS,GRN,1
Susquehanna,NEW MILFORD BORO,ATTORNEY GENERAL,,JUSTIN L MAGILL,CST,6
Susquehanna,NEW MILFORD BORO,ATTORNEY GENERAL,,ERIC L SETTLE,FWD,0
Susquehanna,NEW MILFORD BORO,ATTORNEY GENERAL,,Write-ins,,0
Susquehanna,NEW MILFORD TWP,Registered Voters,,,,1349
Susquehanna,NEW MILFORD TWP,Ballots Cast,,,,1103
Susquehanna,NEW MILFORD TWP,President,,KAMALA D HARRIS,DEM,236
Susquehanna,NEW MILFORD TWP,President,,DONALD J TRUMP,REP,847
Susquehanna,NEW MILFORD TWP,President,,CHASE OLIVER,LIB,10
Susquehanna,NEW MILFORD TWP,President,,JILL STEIN,GRN,3
Susquehanna,NEW MILFORD TWP,President,,Write-ins,,3
Susquehanna,NEW MILFORD TWP,U.S. Senate,,ROBERT P CASEY JR,DEM,249
Susquehanna,NEW MILFORD TWP,U.S. Senate,,DAVE MCCORMICK,REP,817
Susquehanna,NEW MILFORD TWP,U.S. Senate,,JOHN C THOMAS,LIB,11
Susquehanna,NEW MILFORD TWP,U.S. Senate,,LEILA HAZOU,GRN,4
Susquehanna,NEW MILFORD TWP,U.S. Senate,,MARTY SELKER,CST,6
Susquehanna,NEW MILFORD TWP,U.S. Senate,,Write-ins,,0
Susquehanna,NEW MILFORD TWP,ATTORNEY GENERAL,,EUGENE DEPASQUALE,DEM,230
Susquehanna,NEW MILFORD TWP,ATTORNEY GENERAL,,DAVE SUNDAY,REP,823
Susquehanna,NEW MILFORD TWP,ATTORNEY GENERAL,,ROBERT COWBURN,LIB,13
Susquehanna,NEW MILFORD TWP,ATTORNEY GENERAL,,RICHARD L WEISS,GRN,9
Susquehanna,NEW MILFORD TWP,ATTORNEY GENERAL,,JUSTIN L MAGILL,CST,10
Susquehanna,NEW MILFORD TWP,ATTORNEY GENERAL,,ERIC L SETTLE,FWD,1
Susquehanna,NEW MILFORD TWP,ATTORNEY GENERAL,,Write-ins,,0
Susquehanna,OAKLAND BORO,Registered Voters,,,,337
Susquehanna,OAKLAND BORO,Ballots Cast,,,,267
Susquehanna,OAKLAND BORO,President,,KAMALA D HARRIS,DEM,72
Susquehanna,OAKLAND BORO,President,,DONALD J TRUMP,REP,193
Susquehanna,OAKLAND BORO,President,,CHASE OLIVER,LIB,1
Susquehanna,OAKLAND BORO,President,,JILL STEIN,GRN,0
Susquehanna,OAKLAND BORO,President,,Write-ins,,0
Susquehanna,OAKLAND BORO,U.S. Senate,,ROBERT P CASEY JR,DEM,78
Susquehanna,OAKLAND BORO,U.S. Senate,,DAVE MCCORMICK,REP,176
Susquehanna,OAKLAND BORO,U.S. Senate,,JOHN C THOMAS,LIB,5
Susquehanna,OAKLAND BORO,U.S. Senate,,LEILA HAZOU,GRN,1
Susquehanna,OAKLAND BORO,U.S. Senate,,MARTY SELKER,CST,2
Susquehanna,OAKLAND BORO,U.S. Senate,,Write-ins,,0
Susquehanna,OAKLAND BORO,ATTORNEY GENERAL,,EUGENE DEPASQUALE,DEM,73
Susquehanna,OAKLAND BORO,ATTORNEY GENERAL,,DAVE SUNDAY,REP,178
Susquehanna,OAKLAND BORO,ATTORNEY GENERAL,,ROBERT COWBURN,LIB,8
Susquehanna,OAKLAND BORO,ATTORNEY GENERAL,,RICHARD L WEISS,GRN,2
Susquehanna,OAKLAND BORO,ATTORNEY GENERAL,,JUSTIN L MAGILL,CST,0
Susquehanna,OAKLAND BORO,ATTORNEY GENERAL,,ERIC L SETTLE,FWD,1
Susquehanna,OAKLAND BORO,ATTORNEY GENERAL,,Write-ins,,0
Susquehanna,OAKLAND TWP,Registered Voters,,,,307
Susquehanna,OAKLAND TWP,Ballots Cast,,,,234
Susquehanna,OAKLAND TWP,President,,KAMALA D HARRIS,DEM,77
Susquehanna,OAKLAND TWP,President,,DONALD J TRUMP,REP,155
Susquehanna,OAKLAND TWP,President,,CHASE OLIVER,LIB,1
Susquehanna,OAKLAND TWP,President,,JILL STEIN,GRN,0
Susquehanna,OAKLAND TWP,President,,Write-ins,,0
Susquehanna,OAKLAND TWP,U.S. Senate,,ROBERT P CASEY JR,DEM,79
Susquehanna,OAKLAND TWP,U.S. Senate,,DAVE MCCORMICK,REP,150
Susquehanna,OAKLAND TWP,U.S. Senate,,JOHN C THOMAS,LIB,1
Susquehanna,OAKLAND TWP,U.S. Senate,,LEILA HAZOU,GRN,1
Susquehanna,OAKLAND TWP,U.S. Senate,,MARTY SELKER,CST,1
Susquehanna,OAKLAND TWP,U.S. Senate,,Write-ins,,0
Susquehanna,OAKLAND TWP,ATTORNEY GENERAL,,EUGENE DEPASQUALE,DEM,72
Susquehanna,OAKLAND TWP,ATTORNEY GENERAL,,DAVE SUNDAY,REP,145
Susquehanna,OAKLAND TWP,ATTORNEY GENERAL,,ROBERT COWBURN,LIB,2
Susquehanna,OAKLAND TWP,ATTORNEY GENERAL,,RICHARD L WEISS,GRN,2
Susquehanna,OAKLAND TWP,ATTORNEY GENERAL,,JUSTIN L MAGILL,CST,5
Susquehanna,OAKLAND TWP,ATTORNEY GENERAL,,ERIC L SETTLE,FWD,1
Susquehanna,OAKLAND TWP,ATTORNEY GENERAL,,Write-ins,,1
Susquehanna,RUSH TWP,Registered Voters,,,,785
Susquehanna,RUSH TWP,Ballots Cast,,,,616
Susquehanna,RUSH TWP,President,,KAMALA D HARRIS,DEM,128
Susquehanna,RUSH TWP,President,,DONALD J TRUMP,REP,478
Susquehanna,RUSH TWP,President,,CHASE OLIVER,LIB,3
Susquehanna,RUSH TWP,President,,JILL STEIN,GRN,2
Susquehanna,RUSH TWP,President,,Write-ins,,2
Susquehanna,RUSH TWP,U.S. Senate,,ROBERT P CASEY JR,DEM,142
Susquehanna,RUSH TWP,U.S. Senate,,DAVE MCCORMICK,REP,451
Susquehanna,RUSH TWP,U.S. Senate,,JOHN C THOMAS,LIB,10
Susquehanna,RUSH TWP,U.S. Senate,,LEILA HAZOU,GRN,5
Susquehanna,RUSH TWP,U.S. Senate,,MARTY SELKER,CST,2
Susquehanna,RUSH TWP,U.S. Senate,,Write-ins,,0
Susquehanna,RUSH TWP,ATTORNEY GENERAL,,EUGENE DEPASQUALE,DEM,132
Susquehanna,RUSH TWP,ATTORNEY GENERAL,,DAVE SUNDAY,REP,458
Susquehanna,RUSH TWP,ATTORNEY GENERAL,,ROBERT COWBURN,LIB,7
Susquehanna,RUSH TWP,ATTORNEY GENERAL,,RICHARD L WEISS,GRN,2
Susquehanna,RUSH TWP,ATTORNEY GENERAL,,JUSTIN L MAGILL,CST,5
Susquehanna,RUSH TWP,ATTORNEY GENERAL,,ERIC L SETTLE,FWD,1
Susquehanna,RUSH TWP,ATTORNEY GENERAL,,Write-ins,,0
Susquehanna,SILVER LAKE TWP,Registered Voters,,,,1364
Susquehanna,SILVER LAKE TWP,Ballots Cast,,,,1139
Susquehanna,SILVER LAKE TWP,President,,KAMALA D HARRIS,DEM,349
Susquehanna,SILVER LAKE TWP,President,,DONALD J TRUMP,REP,770
Susquehanna,SILVER LAKE TWP,President,,CHASE OLIVER,LIB,5
Susquehanna,SILVER LAKE TWP,President,,JILL STEIN,GRN,5
Susquehanna,SILVER LAKE TWP,President,,Write-ins,,4
Susquehanna,SILVER LAKE TWP,U.S. Senate,,ROBERT P CASEY JR,DEM,349
Susquehanna,SILVER LAKE TWP,U.S. Senate,,DAVE MCCORMICK,REP,761
Susquehanna,SILVER LAKE TWP,U.S. Senate,,JOHN C THOMAS,LIB,9
Susquehanna,SILVER LAKE TWP,U.S. Senate,,LEILA HAZOU,GRN,6
Susquehanna,SILVER LAKE TWP,U.S. Senate,,MARTY SELKER,CST,2
Susquehanna,SILVER LAKE TWP,U.S. Senate,,Write-ins,,0
Susquehanna,SILVER LAKE TWP,ATTORNEY GENERAL,,EUGENE DEPASQUALE,DEM,323
Susquehanna,SILVER LAKE TWP,ATTORNEY GENERAL,,DAVE SUNDAY,REP,758
Susquehanna,SILVER LAKE TWP,ATTORNEY GENERAL,,ROBERT COWBURN,LIB,9
Susquehanna,SILVER LAKE TWP,ATTORNEY GENERAL,,RICHARD L WEISS,GRN,8
Susquehanna,SILVER LAKE TWP,ATTORNEY GENERAL,,JUSTIN L MAGILL,CST,7
Susquehanna,SILVER LAKE TWP,ATTORNEY GENERAL,,ERIC L SETTLE,FWD,2
Susquehanna,SILVER LAKE TWP,ATTORNEY GENERAL,,Write-ins,,0
Susquehanna,SPRINGVILLE TWP,Registered Voters,,,,1019
Susquehanna,SPRINGVILLE TWP,Ballots Cast,,,,852
Susquehanna,SPRINGVILLE TWP,President,,KAMALA D HARRIS,DEM,234
Susquehanna,SPRINGVILLE TWP,President,,DONALD J TRUMP,REP,601
Susquehanna,SPRINGVILLE TWP,President,,CHASE OLIVER,LIB,2
Susquehanna,SPRINGVILLE TWP,President,,JILL STEIN,GRN,5
Susquehanna,SPRINGVILLE TWP,President,,Write-ins,,4
Susquehanna,SPRINGVILLE TWP,U.S. Senate,,ROBERT P CASEY JR,DEM,240
Susquehanna,SPRINGVILLE TWP,U.S. Senate,,DAVE MCCORMICK,REP,577
Susquehanna,SPRINGVILLE TWP,U.S. Senate,,JOHN C THOMAS,LIB,8
Susquehanna,SPRINGVILLE TWP,U.S. Senate,,LEILA HAZOU,GRN,7
Susquehanna,SPRINGVILLE TWP,U.S. Senate,,MARTY SELKER,CST,5
Susquehanna,SPRINGVILLE TWP,U.S. Senate,,Write-ins,,0
Susquehanna,SPRINGVILLE TWP,ATTORNEY GENERAL,,EUGENE DEPASQUALE,DEM,214
Susquehanna,SPRINGVILLE TWP,ATTORNEY GENERAL,,DAVE SUNDAY,REP,585
Susquehanna,SPRINGVILLE TWP,ATTORNEY GENERAL,,ROBERT COWBURN,LIB,15
Susquehanna,SPRINGVILLE TWP,ATTORNEY GENERAL,,RICHARD L WEISS,GRN,12
Susquehanna,SPRINGVILLE TWP,ATTORNEY GENERAL,,JUSTIN L MAGILL,CST,6
Susquehanna,SPRINGVILLE TWP,ATTORNEY GENERAL,,ERIC L SETTLE,FWD,3
Susquehanna,SPRINGVILLE TWP,ATTORNEY GENERAL,,Write-ins,,0
Susquehanna,SUSQUEHANNA BORO,Registered Voters,,,,847
Susquehanna,SUSQUEHANNA BORO,Ballots Cast,,,,615
Susquehanna,SUSQUEHANNA BORO,President,,KAMALA D HARRIS,DEM,210
Susquehanna,SUSQUEHANNA BORO,President,,DONALD J TRUMP,REP,398
Susquehanna,SUSQUEHANNA BORO,President,,CHASE OLIVER,LIB,5
Susquehanna,SUSQUEHANNA BORO,President,,JILL STEIN,GRN,1
Susquehanna,SUSQUEHANNA BORO,President,,Write-ins,,0
Susquehanna,SUSQUEHANNA BORO,U.S. Senate,,ROBERT P CASEY JR,DEM,219
Susquehanna,SUSQUEHANNA BORO,U.S. Senate,,DAVE MCCORMICK,REP,368
Susquehanna,SUSQUEHANNA BORO,U.S. Senate,,JOHN C THOMAS,LIB,11
Susquehanna,SUSQUEHANNA BORO,U.S. Senate,,LEILA HAZOU,GRN,5
Susquehanna,SUSQUEHANNA BORO,U.S. Senate,,MARTY SELKER,CST,2
Susquehanna,SUSQUEHANNA BORO,U.S. Senate,,Write-ins,,0
Susquehanna,SUSQUEHANNA BORO,ATTORNEY GENERAL,,EUGENE DEPASQUALE,DEM,211
Susquehanna,SUSQUEHANNA BORO,ATTORNEY GENERAL,,DAVE SUNDAY,REP,364
Susquehanna,SUSQUEHANNA BORO,ATTORNEY GENERAL,,ROBERT COWBURN,LIB,14
Susquehanna,SUSQUEHANNA BORO,ATTORNEY GENERAL,,RICHARD L WEISS,GRN,4
Susquehanna,SUSQUEHANNA BORO,ATTORNEY GENERAL,,JUSTIN L MAGILL,CST,5
Susquehanna,SUSQUEHANNA BORO,ATTORNEY GENERAL,,ERIC L SETTLE,FWD,0
Susquehanna,SUSQUEHANNA BORO,ATTORNEY GENERAL,,Write-ins,,0
Susquehanna,THOMPSON BORO,Registered Voters,,,,164
Susquehanna,THOMPSON BORO,Ballots Cast,,,,129
Susquehanna,THOMPSON BORO,President,,KAMALA D HARRIS,DEM,38
Susquehanna,THOMPSON BORO,President,,DONALD J TRUMP,REP,89
Susquehanna,THOMPSON BORO,President,,CHASE OLIVER,LIB,1
Susquehanna,THOMPSON BORO,President,,JILL STEIN,GRN,1
Susquehanna,THOMPSON BORO,President,,Write-ins,,0
Susquehanna,THOMPSON BORO,U.S. Senate,,ROBERT P CASEY JR,DEM,34
Susquehanna,THOMPSON BORO,U.S. Senate,,DAVE MCCORMICK,REP,82
Susquehanna,THOMPSON BORO,U.S. Senate,,JOHN C THOMAS,LIB,4
Susquehanna,THOMPSON BORO,U.S. Senate,,LEILA HAZOU,GRN,3
Susquehanna,THOMPSON BORO,U.S. Senate,,MARTY SELKER,CST,0
Susquehanna,THOMPSON BORO,U.S. Senate,,Write-ins,,0
Susquehanna,THOMPSON BORO,ATTORNEY GENERAL,,EUGENE DEPASQUALE,DEM,36
Susquehanna,THOMPSON BORO,ATTORNEY GENERAL,,DAVE SUNDAY,REP,82
Susquehanna,THOMPSON BORO,ATTORNEY GENERAL,,ROBERT COWBURN,LIB,3
Susquehanna,THOMPSON BORO,ATTORNEY GENERAL,,RICHARD L WEISS,GRN,1
Susquehanna,THOMPSON BORO,ATTORNEY GENERAL,,JUSTIN L MAGILL,CST,0
Susquehanna,THOMPSON BORO,ATTORNEY GENERAL,,ERIC L SETTLE,FWD,0
Susquehanna,THOMPSON BORO,ATTORNEY GENERAL,,Write-ins,,0
Susquehanna,THOMPSON TWP,Registered Voters,,,,344
Susquehanna,THOMPSON TWP,Ballots Cast,,,,291
Susquehanna,THOMPSON TWP,President,,KAMALA D HARRIS,DEM,99
Susquehanna,THOMPSON TWP,President,,DONALD J TRUMP,REP,187
Susquehanna,THOMPSON TWP,President,,CHASE OLIVER,LIB,3
Susquehanna,THOMPSON TWP,President,,JILL STEIN,GRN,0
Susquehanna,THOMPSON TWP,President,,Write-ins,,0
Susquehanna,THOMPSON TWP,U.S. Senate,,ROBERT P CASEY JR,DEM,94
Susquehanna,THOMPSON TWP,U.S. Senate,,DAVE MCCORMICK,REP,189
Susquehanna,THOMPSON TWP,U.S. Senate,,JOHN C THOMAS,LIB,4
Susquehanna,THOMPSON TWP,U.S. Senate,,LEILA HAZOU,GRN,1
Susquehanna,THOMPSON TWP,U.S. Senate,,MARTY SELKER,CST,0
Susquehanna,THOMPSON TWP,U.S. Senate,,Write-ins,,0
Susquehanna,THOMPSON TWP,ATTORNEY GENERAL,,EUGENE DEPASQUALE,DEM,85
Susquehanna,THOMPSON TWP,ATTORNEY GENERAL,,DAVE SUNDAY,REP,193
Susquehanna,THOMPSON TWP,ATTORNEY GENERAL,,ROBERT COWBURN,LIB,4
Susquehanna,THOMPSON TWP,ATTORNEY GENERAL,,RICHARD L WEISS,GRN,1
Susquehanna,THOMPSON TWP,ATTORNEY GENERAL,,JUSTIN L MAGILL,CST,2
Susquehanna,THOMPSON TWP,ATTORNEY GENERAL,,ERIC L SETTLE,FWD,0
Susquehanna,THOMPSON TWP,ATTORNEY GENERAL,,Write-ins,,0
Susquehanna,UNION DALE BORO,Registered Voters,,,,169
Susquehanna,UNION DALE BORO,Ballots Cast,,,,139
Susquehanna,UNION DALE BORO,President,,KAMALA D HARRIS,DEM,30
Susquehanna,UNION DALE BORO,President,,DONALD J TRUMP,REP,107
Susquehanna,UNION DALE BORO,President,,CHASE OLIVER,LIB,1
Susquehanna,UNION DALE BORO,President,,JILL STEIN,GRN,0
Susquehanna,UNION DALE BORO,President,,Write-ins,,0
Susquehanna,UNION DALE BORO,U.S. Senate,,ROBERT P CASEY JR,DEM,33
Susquehanna,UNION DALE BORO,U.S. Senate,,DAVE MCCORMICK,REP,103
Susquehanna,UNION DALE BORO,U.S. Senate,,JOHN C THOMAS,LIB,2
Susquehanna,UNION DALE BORO,U.S. Senate,,LEILA HAZOU,GRN,1
Susquehanna,UNION DALE BORO,U.S. Senate,,MARTY SELKER,CST,0
Susquehanna,UNION DALE BORO,U.S. Senate,,Write-ins,,0
Susquehanna,UNION DALE BORO,ATTORNEY GENERAL,,EUGENE DEPASQUALE,DEM,30
Susquehanna,UNION DALE BORO,ATTORNEY GENERAL,,DAVE SUNDAY,REP,103
Susquehanna,UNION DALE BORO,ATTORNEY GENERAL,,ROBERT COWBURN,LIB,3
Susquehanna,UNION DALE BORO,ATTORNEY GENERAL,,RICHARD L WEISS,GRN,0
Susquehanna,UNION DALE BORO,ATTORNEY GENERAL,,JUSTIN L MAGILL,CST,1
Susquehanna,UNION DALE BORO,ATTORNEY GENERAL,,ERIC L SETTLE,FWD,0
Susquehanna,UNION DALE BORO,ATTORNEY GENERAL,,Write-ins,,0
Susquehanna,APOLACON TWP,AUDITOR GENERAL,,MALCOLM KENYATTA,DEM,62
Susquehanna,APOLACON TWP,AUDITOR GENERAL,,TIM DEFOOR,REP,214
Susquehanna,APOLACON TWP,AUDITOR GENERAL,,REECE SMITH,LIB,5
Susquehanna,APOLACON TWP,AUDITOR GENERAL,,ERIC K ANTON,ASP,0
Susquehanna,APOLACON TWP,AUDITOR GENERAL,,BOB GOODRICH,CST,6
Susquehanna,APOLACON TWP,AUDITOR GENERAL,,Write-in,,0
Susquehanna,APOLACON TWP,STATE TREASURER,,ERIN MCCLELLAND,DEM,58
Susquehanna,APOLACON TWP,STATE TREASURER,,STACY GARRITY,REP,218
Susquehanna,APOLACON TWP,STATE TREASURER,,NICKOLAS CIESIELSKI,LIB,4
Susquehanna,APOLACON TWP,STATE TREASURER,,TROY BOWMAN,CST,5
Susquehanna,APOLACON TWP,STATE TREASURER,,CHRIS FOSTER,FWD,1
Susquehanna,APOLACON TWP,STATE TREASURER,,Write-in,,0
Susquehanna,APOLACON TWP,U.S. House,9,AMANDA WALDMAN,DEM,70
Susquehanna,APOLACON TWP,U.S. House,9,DAN MEUSER,REP,221
Susquehanna,APOLACON TWP,U.S. House,9,Write-in,,0
Susquehanna,APOLACON TWP,General Assembly,111,JONATHAN FRITZ,REP,261
Susquehanna,APOLACON TWP,General Assembly,111,Write-in,,6
Susquehanna,ARARAT TWP,AUDITOR GENERAL,,MALCOLM KENYATTA,DEM,80
Susquehanna,ARARAT TWP,AUDITOR GENERAL,,TIM DEFOOR,REP,224
Susquehanna,ARARAT TWP,AUDITOR GENERAL,,REECE SMITH,LIB,2
Susquehanna,ARARAT TWP,AUDITOR GENERAL,,ERIC K ANTON,ASP,3
Susquehanna,ARARAT TWP,AUDITOR GENERAL,,BOB GOODRICH,CST,15
Susquehanna,ARARAT TWP,AUDITOR GENERAL,,Write-in,,0
Susquehanna,ARARAT TWP,STATE TREASURER,,ERIN MCCLELLAND,DEM,82
Susquehanna,ARARAT TWP,STATE TREASURER,,STACY GARRITY,REP,233
Susquehanna,ARARAT TWP,STATE TREASURER,,NICKOLAS CIESIELSKI,LIB,4
Susquehanna,ARARAT TWP,STATE TREASURER,,TROY BOWMAN,CST,4
Susquehanna,ARARAT TWP,STATE TREASURER,,CHRIS FOSTER,FWD,2
Susquehanna,ARARAT TWP,STATE TREASURER,,Write-in,,1
Susquehanna,ARARAT TWP,U.S. House,9,AMANDA WALDMAN,DEM,87
Susquehanna,ARARAT TWP,U.S. House,9,DAN MEUSER,REP,238
Susquehanna,ARARAT TWP,U.S. House,9,Write-in,,1
Susquehanna,ARARAT TWP,General Assembly,111,JONATHAN FRITZ,REP,284
Susquehanna,ARARAT TWP,General Assembly,111,Write-in,,10
Susquehanna,AUBURN TWP,AUDITOR GENERAL,,MALCOLM KENYATTA,DEM,175
Susquehanna,AUBURN TWP,AUDITOR GENERAL,,TIM DEFOOR,REP,746
Susquehanna,AUBURN TWP,AUDITOR GENERAL,,REECE SMITH,LIB,17
Susquehanna,AUBURN TWP,AUDITOR GENERAL,,ERIC K ANTON,ASP,3
Susquehanna,AUBURN TWP,AUDITOR GENERAL,,BOB GOODRICH,CST,5
Susquehanna,AUBURN TWP,AUDITOR GENERAL,,Write-in,,0
Susquehanna,AUBURN TWP,STATE TREASURER,,ERIN MCCLELLAND,DEM,162
Susquehanna,AUBURN TWP,STATE TREASURER,,STACY GARRITY,REP,774
Susquehanna,AUBURN TWP,STATE TREASURER,,NICKOLAS CIESIELSKI,LIB,14
Susquehanna,AUBURN TWP,STATE TREASURER,,TROY BOWMAN,CST,2
Susquehanna,AUBURN TWP,STATE TREASURER,,CHRIS FOSTER,FWD,1
Susquehanna,AUBURN TWP,STATE TREASURER,,Write-in,,0
Susquehanna,AUBURN TWP,U.S. House,9,AMANDA WALDMAN,DEM,182
Susquehanna,AUBURN TWP,U.S. House,9,DAN MEUSER,REP,772
Susquehanna,AUBURN TWP,U.S. House,9,Write-in,,0
Susquehanna,AUBURN TWP,General Assembly,111,JONATHAN FRITZ,REP,863
Susquehanna,AUBURN TWP,General Assembly,111,Write-in,,18
Susquehanna,BRIDGEWATER TWP,AUDITOR GENERAL,,MALCOLM KENYATTA,DEM,344
Susquehanna,BRIDGEWATER TWP,AUDITOR GENERAL,,TIM DEFOOR,REP,"1,074"
Susquehanna,BRIDGEWATER TWP,AUDITOR GENERAL,,REECE SMITH,LIB,30
Susquehanna,BRIDGEWATER TWP,AUDITOR GENERAL,,ERIC K ANTON,ASP,5
Susquehanna,BRIDGEWATER TWP,AUDITOR GENERAL,,BOB GOODRICH,CST,14
Susquehanna,BRIDGEWATER TWP,AUDITOR GENERAL,,Write-in,,2
Susquehanna,BRIDGEWATER TWP,STATE TREASURER,,ERIN MCCLELLAND,DEM,351
Susquehanna,BRIDGEWATER TWP,STATE TREASURER,,STACY GARRITY,REP,"1,094"
Susquehanna,BRIDGEWATER TWP,STATE TREASURER,,NICKOLAS CIESIELSKI,LIB,16
Susquehanna,BRIDGEWATER TWP,STATE TREASURER,,TROY BOWMAN,CST,8
Susquehanna,BRIDGEWATER TWP,STATE TREASURER,,CHRIS FOSTER,FWD,8
Susquehanna,BRIDGEWATER TWP,STATE TREASURER,,Write-in,,1
Susquehanna,BRIDGEWATER TWP,U.S. House,9,AMANDA WALDMAN,DEM,372
Susquehanna,BRIDGEWATER TWP,U.S. House,9,DAN MEUSER,REP,"1,107"
Susquehanna,BRIDGEWATER TWP,U.S. House,9,Write-in,,1
Susquehanna,BRIDGEWATER TWP,General Assembly,111,JONATHAN FRITZ,REP,"1,312"
Susquehanna,BRIDGEWATER TWP,General Assembly,111,Write-in,,32
Susquehanna,BROOKLYN TWP,AUDITOR GENERAL,,MALCOLM KENYATTA,DEM,89
Susquehanna,BROOKLYN TWP,AUDITOR GENERAL,,TIM DEFOOR,REP,389
Susquehanna,BROOKLYN TWP,AUDITOR GENERAL,,REECE SMITH,LIB,6
Susquehanna,BROOKLYN TWP,AUDITOR GENERAL,,ERIC K ANTON,ASP,1
Susquehanna,BROOKLYN TWP,AUDITOR GENERAL,,BOB GOODRICH,CST,2
Susquehanna,BROOKLYN TWP,AUDITOR GENERAL,,Write-in,,0
Susquehanna,BROOKLYN TWP,STATE TREASURER,,ERIN MCCLELLAND,DEM,84
Susquehanna,BROOKLYN TWP,STATE TREASURER,,STACY GARRITY,REP,395
Susquehanna,BROOKLYN TWP,STATE TREASURER,,NICKOLAS CIESIELSKI,LIB,6
Susquehanna,BROOKLYN TWP,STATE TREASURER,,TROY BOWMAN,CST,1
Susquehanna,BROOKLYN TWP,STATE TREASURER,,CHRIS FOSTER,FWD,4
Susquehanna,BROOKLYN TWP,STATE TREASURER,,Write-in,,0
Susquehanna,BROOKLYN TWP,U.S. House,9,AMANDA WALDMAN,DEM,99
Susquehanna,BROOKLYN TWP,U.S. House,9,DAN MEUSER,REP,394
Susquehanna,BROOKLYN TWP,U.S. House,9,Write-in,,0
Susquehanna,BROOKLYN TWP,General Assembly,111,JONATHAN FRITZ,REP,449
Susquehanna,BROOKLYN TWP,General Assembly,111,Write-in,,4
Susquehanna,CHOCONUT TWP,AUDITOR GENERAL,,MALCOLM KENYATTA,DEM,111
Susquehanna,CHOCONUT TWP,AUDITOR GENERAL,,TIM DEFOOR,REP,290
Susquehanna,CHOCONUT TWP,AUDITOR GENERAL,,REECE SMITH,LIB,6
Susquehanna,CHOCONUT TWP,AUDITOR GENERAL,,ERIC K ANTON,ASP,1
Susquehanna,CHOCONUT TWP,AUDITOR GENERAL,,BOB GOODRICH,CST,6
Susquehanna,CHOCONUT TWP,AUDITOR GENERAL,,Write-in,,1
Susquehanna,CHOCONUT TWP,STATE TREASURER,,ERIN MCCLELLAND,DEM,112
Susquehanna,CHOCONUT TWP,STATE TREASURER,,STACY GARRITY,REP,289
Susquehanna,CHOCONUT TWP,STATE TREASURER,,NICKOLAS CIESIELSKI,LIB,7
Susquehanna,CHOCONUT TWP,STATE TREASURER,,TROY BOWMAN,CST,5
Susquehanna,CHOCONUT TWP,STATE TREASURER,,CHRIS FOSTER,FWD,1
Susquehanna,CHOCONUT TWP,STATE TREASURER,,Write-in,,1
Susquehanna,CHOCONUT TWP,U.S. House,9,AMANDA WALDMAN,DEM,127
Susquehanna,CHOCONUT TWP,U.S. House,9,DAN MEUSER,REP,287
Susquehanna,CHOCONUT TWP,U.S. House,9,Write-in,,1
Susquehanna,CHOCONUT TWP,General Assembly,111,JONATHAN FRITZ,REP,354
Susquehanna,CHOCONUT TWP,General Assembly,111,Write-in,,12
Susquehanna,CLIFFORD TWP,AUDITOR GENERAL,,MALCOLM KENYATTA,DEM,371
Susquehanna,CLIFFORD TWP,AUDITOR GENERAL,,TIM DEFOOR,REP,909
Susquehanna,CLIFFORD TWP,AUDITOR GENERAL,,REECE SMITH,LIB,20
Susquehanna,CLIFFORD TWP,AUDITOR GENERAL,,ERIC K ANTON,ASP,2
Susquehanna,CLIFFORD TWP,AUDITOR GENERAL,,BOB GOODRICH,CST,19
Susquehanna,CLIFFORD TWP,AUDITOR GENERAL,,Write-in,,2
Susquehanna,CLIFFORD TWP,STATE TREASURER,,ERIN MCCLELLAND,DEM,364
Susquehanna,CLIFFORD TWP,STATE TREASURER,,STACY GARRITY,REP,931
Susquehanna,CLIFFORD TWP,STATE TREASURER,,NICKOLAS CIESIELSKI,LIB,14
Susquehanna,CLIFFORD TWP,STATE TREASURER,,TROY BOWMAN,CST,10
Susquehanna,CLIFFORD TWP,STATE TREASURER,,CHRIS FOSTER,FWD,6
Susquehanna,CLIFFORD TWP,STATE TREASURER,,Write-in,,2
Susquehanna,CLIFFORD TWP,U.S. House,9,AMANDA WALDMAN,DEM,388
Susquehanna,CLIFFORD TWP,U.S. House,9,DAN MEUSER,REP,939
Susquehanna,CLIFFORD TWP,U.S. House,9,Write-in,,2
Susquehanna,CLIFFORD TWP,General Assembly,111,JONATHAN FRITZ,REP,"1,149"
Susquehanna,CLIFFORD TWP,General Assembly,111,Write-in,,33
Susquehanna,DIMOCK TWP,AUDITOR GENERAL,,MALCOLM KENYATTA,DEM,135
Susquehanna,DIMOCK TWP,AUDITOR GENERAL,,TIM DEFOOR,REP,534
Susquehanna,DIMOCK TWP,AUDITOR GENERAL,,REECE SMITH,LIB,13
Susquehanna,DIMOCK TWP,AUDITOR GENERAL,,ERIC K ANTON,ASP,3
Susquehanna,DIMOCK TWP,AUDITOR GENERAL,,BOB GOODRICH,CST,9
Susquehanna,DIMOCK TWP,AUDITOR GENERAL,,Write-in,,0
Susquehanna,DIMOCK TWP,STATE TREASURER,,ERIN MCCLELLAND,DEM,133
Susquehanna,DIMOCK TWP,STATE TREASURER,,STACY GARRITY,REP,545
Susquehanna,DIMOCK TWP,STATE TREASURER,,NICKOLAS CIESIELSKI,LIB,14
Susquehanna,DIMOCK TWP,STATE TREASURER,,TROY BOWMAN,CST,4
Susquehanna,DIMOCK TWP,STATE TREASURER,,CHRIS FOSTER,FWD,1
Susquehanna,DIMOCK TWP,STATE TREASURER,,Write-in,,0
Susquehanna,DIMOCK TWP,U.S. House,9,AMANDA WALDMAN,DEM,146
Susquehanna,DIMOCK TWP,U.S. House,9,DAN MEUSER,REP,549
Susquehanna,DIMOCK TWP,U.S. House,9,Write-in,,3
Susquehanna,DIMOCK TWP,General Assembly,111,JONATHAN FRITZ,REP,624
Susquehanna,DIMOCK TWP,General Assembly,111,Write-in,,14
Susquehanna,FOREST CITY BORO,AUDITOR GENERAL,,MALCOLM KENYATTA,DEM,247
Susquehanna,FOREST CITY BORO,AUDITOR GENERAL,,TIM DEFOOR,REP,452
Susquehanna,FOREST CITY BORO,AUDITOR GENERAL,,REECE SMITH,LIB,14
Susquehanna,FOREST CITY BORO,AUDITOR GENERAL,,ERIC K ANTON,ASP,6
Susquehanna,FOREST CITY BORO,AUDITOR GENERAL,,BOB GOODRICH,CST,12
Susquehanna,FOREST CITY BORO,AUDITOR GENERAL,,Write-in,,0
Susquehanna,FOREST CITY BORO,STATE TREASURER,,ERIN MCCLELLAND,DEM,247
Susquehanna,FOREST CITY BORO,STATE TREASURER,,STACY GARRITY,REP,470
Susquehanna,FOREST CITY BORO,STATE TREASURER,,NICKOLAS CIESIELSKI,LIB,12
Susquehanna,FOREST CITY BORO,STATE TREASURER,,TROY BOWMAN,CST,7
Susquehanna,FOREST CITY BORO,STATE TREASURER,,CHRIS FOSTER,FWD,5
Susquehanna,FOREST CITY BORO,STATE TREASURER,,Write-in,,0
Susquehanna,FOREST CITY BORO,U.S. House,9,AMANDA WALDMAN,DEM,263
Susquehanna,FOREST CITY BORO,U.S. House,9,DAN MEUSER,REP,475
Susquehanna,FOREST CITY BORO,U.S. House,9,Write-in,,0
Susquehanna,FOREST CITY BORO,General Assembly,111,JONATHAN FRITZ,REP,615
Susquehanna,FOREST CITY BORO,General Assembly,111,Write-in,,27
Susquehanna,FOREST LAKE TWP,AUDITOR GENERAL,,MALCOLM KENYATTA,DEM,111
Susquehanna,FOREST LAKE TWP,AUDITOR GENERAL,,TIM DEFOOR,REP,507
Susquehanna,FOREST LAKE TWP,AUDITOR GENERAL,,REECE SMITH,LIB,8
Susquehanna,FOREST LAKE TWP,AUDITOR GENERAL,,ERIC K ANTON,ASP,1
Susquehanna,FOREST LAKE TWP,AUDITOR GENERAL,,BOB GOODRICH,CST,15
Susquehanna,FOREST LAKE TWP,AUDITOR GENERAL,,Write-in,,1
Susquehanna,FOREST LAKE TWP,STATE TREASURER,,ERIN MCCLELLAND,DEM,107
Susquehanna,FOREST LAKE TWP,STATE TREASURER,,STACY GARRITY,REP,524
Susquehanna,FOREST LAKE TWP,STATE TREASURER,,NICKOLAS CIESIELSKI,LIB,8
Susquehanna,FOREST LAKE TWP,STATE TREASURER,,TROY BOWMAN,CST,8
Susquehanna,FOREST LAKE TWP,STATE TREASURER,,CHRIS FOSTER,FWD,5
Susquehanna,FOREST LAKE TWP,STATE TREASURER,,Write-in,,1
Susquehanna,FOREST LAKE TWP,U.S. House,9,AMANDA WALDMAN,DEM,125
Susquehanna,FOREST LAKE TWP,U.S. House,9,DAN MEUSER,REP,531
Susquehanna,FOREST LAKE TWP,U.S. House,9,Write-in,,0
Susquehanna,FOREST LAKE TWP,General Assembly,111,JONATHAN FRITZ,REP,601
Susquehanna,FOREST LAKE TWP,General Assembly,111,Write-in,,9
Susquehanna,FRANKLIN TWP,AUDITOR GENERAL,,MALCOLM KENYATTA,DEM,108
Susquehanna,FRANKLIN TWP,AUDITOR GENERAL,,TIM DEFOOR,REP,380
Susquehanna,FRANKLIN TWP,AUDITOR GENERAL,,REECE SMITH,LIB,14
Susquehanna,FRANKLIN TWP,AUDITOR GENERAL,,ERIC K ANTON,ASP,1
Susquehanna,FRANKLIN TWP,AUDITOR GENERAL,,BOB GOODRICH,CST,9
Susquehanna,FRANKLIN TWP,AUDITOR GENERAL,,Write-in,,0
Susquehanna,FRANKLIN TWP,STATE TREASURER,,ERIN MCCLELLAND,DEM,100
Susquehanna,FRANKLIN TWP,STATE TREASURER,,STACY GARRITY,REP,396
Susquehanna,FRANKLIN TWP,STATE TREASURER,,NICKOLAS CIESIELSKI,LIB,12
Susquehanna,FRANKLIN TWP,STATE TREASURER,,TROY BOWMAN,CST,3
Susquehanna,FRANKLIN TWP,STATE TREASURER,,CHRIS FOSTER,FWD,4
Susquehanna,FRANKLIN TWP,STATE TREASURER,,Write-in,,0
Susquehanna,FRANKLIN TWP,U.S. House,9,AMANDA WALDMAN,DEM,114
Susquehanna,FRANKLIN TWP,U.S. House,9,DAN MEUSER,REP,399
Susquehanna,FRANKLIN TWP,U.S. House,9,Write-in,,1
Susquehanna,FRANKLIN TWP,General Assembly,111,JONATHAN FRITZ,REP,450
Susquehanna,FRANKLIN TWP,General Assembly,111,Write-in,,8
Susquehanna,FRIENDSVILLE BORO,AUDITOR GENERAL,,MALCOLM KENYATTA,DEM,6
Susquehanna,FRIENDSVILLE BORO,AUDITOR GENERAL,,TIM DEFOOR,REP,58
Susquehanna,FRIENDSVILLE BORO,AUDITOR GENERAL,,REECE SMITH,LIB,2
Susquehanna,FRIENDSVILLE BORO,AUDITOR GENERAL,,ERIC K ANTON,ASP,0
Susquehanna,FRIENDSVILLE BORO,AUDITOR GENERAL,,BOB GOODRICH,CST,0
Susquehanna,FRIENDSVILLE BORO,AUDITOR GENERAL,,Write-in,,0
Susquehanna,FRIENDSVILLE BORO,STATE TREASURER,,ERIN MCCLELLAND,DEM,7
Susquehanna,FRIENDSVILLE BORO,STATE TREASURER,,STACY GARRITY,REP,56
Susquehanna,FRIENDSVILLE BORO,STATE TREASURER,,NICKOLAS CIESIELSKI,LIB,3
Susquehanna,FRIENDSVILLE BORO,STATE TREASURER,,TROY BOWMAN,CST,1
Susquehanna,FRIENDSVILLE BORO,STATE TREASURER,,CHRIS FOSTER,FWD,0
Susquehanna,FRIENDSVILLE BORO,STATE TREASURER,,Write-in,,0
Susquehanna,FRIENDSVILLE BORO,U.S. House,9,AMANDA WALDMAN,DEM,7
Susquehanna,FRIENDSVILLE BORO,U.S. House,9,DAN MEUSER,REP,59
Susquehanna,FRIENDSVILLE BORO,U.S. House,9,Write-in,,0
Susquehanna,FRIENDSVILLE BORO,General Assembly,111,JONATHAN FRITZ,REP,64
Susquehanna,FRIENDSVILLE BORO,General Assembly,111,Write-in,,1
Susquehanna,GIBSON TWP,AUDITOR GENERAL,,MALCOLM KENYATTA,DEM,120
Susquehanna,GIBSON TWP,AUDITOR GENERAL,,TIM DEFOOR,REP,467
Susquehanna,GIBSON TWP,AUDITOR GENERAL,,REECE SMITH,LIB,16
Susquehanna,GIBSON TWP,AUDITOR GENERAL,,ERIC K ANTON,ASP,2
Susquehanna,GIBSON TWP,AUDITOR GENERAL,,BOB GOODRICH,CST,10
Susquehanna,GIBSON TWP,AUDITOR GENERAL,,Write-in,,0
Susquehanna,GIBSON TWP,STATE TREASURER,,ERIN MCCLELLAND,DEM,116
Susquehanna,GIBSON TWP,STATE TREASURER,,STACY GARRITY,REP,479
Susquehanna,GIBSON TWP,STATE TREASURER,,NICKOLAS CIESIELSKI,LIB,15
Susquehanna,GIBSON TWP,STATE TREASURER,,TROY BOWMAN,CST,4
Susquehanna,GIBSON TWP,STATE TREASURER,,CHRIS FOSTER,FWD,1
Susquehanna,GIBSON TWP,STATE TREASURER,,Write-in,,0
Susquehanna,GIBSON TWP,U.S. House,9,AMANDA WALDMAN,DEM,129
Susquehanna,GIBSON TWP,U.S. House,9,DAN MEUSER,REP,493
Susquehanna,GIBSON TWP,U.S. House,9,Write-in,,0
Susquehanna,GIBSON TWP,General Assembly,111,JONATHAN FRITZ,REP,550
Susquehanna,GIBSON TWP,General Assembly,111,Write-in,,12
Susquehanna,GREAT BEND BORO,AUDITOR GENERAL,,MALCOLM KENYATTA,DEM,104
Susquehanna,GREAT BEND BORO,AUDITOR GENERAL,,TIM DEFOOR,REP,181
Susquehanna,GREAT BEND BORO,AUDITOR GENERAL,,REECE SMITH,LIB,7
Susquehanna,GREAT BEND BORO,AUDITOR GENERAL,,ERIC K ANTON,ASP,1
Susquehanna,GREAT BEND BORO,AUDITOR GENERAL,,BOB GOODRICH,CST,6
Susquehanna,GREAT BEND BORO,AUDITOR GENERAL,,Write-in,,0
Susquehanna,GREAT BEND BORO,STATE TREASURER,,ERIN MCCLELLAND,DEM,102
Susquehanna,GREAT BEND BORO,STATE TREASURER,,STACY GARRITY,REP,184
Susquehanna,GREAT BEND BORO,STATE TREASURER,,NICKOLAS CIESIELSKI,LIB,9
Susquehanna,GREAT BEND BORO,STATE TREASURER,,TROY BOWMAN,CST,1
Susquehanna,GREAT BEND BORO,STATE TREASURER,,CHRIS FOSTER,FWD,0
Susquehanna,GREAT BEND BORO,STATE TREASURER,,Write-in,,0
Susquehanna,GREAT BEND BORO,U.S. House,9,AMANDA WALDMAN,DEM,113
Susquehanna,GREAT BEND BORO,U.S. House,9,DAN MEUSER,REP,192
Susquehanna,GREAT BEND BORO,U.S. House,9,Write-in,,2
Susquehanna,GREAT BEND BORO,General Assembly,111,JONATHAN FRITZ,REP,259
Susquehanna,GREAT BEND BORO,General Assembly,111,Write-in,,10
Susquehanna,GREAT BEND TWP,AUDITOR GENERAL,,MALCOLM KENYATTA,DEM,227
Susquehanna,GREAT BEND TWP,AUDITOR GENERAL,,TIM DEFOOR,REP,643
Susquehanna,GREAT BEND TWP,AUDITOR GENERAL,,REECE SMITH,LIB,25
Susquehanna,GREAT BEND TWP,AUDITOR GENERAL,,ERIC K ANTON,ASP,2
Susquehanna,GREAT BEND TWP,AUDITOR GENERAL,,BOB GOODRICH,CST,21
Susquehanna,GREAT BEND TWP,AUDITOR GENERAL,,Write-in,,1
Susquehanna,GREAT BEND TWP,STATE TREASURER,,ERIN MCCLELLAND,DEM,219
Susquehanna,GREAT BEND TWP,STATE TREASURER,,STACY GARRITY,REP,666
Susquehanna,GREAT BEND TWP,STATE TREASURER,,NICKOLAS CIESIELSKI,LIB,20
Susquehanna,GREAT BEND TWP,STATE TREASURER,,TROY BOWMAN,CST,4
Susquehanna,GREAT BEND TWP,STATE TREASURER,,CHRIS FOSTER,FWD,4
Susquehanna,GREAT BEND TWP,STATE TREASURER,,Write-in,,0
Susquehanna,GREAT BEND TWP,U.S. House,9,AMANDA WALDMAN,DEM,240
Susquehanna,GREAT BEND TWP,U.S. House,9,DAN MEUSER,REP,672
Susquehanna,GREAT BEND TWP,U.S. House,9,Write-in,,2
Susquehanna,GREAT BEND TWP,General Assembly,111,JONATHAN FRITZ,REP,818
Susquehanna,GREAT BEND TWP,General Assembly,111,Write-in,,23
Susquehanna,HALLSTEAD BORO,AUDITOR GENERAL,,MALCOLM KENYATTA,DEM,163
Susquehanna,HALLSTEAD BORO,AUDITOR GENERAL,,TIM DEFOOR,REP,323
Susquehanna,HALLSTEAD BORO,AUDITOR GENERAL,,REECE SMITH,LIB,19
Susquehanna,HALLSTEAD BORO,AUDITOR GENERAL,,ERIC K ANTON,ASP,4
Susquehanna,HALLSTEAD BORO,AUDITOR GENERAL,,BOB GOODRICH,CST,8
Susquehanna,HALLSTEAD BORO,AUDITOR GENERAL,,Write-in,,1
Susquehanna,HALLSTEAD BORO,STATE TREASURER,,ERIN MCCLELLAND,DEM,162
Susquehanna,HALLSTEAD BORO,STATE TREASURER,,STACY GARRITY,REP,340
Susquehanna,HALLSTEAD BORO,STATE TREASURER,,NICKOLAS CIESIELSKI,LIB,12
Susquehanna,HALLSTEAD BORO,STATE TREASURER,,TROY BOWMAN,CST,4
Susquehanna,HALLSTEAD BORO,STATE TREASURER,,CHRIS FOSTER,FWD,2
Susquehanna,HALLSTEAD BORO,STATE TREASURER,,Write-in,,0
Susquehanna,HALLSTEAD BORO,U.S. House,9,AMANDA WALDMAN,DEM,177
Susquehanna,HALLSTEAD BORO,U.S. House,9,DAN MEUSER,REP,342
Susquehanna,HALLSTEAD BORO,U.S. House,9,Write-in,,0
Susquehanna,HALLSTEAD BORO,General Assembly,111,JONATHAN FRITZ,REP,446
Susquehanna,HALLSTEAD BORO,General Assembly,111,Write-in,,17
Susquehanna,HARFORD TWP,AUDITOR GENERAL,,MALCOLM KENYATTA,DEM,161
Susquehanna,HARFORD TWP,AUDITOR GENERAL,,TIM DEFOOR,REP,574
Susquehanna,HARFORD TWP,AUDITOR GENERAL,,REECE SMITH,LIB,10
Susquehanna,HARFORD TWP,AUDITOR GENERAL,,ERIC K ANTON,ASP,1
Susquehanna,HARFORD TWP,AUDITOR GENERAL,,BOB GOODRICH,CST,12
Susquehanna,HARFORD TWP,AUDITOR GENERAL,,Write-in,,1
Susquehanna,HARFORD TWP,STATE TREASURER,,ERIN MCCLELLAND,DEM,149
Susquehanna,HARFORD TWP,STATE TREASURER,,STACY GARRITY,REP,601
Susquehanna,HARFORD TWP,STATE TREASURER,,NICKOLAS CIESIELSKI,LIB,6
Susquehanna,HARFORD TWP,STATE TREASURER,,TROY BOWMAN,CST,2
Susquehanna,HARFORD TWP,STATE TREASURER,,CHRIS FOSTER,FWD,3
Susquehanna,HARFORD TWP,STATE TREASURER,,Write-in,,1
Susquehanna,HARFORD TWP,U.S. House,9,AMANDA WALDMAN,DEM,170
Susquehanna,HARFORD TWP,U.S. House,9,DAN MEUSER,REP,596
Susquehanna,HARFORD TWP,U.S. House,9,Write-in,,0
Susquehanna,HARFORD TWP,General Assembly,111,JONATHAN FRITZ,REP,677
Susquehanna,HARFORD TWP,General Assembly,111,Write-in,,11
Susquehanna,HARMONY TWP,AUDITOR GENERAL,,MALCOLM KENYATTA,DEM,61
Susquehanna,HARMONY TWP,AUDITOR GENERAL,,TIM DEFOOR,REP,205
Susquehanna,HARMONY TWP,AUDITOR GENERAL,,REECE SMITH,LIB,2
Susquehanna,HARMONY TWP,AUDITOR GENERAL,,ERIC K ANTON,ASP,3
Susquehanna,HARMONY TWP,AUDITOR GENERAL,,BOB GOODRICH,CST,11
Susquehanna,HARMONY TWP,AUDITOR GENERAL,,Write-in,,1
Susquehanna,HARMONY TWP,STATE TREASURER,,ERIN MCCLELLAND,DEM,61
Susquehanna,HARMONY TWP,STATE TREASURER,,STACY GARRITY,REP,213
Susquehanna,HARMONY TWP,STATE TREASURER,,NICKOLAS CIESIELSKI,LIB,2
Susquehanna,HARMONY TWP,STATE TREASURER,,TROY BOWMAN,CST,3
Susquehanna,HARMONY TWP,STATE TREASURER,,CHRIS FOSTER,FWD,1
Susquehanna,HARMONY TWP,STATE TREASURER,,Write-in,,2
Susquehanna,HARMONY TWP,U.S. House,9,AMANDA WALDMAN,DEM,64
Susquehanna,HARMONY TWP,U.S. House,9,DAN MEUSER,REP,220
Susquehanna,HARMONY TWP,U.S. House,9,Write-in,,1
Susquehanna,HARMONY TWP,General Assembly,111,JONATHAN FRITZ,REP,250
Susquehanna,HARMONY TWP,General Assembly,111,Write-in,,9
Susquehanna,HERRICK TWP,AUDITOR GENERAL,,MALCOLM KENYATTA,DEM,190
Susquehanna,HERRICK TWP,AUDITOR GENERAL,,TIM DEFOOR,REP,319
Susquehanna,HERRICK TWP,AUDITOR GENERAL,,REECE SMITH,LIB,12
Susquehanna,HERRICK TWP,AUDITOR GENERAL,,ERIC K ANTON,ASP,2
Susquehanna,HERRICK TWP,AUDITOR GENERAL,,BOB GOODRICH,CST,5
Susquehanna,HERRICK TWP,AUDITOR GENERAL,,Write-in,,0
Susquehanna,HERRICK TWP,STATE TREASURER,,ERIN MCCLELLAND,DEM,184
Susquehanna,HERRICK TWP,STATE TREASURER,,STACY GARRITY,REP,324
Susquehanna,HERRICK TWP,STATE TREASURER,,NICKOLAS CIESIELSKI,LIB,16
Susquehanna,HERRICK TWP,STATE TREASURER,,TROY BOWMAN,CST,4
Susquehanna,HERRICK TWP,STATE TREASURER,,CHRIS FOSTER,FWD,2
Susquehanna,HERRICK TWP,STATE TREASURER,,Write-in,,0
Susquehanna,HERRICK TWP,U.S. House,9,AMANDA WALDMAN,DEM,194
Susquehanna,HERRICK TWP,U.S. House,9,DAN MEUSER,REP,330
Susquehanna,HERRICK TWP,U.S. House,9,Write-in,,2
Susquehanna,HERRICK TWP,General Assembly,111,JONATHAN FRITZ,REP,410
Susquehanna,HERRICK TWP,General Assembly,111,Write-in,,12
Susquehanna,HOP BOTTOM BORO,AUDITOR GENERAL,,MALCOLM KENYATTA,DEM,39
Susquehanna,HOP BOTTOM BORO,AUDITOR GENERAL,,TIM DEFOOR,REP,87
Susquehanna,HOP BOTTOM BORO,AUDITOR GENERAL,,REECE SMITH,LIB,9
Susquehanna,HOP BOTTOM BORO,AUDITOR GENERAL,,ERIC K ANTON,ASP,0
Susquehanna,HOP BOTTOM BORO,AUDITOR GENERAL,,BOB GOODRICH,CST,4
Susquehanna,HOP BOTTOM BORO,AUDITOR GENERAL,,Write-in,,0
Susquehanna,HOP BOTTOM BORO,STATE TREASURER,,ERIN MCCLELLAND,DEM,39
Susquehanna,HOP BOTTOM BORO,STATE TREASURER,,STACY GARRITY,REP,96
Susquehanna,HOP BOTTOM BORO,STATE TREASURER,,NICKOLAS CIESIELSKI,LIB,5
Susquehanna,HOP BOTTOM BORO,STATE TREASURER,,TROY BOWMAN,CST,3
Susquehanna,HOP BOTTOM BORO,STATE TREASURER,,CHRIS FOSTER,FWD,1
Susquehanna,HOP BOTTOM BORO,STATE TREASURER,,Write-in,,0
Susquehanna,HOP BOTTOM BORO,U.S. House,9,AMANDA WALDMAN,DEM,44
Susquehanna,HOP BOTTOM BORO,U.S. House,9,DAN MEUSER,REP,99
Susquehanna,HOP BOTTOM BORO,U.S. House,9,Write-in,,0
Susquehanna,HOP BOTTOM BORO,General Assembly,111,JONATHAN FRITZ,REP,127
Susquehanna,HOP BOTTOM BORO,General Assembly,111,Write-in,,1
Susquehanna,JACKSON TWP,AUDITOR GENERAL,,MALCOLM KENYATTA,DEM,95
Susquehanna,JACKSON TWP,AUDITOR GENERAL,,TIM DEFOOR,REP,419
Susquehanna,JACKSON TWP,AUDITOR GENERAL,,REECE SMITH,LIB,10
Susquehanna,JACKSON TWP,AUDITOR GENERAL,,ERIC K ANTON,ASP,1
Susquehanna,JACKSON TWP,AUDITOR GENERAL,,BOB GOODRICH,CST,4
Susquehanna,JACKSON TWP,AUDITOR GENERAL,,Write-in,,0
Susquehanna,JACKSON TWP,STATE TREASURER,,ERIN MCCLELLAND,DEM,95
Susquehanna,JACKSON TWP,STATE TREASURER,,STACY GARRITY,REP,425
Susquehanna,JACKSON TWP,STATE TREASURER,,NICKOLAS CIESIELSKI,LIB,5
Susquehanna,JACKSON TWP,STATE TREASURER,,TROY BOWMAN,CST,3
Susquehanna,JACKSON TWP,STATE TREASURER,,CHRIS FOSTER,FWD,1
Susquehanna,JACKSON TWP,STATE TREASURER,,Write-in,,0
Susquehanna,JACKSON TWP,U.S. House,9,AMANDA WALDMAN,DEM,99
Susquehanna,JACKSON TWP,U.S. House,9,DAN MEUSER,REP,433
Susquehanna,JACKSON TWP,U.S. House,9,Write-in,,0
Susquehanna,JACKSON TWP,General Assembly,111,JONATHAN FRITZ,REP,483
Susquehanna,JACKSON TWP,General Assembly,111,Write-in,,10
Susquehanna,JESSUP TWP,AUDITOR GENERAL,,MALCOLM KENYATTA,DEM,83
Susquehanna,JESSUP TWP,AUDITOR GENERAL,,TIM DEFOOR,REP,210
Susquehanna,JESSUP TWP,AUDITOR GENERAL,,REECE SMITH,LIB,4
Susquehanna,JESSUP TWP,AUDITOR GENERAL,,ERIC K ANTON,ASP,1
Susquehanna,JESSUP TWP,AUDITOR GENERAL,,BOB GOODRICH,CST,5
Susquehanna,JESSUP TWP,AUDITOR GENERAL,,Write-in,,0
Susquehanna,JESSUP TWP,STATE TREASURER,,ERIN MCCLELLAND,DEM,80
Susquehanna,JESSUP TWP,STATE TREASURER,,STACY GARRITY,REP,218
Susquehanna,JESSUP TWP,STATE TREASURER,,NICKOLAS CIESIELSKI,LIB,5
Susquehanna,JESSUP TWP,STATE TREASURER,,TROY BOWMAN,CST,2
Susquehanna,JESSUP TWP,STATE TREASURER,,CHRIS FOSTER,FWD,0
Susquehanna,JESSUP TWP,STATE TREASURER,,Write-in,,0
Susquehanna,JESSUP TWP,U.S. House,9,AMANDA WALDMAN,DEM,81
Susquehanna,JESSUP TWP,U.S. House,9,DAN MEUSER,REP,224
Susquehanna,JESSUP TWP,U.S. House,9,Write-in,,0
Susquehanna,JESSUP TWP,General Assembly,111,JONATHAN FRITZ,REP,266
Susquehanna,JESSUP TWP,General Assembly,111,Write-in,,10
Susquehanna,LANESBORO BORO,AUDITOR GENERAL,,MALCOLM KENYATTA,DEM,51
Susquehanna,LANESBORO BORO,AUDITOR GENERAL,,TIM DEFOOR,REP,153
Susquehanna,LANESBORO BORO,AUDITOR GENERAL,,REECE SMITH,LIB,7
Susquehanna,LANESBORO BORO,AUDITOR GENERAL,,ERIC K ANTON,ASP,0
Susquehanna,LANESBORO BORO,AUDITOR GENERAL,,BOB GOODRICH,CST,6
Susquehanna,LANESBORO BORO,AUDITOR GENERAL,,Write-in,,0
Susquehanna,LANESBORO BORO,STATE TREASURER,,ERIN MCCLELLAND,DEM,53
Susquehanna,LANESBORO BORO,STATE TREASURER,,STACY GARRITY,REP,152
Susquehanna,LANESBORO BORO,STATE TREASURER,,NICKOLAS CIESIELSKI,LIB,7
Susquehanna,LANESBORO BORO,STATE TREASURER,,TROY BOWMAN,CST,2
Susquehanna,LANESBORO BORO,STATE TREASURER,,CHRIS FOSTER,FWD,2
Susquehanna,LANESBORO BORO,STATE TREASURER,,Write-in,,1
Susquehanna,LANESBORO BORO,U.S. House,9,AMANDA WALDMAN,DEM,58
Susquehanna,LANESBORO BORO,U.S. House,9,DAN MEUSER,REP,159
Susquehanna,LANESBORO BORO,U.S. House,9,Write-in,,0
Susquehanna,LANESBORO BORO,General Assembly,111,JONATHAN FRITZ,REP,189
Susquehanna,LANESBORO BORO,General Assembly,111,Write-in,,9
Susquehanna,LATHROP TWP,AUDITOR GENERAL,,MALCOLM KENYATTA,DEM,105
Susquehanna,LATHROP TWP,AUDITOR GENERAL,,TIM DEFOOR,REP,321
Susquehanna,LATHROP TWP,AUDITOR GENERAL,,REECE SMITH,LIB,13
Susquehanna,LATHROP TWP,AUDITOR GENERAL,,ERIC K ANTON,ASP,4
Susquehanna,LATHROP TWP,AUDITOR GENERAL,,BOB GOODRICH,CST,5
Susquehanna,LATHROP TWP,AUDITOR GENERAL,,Write-in,,0
Susquehanna,LATHROP TWP,STATE TREASURER,,ERIN MCCLELLAND,DEM,102
Susquehanna,LATHROP TWP,STATE TREASURER,,STACY GARRITY,REP,329
Susquehanna,LATHROP TWP,STATE TREASURER,,NICKOLAS CIESIELSKI,LIB,14
Susquehanna,LATHROP TWP,STATE TREASURER,,TROY BOWMAN,CST,1
Susquehanna,LATHROP TWP,STATE TREASURER,,CHRIS FOSTER,FWD,1
Susquehanna,LATHROP TWP,STATE TREASURER,,Write-in,,0
Susquehanna,LATHROP TWP,U.S. House,9,AMANDA WALDMAN,DEM,116
Susquehanna,LATHROP TWP,U.S. House,9,DAN MEUSER,REP,332
Susquehanna,LATHROP TWP,U.S. House,9,Write-in,,1
Susquehanna,LATHROP TWP,General Assembly,111,JONATHAN FRITZ,REP,390
Susquehanna,LATHROP TWP,General Assembly,111,Write-in,,14
Susquehanna,LENO TWP,AUDITOR GENERAL,,MALCOLM KENYATTA,DEM,257
Susquehanna,LENO TWP,AUDITOR GENERAL,,TIM DEFOOR,REP,726
Susquehanna,LENO TWP,AUDITOR GENERAL,,REECE SMITH,LIB,21
Susquehanna,LENO TWP,AUDITOR GENERAL,,ERIC K ANTON,ASP,6
Susquehanna,LENO TWP,AUDITOR GENERAL,,BOB GOODRICH,CST,8
Susquehanna,LENO TWP,AUDITOR GENERAL,,Write-in,,1
Susquehanna,LENO TWP,STATE TREASURER,,ERIN MCCLELLAND,DEM,257
Susquehanna,LENO TWP,STATE TREASURER,,STACY GARRITY,REP,742
Susquehanna,LENO TWP,STATE TREASURER,,NICKOLAS CIESIELSKI,LIB,20
Susquehanna,LENO TWP,STATE TREASURER,,TROY BOWMAN,CST,5
Susquehanna,LENO TWP,STATE TREASURER,,CHRIS FOSTER,FWD,3
Susquehanna,LENO TWP,STATE TREASURER,,Write-in,,1
Susquehanna,LENO TWP,U.S. House,9,AMANDA WALDMAN,DEM,264
Susquehanna,LENO TWP,U.S. House,9,DAN MEUSER,REP,759
Susquehanna,LENO TWP,U.S. House,9,Write-in,,6
Susquehanna,LENO TWP,General Assembly,111,JONATHAN FRITZ,REP,889
Susquehanna,LENO TWP,General Assembly,111,Write-in,,25
Susquehanna,LIBERTY TWP,AUDITOR GENERAL,,MALCOLM KENYATTA,DEM,139
Susquehanna,LIBERTY TWP,AUDITOR GENERAL,,TIM DEFOOR,REP,443
Susquehanna,LIBERTY TWP,AUDITOR GENERAL,,REECE SMITH,LIB,19
Susquehanna,LIBERTY TWP,AUDITOR GENERAL,,ERIC K ANTON,ASP,2
Susquehanna,LIBERTY TWP,AUDITOR GENERAL,,BOB GOODRICH,CST,9
Susquehanna,LIBERTY TWP,AUDITOR GENERAL,,Write-in,,0
Susquehanna,LIBERTY TWP,STATE TREASURER,,ERIN MCCLELLAND,DEM,143
Susquehanna,LIBERTY TWP,STATE TREASURER,,STACY GARRITY,REP,447
Susquehanna,LIBERTY TWP,STATE TREASURER,,NICKOLAS CIESIELSKI,LIB,17
Susquehanna,LIBERTY TWP,STATE TREASURER,,TROY BOWMAN,CST,4
Susquehanna,LIBERTY TWP,STATE TREASURER,,CHRIS FOSTER,FWD,3
Susquehanna,LIBERTY TWP,STATE TREASURER,,Write-in,,0
Susquehanna,LIBERTY TWP,U.S. House,9,AMANDA WALDMAN,DEM,160
Susquehanna,LIBERTY TWP,U.S. House,9,DAN MEUSER,REP,460
Susquehanna,LIBERTY TWP,U.S. House,9,Write-in,,0
Susquehanna,LIBERTY TWP,General Assembly,111,JONATHAN FRITZ,REP,527
Susquehanna,LIBERTY TWP,General Assembly,111,Write-in,,19
Susquehanna,LITTLE MDWS BORO,AUDITOR GENERAL,,MALCOLM KENYATTA,DEM,25
Susquehanna,LITTLE MDWS BORO,AUDITOR GENERAL,,TIM DEFOOR,REP,120
Susquehanna,LITTLE MDWS BORO,AUDITOR GENERAL,,REECE SMITH,LIB,3
Susquehanna,LITTLE MDWS BORO,AUDITOR GENERAL,,ERIC K ANTON,ASP,0
Susquehanna,LITTLE MDWS BORO,AUDITOR GENERAL,,BOB GOODRICH,CST,2
Susquehanna,LITTLE MDWS BORO,AUDITOR GENERAL,,Write-in,,0
Susquehanna,LITTLE MDWS BORO,STATE TREASURER,,ERIN MCCLELLAND,DEM,27
Susquehanna,LITTLE MDWS BORO,STATE TREASURER,,STACY GARRITY,REP,120
Susquehanna,LITTLE MDWS BORO,STATE TREASURER,,NICKOLAS CIESIELSKI,LIB,4
Susquehanna,LITTLE MDWS BORO,STATE TREASURER,,TROY BOWMAN,CST,1
Susquehanna,LITTLE MDWS BORO,STATE TREASURER,,CHRIS FOSTER,FWD,0
Susquehanna,LITTLE MDWS BORO,STATE TREASURER,,Write-in,,0
Susquehanna,LITTLE MDWS BORO,U.S. House,9,AMANDA WALDMAN,DEM,25
Susquehanna,LITTLE MDWS BORO,U.S. House,9,DAN MEUSER,REP,128
Susquehanna,LITTLE MDWS BORO,U.S. House,9,Write-in,,0
Susquehanna,LITTLE MDWS BORO,General Assembly,111,JONATHAN FRITZ,REP,141
Susquehanna,LITTLE MDWS BORO,General Assembly,111,Write-in,,4
Susquehanna,MIDDLETOWN TWP,AUDITOR GENERAL,,MALCOLM KENYATTA,DEM,31
Susquehanna,MIDDLETOWN TWP,AUDITOR GENERAL,,TIM DEFOOR,REP,176
Susquehanna,MIDDLETOWN TWP,AUDITOR GENERAL,,REECE SMITH,LIB,5
Susquehanna,MIDDLETOWN TWP,AUDITOR GENERAL,,ERIC K ANTON,ASP,0
Susquehanna,MIDDLETOWN TWP,AUDITOR GENERAL,,BOB GOODRICH,CST,2
Susquehanna,MIDDLETOWN TWP,AUDITOR GENERAL,,Write-in,,0
Susquehanna,MIDDLETOWN TWP,STATE TREASURER,,ERIN MCCLELLAND,DEM,29
Susquehanna,MIDDLETOWN TWP,STATE TREASURER,,STACY GARRITY,REP,181
Susquehanna,MIDDLETOWN TWP,STATE TREASURER,,NICKOLAS CIESIELSKI,LIB,4
Susquehanna,MIDDLETOWN TWP,STATE TREASURER,,TROY BOWMAN,CST,2
Susquehanna,MIDDLETOWN TWP,STATE TREASURER,,CHRIS FOSTER,FWD,2
Susquehanna,MIDDLETOWN TWP,STATE TREASURER,,Write-in,,0
Susquehanna,MIDDLETOWN TWP,U.S. House,9,AMANDA WALDMAN,DEM,33
Susquehanna,MIDDLETOWN TWP,U.S. House,9,DAN MEUSER,REP,186
Susquehanna,MIDDLETOWN TWP,U.S. House,9,Write-in,,0
Susquehanna,MIDDLETOWN TWP,General Assembly,111,JONATHAN FRITZ,REP,195
Susquehanna,MIDDLETOWN TWP,General Assembly,111,Write-in,,2
Susquehanna,MONTROSE BORO-1W,AUDITOR GENERAL,,MALCOLM KENYATTA,DEM,173
Susquehanna,MONTROSE BORO-1W,AUDITOR GENERAL,,TIM DEFOOR,REP,285
Susquehanna,MONTROSE BORO-1W,AUDITOR GENERAL,,REECE SMITH,LIB,12
Susquehanna,MONTROSE BORO-1W,AUDITOR GENERAL,,ERIC K ANTON,ASP,1
Susquehanna,MONTROSE BORO-1W,AUDITOR GENERAL,,BOB GOODRICH,CST,6
Susquehanna,MONTROSE BORO-1W,AUDITOR GENERAL,,Write-in,,1
Susquehanna,MONTROSE BORO-1W,STATE TREASURER,,ERIN MCCLELLAND,DEM,173
Susquehanna,MONTROSE BORO-1W,STATE TREASURER,,STACY GARRITY,REP,289
Susquehanna,MONTROSE BORO-1W,STATE TREASURER,,NICKOLAS CIESIELSKI,LIB,11
Susquehanna,MONTROSE BORO-1W,STATE TREASURER,,TROY BOWMAN,CST,7
Susquehanna,MONTROSE BORO-1W,STATE TREASURER,,CHRIS FOSTER,FWD,2
Susquehanna,MONTROSE BORO-1W,STATE TREASURER,,Write-in,,1
Susquehanna,MONTROSE BORO-1W,U.S. House,9,AMANDA WALDMAN,DEM,197
Susquehanna,MONTROSE BORO-1W,U.S. House,9,DAN MEUSER,REP,309
Susquehanna,MONTROSE BORO-1W,U.S. House,9,Write-in,,1
Susquehanna,MONTROSE BORO-1W,General Assembly,111,JONATHAN FRITZ,REP,402
Susquehanna,MONTROSE BORO-1W,General Assembly,111,Write-in,,26
Susquehanna,MONTROSE BORO-2W,AUDITOR GENERAL,,MALCOLM KENYATTA,DEM,115
Susquehanna,MONTROSE BORO-2W,AUDITOR GENERAL,,TIM DEFOOR,REP,228
Susquehanna,MONTROSE BORO-2W,AUDITOR GENERAL,,REECE SMITH,LIB,6
Susquehanna,MONTROSE BORO-2W,AUDITOR GENERAL,,ERIC K ANTON,ASP,2
Susquehanna,MONTROSE BORO-2W,AUDITOR GENERAL,,BOB GOODRICH,CST,2
Susquehanna,MONTROSE BORO-2W,AUDITOR GENERAL,,Write-in,,0
Susquehanna,MONTROSE BORO-2W,STATE TREASURER,,ERIN MCCLELLAND,DEM,110
Susquehanna,MONTROSE BORO-2W,STATE TREASURER,,STACY GARRITY,REP,235
Susquehanna,MONTROSE BORO-2W,STATE TREASURER,,NICKOLAS CIESIELSKI,LIB,2
Susquehanna,MONTROSE BORO-2W,STATE TREASURER,,TROY BOWMAN,CST,5
Susquehanna,MONTROSE BORO-2W,STATE TREASURER,,CHRIS FOSTER,FWD,1
Susquehanna,MONTROSE BORO-2W,STATE TREASURER,,Write-in,,0
Susquehanna,MONTROSE BORO-2W,U.S. House,9,AMANDA WALDMAN,DEM,120
Susquehanna,MONTROSE BORO-2W,U.S. House,9,DAN MEUSER,REP,233
Susquehanna,MONTROSE BORO-2W,U.S. House,9,Write-in,,1
Susquehanna,MONTROSE BORO-2W,General Assembly,111,JONATHAN FRITZ,REP,281
Susquehanna,MONTROSE BORO-2W,General Assembly,111,Write-in,,16
Susquehanna,NEW MILFORD BORO,AUDITOR GENERAL,,MALCOLM KENYATTA,DEM,104
Susquehanna,NEW MILFORD BORO,AUDITOR GENERAL,,TIM DEFOOR,REP,268
Susquehanna,NEW MILFORD BORO,AUDITOR GENERAL,,REECE SMITH,LIB,7
Susquehanna,NEW MILFORD BORO,AUDITOR GENERAL,,ERIC K ANTON,ASP,1
Susquehanna,NEW MILFORD BORO,AUDITOR GENERAL,,BOB GOODRICH,CST,9
Susquehanna,NEW MILFORD BORO,AUDITOR GENERAL,,Write-in,,0
Susquehanna,NEW MILFORD BORO,STATE TREASURER,,ERIN MCCLELLAND,DEM,104
Susquehanna,NEW MILFORD BORO,STATE TREASURER,,STACY GARRITY,REP,278
Susquehanna,NEW MILFORD BORO,STATE TREASURER,,NICKOLAS CIESIELSKI,LIB,6
Susquehanna,NEW MILFORD BORO,STATE TREASURER,,TROY BOWMAN,CST,3
Susquehanna,NEW MILFORD BORO,STATE TREASURER,,CHRIS FOSTER,FWD,2
Susquehanna,NEW MILFORD BORO,STATE TREASURER,,Write-in,,0
Susquehanna,NEW MILFORD BORO,U.S. House,9,AMANDA WALDMAN,DEM,110
Susquehanna,NEW MILFORD BORO,U.S. House,9,DAN MEUSER,REP,280
Susquehanna,NEW MILFORD BORO,U.S. House,9,Write-in,,0
Susquehanna,NEW MILFORD BORO,General Assembly,111,JONATHAN FRITZ,REP,355
Susquehanna,NEW MILFORD BORO,General Assembly,111,Write-in,,9
Susquehanna,NEW MILFORD TWP,AUDITOR GENERAL,,MALCOLM KENYATTA,DEM,212
Susquehanna,NEW MILFORD TWP,AUDITOR GENERAL,,TIM DEFOOR,REP,826
Susquehanna,NEW MILFORD TWP,AUDITOR GENERAL,,REECE SMITH,LIB,21
Susquehanna,NEW MILFORD TWP,AUDITOR GENERAL,,ERIC K ANTON,ASP,8
Susquehanna,NEW MILFORD TWP,AUDITOR GENERAL,,BOB GOODRICH,CST,14
Susquehanna,NEW MILFORD TWP,AUDITOR GENERAL,,Write-in,,0
Susquehanna,NEW MILFORD TWP,STATE TREASURER,,ERIN MCCLELLAND,DEM,218
Susquehanna,NEW MILFORD TWP,STATE TREASURER,,STACY GARRITY,REP,844
Susquehanna,NEW MILFORD TWP,STATE TREASURER,,NICKOLAS CIESIELSKI,LIB,13
Susquehanna,NEW MILFORD TWP,STATE TREASURER,,TROY BOWMAN,CST,8
Susquehanna,NEW MILFORD TWP,STATE TREASURER,,CHRIS FOSTER,FWD,2
Susquehanna,NEW MILFORD TWP,STATE TREASURER,,Write-in,,0
Susquehanna,NEW MILFORD TWP,U.S. House,9,AMANDA WALDMAN,DEM,227
Susquehanna,NEW MILFORD TWP,U.S. House,9,DAN MEUSER,REP,858
Susquehanna,NEW MILFORD TWP,U.S. House,9,Write-in,,0
Susquehanna,NEW MILFORD TWP,General Assembly,111,JONATHAN FRITZ,REP,984
Susquehanna,NEW MILFORD TWP,General Assembly,111,Write-in,,26
Susquehanna,OAKLAND BORO,AUDITOR GENERAL,,MALCOLM KENYATTA,DEM,66
Susquehanna,OAKLAND BORO,AUDITOR GENERAL,,TIM DEFOOR,REP,176
Susquehanna,OAKLAND BORO,AUDITOR GENERAL,,REECE SMITH,LIB,7
Susquehanna,OAKLAND BORO,AUDITOR GENERAL,,ERIC K ANTON,ASP,0
Susquehanna,OAKLAND BORO,AUDITOR GENERAL,,BOB GOODRICH,CST,12
Susquehanna,OAKLAND BORO,AUDITOR GENERAL,,Write-in,,0
Susquehanna,OAKLAND BORO,STATE TREASURER,,ERIN MCCLELLAND,DEM,63
Susquehanna,OAKLAND BORO,STATE TREASURER,,STACY GARRITY,REP,186
Susquehanna,OAKLAND BORO,STATE TREASURER,,NICKOLAS CIESIELSKI,LIB,9
Susquehanna,OAKLAND BORO,STATE TREASURER,,TROY BOWMAN,CST,3
Susquehanna,OAKLAND BORO,STATE TREASURER,,CHRIS FOSTER,FWD,0
Susquehanna,OAKLAND BORO,STATE TREASURER,,Write-in,,0
Susquehanna,OAKLAND BORO,U.S. House,9,AMANDA WALDMAN,DEM,67
Susquehanna,OAKLAND BORO,U.S. House,9,DAN MEUSER,REP,194
Susquehanna,OAKLAND BORO,U.S. House,9,Write-in,,0
Susquehanna,OAKLAND BORO,General Assembly,111,JONATHAN FRITZ,REP,232
Susquehanna,OAKLAND BORO,General Assembly,111,Write-in,,8
Susquehanna,OAKLAND TWP,AUDITOR GENERAL,,MALCOLM KENYATTA,DEM,62
Susquehanna,OAKLAND TWP,AUDITOR GENERAL,,TIM DEFOOR,REP,149
Susquehanna,OAKLAND TWP,AUDITOR GENERAL,,REECE SMITH,LIB,6
Susquehanna,OAKLAND TWP,AUDITOR GENERAL,,ERIC K ANTON,ASP,0
Susquehanna,OAKLAND TWP,AUDITOR GENERAL,,BOB GOODRICH,CST,12
Susquehanna,OAKLAND TWP,AUDITOR GENERAL,,Write-in,,0
Susquehanna,OAKLAND TWP,STATE TREASURER,,ERIN MCCLELLAND,DEM,65
Susquehanna,OAKLAND TWP,STATE TREASURER,,STACY GARRITY,REP,154
Susquehanna,OAKLAND TWP,STATE TREASURER,,NICKOLAS CIESIELSKI,LIB,2
Susquehanna,OAKLAND TWP,STATE TREASURER,,TROY BOWMAN,CST,7
Susquehanna,OAKLAND TWP,STATE TREASURER,,CHRIS FOSTER,FWD,0
Susquehanna,OAKLAND TWP,STATE TREASURER,,Write-in,,0
Susquehanna,OAKLAND TWP,U.S. House,9,AMANDA WALDMAN,DEM,73
Susquehanna,OAKLAND TWP,U.S. House,9,DAN MEUSER,REP,152
Susquehanna,OAKLAND TWP,U.S. House,9,Write-in,,0
Susquehanna,OAKLAND TWP,General Assembly,111,JONATHAN FRITZ,REP,193
Susquehanna,OAKLAND TWP,General Assembly,111,Write-in,,5
Susquehanna,RUSH TWP,AUDITOR GENERAL,,MALCOLM KENYATTA,DEM,122
Susquehanna,RUSH TWP,AUDITOR GENERAL,,TIM DEFOOR,REP,463
Susquehanna,RUSH TWP,AUDITOR GENERAL,,REECE SMITH,LIB,9
Susquehanna,RUSH TWP,AUDITOR GENERAL,,ERIC K ANTON,ASP,1
Susquehanna,RUSH TWP,AUDITOR GENERAL,,BOB GOODRICH,CST,11
Susquehanna,RUSH TWP,AUDITOR GENERAL,,Write-in,,0
Susquehanna,RUSH TWP,STATE TREASURER,,ERIN MCCLELLAND,DEM,116
Susquehanna,RUSH TWP,STATE TREASURER,,STACY GARRITY,REP,476
Susquehanna,RUSH TWP,STATE TREASURER,,NICKOLAS CIESIELSKI,LIB,7
Susquehanna,RUSH TWP,STATE TREASURER,,TROY BOWMAN,CST,6
Susquehanna,RUSH TWP,STATE TREASURER,,CHRIS FOSTER,FWD,1
Susquehanna,RUSH TWP,STATE TREASURER,,Write-in,,0
Susquehanna,RUSH TWP,U.S. House,9,AMANDA WALDMAN,DEM,126
Susquehanna,RUSH TWP,U.S. House,9,DAN MEUSER,REP,482
Susquehanna,RUSH TWP,U.S. House,9,Write-in,,0
Susquehanna,RUSH TWP,General Assembly,111,JONATHAN FRITZ,REP,537
Susquehanna,RUSH TWP,General Assembly,111,Write-in,,17
Susquehanna,SILVER LAKE TWP,AUDITOR GENERAL,,MALCOLM KENYATTA,DEM,312
Susquehanna,SILVER LAKE TWP,AUDITOR GENERAL,,TIM DEFOOR,REP,762
Susquehanna,SILVER LAKE TWP,AUDITOR GENERAL,,REECE SMITH,LIB,18
Susquehanna,SILVER LAKE TWP,AUDITOR GENERAL,,ERIC K ANTON,ASP,1
Susquehanna,SILVER LAKE TWP,AUDITOR GENERAL,,BOB GOODRICH,CST,7
Susquehanna,SILVER LAKE TWP,AUDITOR GENERAL,,Write-in,,0
Susquehanna,SILVER LAKE TWP,STATE TREASURER,,ERIN MCCLELLAND,DEM,307
Susquehanna,SILVER LAKE TWP,STATE TREASURER,,STACY GARRITY,REP,779
Susquehanna,SILVER LAKE TWP,STATE TREASURER,,NICKOLAS CIESIELSKI,LIB,14
Susquehanna,SILVER LAKE TWP,STATE TREASURER,,TROY BOWMAN,CST,4
Susquehanna,SILVER LAKE TWP,STATE TREASURER,,CHRIS FOSTER,FWD,3
Susquehanna,SILVER LAKE TWP,STATE TREASURER,,Write-in,,1
Susquehanna,SILVER LAKE TWP,U.S. House,9,AMANDA WALDMAN,DEM,334
Susquehanna,SILVER LAKE TWP,U.S. House,9,DAN MEUSER,REP,779
Susquehanna,SILVER LAKE TWP,U.S. House,9,Write-in,,1
Susquehanna,SILVER LAKE TWP,General Assembly,111,JONATHAN FRITZ,REP,936
Susquehanna,SILVER LAKE TWP,General Assembly,111,Write-in,,37
Susquehanna,SPRINGVILLE TWP,AUDITOR GENERAL,,MALCOLM KENYATTA,DEM,209
Susquehanna,SPRINGVILLE TWP,AUDITOR GENERAL,,TIM DEFOOR,REP,583
Susquehanna,SPRINGVILLE TWP,AUDITOR GENERAL,,REECE SMITH,LIB,19
Susquehanna,SPRINGVILLE TWP,AUDITOR GENERAL,,ERIC K ANTON,ASP,5
Susquehanna,SPRINGVILLE TWP,AUDITOR GENERAL,,BOB GOODRICH,CST,11
Susquehanna,SPRINGVILLE TWP,AUDITOR GENERAL,,Write-in,,0
Susquehanna,SPRINGVILLE TWP,STATE TREASURER,,ERIN MCCLELLAND,DEM,202
Susquehanna,SPRINGVILLE TWP,STATE TREASURER,,STACY GARRITY,REP,606
Susquehanna,SPRINGVILLE TWP,STATE TREASURER,,NICKOLAS CIESIELSKI,LIB,14
Susquehanna,SPRINGVILLE TWP,STATE TREASURER,,TROY BOWMAN,CST,5
Susquehanna,SPRINGVILLE TWP,STATE TREASURER,,CHRIS FOSTER,FWD,5
Susquehanna,SPRINGVILLE TWP,STATE TREASURER,,Write-in,,1
Susquehanna,SPRINGVILLE TWP,U.S. House,9,AMANDA WALDMAN,DEM,213
Susquehanna,SPRINGVILLE TWP,U.S. House,9,DAN MEUSER,REP,611
Susquehanna,SPRINGVILLE TWP,U.S. House,9,Write-in,,0
Susquehanna,SPRINGVILLE TWP,General Assembly,111,JONATHAN FRITZ,REP,709
Susquehanna,SPRINGVILLE TWP,General Assembly,111,Write-in,,24
Susquehanna,SUSQUEHANNA BORO,AUDITOR GENERAL,,MALCOLM KENYATTA,DEM,201
Susquehanna,SUSQUEHANNA BORO,AUDITOR GENERAL,,TIM DEFOOR,REP,353
Susquehanna,SUSQUEHANNA BORO,AUDITOR GENERAL,,REECE SMITH,LIB,16
Susquehanna,SUSQUEHANNA BORO,AUDITOR GENERAL,,ERIC K ANTON,ASP,1
Susquehanna,SUSQUEHANNA BORO,AUDITOR GENERAL,,BOB GOODRICH,CST,30
Susquehanna,SUSQUEHANNA BORO,AUDITOR GENERAL,,Write-in,,0
Susquehanna,SUSQUEHANNA BORO,STATE TREASURER,,ERIN MCCLELLAND,DEM,197
Susquehanna,SUSQUEHANNA BORO,STATE TREASURER,,STACY GARRITY,REP,376
Susquehanna,SUSQUEHANNA BORO,STATE TREASURER,,NICKOLAS CIESIELSKI,LIB,17
Susquehanna,SUSQUEHANNA BORO,STATE TREASURER,,TROY BOWMAN,CST,9
Susquehanna,SUSQUEHANNA BORO,STATE TREASURER,,CHRIS FOSTER,FWD,2
Susquehanna,SUSQUEHANNA BORO,STATE TREASURER,,Write-in,,0
Susquehanna,SUSQUEHANNA BORO,U.S. House,9,AMANDA WALDMAN,DEM,215
Susquehanna,SUSQUEHANNA BORO,U.S. House,9,DAN MEUSER,REP,383
Susquehanna,SUSQUEHANNA BORO,U.S. House,9,Write-in,,0
Susquehanna,SUSQUEHANNA BORO,General Assembly,111,JONATHAN FRITZ,REP,501
Susquehanna,SUSQUEHANNA BORO,General Assembly,111,Write-in,,19
Susquehanna,THOMPSON BORO,AUDITOR GENERAL,,MALCOLM KENYATTA,DEM,30
Susquehanna,THOMPSON BORO,AUDITOR GENERAL,,TIM DEFOOR,REP,84
Susquehanna,THOMPSON BORO,AUDITOR GENERAL,,REECE SMITH,LIB,6
Susquehanna,THOMPSON BORO,AUDITOR GENERAL,,ERIC K ANTON,ASP,0
Susquehanna,THOMPSON BORO,AUDITOR GENERAL,,BOB GOODRICH,CST,3
Susquehanna,THOMPSON BORO,AUDITOR GENERAL,,Write-in,,1
Susquehanna,THOMPSON BORO,STATE TREASURER,,ERIN MCCLELLAND,DEM,32
Susquehanna,THOMPSON BORO,STATE TREASURER,,STACY GARRITY,REP,89
Susquehanna,THOMPSON BORO,STATE TREASURER,,NICKOLAS CIESIELSKI,LIB,1
Susquehanna,THOMPSON BORO,STATE TREASURER,,TROY BOWMAN,CST,2
Susquehanna,THOMPSON BORO,STATE TREASURER,,CHRIS FOSTER,FWD,0
Susquehanna,THOMPSON BORO,STATE TREASURER,,Write-in,,1
Susquehanna,THOMPSON BORO,U.S. House,9,AMANDA WALDMAN,DEM,36
Susquehanna,THOMPSON BORO,U.S. House,9,DAN MEUSER,REP,84
Susquehanna,THOMPSON BORO,U.S. House,9,Write-in,,2
Susquehanna,THOMPSON BORO,General Assembly,111,JONATHAN FRITZ,REP,109
Susquehanna,THOMPSON BORO,General Assembly,111,Write-in,,4
Susquehanna,THOMPSON TWP,AUDITOR GENERAL,,MALCOLM KENYATTA,DEM,86
Susquehanna,THOMPSON TWP,AUDITOR GENERAL,,TIM DEFOOR,REP,188
Susquehanna,THOMPSON TWP,AUDITOR GENERAL,,REECE SMITH,LIB,6
Susquehanna,THOMPSON TWP,AUDITOR GENERAL,,ERIC K ANTON,ASP,0
Susquehanna,THOMPSON TWP,AUDITOR GENERAL,,BOB GOODRICH,CST,6
Susquehanna,THOMPSON TWP,AUDITOR GENERAL,,Write-in,,0
Susquehanna,THOMPSON TWP,STATE TREASURER,,ERIN MCCLELLAND,DEM,89
Susquehanna,THOMPSON TWP,STATE TREASURER,,STACY GARRITY,REP,188
Susquehanna,THOMPSON TWP,STATE TREASURER,,NICKOLAS CIESIELSKI,LIB,5
Susquehanna,THOMPSON TWP,STATE TREASURER,,TROY BOWMAN,CST,2
Susquehanna,THOMPSON TWP,STATE TREASURER,,CHRIS FOSTER,FWD,0
Susquehanna,THOMPSON TWP,STATE TREASURER,,Write-in,,0
Susquehanna,THOMPSON TWP,U.S. House,9,AMANDA WALDMAN,DEM,87
Susquehanna,THOMPSON TWP,U.S. House,9,DAN MEUSER,REP,194
Susquehanna,THOMPSON TWP,U.S. House,9,Write-in,,0
Susquehanna,THOMPSON TWP,General Assembly,111,JONATHAN FRITZ,REP,235
Susquehanna,THOMPSON TWP,General Assembly,111,Write-in,,2
Susquehanna,UNION DALE BORO,AUDITOR GENERAL,,MALCOLM KENYATTA,DEM,28
Susquehanna,UNION DALE BORO,AUDITOR GENERAL,,TIM DEFOOR,REP,102
Susquehanna,UNION DALE BORO,AUDITOR GENERAL,,REECE SMITH,LIB,5
Susquehanna,UNION DALE BORO,AUDITOR GENERAL,,ERIC K ANTON,ASP,0
Susquehanna,UNION DALE BORO,AUDITOR GENERAL,,BOB GOODRICH,CST,2
Susquehanna,UNION DALE BORO,AUDITOR GENERAL,,Write-in,,0
Susquehanna,UNION DALE BORO,STATE TREASURER,,ERIN MCCLELLAND,DEM,26
Susquehanna,UNION DALE BORO,STATE TREASURER,,STACY GARRITY,REP,108
Susquehanna,UNION DALE BORO,STATE TREASURER,,NICKOLAS CIESIELSKI,LIB,5
Susquehanna,UNION DALE BORO,STATE TREASURER,,TROY BOWMAN,CST,0
Susquehanna,UNION DALE BORO,STATE TREASURER,,CHRIS FOSTER,FWD,0
Susquehanna,UNION DALE BORO,STATE TREASURER,,Write-in,,0
Susquehanna,UNION DALE BORO,U.S. House,9,AMANDA WALDMAN,DEM,31
Susquehanna,UNION DALE BORO,U.S. House,9,DAN MEUSER,REP,107
Susquehanna,UNION DALE BORO,U.S. House,9,Write-in,,0
Susquehanna,UNION DALE BORO,General Assembly,111,JONATHAN FRITZ,REP,121
Susquehanna,UNION DALE BORO,General Assembly,111,Write-in,,4