county,precinct,office,district,party,candidate,total,election day,mail votes,provisional votes
Juniata,BEALE,President,,DEM,JOSEPH R. BIDEN,57,37,19,1
Juniata,BEALE,President,,REP,DONALD J. TRUMP,328,293,33,2
Juniata,BEALE,President,,LIB,JO JORGENSEN,10,9,1,0
Juniata,BEALE,President,,Write In,Write-In Totals,3,2,1,0
Juniata,BEALE,ATTORNEY GENERAL,,DEM,JOSH SHAPIRO,75,53,21,1
Juniata,BEALE,ATTORNEY GENERAL,,REP,HEATHER HEIDELBAUGH,301,270,29,2
Juniata,BEALE,ATTORNEY GENERAL,,LIB,DANIEL WASSMER,8,6,2,0
Juniata,BEALE,ATTORNEY GENERAL,,Write In,Write-In Totals,0,0,0,0
Juniata,BEALE,AUDITOR GENERAL,,DEM,NINA AHMAD,60,36,23,1
Juniata,BEALE,AUDITOR GENERAL,,REP,TIMOTHY DEFOOR,306,279,26,1
Juniata,BEALE,AUDITOR GENERAL,,LIB,JENNIFER MOORE,14,13,1,0
Juniata,BEALE,AUDITOR GENERAL,,Write In,Write-In Totals,0,0,0,0
Juniata,BEALE,STATE TREASURER,,DEM,JOE TORSELLA,61,39,22,0
Juniata,BEALE,STATE TREASURER,,REP,STACY L. GARRITY,310,280,29,1
Juniata,BEALE,STATE TREASURER,,LIB,JOE SOLOSKI,8,8,0,0
Juniata,BEALE,STATE TREASURER,,Write In,Write-In Totals,0,0,0,0
Juniata,BEALE,U.S. House,15TH,DEM,LEE GRIFFIN,61,41,19,1
Juniata,BEALE,U.S. House,15TH,REP,FRED KELLER,326,290,34,2
Juniata,BEALE,U.S. House,15TH,Write In,Write-In Totals,0,0,0,0
Juniata,BEALE,State House,82ND,REP,JOHN HERSHEY,364,317,45,2
Juniata,BEALE,State House,82ND,Write In,Write-In Totals,5,4,1,0
Juniata,DELAWARE,President,,DEM,JOSEPH R. BIDEN,152,66,85,1
Juniata,DELAWARE,President,,REP,DONALD J. TRUMP,672,581,84,7
Juniata,DELAWARE,President,,LIB,JO JORGENSEN,11,6,5,0
Juniata,DELAWARE,President,,Write In,Write-In Totals,2,0,2,0
Juniata,DELAWARE,ATTORNEY GENERAL,,DEM,JOSH SHAPIRO,156,77,77,2
Juniata,DELAWARE,ATTORNEY GENERAL,,REP,HEATHER HEIDELBAUGH,642,551,85,6
Juniata,DELAWARE,ATTORNEY GENERAL,,LIB,DANIEL WASSMER,12,7,5,0
Juniata,DELAWARE,ATTORNEY GENERAL,,Write In,Write-In Totals,0,0,0,0
Juniata,DELAWARE,AUDITOR GENERAL,,DEM,NINA AHMAD,130,58,70,2
Juniata,DELAWARE,AUDITOR GENERAL,,REP,TIMOTHY DEFOOR,653,558,89,6
Juniata,DELAWARE,AUDITOR GENERAL,,LIB,JENNIFER MOORE,17,13,4,0
Juniata,DELAWARE,AUDITOR GENERAL,,Write In,Write-In Totals,0,0,0,0
Juniata,DELAWARE,STATE TREASURER,,DEM,JOE TORSELLA,144,73,69,2
Juniata,DELAWARE,STATE TREASURER,,REP,STACY L. GARRITY,647,549,92,6
Juniata,DELAWARE,STATE TREASURER,,LIB,JOE SOLOSKI,15,11,4,0
Juniata,DELAWARE,STATE TREASURER,,Write In,Write-In Totals,0,0,0,0
Juniata,DELAWARE,U.S. House,15TH,DEM,LEE GRIFFIN,138,66,70,2
Juniata,DELAWARE,U.S. House,15TH,REP,FRED KELLER,683,577,100,6
Juniata,DELAWARE,U.S. House,15TH,Write In,Write-In Totals,1,0,1,0
Juniata,DELAWARE,State House,82ND,REP,JOHN HERSHEY,754,614,134,6
Juniata,DELAWARE,State House,82ND,Write In,Write-In Totals,20,13,7,0
Juniata,FAYETTE,President,,DEM,JOSEPH R. BIDEN,268,134,131,3
Juniata,FAYETTE,President,,REP,DONALD J. TRUMP,"1,488","1,274",206,8
Juniata,FAYETTE,President,,LIB,JO JORGENSEN,22,20,2,0
Juniata,FAYETTE,President,,Write In,Write-In Totals,7,6,1,0
Juniata,FAYETTE,ATTORNEY GENERAL,,DEM,JOSH SHAPIRO,315,177,136,2
Juniata,FAYETTE,ATTORNEY GENERAL,,REP,HEATHER HEIDELBAUGH,"1,396","1,193",194,9
Juniata,FAYETTE,ATTORNEY GENERAL,,LIB,DANIEL WASSMER,32,30,2,0
Juniata,FAYETTE,ATTORNEY GENERAL,,Write In,Write-In Totals,0,0,0,0
Juniata,FAYETTE,AUDITOR GENERAL,,DEM,NINA AHMAD,238,118,118,2
Juniata,FAYETTE,AUDITOR GENERAL,,REP,TIMOTHY DEFOOR,"1,448","1,234",205,9
Juniata,FAYETTE,AUDITOR GENERAL,,LIB,JENNIFER MOORE,55,47,8,0
Juniata,FAYETTE,AUDITOR GENERAL,,Write In,Write-In Totals,0,0,0,0
Juniata,FAYETTE,STATE TREASURER,,DEM,JOE TORSELLA,257,139,116,2
Juniata,FAYETTE,STATE TREASURER,,REP,STACY L. GARRITY,"1,448","1,233",207,8
Juniata,FAYETTE,STATE TREASURER,,LIB,JOE SOLOSKI,33,28,5,0
Juniata,FAYETTE,STATE TREASURER,,Write In,Write-In Totals,0,0,0,0
Juniata,FAYETTE,U.S. House,15TH,DEM,LEE GRIFFIN,243,124,117,2
Juniata,FAYETTE,U.S. House,15TH,REP,FRED KELLER,"1,525","1,296",220,9
Juniata,FAYETTE,U.S. House,15TH,Write In,Write-In Totals,2,2,0,0
Juniata,FAYETTE,State House,82ND,REP,JOHN HERSHEY,"1,661","1,377",274,10
Juniata,FAYETTE,State House,82ND,Write In,Write-In Totals,27,14,13,0
Juniata,FERMANAGH,President,,DEM,JOSEPH R. BIDEN,340,138,200,2
Juniata,FERMANAGH,President,,REP,DONALD J. TRUMP,"1,181",971,200,10
Juniata,FERMANAGH,President,,LIB,JO JORGENSEN,15,8,6,1
Juniata,FERMANAGH,President,,Write In,Write-In Totals,4,3,1,0
Juniata,FERMANAGH,ATTORNEY GENERAL,,DEM,JOSH SHAPIRO,393,181,209,3
Juniata,FERMANAGH,ATTORNEY GENERAL,,REP,HEATHER HEIDELBAUGH,"1,091",897,186,8
Juniata,FERMANAGH,ATTORNEY GENERAL,,LIB,DANIEL WASSMER,24,19,5,0
Juniata,FERMANAGH,ATTORNEY GENERAL,,Write In,Write-In Totals,2,1,1,0
Juniata,FERMANAGH,AUDITOR GENERAL,,DEM,NINA AHMAD,304,127,175,2
Juniata,FERMANAGH,AUDITOR GENERAL,,REP,TIMOTHY DEFOOR,"1,147",928,211,8
Juniata,FERMANAGH,AUDITOR GENERAL,,LIB,JENNIFER MOORE,38,30,8,0
Juniata,FERMANAGH,AUDITOR GENERAL,,Write In,Write-In Totals,3,1,2,0
Juniata,FERMANAGH,STATE TREASURER,,DEM,JOE TORSELLA,336,146,188,2
Juniata,FERMANAGH,STATE TREASURER,,REP,STACY L. GARRITY,"1,121",914,199,8
Juniata,FERMANAGH,STATE TREASURER,,LIB,JOE SOLOSKI,29,22,6,1
Juniata,FERMANAGH,STATE TREASURER,,Write In,Write-In Totals,3,1,2,0
Juniata,FERMANAGH,U.S. House,15TH,DEM,LEE GRIFFIN,308,124,182,2
Juniata,FERMANAGH,U.S. House,15TH,REP,FRED KELLER,"1,199",975,215,9
Juniata,FERMANAGH,U.S. House,15TH,Write In,Write-In Totals,4,1,3,0
Juniata,FERMANAGH,State House,82ND,REP,JOHN HERSHEY,"1,353","1,031",310,12
Juniata,FERMANAGH,State House,82ND,Write In,Write-In Totals,52,19,33,0
Juniata,GREENWOOD,President,,DEM,JOSEPH R. BIDEN,50,31,18,1
Juniata,GREENWOOD,President,,REP,DONALD J. TRUMP,266,230,33,3
Juniata,GREENWOOD,President,,LIB,JO JORGENSEN,2,2,0,0
Juniata,GREENWOOD,President,,Write In,Write-In Totals,1,0,1,0
Juniata,GREENWOOD,ATTORNEY GENERAL,,DEM,JOSH SHAPIRO,56,37,18,1
Juniata,GREENWOOD,ATTORNEY GENERAL,,REP,HEATHER HEIDELBAUGH,258,224,31,3
Juniata,GREENWOOD,ATTORNEY GENERAL,,LIB,DANIEL WASSMER,3,1,2,0
Juniata,GREENWOOD,ATTORNEY GENERAL,,Write In,Write-In Totals,0,0,0,0
Juniata,GREENWOOD,AUDITOR GENERAL,,DEM,NINA AHMAD,47,31,15,1
Juniata,GREENWOOD,AUDITOR GENERAL,,REP,TIMOTHY DEFOOR,257,223,31,3
Juniata,GREENWOOD,AUDITOR GENERAL,,LIB,JENNIFER MOORE,9,7,2,0
Juniata,GREENWOOD,AUDITOR GENERAL,,Write In,Write-In Totals,1,0,1,0
Juniata,GREENWOOD,STATE TREASURER,,DEM,JOE TORSELLA,53,35,17,1
Juniata,GREENWOOD,STATE TREASURER,,REP,STACY L. GARRITY,258,226,29,3
Juniata,GREENWOOD,STATE TREASURER,,LIB,JOE SOLOSKI,3,1,2,0
Juniata,GREENWOOD,STATE TREASURER,,Write In,Write-In Totals,0,0,0,0
Juniata,GREENWOOD,U.S. House,15TH,DEM,LEE GRIFFIN,48,30,17,1
Juniata,GREENWOOD,U.S. House,15TH,REP,FRED KELLER,269,232,34,3
Juniata,GREENWOOD,U.S. House,15TH,Write In,Write-In Totals,0,0,0,0
Juniata,GREENWOOD,State House,82ND,REP,JOHN HERSHEY,279,238,38,3
Juniata,GREENWOOD,State House,82ND,Write In,Write-In Totals,10,4,6,0
Juniata,LACK,President,,DEM,JOSEPH R. BIDEN,51,24,27,0
Juniata,LACK,President,,REP,DONALD J. TRUMP,261,227,30,4
Juniata,LACK,President,,LIB,JO JORGENSEN,4,3,1,0
Juniata,LACK,President,,Write In,Write-In Totals,1,1,0,0
Juniata,LACK,ATTORNEY GENERAL,,DEM,JOSH SHAPIRO,65,38,27,0
Juniata,LACK,ATTORNEY GENERAL,,REP,HEATHER HEIDELBAUGH,231,202,25,4
Juniata,LACK,ATTORNEY GENERAL,,LIB,DANIEL WASSMER,7,4,3,0
Juniata,LACK,ATTORNEY GENERAL,,Write In,Write-In Totals,0,0,0,0
Juniata,LACK,AUDITOR GENERAL,,DEM,NINA AHMAD,45,22,23,0
Juniata,LACK,AUDITOR GENERAL,,REP,TIMOTHY DEFOOR,246,214,28,4
Juniata,LACK,AUDITOR GENERAL,,LIB,JENNIFER MOORE,8,5,3,0
Juniata,LACK,AUDITOR GENERAL,,Write In,Write-In Totals,0,0,0,0
Juniata,LACK,STATE TREASURER,,DEM,JOE TORSELLA,51,30,21,0
Juniata,LACK,STATE TREASURER,,REP,STACY L. GARRITY,246,210,32,4
Juniata,LACK,STATE TREASURER,,LIB,JOE SOLOSKI,5,4,1,0
Juniata,LACK,STATE TREASURER,,Write In,Write-In Totals,0,0,0,0
Juniata,LACK,U.S. House,15TH,DEM,LEE GRIFFIN,48,27,21,0
Juniata,LACK,U.S. House,15TH,REP,FRED KELLER,260,221,35,4
Juniata,LACK,U.S. House,15TH,Write In,Write-In Totals,0,0,0,0
Juniata,LACK,State House,82ND,REP,JOHN HERSHEY,288,232,52,4
Juniata,LACK,State House,82ND,Write In,Write-In Totals,3,3,0,0
Juniata,MIFFLIN,President,,DEM,JOSEPH R. BIDEN,42,23,19,0
Juniata,MIFFLIN,President,,REP,DONALD J. TRUMP,143,131,11,1
Juniata,MIFFLIN,President,,LIB,JO JORGENSEN,1,1,0,0
Juniata,MIFFLIN,President,,Write In,Write-In Totals,0,0,0,0
Juniata,MIFFLIN,ATTORNEY GENERAL,,DEM,JOSH SHAPIRO,50,32,18,0
Juniata,MIFFLIN,ATTORNEY GENERAL,,REP,HEATHER HEIDELBAUGH,132,120,11,1
Juniata,MIFFLIN,ATTORNEY GENERAL,,LIB,DANIEL WASSMER,1,1,0,0
Juniata,MIFFLIN,ATTORNEY GENERAL,,Write In,Write-In Totals,0,0,0,0
Juniata,MIFFLIN,AUDITOR GENERAL,,DEM,NINA AHMAD,40,24,16,0
Juniata,MIFFLIN,AUDITOR GENERAL,,REP,TIMOTHY DEFOOR,137,124,12,1
Juniata,MIFFLIN,AUDITOR GENERAL,,LIB,JENNIFER MOORE,9,7,2,0
Juniata,MIFFLIN,AUDITOR GENERAL,,Write In,Write-In Totals,0,0,0,0
Juniata,MIFFLIN,STATE TREASURER,,DEM,JOE TORSELLA,41,25,16,0
Juniata,MIFFLIN,STATE TREASURER,,REP,STACY L. GARRITY,139,126,12,1
Juniata,MIFFLIN,STATE TREASURER,,LIB,JOE SOLOSKI,1,0,1,0
Juniata,MIFFLIN,STATE TREASURER,,Write In,Write-In Totals,0,0,0,0
Juniata,MIFFLIN,U.S. House,15TH,DEM,LEE GRIFFIN,40,22,18,0
Juniata,MIFFLIN,U.S. House,15TH,REP,FRED KELLER,146,133,12,1
Juniata,MIFFLIN,U.S. House,15TH,Write In,Write-In Totals,0,0,0,0
Juniata,MIFFLIN,State House,82ND,REP,JOHN HERSHEY,154,133,20,1
Juniata,MIFFLIN,State House,82ND,Write In,Write-In Totals,11,6,5,0
Juniata,MIFFLINTOWN,President,,DEM,JOSEPH R. BIDEN,108,59,48,1
Juniata,MIFFLINTOWN,President,,REP,DONALD J. TRUMP,202,173,26,3
Juniata,MIFFLINTOWN,President,,LIB,JO JORGENSEN,9,9,0,0
Juniata,MIFFLINTOWN,President,,Write In,Write-In Totals,0,0,0,0
Juniata,MIFFLINTOWN,ATTORNEY GENERAL,,DEM,JOSH SHAPIRO,127,77,49,1
Juniata,MIFFLINTOWN,ATTORNEY GENERAL,,REP,HEATHER HEIDELBAUGH,174,149,22,3
Juniata,MIFFLINTOWN,ATTORNEY GENERAL,,LIB,DANIEL WASSMER,10,9,1,0
Juniata,MIFFLINTOWN,ATTORNEY GENERAL,,Write In,Write-In Totals,0,0,0,0
Juniata,MIFFLINTOWN,AUDITOR GENERAL,,DEM,NINA AHMAD,95,56,38,1
Juniata,MIFFLINTOWN,AUDITOR GENERAL,,REP,TIMOTHY DEFOOR,193,162,28,3
Juniata,MIFFLINTOWN,AUDITOR GENERAL,,LIB,JENNIFER MOORE,16,13,3,0
Juniata,MIFFLINTOWN,AUDITOR GENERAL,,Write In,Write-In Totals,0,0,0,0
Juniata,MIFFLINTOWN,STATE TREASURER,,DEM,JOE TORSELLA,106,61,44,1
Juniata,MIFFLINTOWN,STATE TREASURER,,REP,STACY L. GARRITY,186,158,25,3
Juniata,MIFFLINTOWN,STATE TREASURER,,LIB,JOE SOLOSKI,12,10,2,0
Juniata,MIFFLINTOWN,STATE TREASURER,,Write In,Write-In Totals,0,0,0,0
Juniata,MIFFLINTOWN,U.S. House,15TH,DEM,LEE GRIFFIN,97,56,40,1
Juniata,MIFFLINTOWN,U.S. House,15TH,REP,FRED KELLER,213,179,31,3
Juniata,MIFFLINTOWN,U.S. House,15TH,Write In,Write-In Totals,0,0,0,0
Juniata,MIFFLINTOWN,State House,82ND,REP,JOHN HERSHEY,256,213,40,3
Juniata,MIFFLINTOWN,State House,82ND,Write In,Write-In Totals,12,7,5,0
Juniata,MILFORD,President,,DEM,JOSEPH R. BIDEN,284,131,151,2
Juniata,MILFORD,President,,REP,DONALD J. TRUMP,789,653,129,7
Juniata,MILFORD,President,,LIB,JO JORGENSEN,10,4,5,1
Juniata,MILFORD,President,,Write In,Write-In Totals,2,0,2,0
Juniata,MILFORD,ATTORNEY GENERAL,,DEM,JOSH SHAPIRO,325,171,152,2
Juniata,MILFORD,ATTORNEY GENERAL,,REP,HEATHER HEIDELBAUGH,734,598,129,7
Juniata,MILFORD,ATTORNEY GENERAL,,LIB,DANIEL WASSMER,11,7,3,1
Juniata,MILFORD,ATTORNEY GENERAL,,Write In,Write-In Totals,0,0,0,0
Juniata,MILFORD,AUDITOR GENERAL,,DEM,NINA AHMAD,271,128,141,2
Juniata,MILFORD,AUDITOR GENERAL,,REP,TIMOTHY DEFOOR,762,630,125,7
Juniata,MILFORD,AUDITOR GENERAL,,LIB,JENNIFER MOORE,31,16,14,1
Juniata,MILFORD,AUDITOR GENERAL,,Write In,Write-In Totals,0,0,0,0
Juniata,MILFORD,STATE TREASURER,,DEM,JOE TORSELLA,300,150,148,2
Juniata,MILFORD,STATE TREASURER,,REP,STACY L. GARRITY,752,614,130,8
Juniata,MILFORD,STATE TREASURER,,LIB,JOE SOLOSKI,7,7,0,0
Juniata,MILFORD,STATE TREASURER,,Write In,Write-In Totals,0,0,0,0
Juniata,MILFORD,U.S. House,15TH,DEM,LEE GRIFFIN,294,142,151,1
Juniata,MILFORD,U.S. House,15TH,REP,FRED KELLER,775,637,129,9
Juniata,MILFORD,U.S. House,15TH,Write In,Write-In Totals,4,2,2,0
Juniata,MILFORD,State House,82ND,REP,JOHN HERSHEY,940,715,216,9
Juniata,MILFORD,State House,82ND,Write In,Write-In Totals,32,11,21,0
Juniata,MONROE,President,,DEM,JOSEPH R. BIDEN,144,71,73,0
Juniata,MONROE,President,,REP,DONALD J. TRUMP,934,822,102,10
Juniata,MONROE,President,,LIB,JO JORGENSEN,10,9,1,0
Juniata,MONROE,President,,Write In,Write-In Totals,3,2,1,0
Juniata,MONROE,ATTORNEY GENERAL,,DEM,JOSH SHAPIRO,186,107,79,0
Juniata,MONROE,ATTORNEY GENERAL,,REP,HEATHER HEIDELBAUGH,857,760,88,9
Juniata,MONROE,ATTORNEY GENERAL,,LIB,DANIEL WASSMER,19,15,4,0
Juniata,MONROE,ATTORNEY GENERAL,,Write In,Write-In Totals,1,1,0,0
Juniata,MONROE,AUDITOR GENERAL,,DEM,NINA AHMAD,133,71,62,0
Juniata,MONROE,AUDITOR GENERAL,,REP,TIMOTHY DEFOOR,888,779,100,9
Juniata,MONROE,AUDITOR GENERAL,,LIB,JENNIFER MOORE,31,22,9,0
Juniata,MONROE,AUDITOR GENERAL,,Write In,Write-In Totals,1,1,0,0
Juniata,MONROE,STATE TREASURER,,DEM,JOE TORSELLA,146,79,67,0
Juniata,MONROE,STATE TREASURER,,REP,STACY L. GARRITY,887,779,99,9
Juniata,MONROE,STATE TREASURER,,LIB,JOE SOLOSKI,21,15,6,0
Juniata,MONROE,STATE TREASURER,,Write In,Write-In Totals,1,1,0,0
Juniata,MONROE,U.S. House,15TH,DEM,LEE GRIFFIN,122,61,61,0
Juniata,MONROE,U.S. House,15TH,REP,FRED KELLER,947,825,113,9
Juniata,MONROE,U.S. House,15TH,Write In,Write-In Totals,2,2,0,0
Juniata,MONROE,State House,82ND,REP,JOHN HERSHEY,999,840,150,9
Juniata,MONROE,State House,82ND,Write In,Write-In Totals,15,10,5,0
Juniata,PORT ROYAL,President,,DEM,JOSEPH R. BIDEN,105,62,42,1
Juniata,PORT ROYAL,President,,REP,DONALD J. TRUMP,316,266,49,1
Juniata,PORT ROYAL,President,,LIB,JO JORGENSEN,3,2,1,0
Juniata,PORT ROYAL,President,,Write In,Write-In Totals,0,0,0,0
Juniata,PORT ROYAL,ATTORNEY GENERAL,,DEM,JOSH SHAPIRO,122,72,48,2
Juniata,PORT ROYAL,ATTORNEY GENERAL,,REP,HEATHER HEIDELBAUGH,290,248,42,0
Juniata,PORT ROYAL,ATTORNEY GENERAL,,LIB,DANIEL WASSMER,2,2,0,0
Juniata,PORT ROYAL,ATTORNEY GENERAL,,Write In,Write-In Totals,0,0,0,0
Juniata,PORT ROYAL,AUDITOR GENERAL,,DEM,NINA AHMAD,82,40,41,1
Juniata,PORT ROYAL,AUDITOR GENERAL,,REP,TIMOTHY DEFOOR,307,259,48,0
Juniata,PORT ROYAL,AUDITOR GENERAL,,LIB,JENNIFER MOORE,16,13,2,1
Juniata,PORT ROYAL,AUDITOR GENERAL,,Write In,Write-In Totals,0,0,0,0
Juniata,PORT ROYAL,STATE TREASURER,,DEM,JOE TORSELLA,91,51,40,0
Juniata,PORT ROYAL,STATE TREASURER,,REP,STACY L. GARRITY,303,253,48,2
Juniata,PORT ROYAL,STATE TREASURER,,LIB,JOE SOLOSKI,6,5,1,0
Juniata,PORT ROYAL,STATE TREASURER,,Write In,Write-In Totals,0,0,0,0
Juniata,PORT ROYAL,U.S. House,15TH,DEM,LEE GRIFFIN,86,44,41,1
Juniata,PORT ROYAL,U.S. House,15TH,REP,FRED KELLER,328,277,50,1
Juniata,PORT ROYAL,U.S. House,15TH,Write In,Write-In Totals,0,0,0,0
Juniata,PORT ROYAL,State House,82ND,REP,JOHN HERSHEY,375,295,78,2
Juniata,PORT ROYAL,State House,82ND,Write In,Write-In Totals,9,5,4,0
Juniata,SPRUCE HILL,President,,DEM,JOSEPH R. BIDEN,99,54,44,1
Juniata,SPRUCE HILL,President,,REP,DONALD J. TRUMP,359,314,43,2
Juniata,SPRUCE HILL,President,,LIB,JO JORGENSEN,6,3,3,0
Juniata,SPRUCE HILL,President,,Write In,Write-In Totals,0,0,0,0
Juniata,SPRUCE HILL,ATTORNEY GENERAL,,DEM,JOSH SHAPIRO,114,67,46,1
Juniata,SPRUCE HILL,ATTORNEY GENERAL,,REP,HEATHER HEIDELBAUGH,325,286,38,1
Juniata,SPRUCE HILL,ATTORNEY GENERAL,,LIB,DANIEL WASSMER,12,7,5,0
Juniata,SPRUCE HILL,ATTORNEY GENERAL,,Write In,Write-In Totals,0,0,0,0
Juniata,SPRUCE HILL,AUDITOR GENERAL,,DEM,NINA AHMAD,95,49,45,1
Juniata,SPRUCE HILL,AUDITOR GENERAL,,REP,TIMOTHY DEFOOR,337,295,41,1
Juniata,SPRUCE HILL,AUDITOR GENERAL,,LIB,JENNIFER MOORE,16,14,2,0
Juniata,SPRUCE HILL,AUDITOR GENERAL,,Write In,Write-In Totals,0,0,0,0
Juniata,SPRUCE HILL,STATE TREASURER,,DEM,JOE TORSELLA,97,51,44,2
Juniata,SPRUCE HILL,STATE TREASURER,,REP,STACY L. GARRITY,336,294,42,0
Juniata,SPRUCE HILL,STATE TREASURER,,LIB,JOE SOLOSKI,11,9,2,0
Juniata,SPRUCE HILL,STATE TREASURER,,Write In,Write-In Totals,0,0,0,0
Juniata,SPRUCE HILL,U.S. House,15TH,DEM,LEE GRIFFIN,99,54,44,1
Juniata,SPRUCE HILL,U.S. House,15TH,REP,FRED KELLER,355,311,44,0
Juniata,SPRUCE HILL,U.S. House,15TH,Write In,Write-In Totals,1,0,1,0
Juniata,SPRUCE HILL,State House,82ND,REP,JOHN HERSHEY,385,330,54,1
Juniata,SPRUCE HILL,State House,82ND,Write In,Write-In Totals,20,5,15,0
Juniata,SUSQUEHANNA,President,,DEM,JOSEPH R. BIDEN,89,51,36,2
Juniata,SUSQUEHANNA,President,,REP,DONALD J. TRUMP,571,509,55,7
Juniata,SUSQUEHANNA,President,,LIB,JO JORGENSEN,8,8,0,0
Juniata,SUSQUEHANNA,President,,Write In,Write-In Totals,1,0,1,0
Juniata,SUSQUEHANNA,ATTORNEY GENERAL,,DEM,JOSH SHAPIRO,103,60,41,2
Juniata,SUSQUEHANNA,ATTORNEY GENERAL,,REP,HEATHER HEIDELBAUGH,538,484,48,6
Juniata,SUSQUEHANNA,ATTORNEY GENERAL,,LIB,DANIEL WASSMER,18,17,1,0
Juniata,SUSQUEHANNA,ATTORNEY GENERAL,,Write In,Write-In Totals,0,0,0,0
Juniata,SUSQUEHANNA,AUDITOR GENERAL,,DEM,NINA AHMAD,79,44,33,2
Juniata,SUSQUEHANNA,AUDITOR GENERAL,,REP,TIMOTHY DEFOOR,552,494,52,6
Juniata,SUSQUEHANNA,AUDITOR GENERAL,,LIB,JENNIFER MOORE,20,18,2,0
Juniata,SUSQUEHANNA,AUDITOR GENERAL,,Write In,Write-In Totals,0,0,0,0
Juniata,SUSQUEHANNA,STATE TREASURER,,DEM,JOE TORSELLA,88,55,31,2
Juniata,SUSQUEHANNA,STATE TREASURER,,REP,STACY L. GARRITY,549,490,53,6
Juniata,SUSQUEHANNA,STATE TREASURER,,LIB,JOE SOLOSKI,14,12,2,0
Juniata,SUSQUEHANNA,STATE TREASURER,,Write In,Write-In Totals,0,0,0,0
Juniata,SUSQUEHANNA,U.S. House,15TH,DEM,LEE GRIFFIN,81,43,36,2
Juniata,SUSQUEHANNA,U.S. House,15TH,REP,FRED KELLER,582,522,54,6
Juniata,SUSQUEHANNA,U.S. House,15TH,Write In,Write-In Totals,1,1,0,0
Juniata,SUSQUEHANNA,State House,82ND,REP,JOHN HERSHEY,599,521,72,6
Juniata,SUSQUEHANNA,State House,82ND,Write In,Write-In Totals,7,4,3,0
Juniata,THOMPSONTOWN,President,,DEM,JOSEPH R. BIDEN,67,33,33,1
Juniata,THOMPSONTOWN,President,,REP,DONALD J. TRUMP,248,214,29,5
Juniata,THOMPSONTOWN,President,,LIB,JO JORGENSEN,5,5,0,0
Juniata,THOMPSONTOWN,President,,Write In,Write-In Totals,1,0,1,0
Juniata,THOMPSONTOWN,ATTORNEY GENERAL,,DEM,JOSH SHAPIRO,82,46,36,0
Juniata,THOMPSONTOWN,ATTORNEY GENERAL,,REP,HEATHER HEIDELBAUGH,221,193,22,6
Juniata,THOMPSONTOWN,ATTORNEY GENERAL,,LIB,DANIEL WASSMER,6,5,1,0
Juniata,THOMPSONTOWN,ATTORNEY GENERAL,,Write In,Write-In Totals,0,0,0,0
Juniata,THOMPSONTOWN,AUDITOR GENERAL,,DEM,NINA AHMAD,54,23,30,1
Juniata,THOMPSONTOWN,AUDITOR GENERAL,,REP,TIMOTHY DEFOOR,238,210,23,5
Juniata,THOMPSONTOWN,AUDITOR GENERAL,,LIB,JENNIFER MOORE,13,8,5,0
Juniata,THOMPSONTOWN,AUDITOR GENERAL,,Write In,Write-In Totals,0,0,0,0
Juniata,THOMPSONTOWN,STATE TREASURER,,DEM,JOE TORSELLA,60,33,26,1
Juniata,THOMPSONTOWN,STATE TREASURER,,REP,STACY L. GARRITY,236,201,30,5
Juniata,THOMPSONTOWN,STATE TREASURER,,LIB,JOE SOLOSKI,6,5,1,0
Juniata,THOMPSONTOWN,STATE TREASURER,,Write In,Write-In Totals,1,1,0,0
Juniata,THOMPSONTOWN,U.S. House,15TH,DEM,LEE GRIFFIN,57,25,31,1
Juniata,THOMPSONTOWN,U.S. House,15TH,REP,FRED KELLER,256,220,31,5
Juniata,THOMPSONTOWN,U.S. House,15TH,Write In,Write-In Totals,2,1,1,0
Juniata,THOMPSONTOWN,State House,82ND,REP,JOHN HERSHEY,289,235,49,5
Juniata,THOMPSONTOWN,State House,82ND,Write In,Write-In Totals,7,1,6,0
Juniata,TURBETT,President,,DEM,JOSEPH R. BIDEN,89,53,36,0
Juniata,TURBETT,President,,REP,DONALD J. TRUMP,408,378,30,0
Juniata,TURBETT,President,,LIB,JO JORGENSEN,11,9,2,0
Juniata,TURBETT,President,,Write In,Write-In Totals,1,1,0,0
Juniata,TURBETT,ATTORNEY GENERAL,,DEM,JOSH SHAPIRO,103,71,32,0
Juniata,TURBETT,ATTORNEY GENERAL,,REP,HEATHER HEIDELBAUGH,390,357,33,0
Juniata,TURBETT,ATTORNEY GENERAL,,LIB,DANIEL WASSMER,5,4,1,0
Juniata,TURBETT,ATTORNEY GENERAL,,Write In,Write-In Totals,0,0,0,0
Juniata,TURBETT,AUDITOR GENERAL,,DEM,NINA AHMAD,80,52,28,0
Juniata,TURBETT,AUDITOR GENERAL,,REP,TIMOTHY DEFOOR,397,365,32,0
Juniata,TURBETT,AUDITOR GENERAL,,LIB,JENNIFER MOORE,19,14,5,0
Juniata,TURBETT,AUDITOR GENERAL,,Write In,Write-In Totals,0,0,0,0
Juniata,TURBETT,STATE TREASURER,,DEM,JOE TORSELLA,82,55,27,0
Juniata,TURBETT,STATE TREASURER,,REP,STACY L. GARRITY,399,363,36,0
Juniata,TURBETT,STATE TREASURER,,LIB,JOE SOLOSKI,16,13,3,0
Juniata,TURBETT,STATE TREASURER,,Write In,Write-In Totals,0,0,0,0
Juniata,TURBETT,U.S. House,15TH,DEM,LEE GRIFFIN,81,51,30,0
Juniata,TURBETT,U.S. House,15TH,REP,FRED KELLER,423,387,36,0
Juniata,TURBETT,U.S. House,15TH,Write In,Write-In Totals,2,2,0,0
Juniata,TURBETT,State House,82ND,REP,JOHN HERSHEY,467,415,52,0
Juniata,TURBETT,State House,82ND,Write In,Write-In Totals,13,8,5,0
Juniata,TUSCARORA/E. WATERFORD,President,,DEM,JOSEPH R. BIDEN,20,14,5,1
Juniata,TUSCARORA/E. WATERFORD,President,,REP,DONALD J. TRUMP,90,83,6,1
Juniata,TUSCARORA/E. WATERFORD,President,,LIB,JO JORGENSEN,0,0,0,0
Juniata,TUSCARORA/E. WATERFORD,President,,Write In,Write-In Totals,0,0,0,0
Juniata,TUSCARORA/E. WATERFORD,ATTORNEY GENERAL,,DEM,JOSH SHAPIRO,29,21,7,1
Juniata,TUSCARORA/E. WATERFORD,ATTORNEY GENERAL,,REP,HEATHER HEIDELBAUGH,79,74,4,1
Juniata,TUSCARORA/E. WATERFORD,ATTORNEY GENERAL,,LIB,DANIEL WASSMER,0,0,0,0
Juniata,TUSCARORA/E. WATERFORD,ATTORNEY GENERAL,,Write In,Write-In Totals,0,0,0,0
Juniata,TUSCARORA/E. WATERFORD,AUDITOR GENERAL,,DEM,NINA AHMAD,19,13,5,1
Juniata,TUSCARORA/E. WATERFORD,AUDITOR GENERAL,,REP,TIMOTHY DEFOOR,83,76,6,1
Juniata,TUSCARORA/E. WATERFORD,AUDITOR GENERAL,,LIB,JENNIFER MOORE,6,6,0,0
Juniata,TUSCARORA/E. WATERFORD,AUDITOR GENERAL,,Write In,Write-In Totals,0,0,0,0
Juniata,TUSCARORA/E. WATERFORD,STATE TREASURER,,DEM,JOE TORSELLA,24,18,5,1
Juniata,TUSCARORA/E. WATERFORD,STATE TREASURER,,REP,STACY L. GARRITY,81,74,6,1
Juniata,TUSCARORA/E. WATERFORD,STATE TREASURER,,LIB,JOE SOLOSKI,1,1,0,0
Juniata,TUSCARORA/E. WATERFORD,STATE TREASURER,,Write In,Write-In Totals,0,0,0,0
Juniata,TUSCARORA/E. WATERFORD,U.S. House,15TH,DEM,LEE GRIFFIN,19,13,5,1
Juniata,TUSCARORA/E. WATERFORD,U.S. House,15TH,REP,FRED KELLER,92,85,6,1
Juniata,TUSCARORA/E. WATERFORD,U.S. House,15TH,Write In,Write-In Totals,0,0,0,0
Juniata,TUSCARORA/E. WATERFORD,State House,82ND,REP,JOHN HERSHEY,98,89,8,1
Juniata,TUSCARORA/E. WATERFORD,State House,82ND,Write In,Write-In Totals,0,0,0,0
Juniata,TUSCARORA/TUSC,President,,DEM,JOSEPH R. BIDEN,71,35,36,0
Juniata,TUSCARORA/TUSC,President,,REP,DONALD J. TRUMP,395,341,52,2
Juniata,TUSCARORA/TUSC,President,,LIB,JO JORGENSEN,4,4,0,0
Juniata,TUSCARORA/TUSC,President,,Write In,Write-In Totals,1,1,0,0
Juniata,TUSCARORA/TUSC,ATTORNEY GENERAL,,DEM,JOSH SHAPIRO,84,48,36,0
Juniata,TUSCARORA/TUSC,ATTORNEY GENERAL,,REP,HEATHER HEIDELBAUGH,368,316,50,2
Juniata,TUSCARORA/TUSC,ATTORNEY GENERAL,,LIB,DANIEL WASSMER,9,8,1,0
Juniata,TUSCARORA/TUSC,ATTORNEY GENERAL,,Write In,Write-In Totals,1,1,0,0
Juniata,TUSCARORA/TUSC,AUDITOR GENERAL,,DEM,NINA AHMAD,68,36,32,0
Juniata,TUSCARORA/TUSC,AUDITOR GENERAL,,REP,TIMOTHY DEFOOR,371,317,53,1
Juniata,TUSCARORA/TUSC,AUDITOR GENERAL,,LIB,JENNIFER MOORE,17,15,1,1
Juniata,TUSCARORA/TUSC,AUDITOR GENERAL,,Write In,Write-In Totals,1,1,0,0
Juniata,TUSCARORA/TUSC,STATE TREASURER,,DEM,JOE TORSELLA,78,44,34,0
Juniata,TUSCARORA/TUSC,STATE TREASURER,,REP,STACY L. GARRITY,375,322,51,2
Juniata,TUSCARORA/TUSC,STATE TREASURER,,LIB,JOE SOLOSKI,3,3,0,0
Juniata,TUSCARORA/TUSC,STATE TREASURER,,Write In,Write-In Totals,1,1,0,0
Juniata,TUSCARORA/TUSC,U.S. House,15TH,DEM,LEE GRIFFIN,73,41,32,0
Juniata,TUSCARORA/TUSC,U.S. House,15TH,REP,FRED KELLER,389,332,55,2
Juniata,TUSCARORA/TUSC,U.S. House,15TH,Write In,Write-In Totals,1,1,0,0
Juniata,TUSCARORA/TUSC,State House,82ND,REP,JOHN HERSHEY,415,344,69,2
Juniata,TUSCARORA/TUSC,State House,82ND,Write In,Write-In Totals,11,6,5,0
Juniata,WALKER,President,,DEM,JOSEPH R. BIDEN,217,107,109,1
Juniata,WALKER,President,,REP,DONALD J. TRUMP,998,900,93,5
Juniata,WALKER,President,,LIB,JO JORGENSEN,10,7,3,0
Juniata,WALKER,President,,Write In,Write-In Totals,2,0,2,0
Juniata,WALKER,ATTORNEY GENERAL,,DEM,JOSH SHAPIRO,260,149,109,2
Juniata,WALKER,ATTORNEY GENERAL,,REP,HEATHER HEIDELBAUGH,919,825,91,3
Juniata,WALKER,ATTORNEY GENERAL,,LIB,DANIEL WASSMER,17,14,3,0
Juniata,WALKER,ATTORNEY GENERAL,,Write In,Write-In Totals,1,1,0,0
Juniata,WALKER,AUDITOR GENERAL,,DEM,NINA AHMAD,203,101,101,1
Juniata,WALKER,AUDITOR GENERAL,,REP,TIMOTHY DEFOOR,949,847,98,4
Juniata,WALKER,AUDITOR GENERAL,,LIB,JENNIFER MOORE,36,32,4,0
Juniata,WALKER,AUDITOR GENERAL,,Write In,Write-In Totals,1,1,0,0
Juniata,WALKER,STATE TREASURER,,DEM,JOE TORSELLA,217,116,99,2
Juniata,WALKER,STATE TREASURER,,REP,STACY L. GARRITY,958,856,98,4
Juniata,WALKER,STATE TREASURER,,LIB,JOE SOLOSKI,16,12,4,0
Juniata,WALKER,STATE TREASURER,,Write In,Write-In Totals,0,0,0,0
Juniata,WALKER,U.S. House,15TH,DEM,LEE GRIFFIN,209,106,101,2
Juniata,WALKER,U.S. House,15TH,REP,FRED KELLER,997,890,103,4
Juniata,WALKER,U.S. House,15TH,Write In,Write-In Totals,0,0,0,0
Juniata,WALKER,State House,82ND,REP,JOHN HERSHEY,"1,112",946,161,5
Juniata,WALKER,State House,82ND,Write In,Write-In Totals,26,13,13,0
