county,precinct,office,district,party,candidate,votes,election_day,mail,provisional
Perry,BLAIN BOROUGH,President,,DEM,BIDEN/HARRIS,23,21,2,0
Perry,BLAIN BOROUGH,President,,REP,TRUMP/PENCE,97,96,0,1
Perry,BLAIN BOROUGH,President,,LBT,JORGENSEN/COHEN,2,2,0,0
Perry,BLAIN BOROUGH,President,,,Write-Ins,0,0,0,0
Perry,BLAIN BOROUGH,Attorney General,,DEM,JOSH SHAPIRO,24,22,2,0
Perry,BLAIN BOROUGH,Attorney General,,REP,HEATHER HEIDELBAUGH,95,94,0,1
Perry,BLAIN BOROUGH,Attorney General,,LBT,DANIEL WASSMER,2,2,0,0
Perry,BLAIN BOROUGH,Attorney General,,GRE,RICHARD L WEISS,0,0,0,0
Perry,BLAIN BOROUGH,Attorney General,,,Write-Ins,0,0,0,0
Perry,BLAIN BOROUGH,Auditor General,,DEM,NINA AHMAD,20,18,2,0
Perry,BLAIN BOROUGH,Auditor General,,REP,TIMOTHY DEFOOR,96,95,0,1
Perry,BLAIN BOROUGH,Auditor General,,LBT,JENNIFER MOORE,3,3,0,0
Perry,BLAIN BOROUGH,Auditor General,,GRE,OLIVIA FAISON,0,0,0,0
Perry,BLAIN BOROUGH,Auditor General,,,Write-Ins,0,0,0,0
Perry,BLAIN BOROUGH,State Treasurer,,DEM,JOE TORSELLA,20,18,2,0
Perry,BLAIN BOROUGH,State Treasurer,,REP,STACY L GARRITY,97,96,0,1
Perry,BLAIN BOROUGH,State Treasurer,,LBT,JOE SOLOSKI,1,1,0,0
Perry,BLAIN BOROUGH,State Treasurer,,GRE,TIMOTHY RUNKLE,1,1,0,0
Perry,BLAIN BOROUGH,State Treasurer,,,Write-Ins,0,0,0,0
Perry,BLAIN BOROUGH,U.S. House,12,DEM,LEE GRIFFIN,20,18,2,0
Perry,BLAIN BOROUGH,U.S. House,12,REP,FRED KELLER,100,99,0,1
Perry,BLAIN BOROUGH,U.S. House,12,,Write-Ins,0,0,0,0
Perry,BLAIN BOROUGH,State Senate,15,DEM,GEORGE SCOTT,25,23,2,0
Perry,BLAIN BOROUGH,State Senate,15,REP,JOHN DISANTO,95,94,0,1
Perry,BLAIN BOROUGH,State Senate,15,,Write-Ins,0,0,0,0
Perry,BLAIN BOROUGH,State Assembly,86,REP,PERRY STAMBAUGH,111,109,1,1
Perry,BLAIN BOROUGH,State Assembly,86,,Write-Ins,0,0,0,0
Perry,BLOOMFIELD BOROUGH,President,,DEM,BIDEN/HARRIS,166,91,72,3
Perry,BLOOMFIELD BOROUGH,President,,REP,TRUMP/PENCE,352,301,50,1
Perry,BLOOMFIELD BOROUGH,President,,LBT,JORGENSEN/COHEN,7,6,1,0
Perry,BLOOMFIELD BOROUGH,President,,,Write-Ins,7,3,4,0
Perry,BLOOMFIELD BOROUGH,Attorney General,,DEM,JOSH SHAPIRO,172,99,70,3
Perry,BLOOMFIELD BOROUGH,Attorney General,,REP,HEATHER HEIDELBAUGH,330,280,49,1
Perry,BLOOMFIELD BOROUGH,Attorney General,,LBT,DANIEL WASSMER,13,10,3,0
Perry,BLOOMFIELD BOROUGH,Attorney General,,GRE,RICHARD L WEISS,9,6,3,0
Perry,BLOOMFIELD BOROUGH,Attorney General,,,Write-Ins,0,0,0,0
Perry,BLOOMFIELD BOROUGH,Auditor General,,DEM,NINA AHMAD,142,77,62,3
Perry,BLOOMFIELD BOROUGH,Auditor General,,REP,TIMOTHY DEFOOR,353,297,55,1
Perry,BLOOMFIELD BOROUGH,Auditor General,,LBT,JENNIFER MOORE,17,15,2,0
Perry,BLOOMFIELD BOROUGH,Auditor General,,GRE,OLIVIA FAISON,7,3,4,0
Perry,BLOOMFIELD BOROUGH,Auditor General,,,Write-Ins,0,0,0,0
Perry,BLOOMFIELD BOROUGH,State Treasurer,,DEM,JOE TORSELLA,150,82,65,3
Perry,BLOOMFIELD BOROUGH,State Treasurer,,REP,STACY L GARRITY,345,293,51,1
Perry,BLOOMFIELD BOROUGH,State Treasurer,,LBT,JOE SOLOSKI,11,9,2,0
Perry,BLOOMFIELD BOROUGH,State Treasurer,,GRE,TIMOTHY RUNKLE,11,6,5,0
Perry,BLOOMFIELD BOROUGH,State Treasurer,,,Write-Ins,0,0,0,0
Perry,BLOOMFIELD BOROUGH,U.S. House,12,DEM,LEE GRIFFIN,139,75,61,3
Perry,BLOOMFIELD BOROUGH,U.S. House,12,REP,FRED KELLER,385,321,63,1
Perry,BLOOMFIELD BOROUGH,U.S. House,12,,Write-Ins,0,0,0,0
Perry,BLOOMFIELD BOROUGH,State Senate,15,DEM,GEORGE SCOTT,171,91,77,3
Perry,BLOOMFIELD BOROUGH,State Senate,15,REP,JOHN DISANTO,353,305,47,1
Perry,BLOOMFIELD BOROUGH,State Senate,15,,Write-Ins,0,0,0,0
Perry,BLOOMFIELD BOROUGH,State Assembly,86,REP,PERRY STAMBAUGH,451,366,82,3
Perry,BLOOMFIELD BOROUGH,State Assembly,86,,Write-Ins,18,6,11,1
Perry,BUFFALO TOWNSHIP,President,,DEM,BIDEN/HARRIS,153,76,75,2
Perry,BUFFALO TOWNSHIP,President,,REP,TRUMP/PENCE,562,487,69,6
Perry,BUFFALO TOWNSHIP,President,,LBT,JORGENSEN/COHEN,12,10,1,1
Perry,BUFFALO TOWNSHIP,President,,,Write-Ins,6,6,0,0
Perry,BUFFALO TOWNSHIP,Attorney General,,DEM,JOSH SHAPIRO,164,87,76,1
Perry,BUFFALO TOWNSHIP,Attorney General,,REP,HEATHER HEIDELBAUGH,537,465,65,7
Perry,BUFFALO TOWNSHIP,Attorney General,,LBT,DANIEL WASSMER,21,20,1,0
Perry,BUFFALO TOWNSHIP,Attorney General,,GRE,RICHARD L WEISS,5,2,2,1
Perry,BUFFALO TOWNSHIP,Attorney General,,,Write-Ins,0,0,0,0
Perry,BUFFALO TOWNSHIP,Auditor General,,DEM,NINA AHMAD,123,62,60,1
Perry,BUFFALO TOWNSHIP,Auditor General,,REP,TIMOTHY DEFOOR,549,468,75,6
Perry,BUFFALO TOWNSHIP,Auditor General,,LBT,JENNIFER MOORE,35,28,6,1
Perry,BUFFALO TOWNSHIP,Auditor General,,GRE,OLIVIA FAISON,10,7,2,1
Perry,BUFFALO TOWNSHIP,Auditor General,,,Write-Ins,0,0,0,0
Perry,BUFFALO TOWNSHIP,State Treasurer,,DEM,JOE TORSELLA,131,67,62,2
Perry,BUFFALO TOWNSHIP,State Treasurer,,REP,STACY L GARRITY,555,476,73,6
Perry,BUFFALO TOWNSHIP,State Treasurer,,LBT,JOE SOLOSKI,25,21,4,0
Perry,BUFFALO TOWNSHIP,State Treasurer,,GRE,TIMOTHY RUNKLE,9,4,4,1
Perry,BUFFALO TOWNSHIP,State Treasurer,,,Write-Ins,1,1,0,0
Perry,BUFFALO TOWNSHIP,U.S. House,12,DEM,LEE GRIFFIN,127,63,60,4
Perry,BUFFALO TOWNSHIP,U.S. House,12,REP,FRED KELLER,593,506,82,5
Perry,BUFFALO TOWNSHIP,U.S. House,12,,Write-Ins,1,1,0,0
Perry,BUFFALO TOWNSHIP,State Senate,15,DEM,GEORGE SCOTT,161,89,71,1
Perry,BUFFALO TOWNSHIP,State Senate,15,REP,JOHN DISANTO,559,480,71,8
Perry,BUFFALO TOWNSHIP,State Senate,15,,Write-Ins,3,2,1,0
Perry,BUFFALO TOWNSHIP,State Assembly,86,REP,PERRY STAMBAUGH,651,539,104,8
Perry,BUFFALO TOWNSHIP,State Assembly,86,,Write-Ins,18,7,11,0
Perry,CARROLL TOWNSHIP,President,,DEM,BIDEN/HARRIS,648,299,343,6
Perry,CARROLL TOWNSHIP,President,,REP,TRUMP/PENCE,2260,1952,281,27
Perry,CARROLL TOWNSHIP,President,,LBT,JORGENSEN/COHEN,59,44,13,2
Perry,CARROLL TOWNSHIP,President,,,Write-Ins,11,6,5,0
Perry,CARROLL TOWNSHIP,Attorney General,,DEM,JOSH SHAPIRO,707,362,337,8
Perry,CARROLL TOWNSHIP,Attorney General,,REP,HEATHER HEIDELBAUGH,2142,1852,266,24
Perry,CARROLL TOWNSHIP,Attorney General,,LBT,DANIEL WASSMER,69,49,19,1
Perry,CARROLL TOWNSHIP,Attorney General,,GRE,RICHARD L WEISS,25,16,9,0
Perry,CARROLL TOWNSHIP,Attorney General,,,Write-Ins,2,1,1,0
Perry,CARROLL TOWNSHIP,Auditor General,,DEM,NINA AHMAD,548,254,286,8
Perry,CARROLL TOWNSHIP,Auditor General,,REP,TIMOTHY DEFOOR,2239,1916,298,25
Perry,CARROLL TOWNSHIP,Auditor General,,LBT,JENNIFER MOORE,107,85,21,1
Perry,CARROLL TOWNSHIP,Auditor General,,GRE,OLIVIA FAISON,32,16,16,0
Perry,CARROLL TOWNSHIP,Auditor General,,,Write-Ins,4,2,2,0
Perry,CARROLL TOWNSHIP,State Treasurer,,DEM,JOE TORSELLA,599,289,305,5
Perry,CARROLL TOWNSHIP,State Treasurer,,REP,STACY L GARRITY,2221,1907,289,25
Perry,CARROLL TOWNSHIP,State Treasurer,,LBT,JOE SOLOSKI,79,60,16,3
Perry,CARROLL TOWNSHIP,State Treasurer,,GRE,TIMOTHY RUNKLE,30,18,12,0
Perry,CARROLL TOWNSHIP,State Treasurer,,,Write-Ins,2,1,1,0
Perry,CARROLL TOWNSHIP,U.S. House,12,DEM,LEE GRIFFIN,552,251,295,6
Perry,CARROLL TOWNSHIP,U.S. House,12,REP,FRED KELLER,2372,2015,330,27
Perry,CARROLL TOWNSHIP,U.S. House,12,,Write-Ins,11,6,5,0
Perry,CARROLL TOWNSHIP,State Senate,15,DEM,GEORGE SCOTT,658,332,314,12
Perry,CARROLL TOWNSHIP,State Senate,15,REP,JOHN DISANTO,2269,1936,310,23
Perry,CARROLL TOWNSHIP,State Senate,15,,Write-Ins,10,6,4,0
Perry,CARROLL TOWNSHIP,State Assembly,86,REP,PERRY STAMBAUGH,2615,2133,451,31
Perry,CARROLL TOWNSHIP,State Assembly,86,,Write-Ins,89,40,49,0
Perry,CENTRE TOWNSHIP,President,,DEM,BIDEN/HARRIS,309,145,162,2
Perry,CENTRE TOWNSHIP,President,,REP,TRUMP/PENCE,1048,871,166,11
Perry,CENTRE TOWNSHIP,President,,LBT,JORGENSEN/COHEN,27,20,7,0
Perry,CENTRE TOWNSHIP,President,,,Write-Ins,2,1,1,0
Perry,CENTRE TOWNSHIP,Attorney General,,DEM,JOSH SHAPIRO,322,161,157,4
Perry,CENTRE TOWNSHIP,Attorney General,,REP,HEATHER HEIDELBAUGH,1008,838,163,7
Perry,CENTRE TOWNSHIP,Attorney General,,LBT,DANIEL WASSMER,28,21,6,1
Perry,CENTRE TOWNSHIP,Attorney General,,GRE,RICHARD L WEISS,11,6,4,1
Perry,CENTRE TOWNSHIP,Attorney General,,,Write-Ins,0,0,0,0
Perry,CENTRE TOWNSHIP,Auditor General,,DEM,NINA AHMAD,262,123,137,2
Perry,CENTRE TOWNSHIP,Auditor General,,REP,TIMOTHY DEFOOR,1027,849,170,8
Perry,CENTRE TOWNSHIP,Auditor General,,LBT,JENNIFER MOORE,56,41,12,3
Perry,CENTRE TOWNSHIP,Auditor General,,GRE,OLIVIA FAISON,13,8,5,0
Perry,CENTRE TOWNSHIP,Auditor General,,,Write-Ins,0,0,0,0
Perry,CENTRE TOWNSHIP,State Treasurer,,DEM,JOE TORSELLA,287,138,147,2
Perry,CENTRE TOWNSHIP,State Treasurer,,REP,STACY L GARRITY,1016,845,163,8
Perry,CENTRE TOWNSHIP,State Treasurer,,LBT,JOE SOLOSKI,40,27,11,2
Perry,CENTRE TOWNSHIP,State Treasurer,,GRE,TIMOTHY RUNKLE,17,10,6,1
Perry,CENTRE TOWNSHIP,State Treasurer,,,Write-Ins,0,0,0,0
Perry,CENTRE TOWNSHIP,U.S. House,12,DEM,LEE GRIFFIN,273,125,145,3
Perry,CENTRE TOWNSHIP,U.S. House,12,REP,FRED KELLER,1082,892,180,10
Perry,CENTRE TOWNSHIP,U.S. House,12,,Write-Ins,3,3,0,0
Perry,CENTRE TOWNSHIP,State Senate,15,DEM,GEORGE SCOTT,313,154,155,4
Perry,CENTRE TOWNSHIP,State Senate,15,REP,JOHN DISANTO,1059,875,175,9
Perry,CENTRE TOWNSHIP,State Senate,15,,Write-Ins,0,0,0,0
Perry,CENTRE TOWNSHIP,State Assembly,86,REP,PERRY STAMBAUGH,1216,950,255,11
Perry,CENTRE TOWNSHIP,State Assembly,86,,Write-Ins,42,21,20,1
Perry,DUNCANNON BOROUGH,President,,DEM,BIDEN/HARRIS,248,144,104,0
Perry,DUNCANNON BOROUGH,President,,REP,TRUMP/PENCE,465,410,48,7
Perry,DUNCANNON BOROUGH,President,,LBT,JORGENSEN/COHEN,21,18,2,1
Perry,DUNCANNON BOROUGH,President,,,Write-Ins,0,0,0,0
Perry,DUNCANNON BOROUGH,Attorney General,,DEM,JOSH SHAPIRO,262,152,110,0
Perry,DUNCANNON BOROUGH,Attorney General,,REP,HEATHER HEIDELBAUGH,423,377,38,8
Perry,DUNCANNON BOROUGH,Attorney General,,LBT,DANIEL WASSMER,27,23,4,0
Perry,DUNCANNON BOROUGH,Attorney General,,GRE,RICHARD L WEISS,15,14,1,0
Perry,DUNCANNON BOROUGH,Attorney General,,,Write-Ins,1,1,0,0
Perry,DUNCANNON BOROUGH,Auditor General,,DEM,NINA AHMAD,219,119,100,0
Perry,DUNCANNON BOROUGH,Auditor General,,REP,TIMOTHY DEFOOR,450,399,43,8
Perry,DUNCANNON BOROUGH,Auditor General,,LBT,JENNIFER MOORE,39,36,3,0
Perry,DUNCANNON BOROUGH,Auditor General,,GRE,OLIVIA FAISON,11,8,3,0
Perry,DUNCANNON BOROUGH,Auditor General,,,Write-Ins,0,0,0,0
Perry,DUNCANNON BOROUGH,State Treasurer,,DEM,JOE TORSELLA,226,131,95,0
Perry,DUNCANNON BOROUGH,State Treasurer,,REP,STACY L GARRITY,447,394,45,8
Perry,DUNCANNON BOROUGH,State Treasurer,,LBT,JOE SOLOSKI,33,30,3,0
Perry,DUNCANNON BOROUGH,State Treasurer,,GRE,TIMOTHY RUNKLE,13,9,4,0
Perry,DUNCANNON BOROUGH,State Treasurer,,,Write-Ins,0,0,0,0
Perry,DUNCANNON BOROUGH,U.S. House,12,DEM,LEE GRIFFIN,238,139,99,0
Perry,DUNCANNON BOROUGH,U.S. House,12,REP,FRED KELLER,484,426,50,8
Perry,DUNCANNON BOROUGH,U.S. House,12,,Write-Ins,1,1,0,0
Perry,DUNCANNON BOROUGH,State Senate,15,DEM,GEORGE SCOTT,263,159,104,0
Perry,DUNCANNON BOROUGH,State Senate,15,REP,JOHN DISANTO,461,405,48,8
Perry,DUNCANNON BOROUGH,State Senate,15,,Write-Ins,0,0,0,0
Perry,DUNCANNON BOROUGH,State Assembly,86,REP,PERRY STAMBAUGH,601,497,96,8
Perry,DUNCANNON BOROUGH,State Assembly,86,,Write-Ins,28,17,11,0
Perry,GREENWOOD TOWNSHIP,President,,DEM,BIDEN/HARRIS,167,95,72,0
Perry,GREENWOOD TOWNSHIP,President,,REP,TRUMP/PENCE,469,391,71,7
Perry,GREENWOOD TOWNSHIP,President,,LBT,JORGENSEN/COHEN,7,6,1,0
Perry,GREENWOOD TOWNSHIP,President,,,Write-Ins,3,1,2,0
Perry,GREENWOOD TOWNSHIP,Attorney General,,DEM,JOSH SHAPIRO,183,112,69,2
Perry,GREENWOOD TOWNSHIP,Attorney General,,REP,HEATHER HEIDELBAUGH,443,366,72,5
Perry,GREENWOOD TOWNSHIP,Attorney General,,LBT,DANIEL WASSMER,9,8,1,0
Perry,GREENWOOD TOWNSHIP,Attorney General,,GRE,RICHARD L WEISS,1,0,1,0
Perry,GREENWOOD TOWNSHIP,Attorney General,,,Write-Ins,1,0,1,0
Perry,GREENWOOD TOWNSHIP,Auditor General,,DEM,NINA AHMAD,138,80,58,0
Perry,GREENWOOD TOWNSHIP,Auditor General,,REP,TIMOTHY DEFOOR,477,388,82,7
Perry,GREENWOOD TOWNSHIP,Auditor General,,LBT,JENNIFER MOORE,15,13,2,0
Perry,GREENWOOD TOWNSHIP,Auditor General,,GRE,OLIVIA FAISON,5,4,1,0
Perry,GREENWOOD TOWNSHIP,Auditor General,,,Write-Ins,1,0,1,0
Perry,GREENWOOD TOWNSHIP,State Treasurer,,DEM,JOE TORSELLA,157,90,66,1
Perry,GREENWOOD TOWNSHIP,State Treasurer,,REP,STACY L GARRITY,458,377,75,6
Perry,GREENWOOD TOWNSHIP,State Treasurer,,LBT,JOE SOLOSKI,14,13,1,0
Perry,GREENWOOD TOWNSHIP,State Treasurer,,GRE,TIMOTHY RUNKLE,4,3,1,0
Perry,GREENWOOD TOWNSHIP,State Treasurer,,,Write-Ins,1,0,1,0
Perry,GREENWOOD TOWNSHIP,U.S. House,12,DEM,LEE GRIFFIN,136,76,59,1
Perry,GREENWOOD TOWNSHIP,U.S. House,12,REP,FRED KELLER,500,409,85,6
Perry,GREENWOOD TOWNSHIP,U.S. House,12,,Write-Ins,1,0,1,0
Perry,GREENWOOD TOWNSHIP,State Senate,15,DEM,GEORGE SCOTT,154,92,60,2
Perry,GREENWOOD TOWNSHIP,State Senate,15,REP,JOHN DISANTO,484,396,83,5
Perry,GREENWOOD TOWNSHIP,State Senate,15,,Write-Ins,1,0,1,0
Perry,GREENWOOD TOWNSHIP,State Assembly,86,REP,PERRY STAMBAUGH,561,446,108,7
Perry,GREENWOOD TOWNSHIP,State Assembly,86,,Write-Ins,19,5,14,0
Perry,HOWE TOWNSHIP,President,,DEM,BIDEN/HARRIS,70,42,27,1
Perry,HOWE TOWNSHIP,President,,REP,TRUMP/PENCE,187,165,21,1
Perry,HOWE TOWNSHIP,President,,LBT,JORGENSEN/COHEN,1,1,0,0
Perry,HOWE TOWNSHIP,President,,,Write-Ins,0,0,0,0
Perry,HOWE TOWNSHIP,Attorney General,,DEM,JOSH SHAPIRO,79,54,24,1
Perry,HOWE TOWNSHIP,Attorney General,,REP,HEATHER HEIDELBAUGH,172,148,23,1
Perry,HOWE TOWNSHIP,Attorney General,,LBT,DANIEL WASSMER,3,3,0,0
Perry,HOWE TOWNSHIP,Attorney General,,GRE,RICHARD L WEISS,0,0,0,0
Perry,HOWE TOWNSHIP,Attorney General,,,Write-Ins,0,0,0,0
Perry,HOWE TOWNSHIP,Auditor General,,DEM,NINA AHMAD,58,35,22,1
Perry,HOWE TOWNSHIP,Auditor General,,REP,TIMOTHY DEFOOR,191,167,23,1
Perry,HOWE TOWNSHIP,Auditor General,,LBT,JENNIFER MOORE,6,5,1,0
Perry,HOWE TOWNSHIP,Auditor General,,GRE,OLIVIA FAISON,0,0,0,0
Perry,HOWE TOWNSHIP,Auditor General,,,Write-Ins,0,0,0,0
Perry,HOWE TOWNSHIP,State Treasurer,,DEM,JOE TORSELLA,65,42,22,1
Perry,HOWE TOWNSHIP,State Treasurer,,REP,STACY L GARRITY,187,163,23,1
Perry,HOWE TOWNSHIP,State Treasurer,,LBT,JOE SOLOSKI,2,2,0,0
Perry,HOWE TOWNSHIP,State Treasurer,,GRE,TIMOTHY RUNKLE,1,0,1,0
Perry,HOWE TOWNSHIP,State Treasurer,,,Write-Ins,0,0,0,0
Perry,HOWE TOWNSHIP,U.S. House,12,DEM,LEE GRIFFIN,56,39,16,1
Perry,HOWE TOWNSHIP,U.S. House,12,REP,FRED KELLER,201,168,32,1
Perry,HOWE TOWNSHIP,U.S. House,12,,Write-Ins,0,0,0,0
Perry,HOWE TOWNSHIP,State Senate,15,DEM,GEORGE SCOTT,65,45,19,1
Perry,HOWE TOWNSHIP,State Senate,15,REP,JOHN DISANTO,191,162,28,1
Perry,HOWE TOWNSHIP,State Senate,15,,Write-Ins,0,0,0,0
Perry,HOWE TOWNSHIP,State Assembly,86,REP,PERRY STAMBAUGH,222,180,40,2
Perry,HOWE TOWNSHIP,State Assembly,86,,Write-Ins,6,3,3,0
Perry,JACKSON TOWNSHIP,President,,DEM,BIDEN/HARRIS,33,20,13,0
Perry,JACKSON TOWNSHIP,President,,REP,TRUMP/PENCE,171,153,18,0
Perry,JACKSON TOWNSHIP,President,,LBT,JORGENSEN/COHEN,2,2,0,0
Perry,JACKSON TOWNSHIP,President,,,Write-Ins,1,1,0,0
Perry,JACKSON TOWNSHIP,Attorney General,,DEM,JOSH SHAPIRO,42,28,14,0
Perry,JACKSON TOWNSHIP,Attorney General,,REP,HEATHER HEIDELBAUGH,155,141,14,0
Perry,JACKSON TOWNSHIP,Attorney General,,LBT,DANIEL WASSMER,1,1,0,0
Perry,JACKSON TOWNSHIP,Attorney General,,GRE,RICHARD L WEISS,1,1,0,0
Perry,JACKSON TOWNSHIP,Attorney General,,,Write-Ins,0,0,0,0
Perry,JACKSON TOWNSHIP,Auditor General,,DEM,NINA AHMAD,36,23,13,0
Perry,JACKSON TOWNSHIP,Auditor General,,REP,TIMOTHY DEFOOR,158,142,16,0
Perry,JACKSON TOWNSHIP,Auditor General,,LBT,JENNIFER MOORE,5,5,0,0
Perry,JACKSON TOWNSHIP,Auditor General,,GRE,OLIVIA FAISON,2,2,0,0
Perry,JACKSON TOWNSHIP,Auditor General,,,Write-Ins,0,0,0,0
Perry,JACKSON TOWNSHIP,State Treasurer,,DEM,JOE TORSELLA,39,23,16,0
Perry,JACKSON TOWNSHIP,State Treasurer,,REP,STACY L GARRITY,158,144,14,0
Perry,JACKSON TOWNSHIP,State Treasurer,,LBT,JOE SOLOSKI,7,7,0,0
Perry,JACKSON TOWNSHIP,State Treasurer,,GRE,TIMOTHY RUNKLE,0,0,0,0
Perry,JACKSON TOWNSHIP,State Treasurer,,,Write-Ins,0,0,0,0
Perry,JACKSON TOWNSHIP,U.S. House,12,DEM,LEE GRIFFIN,30,20,10,0
Perry,JACKSON TOWNSHIP,U.S. House,12,REP,FRED KELLER,170,151,19,0
Perry,JACKSON TOWNSHIP,U.S. House,12,,Write-Ins,0,0,0,0
Perry,JACKSON TOWNSHIP,State Senate,15,DEM,GEORGE SCOTT,37,23,14,0
Perry,JACKSON TOWNSHIP,State Senate,15,REP,JOHN DISANTO,169,153,16,0
Perry,JACKSON TOWNSHIP,State Senate,15,,Write-Ins,0,0,0,0
Perry,JACKSON TOWNSHIP,State Assembly,86,REP,PERRY STAMBAUGH,190,168,22,0
Perry,JACKSON TOWNSHIP,State Assembly,86,,Write-Ins,3,2,1,0
Perry,JUNIATA TOWNSHIP,President,,DEM,BIDEN/HARRIS,226,110,114,2
Perry,JUNIATA TOWNSHIP,President,,REP,TRUMP/PENCE,637,556,67,14
Perry,JUNIATA TOWNSHIP,President,,LBT,JORGENSEN/COHEN,14,12,2,0
Perry,JUNIATA TOWNSHIP,President,,,Write-Ins,0,0,0,0
Perry,JUNIATA TOWNSHIP,Attorney General,,DEM,JOSH SHAPIRO,224,115,107,2
Perry,JUNIATA TOWNSHIP,Attorney General,,REP,HEATHER HEIDELBAUGH,602,522,66,14
Perry,JUNIATA TOWNSHIP,Attorney General,,LBT,DANIEL WASSMER,29,26,3,0
Perry,JUNIATA TOWNSHIP,Attorney General,,GRE,RICHARD L WEISS,13,11,2,0
Perry,JUNIATA TOWNSHIP,Attorney General,,,Write-Ins,0,0,0,0
Perry,JUNIATA TOWNSHIP,Auditor General,,DEM,NINA AHMAD,185,89,94,2
Perry,JUNIATA TOWNSHIP,Auditor General,,REP,TIMOTHY DEFOOR,620,532,74,14
Perry,JUNIATA TOWNSHIP,Auditor General,,LBT,JENNIFER MOORE,40,33,7,0
Perry,JUNIATA TOWNSHIP,Auditor General,,GRE,OLIVIA FAISON,10,8,2,0
Perry,JUNIATA TOWNSHIP,Auditor General,,,Write-Ins,0,0,0,0
Perry,JUNIATA TOWNSHIP,State Treasurer,,DEM,JOE TORSELLA,214,108,104,2
Perry,JUNIATA TOWNSHIP,State Treasurer,,REP,STACY L GARRITY,604,520,70,14
Perry,JUNIATA TOWNSHIP,State Treasurer,,LBT,JOE SOLOSKI,28,27,1,0
Perry,JUNIATA TOWNSHIP,State Treasurer,,GRE,TIMOTHY RUNKLE,9,7,2,0
Perry,JUNIATA TOWNSHIP,State Treasurer,,,Write-Ins,1,1,0,0
Perry,JUNIATA TOWNSHIP,U.S. House,12,DEM,LEE GRIFFIN,199,95,102,2
Perry,JUNIATA TOWNSHIP,U.S. House,12,REP,FRED KELLER,656,567,75,14
Perry,JUNIATA TOWNSHIP,U.S. House,12,,Write-Ins,6,5,1,0
Perry,JUNIATA TOWNSHIP,State Senate,15,DEM,GEORGE SCOTT,229,116,111,2
Perry,JUNIATA TOWNSHIP,State Senate,15,REP,JOHN DISANTO,629,547,68,14
Perry,JUNIATA TOWNSHIP,State Senate,15,,Write-Ins,1,1,0,0
Perry,JUNIATA TOWNSHIP,State Assembly,86,REP,PERRY STAMBAUGH,735,597,123,15
Perry,JUNIATA TOWNSHIP,State Assembly,86,,Write-Ins,35,21,13,1
Perry,LANDISBURG BOROUGH,President,,DEM,BIDEN/HARRIS,28,19,9,0
Perry,LANDISBURG BOROUGH,President,,REP,TRUMP/PENCE,67,57,9,1
Perry,LANDISBURG BOROUGH,President,,LBT,JORGENSEN/COHEN,1,0,1,0
Perry,LANDISBURG BOROUGH,President,,,Write-Ins,0,0,0,0
Perry,LANDISBURG BOROUGH,Attorney General,,DEM,JOSH SHAPIRO,27,20,7,0
Perry,LANDISBURG BOROUGH,Attorney General,,REP,HEATHER HEIDELBAUGH,62,52,9,1
Perry,LANDISBURG BOROUGH,Attorney General,,LBT,DANIEL WASSMER,3,2,1,0
Perry,LANDISBURG BOROUGH,Attorney General,,GRE,RICHARD L WEISS,2,0,2,0
Perry,LANDISBURG BOROUGH,Attorney General,,,Write-Ins,0,0,0,0
Perry,LANDISBURG BOROUGH,Auditor General,,DEM,NINA AHMAD,24,18,6,0
Perry,LANDISBURG BOROUGH,Auditor General,,REP,TIMOTHY DEFOOR,57,48,8,1
Perry,LANDISBURG BOROUGH,Auditor General,,LBT,JENNIFER MOORE,8,5,3,0
Perry,LANDISBURG BOROUGH,Auditor General,,GRE,OLIVIA FAISON,4,2,2,0
Perry,LANDISBURG BOROUGH,Auditor General,,,Write-Ins,0,0,0,0
Perry,LANDISBURG BOROUGH,State Treasurer,,DEM,JOE TORSELLA,20,14,6,0
Perry,LANDISBURG BOROUGH,State Treasurer,,REP,STACY L GARRITY,63,52,10,1
Perry,LANDISBURG BOROUGH,State Treasurer,,LBT,JOE SOLOSKI,8,7,1,0
Perry,LANDISBURG BOROUGH,State Treasurer,,GRE,TIMOTHY RUNKLE,3,1,2,0
Perry,LANDISBURG BOROUGH,State Treasurer,,,Write-Ins,0,0,0,0
Perry,LANDISBURG BOROUGH,U.S. House,12,DEM,LEE GRIFFIN,25,19,6,0
Perry,LANDISBURG BOROUGH,U.S. House,12,REP,FRED KELLER,67,53,13,1
Perry,LANDISBURG BOROUGH,U.S. House,12,,Write-Ins,0,0,0,0
Perry,LANDISBURG BOROUGH,State Senate,15,DEM,GEORGE SCOTT,25,18,7,0
Perry,LANDISBURG BOROUGH,State Senate,15,REP,JOHN DISANTO,65,52,12,1
Perry,LANDISBURG BOROUGH,State Senate,15,,Write-Ins,0,0,0,0
Perry,LANDISBURG BOROUGH,State Assembly,86,REP,PERRY STAMBAUGH,88,69,18,1
Perry,LANDISBURG BOROUGH,State Assembly,86,,Write-Ins,2,2,0,0
Perry,LIVERPOOL BOROUGH,President,,DEM,BIDEN/HARRIS,144,89,55,0
Perry,LIVERPOOL BOROUGH,President,,REP,TRUMP/PENCE,310,289,21,0
Perry,LIVERPOOL BOROUGH,President,,LBT,JORGENSEN/COHEN,14,11,3,0
Perry,LIVERPOOL BOROUGH,President,,,Write-Ins,2,1,1,0
Perry,LIVERPOOL BOROUGH,Attorney General,,DEM,JOSH SHAPIRO,153,95,58,0
Perry,LIVERPOOL BOROUGH,Attorney General,,REP,HEATHER HEIDELBAUGH,292,273,19,0
Perry,LIVERPOOL BOROUGH,Attorney General,,LBT,DANIEL WASSMER,15,13,2,0
Perry,LIVERPOOL BOROUGH,Attorney General,,GRE,RICHARD L WEISS,4,3,1,0
Perry,LIVERPOOL BOROUGH,Attorney General,,,Write-Ins,0,0,0,0
Perry,LIVERPOOL BOROUGH,Auditor General,,DEM,NINA AHMAD,120,74,46,0
Perry,LIVERPOOL BOROUGH,Auditor General,,REP,TIMOTHY DEFOOR,311,284,27,0
Perry,LIVERPOOL BOROUGH,Auditor General,,LBT,JENNIFER MOORE,23,20,3,0
Perry,LIVERPOOL BOROUGH,Auditor General,,GRE,OLIVIA FAISON,4,2,2,0
Perry,LIVERPOOL BOROUGH,Auditor General,,,Write-Ins,0,0,0,0
Perry,LIVERPOOL BOROUGH,State Treasurer,,DEM,JOE TORSELLA,137,87,50,0
Perry,LIVERPOOL BOROUGH,State Treasurer,,REP,STACY L GARRITY,303,278,25,0
Perry,LIVERPOOL BOROUGH,State Treasurer,,LBT,JOE SOLOSKI,16,14,2,0
Perry,LIVERPOOL BOROUGH,State Treasurer,,GRE,TIMOTHY RUNKLE,7,5,2,0
Perry,LIVERPOOL BOROUGH,State Treasurer,,,Write-Ins,0,0,0,0
Perry,LIVERPOOL BOROUGH,U.S. House,12,DEM,LEE GRIFFIN,124,78,46,0
Perry,LIVERPOOL BOROUGH,U.S. House,12,REP,FRED KELLER,340,306,34,0
Perry,LIVERPOOL BOROUGH,U.S. House,12,,Write-Ins,0,0,0,0
Perry,LIVERPOOL BOROUGH,State Senate,15,DEM,GEORGE SCOTT,147,99,48,0
Perry,LIVERPOOL BOROUGH,State Senate,15,REP,JOHN DISANTO,311,284,27,0
Perry,LIVERPOOL BOROUGH,State Senate,15,,Write-Ins,2,0,2,0
Perry,LIVERPOOL BOROUGH,State Assembly,86,REP,PERRY STAMBAUGH,391,337,54,0
Perry,LIVERPOOL BOROUGH,State Assembly,86,,Write-Ins,25,13,12,0
Perry,LIVERPOOL TOWNSHIP,President,,DEM,BIDEN/HARRIS,131,63,67,1
Perry,LIVERPOOL TOWNSHIP,President,,REP,TRUMP/PENCE,466,403,60,3
Perry,LIVERPOOL TOWNSHIP,President,,LBT,JORGENSEN/COHEN,11,9,2,0
Perry,LIVERPOOL TOWNSHIP,President,,,Write-Ins,0,0,0,0
Perry,LIVERPOOL TOWNSHIP,Attorney General,,DEM,JOSH SHAPIRO,122,61,60,1
Perry,LIVERPOOL TOWNSHIP,Attorney General,,REP,HEATHER HEIDELBAUGH,457,390,64,3
Perry,LIVERPOOL TOWNSHIP,Attorney General,,LBT,DANIEL WASSMER,14,13,1,0
Perry,LIVERPOOL TOWNSHIP,Attorney General,,GRE,RICHARD L WEISS,8,4,4,0
Perry,LIVERPOOL TOWNSHIP,Attorney General,,,Write-Ins,1,1,0,0
Perry,LIVERPOOL TOWNSHIP,Auditor General,,DEM,NINA AHMAD,104,49,54,1
Perry,LIVERPOOL TOWNSHIP,Auditor General,,REP,TIMOTHY DEFOOR,469,396,70,3
Perry,LIVERPOOL TOWNSHIP,Auditor General,,LBT,JENNIFER MOORE,20,18,2,0
Perry,LIVERPOOL TOWNSHIP,Auditor General,,GRE,OLIVIA FAISON,4,1,3,0
Perry,LIVERPOOL TOWNSHIP,Auditor General,,,Write-Ins,0,0,0,0
Perry,LIVERPOOL TOWNSHIP,State Treasurer,,DEM,JOE TORSELLA,111,53,57,1
Perry,LIVERPOOL TOWNSHIP,State Treasurer,,REP,STACY L GARRITY,469,398,68,3
Perry,LIVERPOOL TOWNSHIP,State Treasurer,,LBT,JOE SOLOSKI,12,12,0,0
Perry,LIVERPOOL TOWNSHIP,State Treasurer,,GRE,TIMOTHY RUNKLE,4,1,3,0
Perry,LIVERPOOL TOWNSHIP,State Treasurer,,,Write-Ins,0,0,0,0
Perry,LIVERPOOL TOWNSHIP,U.S. House,12,DEM,LEE GRIFFIN,115,53,61,1
Perry,LIVERPOOL TOWNSHIP,U.S. House,12,REP,FRED KELLER,480,410,67,3
Perry,LIVERPOOL TOWNSHIP,U.S. House,12,,Write-Ins,1,1,0,0
Perry,LIVERPOOL TOWNSHIP,State Senate,15,DEM,GEORGE SCOTT,136,61,74,1
Perry,LIVERPOOL TOWNSHIP,State Senate,15,REP,JOHN DISANTO,461,403,55,3
Perry,LIVERPOOL TOWNSHIP,State Senate,15,,Write-Ins,2,2,0,0
Perry,LIVERPOOL TOWNSHIP,State Assembly,86,REP,PERRY STAMBAUGH,537,442,91,4
Perry,LIVERPOOL TOWNSHIP,State Assembly,86,,Write-Ins,12,5,7,0
Perry,MADISON TOWNSHIP,President,,DEM,BIDEN/HARRIS,72,35,37,0
Perry,MADISON TOWNSHIP,President,,REP,TRUMP/PENCE,370,344,24,2
Perry,MADISON TOWNSHIP,President,,LBT,JORGENSEN/COHEN,6,6,0,0
Perry,MADISON TOWNSHIP,President,,,Write-Ins,1,0,1,0
Perry,MADISON TOWNSHIP,Attorney General,,DEM,JOSH SHAPIRO,75,41,34,0
Perry,MADISON TOWNSHIP,Attorney General,,REP,HEATHER HEIDELBAUGH,357,327,28,2
Perry,MADISON TOWNSHIP,Attorney General,,LBT,DANIEL WASSMER,8,8,0,0
Perry,MADISON TOWNSHIP,Attorney General,,GRE,RICHARD L WEISS,2,2,0,0
Perry,MADISON TOWNSHIP,Attorney General,,,Write-Ins,0,0,0,0
Perry,MADISON TOWNSHIP,Auditor General,,DEM,NINA AHMAD,59,30,29,0
Perry,MADISON TOWNSHIP,Auditor General,,REP,TIMOTHY DEFOOR,364,331,31,2
Perry,MADISON TOWNSHIP,Auditor General,,LBT,JENNIFER MOORE,11,11,0,0
Perry,MADISON TOWNSHIP,Auditor General,,GRE,OLIVIA FAISON,1,1,0,0
Perry,MADISON TOWNSHIP,Auditor General,,,Write-Ins,0,0,0,0
Perry,MADISON TOWNSHIP,State Treasurer,,DEM,JOE TORSELLA,63,34,29,0
Perry,MADISON TOWNSHIP,State Treasurer,,REP,STACY L GARRITY,366,332,32,2
Perry,MADISON TOWNSHIP,State Treasurer,,LBT,JOE SOLOSKI,5,5,0,0
Perry,MADISON TOWNSHIP,State Treasurer,,GRE,TIMOTHY RUNKLE,1,1,0,0
Perry,MADISON TOWNSHIP,State Treasurer,,,Write-Ins,0,0,0,0
Perry,MADISON TOWNSHIP,U.S. House,12,DEM,LEE GRIFFIN,56,28,28,0
Perry,MADISON TOWNSHIP,U.S. House,12,REP,FRED KELLER,381,347,33,1
Perry,MADISON TOWNSHIP,U.S. House,12,,Write-Ins,0,0,0,0
Perry,MADISON TOWNSHIP,State Senate,15,DEM,GEORGE SCOTT,67,37,30,0
Perry,MADISON TOWNSHIP,State Senate,15,REP,JOHN DISANTO,377,343,32,2
Perry,MADISON TOWNSHIP,State Senate,15,,Write-Ins,0,0,0,0
Perry,MADISON TOWNSHIP,State Assembly,86,REP,PERRY STAMBAUGH,405,358,45,2
Perry,MADISON TOWNSHIP,State Assembly,86,,Write-Ins,5,1,4,0
Perry,MARYSVILLE BOROUGH,President,,DEM,BIDEN/HARRIS,539,243,291,5
Perry,MARYSVILLE BOROUGH,President,,REP,TRUMP/PENCE,934,796,131,7
Perry,MARYSVILLE BOROUGH,President,,LBT,JORGENSEN/COHEN,23,15,7,1
Perry,MARYSVILLE BOROUGH,President,,,Write-Ins,3,1,2,0
Perry,MARYSVILLE BOROUGH,Attorney General,,DEM,JOSH SHAPIRO,532,260,267,5
Perry,MARYSVILLE BOROUGH,Attorney General,,REP,HEATHER HEIDELBAUGH,915,761,147,7
Perry,MARYSVILLE BOROUGH,Attorney General,,LBT,DANIEL WASSMER,28,20,8,0
Perry,MARYSVILLE BOROUGH,Attorney General,,GRE,RICHARD L WEISS,15,9,6,0
Perry,MARYSVILLE BOROUGH,Attorney General,,,Write-Ins,1,1,0,0
Perry,MARYSVILLE BOROUGH,Auditor General,,DEM,NINA AHMAD,455,198,253,4
Perry,MARYSVILLE BOROUGH,Auditor General,,REP,TIMOTHY DEFOOR,955,794,152,9
Perry,MARYSVILLE BOROUGH,Auditor General,,LBT,JENNIFER MOORE,57,39,18,0
Perry,MARYSVILLE BOROUGH,Auditor General,,GRE,OLIVIA FAISON,19,16,3,0
Perry,MARYSVILLE BOROUGH,Auditor General,,,Write-Ins,0,0,0,0
Perry,MARYSVILLE BOROUGH,State Treasurer,,DEM,JOE TORSELLA,487,222,261,4
Perry,MARYSVILLE BOROUGH,State Treasurer,,REP,STACY L GARRITY,938,785,144,9
Perry,MARYSVILLE BOROUGH,State Treasurer,,LBT,JOE SOLOSKI,41,27,14,0
Perry,MARYSVILLE BOROUGH,State Treasurer,,GRE,TIMOTHY RUNKLE,23,16,7,0
Perry,MARYSVILLE BOROUGH,State Treasurer,,,Write-Ins,0,0,0,0
Perry,MARYSVILLE BOROUGH,U.S. House,12,DEM,LEE GRIFFIN,503,235,264,4
Perry,MARYSVILLE BOROUGH,U.S. House,12,REP,FRED KELLER,989,818,162,9
Perry,MARYSVILLE BOROUGH,U.S. House,12,,Write-Ins,2,1,1,0
Perry,MARYSVILLE BOROUGH,State Senate,15,DEM,GEORGE SCOTT,549,263,281,5
Perry,MARYSVILLE BOROUGH,State Senate,15,REP,JOHN DISANTO,937,785,144,8
Perry,MARYSVILLE BOROUGH,State Senate,15,,Write-Ins,2,2,0,0
Perry,MARYSVILLE BOROUGH,State Assembly,86,REP,PERRY STAMBAUGH,1203,923,270,10
Perry,MARYSVILLE BOROUGH,State Assembly,86,,Write-Ins,69,35,34,0
Perry,MILLER TOWNSHIP,President,,DEM,BIDEN/HARRIS,110,55,55,0
Perry,MILLER TOWNSHIP,President,,REP,TRUMP/PENCE,406,367,38,1
Perry,MILLER TOWNSHIP,President,,LBT,JORGENSEN/COHEN,5,3,2,0
Perry,MILLER TOWNSHIP,President,,,Write-Ins,1,1,0,0
Perry,MILLER TOWNSHIP,Attorney General,,DEM,JOSH SHAPIRO,118,64,53,1
Perry,MILLER TOWNSHIP,Attorney General,,REP,HEATHER HEIDELBAUGH,386,346,40,0
Perry,MILLER TOWNSHIP,Attorney General,,LBT,DANIEL WASSMER,8,8,0,0
Perry,MILLER TOWNSHIP,Attorney General,,GRE,RICHARD L WEISS,7,5,2,0
Perry,MILLER TOWNSHIP,Attorney General,,,Write-Ins,0,0,0,0
Perry,MILLER TOWNSHIP,Auditor General,,DEM,NINA AHMAD,92,43,48,1
Perry,MILLER TOWNSHIP,Auditor General,,REP,TIMOTHY DEFOOR,405,362,43,0
Perry,MILLER TOWNSHIP,Auditor General,,LBT,JENNIFER MOORE,11,10,1,0
Perry,MILLER TOWNSHIP,Auditor General,,GRE,OLIVIA FAISON,7,4,3,0
Perry,MILLER TOWNSHIP,Auditor General,,,Write-Ins,1,1,0,0
Perry,MILLER TOWNSHIP,State Treasurer,,DEM,JOE TORSELLA,105,53,52,0
Perry,MILLER TOWNSHIP,State Treasurer,,REP,STACY L GARRITY,399,357,41,1
Perry,MILLER TOWNSHIP,State Treasurer,,LBT,JOE SOLOSKI,8,8,0,0
Perry,MILLER TOWNSHIP,State Treasurer,,GRE,TIMOTHY RUNKLE,6,4,2,0
Perry,MILLER TOWNSHIP,State Treasurer,,,Write-Ins,0,0,0,0
Perry,MILLER TOWNSHIP,U.S. House,12,DEM,LEE GRIFFIN,95,44,51,0
Perry,MILLER TOWNSHIP,U.S. House,12,REP,FRED KELLER,418,373,44,1
Perry,MILLER TOWNSHIP,U.S. House,12,,Write-Ins,2,2,0,0
Perry,MILLER TOWNSHIP,State Senate,15,DEM,GEORGE SCOTT,110,60,50,0
Perry,MILLER TOWNSHIP,State Senate,15,REP,JOHN DISANTO,408,363,45,0
Perry,MILLER TOWNSHIP,State Senate,15,,Write-Ins,0,0,0,0
Perry,MILLER TOWNSHIP,State Assembly,86,REP,PERRY STAMBAUGH,444,379,64,1
Perry,MILLER TOWNSHIP,State Assembly,86,,Write-Ins,16,6,10,0
Perry,MILLERSTOWN BOROUGH,President,,DEM,BIDEN/HARRIS,109,45,63,1
Perry,MILLERSTOWN BOROUGH,President,,REP,TRUMP/PENCE,306,272,34,0
Perry,MILLERSTOWN BOROUGH,President,,LBT,JORGENSEN/COHEN,5,4,1,0
Perry,MILLERSTOWN BOROUGH,President,,,Write-Ins,1,1,0,0
Perry,MILLERSTOWN BOROUGH,Attorney General,,DEM,JOSH SHAPIRO,109,55,53,1
Perry,MILLERSTOWN BOROUGH,Attorney General,,REP,HEATHER HEIDELBAUGH,292,251,41,0
Perry,MILLERSTOWN BOROUGH,Attorney General,,LBT,DANIEL WASSMER,14,11,3,0
Perry,MILLERSTOWN BOROUGH,Attorney General,,GRE,RICHARD L WEISS,2,1,1,0
Perry,MILLERSTOWN BOROUGH,Attorney General,,,Write-Ins,0,0,0,0
Perry,MILLERSTOWN BOROUGH,Auditor General,,DEM,NINA AHMAD,86,32,53,1
Perry,MILLERSTOWN BOROUGH,Auditor General,,REP,TIMOTHY DEFOOR,303,264,39,0
Perry,MILLERSTOWN BOROUGH,Auditor General,,LBT,JENNIFER MOORE,18,16,2,0
Perry,MILLERSTOWN BOROUGH,Auditor General,,GRE,OLIVIA FAISON,3,2,1,0
Perry,MILLERSTOWN BOROUGH,Auditor General,,,Write-Ins,0,0,0,0
Perry,MILLERSTOWN BOROUGH,State Treasurer,,DEM,JOE TORSELLA,94,41,52,1
Perry,MILLERSTOWN BOROUGH,State Treasurer,,REP,STACY L GARRITY,300,258,42,0
Perry,MILLERSTOWN BOROUGH,State Treasurer,,LBT,JOE SOLOSKI,13,10,3,0
Perry,MILLERSTOWN BOROUGH,State Treasurer,,GRE,TIMOTHY RUNKLE,7,6,1,0
Perry,MILLERSTOWN BOROUGH,State Treasurer,,,Write-Ins,0,0,0,0
Perry,MILLERSTOWN BOROUGH,U.S. House,12,DEM,LEE GRIFFIN,96,38,57,1
Perry,MILLERSTOWN BOROUGH,U.S. House,12,REP,FRED KELLER,319,279,40,0
Perry,MILLERSTOWN BOROUGH,U.S. House,12,,Write-Ins,1,1,0,0
Perry,MILLERSTOWN BOROUGH,State Senate,15,DEM,GEORGE SCOTT,113,52,60,1
Perry,MILLERSTOWN BOROUGH,State Senate,15,REP,JOHN DISANTO,304,267,37,0
Perry,MILLERSTOWN BOROUGH,State Senate,15,,Write-Ins,1,0,1,0
Perry,MILLERSTOWN BOROUGH,State Assembly,86,REP,PERRY STAMBAUGH,357,290,67,0
Perry,MILLERSTOWN BOROUGH,State Assembly,86,,Write-Ins,15,2,13,0
Perry,NEW BUFFALO BOROUGH,President,,DEM,BIDEN/HARRIS,15,11,4,0
Perry,NEW BUFFALO BOROUGH,President,,REP,TRUMP/PENCE,38,37,1,0
Perry,NEW BUFFALO BOROUGH,President,,LBT,JORGENSEN/COHEN,0,0,0,0
Perry,NEW BUFFALO BOROUGH,President,,,Write-Ins,0,0,0,0
Perry,NEW BUFFALO BOROUGH,Attorney General,,DEM,JOSH SHAPIRO,13,10,3,0
Perry,NEW BUFFALO BOROUGH,Attorney General,,REP,HEATHER HEIDELBAUGH,36,36,0,0
Perry,NEW BUFFALO BOROUGH,Attorney General,,LBT,DANIEL WASSMER,2,1,1,0
Perry,NEW BUFFALO BOROUGH,Attorney General,,GRE,RICHARD L WEISS,0,0,0,0
Perry,NEW BUFFALO BOROUGH,Attorney General,,,Write-Ins,0,0,0,0
Perry,NEW BUFFALO BOROUGH,Auditor General,,DEM,NINA AHMAD,8,7,1,0
Perry,NEW BUFFALO BOROUGH,Auditor General,,REP,TIMOTHY DEFOOR,38,35,3,0
Perry,NEW BUFFALO BOROUGH,Auditor General,,LBT,JENNIFER MOORE,4,4,0,0
Perry,NEW BUFFALO BOROUGH,Auditor General,,GRE,OLIVIA FAISON,0,0,0,0
Perry,NEW BUFFALO BOROUGH,Auditor General,,,Write-Ins,0,0,0,0
Perry,NEW BUFFALO BOROUGH,State Treasurer,,DEM,JOE TORSELLA,9,8,1,0
Perry,NEW BUFFALO BOROUGH,State Treasurer,,REP,STACY L GARRITY,40,37,3,0
Perry,NEW BUFFALO BOROUGH,State Treasurer,,LBT,JOE SOLOSKI,0,0,0,0
Perry,NEW BUFFALO BOROUGH,State Treasurer,,GRE,TIMOTHY RUNKLE,0,0,0,0
Perry,NEW BUFFALO BOROUGH,State Treasurer,,,Write-Ins,0,0,0,0
Perry,NEW BUFFALO BOROUGH,U.S. House,12,DEM,LEE GRIFFIN,11,10,1,0
Perry,NEW BUFFALO BOROUGH,U.S. House,12,REP,FRED KELLER,39,36,3,0
Perry,NEW BUFFALO BOROUGH,U.S. House,12,,Write-Ins,0,0,0,0
Perry,NEW BUFFALO BOROUGH,State Senate,15,DEM,GEORGE SCOTT,17,14,3,0
Perry,NEW BUFFALO BOROUGH,State Senate,15,REP,JOHN DISANTO,35,34,1,0
Perry,NEW BUFFALO BOROUGH,State Senate,15,,Write-Ins,0,0,0,0
Perry,NEW BUFFALO BOROUGH,State Assembly,86,REP,PERRY STAMBAUGH,44,41,3,0
Perry,NEW BUFFALO BOROUGH,State Assembly,86,,Write-Ins,0,0,0,0
Perry,NEWPORT BOROUGH,President,,DEM,BIDEN/HARRIS,158,94,61,3
Perry,NEWPORT BOROUGH,President,,REP,TRUMP/PENCE,429,375,52,2
Perry,NEWPORT BOROUGH,President,,LBT,JORGENSEN/COHEN,18,13,5,0
Perry,NEWPORT BOROUGH,President,,,Write-Ins,3,2,0,1
Perry,NEWPORT BOROUGH,Attorney General,,DEM,JOSH SHAPIRO,193,125,65,3
Perry,NEWPORT BOROUGH,Attorney General,,REP,HEATHER HEIDELBAUGH,381,333,47,1
Perry,NEWPORT BOROUGH,Attorney General,,LBT,DANIEL WASSMER,16,14,2,0
Perry,NEWPORT BOROUGH,Attorney General,,GRE,RICHARD L WEISS,12,7,4,1
Perry,NEWPORT BOROUGH,Attorney General,,,Write-Ins,1,1,0,0
Perry,NEWPORT BOROUGH,Auditor General,,DEM,NINA AHMAD,144,87,55,2
Perry,NEWPORT BOROUGH,Auditor General,,REP,TIMOTHY DEFOOR,418,362,54,2
Perry,NEWPORT BOROUGH,Auditor General,,LBT,JENNIFER MOORE,22,19,3,0
Perry,NEWPORT BOROUGH,Auditor General,,GRE,OLIVIA FAISON,11,6,4,1
Perry,NEWPORT BOROUGH,Auditor General,,,Write-Ins,0,0,0,0
Perry,NEWPORT BOROUGH,State Treasurer,,DEM,JOE TORSELLA,156,98,56,2
Perry,NEWPORT BOROUGH,State Treasurer,,REP,STACY L GARRITY,413,358,54,1
Perry,NEWPORT BOROUGH,State Treasurer,,LBT,JOE SOLOSKI,20,18,2,0
Perry,NEWPORT BOROUGH,State Treasurer,,GRE,TIMOTHY RUNKLE,10,6,2,2
Perry,NEWPORT BOROUGH,State Treasurer,,,Write-Ins,0,0,0,0
Perry,NEWPORT BOROUGH,U.S. House,12,DEM,LEE GRIFFIN,147,89,56,2
Perry,NEWPORT BOROUGH,U.S. House,12,REP,FRED KELLER,451,389,59,3
Perry,NEWPORT BOROUGH,U.S. House,12,,Write-Ins,2,2,0,0
Perry,NEWPORT BOROUGH,State Senate,15,DEM,GEORGE SCOTT,176,110,64,2
Perry,NEWPORT BOROUGH,State Senate,15,REP,JOHN DISANTO,419,366,50,3
Perry,NEWPORT BOROUGH,State Senate,15,,Write-Ins,1,1,0,0
Perry,NEWPORT BOROUGH,State Assembly,86,REP,PERRY STAMBAUGH,513,438,70,5
Perry,NEWPORT BOROUGH,State Assembly,86,,Write-Ins,18,10,8,0
Perry,OLIVER TOWNSHIP,President,,DEM,BIDEN/HARRIS,291,146,143,2
Perry,OLIVER TOWNSHIP,President,,REP,TRUMP/PENCE,641,533,102,6
Perry,OLIVER TOWNSHIP,President,,LBT,JORGENSEN/COHEN,18,16,2,0
Perry,OLIVER TOWNSHIP,President,,,Write-Ins,2,1,1,0
Perry,OLIVER TOWNSHIP,Attorney General,,DEM,JOSH SHAPIRO,311,164,145,2
Perry,OLIVER TOWNSHIP,Attorney General,,REP,HEATHER HEIDELBAUGH,590,492,92,6
Perry,OLIVER TOWNSHIP,Attorney General,,LBT,DANIEL WASSMER,27,23,4,0
Perry,OLIVER TOWNSHIP,Attorney General,,GRE,RICHARD L WEISS,12,8,4,0
Perry,OLIVER TOWNSHIP,Attorney General,,,Write-Ins,0,0,0,0
Perry,OLIVER TOWNSHIP,Auditor General,,DEM,NINA AHMAD,247,117,129,1
Perry,OLIVER TOWNSHIP,Auditor General,,REP,TIMOTHY DEFOOR,635,524,105,6
Perry,OLIVER TOWNSHIP,Auditor General,,LBT,JENNIFER MOORE,35,29,6,0
Perry,OLIVER TOWNSHIP,Auditor General,,GRE,OLIVIA FAISON,11,6,5,0
Perry,OLIVER TOWNSHIP,Auditor General,,,Write-Ins,0,0,0,0
Perry,OLIVER TOWNSHIP,State Treasurer,,DEM,JOE TORSELLA,269,131,137,1
Perry,OLIVER TOWNSHIP,State Treasurer,,REP,STACY L GARRITY,619,512,101,6
Perry,OLIVER TOWNSHIP,State Treasurer,,LBT,JOE SOLOSKI,32,28,4,0
Perry,OLIVER TOWNSHIP,State Treasurer,,GRE,TIMOTHY RUNKLE,11,8,3,0
Perry,OLIVER TOWNSHIP,State Treasurer,,,Write-Ins,1,1,0,0
Perry,OLIVER TOWNSHIP,U.S. House,12,DEM,LEE GRIFFIN,242,120,121,1
Perry,OLIVER TOWNSHIP,U.S. House,12,REP,FRED KELLER,686,556,124,6
Perry,OLIVER TOWNSHIP,U.S. House,12,,Write-Ins,3,3,0,0
Perry,OLIVER TOWNSHIP,State Senate,15,DEM,GEORGE SCOTT,295,153,141,1
Perry,OLIVER TOWNSHIP,State Senate,15,REP,JOHN DISANTO,640,528,106,6
Perry,OLIVER TOWNSHIP,State Senate,15,,Write-Ins,1,1,0,0
Perry,OLIVER TOWNSHIP,State Assembly,86,REP,PERRY STAMBAUGH,818,625,186,7
Perry,OLIVER TOWNSHIP,State Assembly,86,,Write-Ins,23,14,9,0
Perry,PENN TOWNSHIP,President,,DEM,BIDEN/HARRIS,427,183,240,4
Perry,PENN TOWNSHIP,President,,REP,TRUMP/PENCE,1199,1006,175,18
Perry,PENN TOWNSHIP,President,,LBT,JORGENSEN/COHEN,24,18,6,0
Perry,PENN TOWNSHIP,President,,,Write-Ins,5,1,4,0
Perry,PENN TOWNSHIP,Attorney General,,DEM,JOSH SHAPIRO,439,202,233,4
Perry,PENN TOWNSHIP,Attorney General,,REP,HEATHER HEIDELBAUGH,1145,961,168,16
Perry,PENN TOWNSHIP,Attorney General,,LBT,DANIEL WASSMER,29,21,8,0
Perry,PENN TOWNSHIP,Attorney General,,GRE,RICHARD L WEISS,21,15,5,1
Perry,PENN TOWNSHIP,Attorney General,,,Write-Ins,1,1,0,0
Perry,PENN TOWNSHIP,Auditor General,,DEM,NINA AHMAD,370,158,208,4
Perry,PENN TOWNSHIP,Auditor General,,REP,TIMOTHY DEFOOR,1164,970,176,18
Perry,PENN TOWNSHIP,Auditor General,,LBT,JENNIFER MOORE,61,47,14,0
Perry,PENN TOWNSHIP,Auditor General,,GRE,OLIVIA FAISON,17,12,5,0
Perry,PENN TOWNSHIP,Auditor General,,,Write-Ins,1,0,1,0
Perry,PENN TOWNSHIP,State Treasurer,,DEM,JOE TORSELLA,390,176,211,3
Perry,PENN TOWNSHIP,State Treasurer,,REP,STACY L GARRITY,1158,967,173,18
Perry,PENN TOWNSHIP,State Treasurer,,LBT,JOE SOLOSKI,41,29,12,0
Perry,PENN TOWNSHIP,State Treasurer,,GRE,TIMOTHY RUNKLE,26,16,9,1
Perry,PENN TOWNSHIP,State Treasurer,,,Write-Ins,1,1,0,0
Perry,PENN TOWNSHIP,U.S. House,12,DEM,LEE GRIFFIN,394,176,214,4
Perry,PENN TOWNSHIP,U.S. House,12,REP,FRED KELLER,1223,1007,198,18
Perry,PENN TOWNSHIP,U.S. House,12,,Write-Ins,4,3,1,0
Perry,PENN TOWNSHIP,State Senate,15,DEM,GEORGE SCOTT,432,201,228,3
Perry,PENN TOWNSHIP,State Senate,15,REP,JOHN DISANTO,1187,988,180,19
Perry,PENN TOWNSHIP,State Senate,15,,Write-Ins,1,1,0,0
Perry,PENN TOWNSHIP,State Assembly,86,REP,PERRY STAMBAUGH,1387,1081,285,21
Perry,PENN TOWNSHIP,State Assembly,86,,Write-Ins,45,21,24,0
Perry,RYE TOWNSHIP,President,,DEM,BIDEN/HARRIS,377,166,210,1
Perry,RYE TOWNSHIP,President,,REP,TRUMP/PENCE,1092,951,139,2
Perry,RYE TOWNSHIP,President,,LBT,JORGENSEN/COHEN,21,16,5,0
Perry,RYE TOWNSHIP,President,,,Write-Ins,7,4,3,0
Perry,RYE TOWNSHIP,Attorney General,,DEM,JOSH SHAPIRO,398,196,201,1
Perry,RYE TOWNSHIP,Attorney General,,REP,HEATHER HEIDELBAUGH,1052,916,134,2
Perry,RYE TOWNSHIP,Attorney General,,LBT,DANIEL WASSMER,18,13,5,0
Perry,RYE TOWNSHIP,Attorney General,,GRE,RICHARD L WEISS,11,5,6,0
Perry,RYE TOWNSHIP,Attorney General,,,Write-Ins,1,1,0,0
Perry,RYE TOWNSHIP,Auditor General,,DEM,NINA AHMAD,335,145,189,1
Perry,RYE TOWNSHIP,Auditor General,,REP,TIMOTHY DEFOOR,1089,943,144,2
Perry,RYE TOWNSHIP,Auditor General,,LBT,JENNIFER MOORE,44,36,8,0
Perry,RYE TOWNSHIP,Auditor General,,GRE,OLIVIA FAISON,7,3,4,0
Perry,RYE TOWNSHIP,Auditor General,,,Write-Ins,1,0,1,0
Perry,RYE TOWNSHIP,State Treasurer,,DEM,JOE TORSELLA,339,151,187,1
Perry,RYE TOWNSHIP,State Treasurer,,REP,STACY L GARRITY,1087,941,144,2
Perry,RYE TOWNSHIP,State Treasurer,,LBT,JOE SOLOSKI,29,21,8,0
Perry,RYE TOWNSHIP,State Treasurer,,GRE,TIMOTHY RUNKLE,21,13,8,0
Perry,RYE TOWNSHIP,State Treasurer,,,Write-Ins,0,0,0,0
Perry,RYE TOWNSHIP,U.S. House,12,DEM,LEE GRIFFIN,332,143,188,1
Perry,RYE TOWNSHIP,U.S. House,12,REP,FRED KELLER,1141,978,161,2
Perry,RYE TOWNSHIP,U.S. House,12,,Write-Ins,2,0,2,0
Perry,RYE TOWNSHIP,State Senate,15,DEM,GEORGE SCOTT,378,172,205,1
Perry,RYE TOWNSHIP,State Senate,15,REP,JOHN DISANTO,1097,950,145,2
Perry,RYE TOWNSHIP,State Senate,15,,Write-Ins,1,1,0,0
Perry,RYE TOWNSHIP,State Assembly,86,REP,PERRY STAMBAUGH,1251,1034,215,2
Perry,RYE TOWNSHIP,State Assembly,86,,Write-Ins,49,14,35,0
Perry,SANDY HILL DISTRICT,President,,DEM,BIDEN/HARRIS,93,50,43,0
Perry,SANDY HILL DISTRICT,President,,REP,TRUMP/PENCE,300,261,38,1
Perry,SANDY HILL DISTRICT,President,,LBT,JORGENSEN/COHEN,7,4,3,0
Perry,SANDY HILL DISTRICT,President,,,Write-Ins,1,1,0,0
Perry,SANDY HILL DISTRICT,Attorney General,,DEM,JOSH SHAPIRO,93,53,40,0
Perry,SANDY HILL DISTRICT,Attorney General,,REP,HEATHER HEIDELBAUGH,287,248,38,1
Perry,SANDY HILL DISTRICT,Attorney General,,LBT,DANIEL WASSMER,8,6,2,0
Perry,SANDY HILL DISTRICT,Attorney General,,GRE,RICHARD L WEISS,5,3,2,0
Perry,SANDY HILL DISTRICT,Attorney General,,,Write-Ins,0,0,0,0
Perry,SANDY HILL DISTRICT,Auditor General,,DEM,NINA AHMAD,79,42,37,0
Perry,SANDY HILL DISTRICT,Auditor General,,REP,TIMOTHY DEFOOR,298,255,42,1
Perry,SANDY HILL DISTRICT,Auditor General,,LBT,JENNIFER MOORE,12,10,2,0
Perry,SANDY HILL DISTRICT,Auditor General,,GRE,OLIVIA FAISON,4,3,1,0
Perry,SANDY HILL DISTRICT,Auditor General,,,Write-Ins,0,0,0,0
Perry,SANDY HILL DISTRICT,State Treasurer,,DEM,JOE TORSELLA,79,42,37,0
Perry,SANDY HILL DISTRICT,State Treasurer,,REP,STACY L GARRITY,297,255,41,1
Perry,SANDY HILL DISTRICT,State Treasurer,,LBT,JOE SOLOSKI,8,6,2,0
Perry,SANDY HILL DISTRICT,State Treasurer,,GRE,TIMOTHY RUNKLE,8,5,3,0
Perry,SANDY HILL DISTRICT,State Treasurer,,,Write-Ins,0,0,0,0
Perry,SANDY HILL DISTRICT,U.S. House,12,DEM,LEE GRIFFIN,81,46,35,0
Perry,SANDY HILL DISTRICT,U.S. House,12,REP,FRED KELLER,314,267,46,1
Perry,SANDY HILL DISTRICT,U.S. House,12,,Write-Ins,0,0,0,0
Perry,SANDY HILL DISTRICT,State Senate,15,DEM,GEORGE SCOTT,93,54,39,0
Perry,SANDY HILL DISTRICT,State Senate,15,REP,JOHN DISANTO,303,259,43,1
Perry,SANDY HILL DISTRICT,State Senate,15,,Write-Ins,1,0,1,0
Perry,SANDY HILL DISTRICT,State Assembly,86,REP,PERRY STAMBAUGH,354,293,60,1
Perry,SANDY HILL DISTRICT,State Assembly,86,,Write-Ins,13,4,9,0
Perry,SAVILLE TOWNSHIP,President,,DEM,BIDEN/HARRIS,212,87,125,0
Perry,SAVILLE TOWNSHIP,President,,REP,TRUMP/PENCE,1040,900,140,0
Perry,SAVILLE TOWNSHIP,President,,LBT,JORGENSEN/COHEN,13,11,2,0
Perry,SAVILLE TOWNSHIP,President,,,Write-Ins,6,4,2,0
Perry,SAVILLE TOWNSHIP,Attorney General,,DEM,JOSH SHAPIRO,221,109,112,0
Perry,SAVILLE TOWNSHIP,Attorney General,,REP,HEATHER HEIDELBAUGH,998,858,140,0
Perry,SAVILLE TOWNSHIP,Attorney General,,LBT,DANIEL WASSMER,20,15,5,0
Perry,SAVILLE TOWNSHIP,Attorney General,,GRE,RICHARD L WEISS,14,9,5,0
Perry,SAVILLE TOWNSHIP,Attorney General,,,Write-Ins,1,1,0,0
Perry,SAVILLE TOWNSHIP,Auditor General,,DEM,NINA AHMAD,186,84,102,0
Perry,SAVILLE TOWNSHIP,Auditor General,,REP,TIMOTHY DEFOOR,994,852,142,0
Perry,SAVILLE TOWNSHIP,Auditor General,,LBT,JENNIFER MOORE,33,28,5,0
Perry,SAVILLE TOWNSHIP,Auditor General,,GRE,OLIVIA FAISON,15,10,5,0
Perry,SAVILLE TOWNSHIP,Auditor General,,,Write-Ins,1,1,0,0
Perry,SAVILLE TOWNSHIP,State Treasurer,,DEM,JOE TORSELLA,186,82,104,0
Perry,SAVILLE TOWNSHIP,State Treasurer,,REP,STACY L GARRITY,1005,861,144,0
Perry,SAVILLE TOWNSHIP,State Treasurer,,LBT,JOE SOLOSKI,24,21,3,0
Perry,SAVILLE TOWNSHIP,State Treasurer,,GRE,TIMOTHY RUNKLE,17,9,8,0
Perry,SAVILLE TOWNSHIP,State Treasurer,,,Write-Ins,1,1,0,0
Perry,SAVILLE TOWNSHIP,U.S. House,12,DEM,LEE GRIFFIN,197,86,111,0
Perry,SAVILLE TOWNSHIP,U.S. House,12,REP,FRED KELLER,1042,893,149,0
Perry,SAVILLE TOWNSHIP,U.S. House,12,,Write-Ins,1,1,0,0
Perry,SAVILLE TOWNSHIP,State Senate,15,DEM,GEORGE SCOTT,238,121,117,0
Perry,SAVILLE TOWNSHIP,State Senate,15,REP,JOHN DISANTO,1005,859,146,0
Perry,SAVILLE TOWNSHIP,State Senate,15,,Write-Ins,2,2,0,0
Perry,SAVILLE TOWNSHIP,State Assembly,86,REP,PERRY STAMBAUGH,1135,925,210,0
Perry,SAVILLE TOWNSHIP,State Assembly,86,,Write-Ins,30,14,16,0
Perry,SPRING TOWNSHIP,President,,DEM,BIDEN/HARRIS,303,131,170,2
Perry,SPRING TOWNSHIP,President,,REP,TRUMP/PENCE,955,827,121,7
Perry,SPRING TOWNSHIP,President,,LBT,JORGENSEN/COHEN,21,15,6,0
Perry,SPRING TOWNSHIP,President,,,Write-Ins,1,0,1,0
Perry,SPRING TOWNSHIP,Attorney General,,DEM,JOSH SHAPIRO,277,122,154,1
Perry,SPRING TOWNSHIP,Attorney General,,REP,HEATHER HEIDELBAUGH,963,825,130,8
Perry,SPRING TOWNSHIP,Attorney General,,LBT,DANIEL WASSMER,19,15,4,0
Perry,SPRING TOWNSHIP,Attorney General,,GRE,RICHARD L WEISS,11,5,6,0
Perry,SPRING TOWNSHIP,Attorney General,,,Write-Ins,0,0,0,0
Perry,SPRING TOWNSHIP,Auditor General,,DEM,NINA AHMAD,242,98,143,1
Perry,SPRING TOWNSHIP,Auditor General,,REP,TIMOTHY DEFOOR,982,839,135,8
Perry,SPRING TOWNSHIP,Auditor General,,LBT,JENNIFER MOORE,34,23,11,0
Perry,SPRING TOWNSHIP,Auditor General,,GRE,OLIVIA FAISON,9,6,3,0
Perry,SPRING TOWNSHIP,Auditor General,,,Write-Ins,0,0,0,0
Perry,SPRING TOWNSHIP,State Treasurer,,DEM,JOE TORSELLA,262,110,151,1
Perry,SPRING TOWNSHIP,State Treasurer,,REP,STACY L GARRITY,963,827,128,8
Perry,SPRING TOWNSHIP,State Treasurer,,LBT,JOE SOLOSKI,29,19,10,0
Perry,SPRING TOWNSHIP,State Treasurer,,GRE,TIMOTHY RUNKLE,14,10,4,0
Perry,SPRING TOWNSHIP,State Treasurer,,,Write-Ins,0,0,0,0
Perry,SPRING TOWNSHIP,U.S. House,12,DEM,LEE GRIFFIN,256,104,151,1
Perry,SPRING TOWNSHIP,U.S. House,12,REP,FRED KELLER,1009,861,140,8
Perry,SPRING TOWNSHIP,U.S. House,12,,Write-Ins,5,3,2,0
Perry,SPRING TOWNSHIP,State Senate,15,DEM,GEORGE SCOTT,296,132,163,1
Perry,SPRING TOWNSHIP,State Senate,15,REP,JOHN DISANTO,974,837,129,8
Perry,SPRING TOWNSHIP,State Senate,15,,Write-Ins,0,0,0,0
Perry,SPRING TOWNSHIP,State Assembly,86,REP,PERRY STAMBAUGH,1148,926,214,8
Perry,SPRING TOWNSHIP,State Assembly,86,,Write-Ins,29,5,24,0
Perry,TOBOYNE TOWNSHIP 1ST,President,,DEM,BIDEN/HARRIS,29,21,8,0
Perry,TOBOYNE TOWNSHIP 1ST,President,,REP,TRUMP/PENCE,137,126,9,2
Perry,TOBOYNE TOWNSHIP 1ST,President,,LBT,JORGENSEN/COHEN,4,3,1,0
Perry,TOBOYNE TOWNSHIP 1ST,President,,,Write-Ins,0,0,0,0
Perry,TOBOYNE TOWNSHIP 1ST,Attorney General,,DEM,JOSH SHAPIRO,37,28,9,0
Perry,TOBOYNE TOWNSHIP 1ST,Attorney General,,REP,HEATHER HEIDELBAUGH,126,116,8,2
Perry,TOBOYNE TOWNSHIP 1ST,Attorney General,,LBT,DANIEL WASSMER,2,2,0,0
Perry,TOBOYNE TOWNSHIP 1ST,Attorney General,,GRE,RICHARD L WEISS,1,0,1,0
Perry,TOBOYNE TOWNSHIP 1ST,Attorney General,,,Write-Ins,0,0,0,0
Perry,TOBOYNE TOWNSHIP 1ST,Auditor General,,DEM,NINA AHMAD,24,17,7,0
Perry,TOBOYNE TOWNSHIP 1ST,Auditor General,,REP,TIMOTHY DEFOOR,133,121,10,2
Perry,TOBOYNE TOWNSHIP 1ST,Auditor General,,LBT,JENNIFER MOORE,4,4,0,0
Perry,TOBOYNE TOWNSHIP 1ST,Auditor General,,GRE,OLIVIA FAISON,2,1,1,0
Perry,TOBOYNE TOWNSHIP 1ST,Auditor General,,,Write-Ins,0,0,0,0
Perry,TOBOYNE TOWNSHIP 1ST,State Treasurer,,DEM,JOE TORSELLA,26,17,9,0
Perry,TOBOYNE TOWNSHIP 1ST,State Treasurer,,REP,STACY L GARRITY,129,119,8,2
Perry,TOBOYNE TOWNSHIP 1ST,State Treasurer,,LBT,JOE SOLOSKI,6,6,0,0
Perry,TOBOYNE TOWNSHIP 1ST,State Treasurer,,GRE,TIMOTHY RUNKLE,2,1,1,0
Perry,TOBOYNE TOWNSHIP 1ST,State Treasurer,,,Write-Ins,0,0,0,0
Perry,TOBOYNE TOWNSHIP 1ST,U.S. House,12,DEM,LEE GRIFFIN,28,19,9,0
Perry,TOBOYNE TOWNSHIP 1ST,U.S. House,12,REP,FRED KELLER,138,127,9,2
Perry,TOBOYNE TOWNSHIP 1ST,U.S. House,12,,Write-Ins,0,0,0,0
Perry,TOBOYNE TOWNSHIP 1ST,State Senate,15,DEM,GEORGE SCOTT,30,20,10,0
Perry,TOBOYNE TOWNSHIP 1ST,State Senate,15,REP,JOHN DISANTO,135,125,8,2
Perry,TOBOYNE TOWNSHIP 1ST,State Senate,15,,Write-Ins,0,0,0,0
Perry,TOBOYNE TOWNSHIP 1ST,State Assembly,86,REP,PERRY STAMBAUGH,143,127,14,2
Perry,TOBOYNE TOWNSHIP 1ST,State Assembly,86,,Write-Ins,1,1,0,0
Perry,TOBOYNE TOWNSHIP 2ND,President,,DEM,BIDEN/HARRIS,4,3,1,0
Perry,TOBOYNE TOWNSHIP 2ND,President,,REP,TRUMP/PENCE,48,42,6,0
Perry,TOBOYNE TOWNSHIP 2ND,President,,LBT,JORGENSEN/COHEN,0,0,0,0
Perry,TOBOYNE TOWNSHIP 2ND,President,,,Write-Ins,0,0,0,0
Perry,TOBOYNE TOWNSHIP 2ND,Attorney General,,DEM,JOSH SHAPIRO,7,5,2,0
Perry,TOBOYNE TOWNSHIP 2ND,Attorney General,,REP,HEATHER HEIDELBAUGH,42,38,4,0
Perry,TOBOYNE TOWNSHIP 2ND,Attorney General,,LBT,DANIEL WASSMER,0,0,0,0
Perry,TOBOYNE TOWNSHIP 2ND,Attorney General,,GRE,RICHARD L WEISS,0,0,0,0
Perry,TOBOYNE TOWNSHIP 2ND,Attorney General,,,Write-Ins,0,0,0,0
Perry,TOBOYNE TOWNSHIP 2ND,Auditor General,,DEM,NINA AHMAD,5,4,1,0
Perry,TOBOYNE TOWNSHIP 2ND,Auditor General,,REP,TIMOTHY DEFOOR,42,38,4,0
Perry,TOBOYNE TOWNSHIP 2ND,Auditor General,,LBT,JENNIFER MOORE,2,1,1,0
Perry,TOBOYNE TOWNSHIP 2ND,Auditor General,,GRE,OLIVIA FAISON,0,0,0,0
Perry,TOBOYNE TOWNSHIP 2ND,Auditor General,,,Write-Ins,0,0,0,0
Perry,TOBOYNE TOWNSHIP 2ND,State Treasurer,,DEM,JOE TORSELLA,4,3,1,0
Perry,TOBOYNE TOWNSHIP 2ND,State Treasurer,,REP,STACY L GARRITY,43,39,4,0
Perry,TOBOYNE TOWNSHIP 2ND,State Treasurer,,LBT,JOE SOLOSKI,0,0,0,0
Perry,TOBOYNE TOWNSHIP 2ND,State Treasurer,,GRE,TIMOTHY RUNKLE,1,0,1,0
Perry,TOBOYNE TOWNSHIP 2ND,State Treasurer,,,Write-Ins,0,0,0,0
Perry,TOBOYNE TOWNSHIP 2ND,U.S. House,12,DEM,LEE GRIFFIN,4,3,1,0
Perry,TOBOYNE TOWNSHIP 2ND,U.S. House,12,REP,FRED KELLER,45,40,5,0
Perry,TOBOYNE TOWNSHIP 2ND,U.S. House,12,,Write-Ins,0,0,0,0
Perry,TOBOYNE TOWNSHIP 2ND,State Senate,15,DEM,GEORGE SCOTT,7,5,2,0
Perry,TOBOYNE TOWNSHIP 2ND,State Senate,15,REP,JOHN DISANTO,42,38,4,0
Perry,TOBOYNE TOWNSHIP 2ND,State Senate,15,,Write-Ins,0,0,0,0
Perry,TOBOYNE TOWNSHIP 2ND,State Assembly,86,REP,PERRY STAMBAUGH,44,40,4,0
Perry,TOBOYNE TOWNSHIP 2ND,State Assembly,86,,Write-Ins,0,0,0,0
Perry,TUSCARORA TOWNSHIP,President,,DEM,BIDEN/HARRIS,128,49,77,2
Perry,TUSCARORA TOWNSHIP,President,,REP,TRUMP/PENCE,545,445,84,16
Perry,TUSCARORA TOWNSHIP,President,,LBT,JORGENSEN/COHEN,18,16,2,0
Perry,TUSCARORA TOWNSHIP,President,,,Write-Ins,3,0,3,0
Perry,TUSCARORA TOWNSHIP,Attorney General,,DEM,JOSH SHAPIRO,142,60,80,2
Perry,TUSCARORA TOWNSHIP,Attorney General,,REP,HEATHER HEIDELBAUGH,530,428,86,16
Perry,TUSCARORA TOWNSHIP,Attorney General,,LBT,DANIEL WASSMER,11,11,0,0
Perry,TUSCARORA TOWNSHIP,Attorney General,,GRE,RICHARD L WEISS,3,2,1,0
Perry,TUSCARORA TOWNSHIP,Attorney General,,,Write-Ins,0,0,0,0
Perry,TUSCARORA TOWNSHIP,Auditor General,,DEM,NINA AHMAD,120,42,76,2
Perry,TUSCARORA TOWNSHIP,Auditor General,,REP,TIMOTHY DEFOOR,534,433,85,16
Perry,TUSCARORA TOWNSHIP,Auditor General,,LBT,JENNIFER MOORE,16,14,2,0
Perry,TUSCARORA TOWNSHIP,Auditor General,,GRE,OLIVIA FAISON,6,4,2,0
Perry,TUSCARORA TOWNSHIP,Auditor General,,,Write-Ins,1,1,0,0
Perry,TUSCARORA TOWNSHIP,State Treasurer,,DEM,JOE TORSELLA,125,46,77,2
Perry,TUSCARORA TOWNSHIP,State Treasurer,,REP,STACY L GARRITY,538,435,87,16
Perry,TUSCARORA TOWNSHIP,State Treasurer,,LBT,JOE SOLOSKI,13,11,2,0
Perry,TUSCARORA TOWNSHIP,State Treasurer,,GRE,TIMOTHY RUNKLE,6,5,1,0
Perry,TUSCARORA TOWNSHIP,State Treasurer,,,Write-Ins,0,0,0,0
Perry,TUSCARORA TOWNSHIP,U.S. House,12,DEM,LEE GRIFFIN,111,41,68,2
Perry,TUSCARORA TOWNSHIP,U.S. House,12,REP,FRED KELLER,572,458,98,16
Perry,TUSCARORA TOWNSHIP,U.S. House,12,,Write-Ins,2,2,0,0
Perry,TUSCARORA TOWNSHIP,State Senate,15,DEM,GEORGE SCOTT,136,53,81,2
Perry,TUSCARORA TOWNSHIP,State Senate,15,REP,JOHN DISANTO,551,448,87,16
Perry,TUSCARORA TOWNSHIP,State Senate,15,,Write-Ins,1,1,0,0
Perry,TUSCARORA TOWNSHIP,State Assembly,86,REP,PERRY STAMBAUGH,613,476,120,17
Perry,TUSCARORA TOWNSHIP,State Assembly,86,,Write-Ins,19,6,13,0
Perry,TYRONE TOWNSHIP,President,,DEM,BIDEN/HARRIS,187,88,96,3
Perry,TYRONE TOWNSHIP,President,,REP,TRUMP/PENCE,693,624,68,1
Perry,TYRONE TOWNSHIP,President,,LBT,JORGENSEN/COHEN,18,13,5,0
Perry,TYRONE TOWNSHIP,President,,,Write-Ins,4,1,3,0
Perry,TYRONE TOWNSHIP,Attorney General,,DEM,JOSH SHAPIRO,209,113,93,3
Perry,TYRONE TOWNSHIP,Attorney General,,REP,HEATHER HEIDELBAUGH,656,589,66,1
Perry,TYRONE TOWNSHIP,Attorney General,,LBT,DANIEL WASSMER,19,14,5,0
Perry,TYRONE TOWNSHIP,Attorney General,,GRE,RICHARD L WEISS,3,1,2,0
Perry,TYRONE TOWNSHIP,Attorney General,,,Write-Ins,0,0,0,0
Perry,TYRONE TOWNSHIP,Auditor General,,DEM,NINA AHMAD,165,73,90,2
Perry,TYRONE TOWNSHIP,Auditor General,,REP,TIMOTHY DEFOOR,673,602,69,2
Perry,TYRONE TOWNSHIP,Auditor General,,LBT,JENNIFER MOORE,33,26,7,0
Perry,TYRONE TOWNSHIP,Auditor General,,GRE,OLIVIA FAISON,6,6,0,0
Perry,TYRONE TOWNSHIP,Auditor General,,,Write-Ins,0,0,0,0
Perry,TYRONE TOWNSHIP,State Treasurer,,DEM,JOE TORSELLA,195,99,93,3
Perry,TYRONE TOWNSHIP,State Treasurer,,REP,STACY L GARRITY,657,590,66,1
Perry,TYRONE TOWNSHIP,State Treasurer,,LBT,JOE SOLOSKI,21,17,4,0
Perry,TYRONE TOWNSHIP,State Treasurer,,GRE,TIMOTHY RUNKLE,11,6,5,0
Perry,TYRONE TOWNSHIP,State Treasurer,,,Write-Ins,0,0,0,0
Perry,TYRONE TOWNSHIP,U.S. House,12,DEM,LEE GRIFFIN,172,80,90,2
Perry,TYRONE TOWNSHIP,U.S. House,12,REP,FRED KELLER,710,630,78,2
Perry,TYRONE TOWNSHIP,U.S. House,12,,Write-Ins,0,0,0,0
Perry,TYRONE TOWNSHIP,State Senate,15,DEM,GEORGE SCOTT,195,105,87,3
Perry,TYRONE TOWNSHIP,State Senate,15,REP,JOHN DISANTO,689,609,79,1
Perry,TYRONE TOWNSHIP,State Senate,15,,Write-Ins,0,0,0,0
Perry,TYRONE TOWNSHIP,State Assembly,86,REP,PERRY STAMBAUGH,811,674,135,2
Perry,TYRONE TOWNSHIP,State Assembly,86,,Write-Ins,22,11,10,1
Perry,WATTS TOWNSHIP,President,,DEM,BIDEN/HARRIS,163,80,83,0
Perry,WATTS TOWNSHIP,President,,REP,TRUMP/PENCE,585,527,56,2
Perry,WATTS TOWNSHIP,President,,LBT,JORGENSEN/COHEN,9,8,1,0
Perry,WATTS TOWNSHIP,President,,,Write-Ins,3,3,0,0
Perry,WATTS TOWNSHIP,Attorney General,,DEM,JOSH SHAPIRO,171,89,82,0
Perry,WATTS TOWNSHIP,Attorney General,,REP,HEATHER HEIDELBAUGH,564,509,53,2
Perry,WATTS TOWNSHIP,Attorney General,,LBT,DANIEL WASSMER,9,7,2,0
Perry,WATTS TOWNSHIP,Attorney General,,GRE,RICHARD L WEISS,6,4,2,0
Perry,WATTS TOWNSHIP,Attorney General,,,Write-Ins,0,0,0,0
Perry,WATTS TOWNSHIP,Auditor General,,DEM,NINA AHMAD,137,71,66,0
Perry,WATTS TOWNSHIP,Auditor General,,REP,TIMOTHY DEFOOR,580,519,59,2
Perry,WATTS TOWNSHIP,Auditor General,,LBT,JENNIFER MOORE,20,16,4,0
Perry,WATTS TOWNSHIP,Auditor General,,GRE,OLIVIA FAISON,10,3,7,0
Perry,WATTS TOWNSHIP,Auditor General,,,Write-Ins,0,0,0,0
Perry,WATTS TOWNSHIP,State Treasurer,,DEM,JOE TORSELLA,151,77,74,0
Perry,WATTS TOWNSHIP,State Treasurer,,REP,STACY L GARRITY,570,512,56,2
Perry,WATTS TOWNSHIP,State Treasurer,,LBT,JOE SOLOSKI,17,14,3,0
Perry,WATTS TOWNSHIP,State Treasurer,,GRE,TIMOTHY RUNKLE,9,6,3,0
Perry,WATTS TOWNSHIP,State Treasurer,,,Write-Ins,0,0,0,0
Perry,WATTS TOWNSHIP,U.S. House,12,DEM,LEE GRIFFIN,144,75,69,0
Perry,WATTS TOWNSHIP,U.S. House,12,REP,FRED KELLER,608,535,71,2
Perry,WATTS TOWNSHIP,U.S. House,12,,Write-Ins,0,0,0,0
Perry,WATTS TOWNSHIP,State Senate,15,DEM,GEORGE SCOTT,164,92,72,0
Perry,WATTS TOWNSHIP,State Senate,15,REP,JOHN DISANTO,589,520,67,2
Perry,WATTS TOWNSHIP,State Senate,15,,Write-Ins,0,0,0,0
Perry,WATTS TOWNSHIP,State Assembly,86,REP,PERRY STAMBAUGH,661,561,98,2
Perry,WATTS TOWNSHIP,State Assembly,86,,Write-Ins,15,8,7,0
Perry,WHEATFIELD TOWNSHIP,President,,DEM,BIDEN/HARRIS,387,125,261,1
Perry,WHEATFIELD TOWNSHIP,President,,REP,TRUMP/PENCE,1484,1188,285,11
Perry,WHEATFIELD TOWNSHIP,President,,LBT,JORGENSEN/COHEN,21,14,7,0
Perry,WHEATFIELD TOWNSHIP,President,,,Write-Ins,3,1,2,0
Perry,WHEATFIELD TOWNSHIP,Attorney General,,DEM,JOSH SHAPIRO,399,141,257,1
Perry,WHEATFIELD TOWNSHIP,Attorney General,,REP,HEATHER HEIDELBAUGH,1433,1151,271,11
Perry,WHEATFIELD TOWNSHIP,Attorney General,,LBT,DANIEL WASSMER,35,21,14,0
Perry,WHEATFIELD TOWNSHIP,Attorney General,,GRE,RICHARD L WEISS,11,6,5,0
Perry,WHEATFIELD TOWNSHIP,Attorney General,,,Write-Ins,1,1,0,0
Perry,WHEATFIELD TOWNSHIP,Auditor General,,DEM,NINA AHMAD,332,107,223,2
Perry,WHEATFIELD TOWNSHIP,Auditor General,,REP,TIMOTHY DEFOOR,1473,1168,295,10
Perry,WHEATFIELD TOWNSHIP,Auditor General,,LBT,JENNIFER MOORE,53,37,16,0
Perry,WHEATFIELD TOWNSHIP,Auditor General,,GRE,OLIVIA FAISON,13,5,8,0
Perry,WHEATFIELD TOWNSHIP,Auditor General,,,Write-Ins,1,0,1,0
Perry,WHEATFIELD TOWNSHIP,State Treasurer,,DEM,JOE TORSELLA,340,106,233,1
Perry,WHEATFIELD TOWNSHIP,State Treasurer,,REP,STACY L GARRITY,1472,1177,285,10
Perry,WHEATFIELD TOWNSHIP,State Treasurer,,LBT,JOE SOLOSKI,41,25,15,1
Perry,WHEATFIELD TOWNSHIP,State Treasurer,,GRE,TIMOTHY RUNKLE,18,12,6,0
Perry,WHEATFIELD TOWNSHIP,State Treasurer,,,Write-Ins,0,0,0,0
Perry,WHEATFIELD TOWNSHIP,U.S. House,12,DEM,LEE GRIFFIN,352,111,240,1
Perry,WHEATFIELD TOWNSHIP,U.S. House,12,REP,FRED KELLER,1525,1208,306,11
Perry,WHEATFIELD TOWNSHIP,U.S. House,12,,Write-Ins,1,1,0,0
Perry,WHEATFIELD TOWNSHIP,State Senate,15,DEM,GEORGE SCOTT,395,144,250,1
Perry,WHEATFIELD TOWNSHIP,State Senate,15,REP,JOHN DISANTO,1479,1174,294,11
Perry,WHEATFIELD TOWNSHIP,State Senate,15,,Write-Ins,2,2,0,0
Perry,WHEATFIELD TOWNSHIP,State Assembly,86,REP,PERRY STAMBAUGH,1654,1240,403,11
Perry,WHEATFIELD TOWNSHIP,State Assembly,86,,Write-Ins,45,11,34,0