county,precinct,office,district,party,candidate,votes
Clinton,ALLISON TOWNSHIP,Registered Voters,,,,153
Clinton,ALLISON TOWNSHIP,Registered Voters,,DEM,,50
Clinton,ALLISON TOWNSHIP,Registered Voters,,REP,,81
Clinton,ALLISON TOWNSHIP,Registered Voters,,NPA,,22
Clinton,ALLISON TOWNSHIP,Ballots Cast,,,,59
Clinton,ALLISON TOWNSHIP,Ballots Cast,,DEM,,24
Clinton,ALLISON TOWNSHIP,Ballots Cast,,REP,,35
Clinton,ALLISON TOWNSHIP,Ballots Cast,,NPA,,0
Clinton,ALLISON TOWNSHIP,President,,DEM,Bernie Sanders,8
Clinton,ALLISON TOWNSHIP,President,,DEM,Joseph R Biden,13
Clinton,ALLISON TOWNSHIP,President,,DEM,Tulsi Gabbard,0
Clinton,ALLISON TOWNSHIP,President,,DEM,Write-In,1
Clinton,ALLISON TOWNSHIP,Attorney General,,DEM,Josh Shapiro,21
Clinton,ALLISON TOWNSHIP,Attorney General,,DEM,Write-In,0
Clinton,ALLISON TOWNSHIP,Auditor General,,DEM,H Scott Conklin,16
Clinton,ALLISON TOWNSHIP,Auditor General,,DEM,Michael Lamb,3
Clinton,ALLISON TOWNSHIP,Auditor General,,DEM,Tracie Fountain,2
Clinton,ALLISON TOWNSHIP,Auditor General,,DEM,Rose Rosie Marie Davis,1
Clinton,ALLISON TOWNSHIP,Auditor General,,DEM,Nina Ahmad,1
Clinton,ALLISON TOWNSHIP,Auditor General,,DEM,Christina M Hartman,0
Clinton,ALLISON TOWNSHIP,Auditor General,,DEM,Write-In,0
Clinton,ALLISON TOWNSHIP,State Treasurer,,DEM,Joe Torsella,22
Clinton,ALLISON TOWNSHIP,State Treasurer,,DEM,Write-In,0
Clinton,ALLISON TOWNSHIP,U.S. House,12,DEM,Lee Griffin,20
Clinton,ALLISON TOWNSHIP,U.S. House,12,DEM,Write-In,0
Clinton,ALLISON TOWNSHIP,State Senate,25,DEM,Margie Brown,20
Clinton,ALLISON TOWNSHIP,State Senate,25,DEM,Write-In,0
Clinton,ALLISON TOWNSHIP,General Assembly,76,DEM,Joe Waltz,23
Clinton,ALLISON TOWNSHIP,General Assembly,76,DEM,Write-In,0
Clinton,ALLISON TOWNSHIP,President,,REP,Donald J Trump,34
Clinton,ALLISON TOWNSHIP,President,,REP,Roque Rocky De La Fuente,0
Clinton,ALLISON TOWNSHIP,President,,REP,Bill Weld,0
Clinton,ALLISON TOWNSHIP,President,,REP,Write-In,1
Clinton,ALLISON TOWNSHIP,Attorney General,,REP,Heather Heidelbaugh,29
Clinton,ALLISON TOWNSHIP,Attorney General,,REP,Write-In,0
Clinton,ALLISON TOWNSHIP,Auditor General,,REP,Timothy Defoor,30
Clinton,ALLISON TOWNSHIP,Auditor General,,REP,Write-In,0
Clinton,ALLISON TOWNSHIP,State Treasurer,,REP,Stacy L Garrity,28
Clinton,ALLISON TOWNSHIP,State Treasurer,,REP,Write-In,0
Clinton,ALLISON TOWNSHIP,U.S. House,12,REP,Fred Keller,31
Clinton,ALLISON TOWNSHIP,U.S. House,12,REP,Write-In,1
Clinton,ALLISON TOWNSHIP,State Senate,25,REP,Cris Dush,23
Clinton,ALLISON TOWNSHIP,State Senate,25,REP,Jim Brown,1
Clinton,ALLISON TOWNSHIP,State Senate,25,REP,John Herm Suplizio,10
Clinton,ALLISON TOWNSHIP,State Senate,25,REP,Write-In,0
Clinton,ALLISON TOWNSHIP,General Assembly,76,REP,Stephanie Borowicz,32
Clinton,ALLISON TOWNSHIP,General Assembly,76,REP,Write-In,1
Clinton,AVIS BOROUGH,Registered Voters,,,,798
Clinton,AVIS BOROUGH,Registered Voters,,DEM,,274
Clinton,AVIS BOROUGH,Registered Voters,,REP,,423
Clinton,AVIS BOROUGH,Registered Voters,,NPA,,101
Clinton,AVIS BOROUGH,Ballots Cast,,,,275
Clinton,AVIS BOROUGH,Ballots Cast,,DEM,,102
Clinton,AVIS BOROUGH,Ballots Cast,,REP,,173
Clinton,AVIS BOROUGH,Ballots Cast,,NPA,,0
Clinton,AVIS BOROUGH,President,,DEM,Bernie Sanders,12
Clinton,AVIS BOROUGH,President,,DEM,Joseph R Biden,69
Clinton,AVIS BOROUGH,President,,DEM,Tulsi Gabbard,9
Clinton,AVIS BOROUGH,President,,DEM,Write-In,4
Clinton,AVIS BOROUGH,Attorney General,,DEM,Josh Shapiro,88
Clinton,AVIS BOROUGH,Attorney General,,DEM,Write-In,0
Clinton,AVIS BOROUGH,Auditor General,,DEM,H Scott Conklin,54
Clinton,AVIS BOROUGH,Auditor General,,DEM,Michael Lamb,12
Clinton,AVIS BOROUGH,Auditor General,,DEM,Tracie Fountain,9
Clinton,AVIS BOROUGH,Auditor General,,DEM,Rose Rosie Marie Davis,0
Clinton,AVIS BOROUGH,Auditor General,,DEM,Nina Ahmad,7
Clinton,AVIS BOROUGH,Auditor General,,DEM,Christina M Hartman,7
Clinton,AVIS BOROUGH,Auditor General,,DEM,Write-In,0
Clinton,AVIS BOROUGH,State Treasurer,,DEM,Joe Torsella,88
Clinton,AVIS BOROUGH,State Treasurer,,DEM,Write-In,1
Clinton,AVIS BOROUGH,U.S. House,12,DEM,Lee Griffin,87
Clinton,AVIS BOROUGH,U.S. House,12,DEM,Write-In,0
Clinton,AVIS BOROUGH,State Senate,25,DEM,Margie Brown,86
Clinton,AVIS BOROUGH,State Senate,25,DEM,Write-In,0
Clinton,AVIS BOROUGH,General Assembly,76,DEM,Joe Waltz,94
Clinton,AVIS BOROUGH,General Assembly,76,DEM,Write-In,0
Clinton,AVIS BOROUGH,President,,REP,Donald J Trump,161
Clinton,AVIS BOROUGH,President,,REP,Roque Rocky De La Fuente,0
Clinton,AVIS BOROUGH,President,,REP,Bill Weld,9
Clinton,AVIS BOROUGH,President,,REP,Write-In,1
Clinton,AVIS BOROUGH,Attorney General,,REP,Heather Heidelbaugh,157
Clinton,AVIS BOROUGH,Attorney General,,REP,Write-In,0
Clinton,AVIS BOROUGH,Auditor General,,REP,Timothy Defoor,155
Clinton,AVIS BOROUGH,Auditor General,,REP,Write-In,0
Clinton,AVIS BOROUGH,State Treasurer,,REP,Stacy L Garrity,154
Clinton,AVIS BOROUGH,State Treasurer,,REP,Write-In,0
Clinton,AVIS BOROUGH,U.S. House,12,REP,Fred Keller,161
Clinton,AVIS BOROUGH,U.S. House,12,REP,Write-In,0
Clinton,AVIS BOROUGH,State Senate,25,REP,Cris Dush,104
Clinton,AVIS BOROUGH,State Senate,25,REP,Jim Brown,20
Clinton,AVIS BOROUGH,State Senate,25,REP,John Herm Suplizio,42
Clinton,AVIS BOROUGH,State Senate,25,REP,Write-In,0
Clinton,AVIS BOROUGH,General Assembly,76,REP,Stephanie Borowicz,164
Clinton,AVIS BOROUGH,General Assembly,76,REP,Write-In,4
Clinton,BALD EAGLE TOWNSHIP,Registered Voters,,,,1134
Clinton,BALD EAGLE TOWNSHIP,Registered Voters,,DEM,,352
Clinton,BALD EAGLE TOWNSHIP,Registered Voters,,REP,,650
Clinton,BALD EAGLE TOWNSHIP,Registered Voters,,NPA,,132
Clinton,BALD EAGLE TOWNSHIP,Ballots Cast,,,,438
Clinton,BALD EAGLE TOWNSHIP,Ballots Cast,,DEM,,152
Clinton,BALD EAGLE TOWNSHIP,Ballots Cast,,REP,,286
Clinton,BALD EAGLE TOWNSHIP,Ballots Cast,,NPA,,0
Clinton,BALD EAGLE TOWNSHIP,President,,DEM,Bernie Sanders,26
Clinton,BALD EAGLE TOWNSHIP,President,,DEM,Joseph R Biden,108
Clinton,BALD EAGLE TOWNSHIP,President,,DEM,Tulsi Gabbard,2
Clinton,BALD EAGLE TOWNSHIP,President,,DEM,Write-In,9
Clinton,BALD EAGLE TOWNSHIP,Attorney General,,DEM,Josh Shapiro,136
Clinton,BALD EAGLE TOWNSHIP,Attorney General,,DEM,Write-In,2
Clinton,BALD EAGLE TOWNSHIP,Auditor General,,DEM,H Scott Conklin,99
Clinton,BALD EAGLE TOWNSHIP,Auditor General,,DEM,Michael Lamb,8
Clinton,BALD EAGLE TOWNSHIP,Auditor General,,DEM,Tracie Fountain,11
Clinton,BALD EAGLE TOWNSHIP,Auditor General,,DEM,Rose Rosie Marie Davis,5
Clinton,BALD EAGLE TOWNSHIP,Auditor General,,DEM,Nina Ahmad,12
Clinton,BALD EAGLE TOWNSHIP,Auditor General,,DEM,Christina M Hartman,6
Clinton,BALD EAGLE TOWNSHIP,Auditor General,,DEM,Write-In,2
Clinton,BALD EAGLE TOWNSHIP,State Treasurer,,DEM,Joe Torsella,134
Clinton,BALD EAGLE TOWNSHIP,State Treasurer,,DEM,Write-In,2
Clinton,BALD EAGLE TOWNSHIP,U.S. House,12,DEM,Lee Griffin,129
Clinton,BALD EAGLE TOWNSHIP,U.S. House,12,DEM,Write-In,4
Clinton,BALD EAGLE TOWNSHIP,State Senate,25,DEM,Margie Brown,132
Clinton,BALD EAGLE TOWNSHIP,State Senate,25,DEM,Write-In,3
Clinton,BALD EAGLE TOWNSHIP,General Assembly,76,DEM,Joe Waltz,143
Clinton,BALD EAGLE TOWNSHIP,General Assembly,76,DEM,Write-In,5
Clinton,BALD EAGLE TOWNSHIP,President,,REP,Donald J Trump,268
Clinton,BALD EAGLE TOWNSHIP,President,,REP,Roque Rocky De La Fuente,4
Clinton,BALD EAGLE TOWNSHIP,President,,REP,Bill Weld,8
Clinton,BALD EAGLE TOWNSHIP,President,,REP,Write-In,3
Clinton,BALD EAGLE TOWNSHIP,Attorney General,,REP,Heather Heidelbaugh,259
Clinton,BALD EAGLE TOWNSHIP,Attorney General,,REP,Write-In,0
Clinton,BALD EAGLE TOWNSHIP,Auditor General,,REP,Timothy Defoor,256
Clinton,BALD EAGLE TOWNSHIP,Auditor General,,REP,Write-In,0
Clinton,BALD EAGLE TOWNSHIP,State Treasurer,,REP,Stacy L Garrity,254
Clinton,BALD EAGLE TOWNSHIP,State Treasurer,,REP,Write-In,0
Clinton,BALD EAGLE TOWNSHIP,U.S. House,12,REP,Fred Keller,267
Clinton,BALD EAGLE TOWNSHIP,U.S. House,12,REP,Write-In,0
Clinton,BALD EAGLE TOWNSHIP,State Senate,25,REP,Cris Dush,172
Clinton,BALD EAGLE TOWNSHIP,State Senate,25,REP,Jim Brown,29
Clinton,BALD EAGLE TOWNSHIP,State Senate,25,REP,John Herm Suplizio,78
Clinton,BALD EAGLE TOWNSHIP,State Senate,25,REP,Write-In,0
Clinton,BALD EAGLE TOWNSHIP,General Assembly,76,REP,Stephanie Borowicz,257
Clinton,BALD EAGLE TOWNSHIP,General Assembly,76,REP,Write-In,11
Clinton,BEECH CREEK BOROUGH,Registered Voters,,,,425
Clinton,BEECH CREEK BOROUGH,Registered Voters,,DEM,,137
Clinton,BEECH CREEK BOROUGH,Registered Voters,,REP,,235
Clinton,BEECH CREEK BOROUGH,Registered Voters,,NPA,,53
Clinton,BEECH CREEK BOROUGH,Ballots Cast,,,,180
Clinton,BEECH CREEK BOROUGH,Ballots Cast,,DEM,,65
Clinton,BEECH CREEK BOROUGH,Ballots Cast,,REP,,115
Clinton,BEECH CREEK BOROUGH,Ballots Cast,,NPA,,0
Clinton,BEECH CREEK BOROUGH,President,,DEM,Bernie Sanders,6
Clinton,BEECH CREEK BOROUGH,President,,DEM,Joseph R Biden,48
Clinton,BEECH CREEK BOROUGH,President,,DEM,Tulsi Gabbard,2
Clinton,BEECH CREEK BOROUGH,President,,DEM,Write-In,5
Clinton,BEECH CREEK BOROUGH,Attorney General,,DEM,Josh Shapiro,55
Clinton,BEECH CREEK BOROUGH,Attorney General,,DEM,Write-In,3
Clinton,BEECH CREEK BOROUGH,Auditor General,,DEM,H Scott Conklin,48
Clinton,BEECH CREEK BOROUGH,Auditor General,,DEM,Michael Lamb,5
Clinton,BEECH CREEK BOROUGH,Auditor General,,DEM,Tracie Fountain,2
Clinton,BEECH CREEK BOROUGH,Auditor General,,DEM,Rose Rosie Marie Davis,0
Clinton,BEECH CREEK BOROUGH,Auditor General,,DEM,Nina Ahmad,5
Clinton,BEECH CREEK BOROUGH,Auditor General,,DEM,Christina M Hartman,1
Clinton,BEECH CREEK BOROUGH,Auditor General,,DEM,Write-In,3
Clinton,BEECH CREEK BOROUGH,State Treasurer,,DEM,Joe Torsella,50
Clinton,BEECH CREEK BOROUGH,State Treasurer,,DEM,Write-In,4
Clinton,BEECH CREEK BOROUGH,U.S. House,12,DEM,Lee Griffin,52
Clinton,BEECH CREEK BOROUGH,U.S. House,12,DEM,Write-In,4
Clinton,BEECH CREEK BOROUGH,State Senate,25,DEM,Margie Brown,52
Clinton,BEECH CREEK BOROUGH,State Senate,25,DEM,Write-In,3
Clinton,BEECH CREEK BOROUGH,General Assembly,76,DEM,Joe Waltz,59
Clinton,BEECH CREEK BOROUGH,General Assembly,76,DEM,Write-In,2
Clinton,BEECH CREEK BOROUGH,President,,REP,Donald J Trump,111
Clinton,BEECH CREEK BOROUGH,President,,REP,Roque Rocky De La Fuente,1
Clinton,BEECH CREEK BOROUGH,President,,REP,Bill Weld,3
Clinton,BEECH CREEK BOROUGH,President,,REP,Write-In,0
Clinton,BEECH CREEK BOROUGH,Attorney General,,REP,Heather Heidelbaugh,95
Clinton,BEECH CREEK BOROUGH,Attorney General,,REP,Write-In,0
Clinton,BEECH CREEK BOROUGH,Auditor General,,REP,Timothy Defoor,96
Clinton,BEECH CREEK BOROUGH,Auditor General,,REP,Write-In,0
Clinton,BEECH CREEK BOROUGH,State Treasurer,,REP,Stacy L Garrity,97
Clinton,BEECH CREEK BOROUGH,State Treasurer,,REP,Write-In,0
Clinton,BEECH CREEK BOROUGH,U.S. House,12,REP,Fred Keller,102
Clinton,BEECH CREEK BOROUGH,U.S. House,12,REP,Write-In,0
Clinton,BEECH CREEK BOROUGH,State Senate,25,REP,Cris Dush,64
Clinton,BEECH CREEK BOROUGH,State Senate,25,REP,Jim Brown,11
Clinton,BEECH CREEK BOROUGH,State Senate,25,REP,John Herm Suplizio,31
Clinton,BEECH CREEK BOROUGH,State Senate,25,REP,Write-In,0
Clinton,BEECH CREEK BOROUGH,General Assembly,76,REP,Stephanie Borowicz,106
Clinton,BEECH CREEK BOROUGH,General Assembly,76,REP,Write-In,2
Clinton,BEECH CREEK TOWNSHIP,Registered Voters,,,,558
Clinton,BEECH CREEK TOWNSHIP,Registered Voters,,DEM,,228
Clinton,BEECH CREEK TOWNSHIP,Registered Voters,,REP,,268
Clinton,BEECH CREEK TOWNSHIP,Registered Voters,,NPA,,62
Clinton,BEECH CREEK TOWNSHIP,Ballots Cast,,,,236
Clinton,BEECH CREEK TOWNSHIP,Ballots Cast,,DEM,,104
Clinton,BEECH CREEK TOWNSHIP,Ballots Cast,,REP,,132
Clinton,BEECH CREEK TOWNSHIP,Ballots Cast,,NPA,,0
Clinton,BEECH CREEK TOWNSHIP,President,,DEM,Bernie Sanders,11
Clinton,BEECH CREEK TOWNSHIP,President,,DEM,Joseph R Biden,68
Clinton,BEECH CREEK TOWNSHIP,President,,DEM,Tulsi Gabbard,7
Clinton,BEECH CREEK TOWNSHIP,President,,DEM,Write-In,12
Clinton,BEECH CREEK TOWNSHIP,Attorney General,,DEM,Josh Shapiro,90
Clinton,BEECH CREEK TOWNSHIP,Attorney General,,DEM,Write-In,0
Clinton,BEECH CREEK TOWNSHIP,Auditor General,,DEM,H Scott Conklin,82
Clinton,BEECH CREEK TOWNSHIP,Auditor General,,DEM,Michael Lamb,6
Clinton,BEECH CREEK TOWNSHIP,Auditor General,,DEM,Tracie Fountain,3
Clinton,BEECH CREEK TOWNSHIP,Auditor General,,DEM,Rose Rosie Marie Davis,2
Clinton,BEECH CREEK TOWNSHIP,Auditor General,,DEM,Nina Ahmad,1
Clinton,BEECH CREEK TOWNSHIP,Auditor General,,DEM,Christina M Hartman,4
Clinton,BEECH CREEK TOWNSHIP,Auditor General,,DEM,Write-In,0
Clinton,BEECH CREEK TOWNSHIP,State Treasurer,,DEM,Joe Torsella,86
Clinton,BEECH CREEK TOWNSHIP,State Treasurer,,DEM,Write-In,1
Clinton,BEECH CREEK TOWNSHIP,U.S. House,12,DEM,Lee Griffin,89
Clinton,BEECH CREEK TOWNSHIP,U.S. House,12,DEM,Write-In,1
Clinton,BEECH CREEK TOWNSHIP,State Senate,25,DEM,Margie Brown,90
Clinton,BEECH CREEK TOWNSHIP,State Senate,25,DEM,Write-In,0
Clinton,BEECH CREEK TOWNSHIP,General Assembly,76,DEM,Joe Waltz,93
Clinton,BEECH CREEK TOWNSHIP,General Assembly,76,DEM,Write-In,5
Clinton,BEECH CREEK TOWNSHIP,President,,REP,Donald J Trump,123
Clinton,BEECH CREEK TOWNSHIP,President,,REP,Roque Rocky De La Fuente,3
Clinton,BEECH CREEK TOWNSHIP,President,,REP,Bill Weld,3
Clinton,BEECH CREEK TOWNSHIP,President,,REP,Write-In,1
Clinton,BEECH CREEK TOWNSHIP,Attorney General,,REP,Heather Heidelbaugh,121
Clinton,BEECH CREEK TOWNSHIP,Attorney General,,REP,Write-In,0
Clinton,BEECH CREEK TOWNSHIP,Auditor General,,REP,Timothy Defoor,123
Clinton,BEECH CREEK TOWNSHIP,Auditor General,,REP,Write-In,2
Clinton,BEECH CREEK TOWNSHIP,State Treasurer,,REP,Stacy L Garrity,120
Clinton,BEECH CREEK TOWNSHIP,State Treasurer,,REP,Write-In,0
Clinton,BEECH CREEK TOWNSHIP,U.S. House,12,REP,Fred Keller,124
Clinton,BEECH CREEK TOWNSHIP,U.S. House,12,REP,Write-In,0
Clinton,BEECH CREEK TOWNSHIP,State Senate,25,REP,Cris Dush,80
Clinton,BEECH CREEK TOWNSHIP,State Senate,25,REP,Jim Brown,14
Clinton,BEECH CREEK TOWNSHIP,State Senate,25,REP,John Herm Suplizio,32
Clinton,BEECH CREEK TOWNSHIP,State Senate,25,REP,Write-In,1
Clinton,BEECH CREEK TOWNSHIP,General Assembly,76,REP,Stephanie Borowicz,124
Clinton,BEECH CREEK TOWNSHIP,General Assembly,76,REP,Write-In,4
Clinton,CASTANEA TOWNSHIP,Registered Voters,,,,604
Clinton,CASTANEA TOWNSHIP,Registered Voters,,DEM,,246
Clinton,CASTANEA TOWNSHIP,Registered Voters,,REP,,273
Clinton,CASTANEA TOWNSHIP,Registered Voters,,NPA,,85
Clinton,CASTANEA TOWNSHIP,Ballots Cast,,,,238
Clinton,CASTANEA TOWNSHIP,Ballots Cast,,DEM,,110
Clinton,CASTANEA TOWNSHIP,Ballots Cast,,REP,,128
Clinton,CASTANEA TOWNSHIP,Ballots Cast,,NPA,,0
Clinton,CASTANEA TOWNSHIP,President,,DEM,Bernie Sanders,12
Clinton,CASTANEA TOWNSHIP,President,,DEM,Joseph R Biden,83
Clinton,CASTANEA TOWNSHIP,President,,DEM,Tulsi Gabbard,7
Clinton,CASTANEA TOWNSHIP,President,,DEM,Write-In,6
Clinton,CASTANEA TOWNSHIP,Attorney General,,DEM,Josh Shapiro,96
Clinton,CASTANEA TOWNSHIP,Attorney General,,DEM,Write-In,3
Clinton,CASTANEA TOWNSHIP,Auditor General,,DEM,H Scott Conklin,73
Clinton,CASTANEA TOWNSHIP,Auditor General,,DEM,Michael Lamb,11
Clinton,CASTANEA TOWNSHIP,Auditor General,,DEM,Tracie Fountain,4
Clinton,CASTANEA TOWNSHIP,Auditor General,,DEM,Rose Rosie Marie Davis,1
Clinton,CASTANEA TOWNSHIP,Auditor General,,DEM,Nina Ahmad,12
Clinton,CASTANEA TOWNSHIP,Auditor General,,DEM,Christina M Hartman,3
Clinton,CASTANEA TOWNSHIP,Auditor General,,DEM,Write-In,1
Clinton,CASTANEA TOWNSHIP,State Treasurer,,DEM,Joe Torsella,93
Clinton,CASTANEA TOWNSHIP,State Treasurer,,DEM,Write-In,3
Clinton,CASTANEA TOWNSHIP,U.S. House,12,DEM,Lee Griffin,90
Clinton,CASTANEA TOWNSHIP,U.S. House,12,DEM,Write-In,2
Clinton,CASTANEA TOWNSHIP,State Senate,25,DEM,Margie Brown,91
Clinton,CASTANEA TOWNSHIP,State Senate,25,DEM,Write-In,2
Clinton,CASTANEA TOWNSHIP,General Assembly,76,DEM,Joe Waltz,102
Clinton,CASTANEA TOWNSHIP,General Assembly,76,DEM,Write-In,2
Clinton,CASTANEA TOWNSHIP,President,,REP,Donald J Trump,120
Clinton,CASTANEA TOWNSHIP,President,,REP,Roque Rocky De La Fuente,2
Clinton,CASTANEA TOWNSHIP,President,,REP,Bill Weld,5
Clinton,CASTANEA TOWNSHIP,President,,REP,Write-In,1
Clinton,CASTANEA TOWNSHIP,Attorney General,,REP,Heather Heidelbaugh,113
Clinton,CASTANEA TOWNSHIP,Attorney General,,REP,Write-In,0
Clinton,CASTANEA TOWNSHIP,Auditor General,,REP,Timothy Defoor,112
Clinton,CASTANEA TOWNSHIP,Auditor General,,REP,Write-In,0
Clinton,CASTANEA TOWNSHIP,State Treasurer,,REP,Stacy L Garrity,109
Clinton,CASTANEA TOWNSHIP,State Treasurer,,REP,Write-In,0
Clinton,CASTANEA TOWNSHIP,U.S. House,12,REP,Fred Keller,120
Clinton,CASTANEA TOWNSHIP,U.S. House,12,REP,Write-In,0
Clinton,CASTANEA TOWNSHIP,State Senate,25,REP,Cris Dush,82
Clinton,CASTANEA TOWNSHIP,State Senate,25,REP,Jim Brown,16
Clinton,CASTANEA TOWNSHIP,State Senate,25,REP,John Herm Suplizio,29
Clinton,CASTANEA TOWNSHIP,State Senate,25,REP,Write-In,0
Clinton,CASTANEA TOWNSHIP,General Assembly,76,REP,Stephanie Borowicz,116
Clinton,CASTANEA TOWNSHIP,General Assembly,76,REP,Write-In,6
Clinton,CHAPMAN TOWNSHIP,Registered Voters,,,,559
Clinton,CHAPMAN TOWNSHIP,Registered Voters,,DEM,,260
Clinton,CHAPMAN TOWNSHIP,Registered Voters,,REP,,244
Clinton,CHAPMAN TOWNSHIP,Registered Voters,,NPA,,55
Clinton,CHAPMAN TOWNSHIP,Ballots Cast,,,,205
Clinton,CHAPMAN TOWNSHIP,Ballots Cast,,DEM,,99
Clinton,CHAPMAN TOWNSHIP,Ballots Cast,,REP,,106
Clinton,CHAPMAN TOWNSHIP,Ballots Cast,,NPA,,0
Clinton,CHAPMAN TOWNSHIP,President,,DEM,Bernie Sanders,9
Clinton,CHAPMAN TOWNSHIP,President,,DEM,Joseph R Biden,63
Clinton,CHAPMAN TOWNSHIP,President,,DEM,Tulsi Gabbard,7
Clinton,CHAPMAN TOWNSHIP,President,,DEM,Write-In,16
Clinton,CHAPMAN TOWNSHIP,Attorney General,,DEM,Josh Shapiro,81
Clinton,CHAPMAN TOWNSHIP,Attorney General,,DEM,Write-In,5
Clinton,CHAPMAN TOWNSHIP,Auditor General,,DEM,H Scott Conklin,62
Clinton,CHAPMAN TOWNSHIP,Auditor General,,DEM,Michael Lamb,10
Clinton,CHAPMAN TOWNSHIP,Auditor General,,DEM,Tracie Fountain,5
Clinton,CHAPMAN TOWNSHIP,Auditor General,,DEM,Rose Rosie Marie Davis,2
Clinton,CHAPMAN TOWNSHIP,Auditor General,,DEM,Nina Ahmad,3
Clinton,CHAPMAN TOWNSHIP,Auditor General,,DEM,Christina M Hartman,3
Clinton,CHAPMAN TOWNSHIP,Auditor General,,DEM,Write-In,6
Clinton,CHAPMAN TOWNSHIP,State Treasurer,,DEM,Joe Torsella,77
Clinton,CHAPMAN TOWNSHIP,State Treasurer,,DEM,Write-In,6
Clinton,CHAPMAN TOWNSHIP,U.S. House,12,DEM,Lee Griffin,77
Clinton,CHAPMAN TOWNSHIP,U.S. House,12,DEM,Write-In,6
Clinton,CHAPMAN TOWNSHIP,State Senate,25,DEM,Margie Brown,79
Clinton,CHAPMAN TOWNSHIP,State Senate,25,DEM,Write-In,4
Clinton,CHAPMAN TOWNSHIP,General Assembly,76,DEM,Joe Waltz,89
Clinton,CHAPMAN TOWNSHIP,General Assembly,76,DEM,Write-In,5
Clinton,CHAPMAN TOWNSHIP,President,,REP,Donald J Trump,102
Clinton,CHAPMAN TOWNSHIP,President,,REP,Roque Rocky De La Fuente,0
Clinton,CHAPMAN TOWNSHIP,President,,REP,Bill Weld,0
Clinton,CHAPMAN TOWNSHIP,President,,REP,Write-In,1
Clinton,CHAPMAN TOWNSHIP,Attorney General,,REP,Heather Heidelbaugh,92
Clinton,CHAPMAN TOWNSHIP,Attorney General,,REP,Write-In,1
Clinton,CHAPMAN TOWNSHIP,Auditor General,,REP,Timothy Defoor,93
Clinton,CHAPMAN TOWNSHIP,Auditor General,,REP,Write-In,0
Clinton,CHAPMAN TOWNSHIP,State Treasurer,,REP,Stacy L Garrity,91
Clinton,CHAPMAN TOWNSHIP,State Treasurer,,REP,Write-In,0
Clinton,CHAPMAN TOWNSHIP,U.S. House,12,REP,Fred Keller,97
Clinton,CHAPMAN TOWNSHIP,U.S. House,12,REP,Write-In,0
Clinton,CHAPMAN TOWNSHIP,State Senate,25,REP,Cris Dush,73
Clinton,CHAPMAN TOWNSHIP,State Senate,25,REP,Jim Brown,6
Clinton,CHAPMAN TOWNSHIP,State Senate,25,REP,John Herm Suplizio,25
Clinton,CHAPMAN TOWNSHIP,State Senate,25,REP,Write-In,0
Clinton,CHAPMAN TOWNSHIP,General Assembly,76,REP,Stephanie Borowicz,101
Clinton,CHAPMAN TOWNSHIP,General Assembly,76,REP,Write-In,0
Clinton,COLEBROOK TOWNSHIP,Registered Voters,,,,132
Clinton,COLEBROOK TOWNSHIP,Registered Voters,,DEM,,50
Clinton,COLEBROOK TOWNSHIP,Registered Voters,,REP,,64
Clinton,COLEBROOK TOWNSHIP,Registered Voters,,NPA,,18
Clinton,COLEBROOK TOWNSHIP,Ballots Cast,,,,43
Clinton,COLEBROOK TOWNSHIP,Ballots Cast,,DEM,,20
Clinton,COLEBROOK TOWNSHIP,Ballots Cast,,REP,,23
Clinton,COLEBROOK TOWNSHIP,Ballots Cast,,NPA,,0
Clinton,COLEBROOK TOWNSHIP,President,,DEM,Bernie Sanders,2
Clinton,COLEBROOK TOWNSHIP,President,,DEM,Joseph R Biden,17
Clinton,COLEBROOK TOWNSHIP,President,,DEM,Tulsi Gabbard,1
Clinton,COLEBROOK TOWNSHIP,President,,DEM,Write-In,0
Clinton,COLEBROOK TOWNSHIP,Attorney General,,DEM,Josh Shapiro,18
Clinton,COLEBROOK TOWNSHIP,Attorney General,,DEM,Write-In,0
Clinton,COLEBROOK TOWNSHIP,Auditor General,,DEM,H Scott Conklin,13
Clinton,COLEBROOK TOWNSHIP,Auditor General,,DEM,Michael Lamb,1
Clinton,COLEBROOK TOWNSHIP,Auditor General,,DEM,Tracie Fountain,0
Clinton,COLEBROOK TOWNSHIP,Auditor General,,DEM,Rose Rosie Marie Davis,1
Clinton,COLEBROOK TOWNSHIP,Auditor General,,DEM,Nina Ahmad,1
Clinton,COLEBROOK TOWNSHIP,Auditor General,,DEM,Christina M Hartman,3
Clinton,COLEBROOK TOWNSHIP,Auditor General,,DEM,Write-In,0
Clinton,COLEBROOK TOWNSHIP,State Treasurer,,DEM,Joe Torsella,18
Clinton,COLEBROOK TOWNSHIP,State Treasurer,,DEM,Write-In,0
Clinton,COLEBROOK TOWNSHIP,U.S. House,12,DEM,Lee Griffin,18
Clinton,COLEBROOK TOWNSHIP,U.S. House,12,DEM,Write-In,0
Clinton,COLEBROOK TOWNSHIP,State Senate,25,DEM,Margie Brown,19
Clinton,COLEBROOK TOWNSHIP,State Senate,25,DEM,Write-In,0
Clinton,COLEBROOK TOWNSHIP,General Assembly,76,DEM,Joe Waltz,20
Clinton,COLEBROOK TOWNSHIP,General Assembly,76,DEM,Write-In,0
Clinton,COLEBROOK TOWNSHIP,President,,REP,Donald J Trump,21
Clinton,COLEBROOK TOWNSHIP,President,,REP,Roque Rocky De La Fuente,0
Clinton,COLEBROOK TOWNSHIP,President,,REP,Bill Weld,1
Clinton,COLEBROOK TOWNSHIP,President,,REP,Write-In,0
Clinton,COLEBROOK TOWNSHIP,Attorney General,,REP,Heather Heidelbaugh,17
Clinton,COLEBROOK TOWNSHIP,Attorney General,,REP,Write-In,0
Clinton,COLEBROOK TOWNSHIP,Auditor General,,REP,Timothy Defoor,17
Clinton,COLEBROOK TOWNSHIP,Auditor General,,REP,Write-In,0
Clinton,COLEBROOK TOWNSHIP,State Treasurer,,REP,Stacy L Garrity,18
Clinton,COLEBROOK TOWNSHIP,State Treasurer,,REP,Write-In,0
Clinton,COLEBROOK TOWNSHIP,U.S. House,12,REP,Fred Keller,16
Clinton,COLEBROOK TOWNSHIP,U.S. House,12,REP,Write-In,1
Clinton,COLEBROOK TOWNSHIP,State Senate,25,REP,Cris Dush,15
Clinton,COLEBROOK TOWNSHIP,State Senate,25,REP,Jim Brown,3
Clinton,COLEBROOK TOWNSHIP,State Senate,25,REP,John Herm Suplizio,5
Clinton,COLEBROOK TOWNSHIP,State Senate,25,REP,Write-In,0
Clinton,COLEBROOK TOWNSHIP,General Assembly,76,REP,Stephanie Borowicz,21
Clinton,COLEBROOK TOWNSHIP,General Assembly,76,REP,Write-In,1
Clinton,CRAWFORD TOWNSHIP,Registered Voters,,,,489
Clinton,CRAWFORD TOWNSHIP,Registered Voters,,DEM,,140
Clinton,CRAWFORD TOWNSHIP,Registered Voters,,REP,,302
Clinton,CRAWFORD TOWNSHIP,Registered Voters,,NPA,,47
Clinton,CRAWFORD TOWNSHIP,Ballots Cast,,,,179
Clinton,CRAWFORD TOWNSHIP,Ballots Cast,,DEM,,42
Clinton,CRAWFORD TOWNSHIP,Ballots Cast,,REP,,137
Clinton,CRAWFORD TOWNSHIP,Ballots Cast,,NPA,,0
Clinton,CRAWFORD TOWNSHIP,President,,DEM,Bernie Sanders,8
Clinton,CRAWFORD TOWNSHIP,President,,DEM,Joseph R Biden,24
Clinton,CRAWFORD TOWNSHIP,President,,DEM,Tulsi Gabbard,1
Clinton,CRAWFORD TOWNSHIP,President,,DEM,Write-In,5
Clinton,CRAWFORD TOWNSHIP,Attorney General,,DEM,Josh Shapiro,35
Clinton,CRAWFORD TOWNSHIP,Attorney General,,DEM,Write-In,0
Clinton,CRAWFORD TOWNSHIP,Auditor General,,DEM,H Scott Conklin,18
Clinton,CRAWFORD TOWNSHIP,Auditor General,,DEM,Michael Lamb,8
Clinton,CRAWFORD TOWNSHIP,Auditor General,,DEM,Tracie Fountain,2
Clinton,CRAWFORD TOWNSHIP,Auditor General,,DEM,Rose Rosie Marie Davis,3
Clinton,CRAWFORD TOWNSHIP,Auditor General,,DEM,Nina Ahmad,7
Clinton,CRAWFORD TOWNSHIP,Auditor General,,DEM,Christina M Hartman,2
Clinton,CRAWFORD TOWNSHIP,Auditor General,,DEM,Write-In,0
Clinton,CRAWFORD TOWNSHIP,State Treasurer,,DEM,Joe Torsella,34
Clinton,CRAWFORD TOWNSHIP,State Treasurer,,DEM,Write-In,0
Clinton,CRAWFORD TOWNSHIP,U.S. House,12,DEM,Lee Griffin,35
Clinton,CRAWFORD TOWNSHIP,U.S. House,12,DEM,Write-In,0
Clinton,CRAWFORD TOWNSHIP,State Senate,25,DEM,Margie Brown,34
Clinton,CRAWFORD TOWNSHIP,State Senate,25,DEM,Write-In,1
Clinton,CRAWFORD TOWNSHIP,General Assembly,76,DEM,Joe Waltz,37
Clinton,CRAWFORD TOWNSHIP,General Assembly,76,DEM,Write-In,1
Clinton,CRAWFORD TOWNSHIP,President,,REP,Donald J Trump,130
Clinton,CRAWFORD TOWNSHIP,President,,REP,Roque Rocky De La Fuente,0
Clinton,CRAWFORD TOWNSHIP,President,,REP,Bill Weld,4
Clinton,CRAWFORD TOWNSHIP,President,,REP,Write-In,1
Clinton,CRAWFORD TOWNSHIP,Attorney General,,REP,Heather Heidelbaugh,122
Clinton,CRAWFORD TOWNSHIP,Attorney General,,REP,Write-In,1
Clinton,CRAWFORD TOWNSHIP,Auditor General,,REP,Timothy Defoor,118
Clinton,CRAWFORD TOWNSHIP,Auditor General,,REP,Write-In,1
Clinton,CRAWFORD TOWNSHIP,State Treasurer,,REP,Stacy L Garrity,121
Clinton,CRAWFORD TOWNSHIP,State Treasurer,,REP,Write-In,1
Clinton,CRAWFORD TOWNSHIP,U.S. House,12,REP,Fred Keller,128
Clinton,CRAWFORD TOWNSHIP,U.S. House,12,REP,Write-In,0
Clinton,CRAWFORD TOWNSHIP,State Senate,25,REP,Cris Dush,82
Clinton,CRAWFORD TOWNSHIP,State Senate,25,REP,Jim Brown,21
Clinton,CRAWFORD TOWNSHIP,State Senate,25,REP,John Herm Suplizio,23
Clinton,CRAWFORD TOWNSHIP,State Senate,25,REP,Write-In,1
Clinton,CRAWFORD TOWNSHIP,General Assembly,76,REP,Stephanie Borowicz,132
Clinton,CRAWFORD TOWNSHIP,General Assembly,76,REP,Write-In,0
Clinton,DUNNSTABLE TOWNSHIP,Registered Voters,,,,623
Clinton,DUNNSTABLE TOWNSHIP,Registered Voters,,DEM,,216
Clinton,DUNNSTABLE TOWNSHIP,Registered Voters,,REP,,349
Clinton,DUNNSTABLE TOWNSHIP,Registered Voters,,NPA,,58
Clinton,DUNNSTABLE TOWNSHIP,Ballots Cast,,,,281
Clinton,DUNNSTABLE TOWNSHIP,Ballots Cast,,DEM,,107
Clinton,DUNNSTABLE TOWNSHIP,Ballots Cast,,REP,,174
Clinton,DUNNSTABLE TOWNSHIP,Ballots Cast,,NPA,,0
Clinton,DUNNSTABLE TOWNSHIP,President,,DEM,Bernie Sanders,15
Clinton,DUNNSTABLE TOWNSHIP,President,,DEM,Joseph R Biden,73
Clinton,DUNNSTABLE TOWNSHIP,President,,DEM,Tulsi Gabbard,2
Clinton,DUNNSTABLE TOWNSHIP,President,,DEM,Write-In,12
Clinton,DUNNSTABLE TOWNSHIP,Attorney General,,DEM,Josh Shapiro,92
Clinton,DUNNSTABLE TOWNSHIP,Attorney General,,DEM,Write-In,1
Clinton,DUNNSTABLE TOWNSHIP,Auditor General,,DEM,H Scott Conklin,65
Clinton,DUNNSTABLE TOWNSHIP,Auditor General,,DEM,Michael Lamb,11
Clinton,DUNNSTABLE TOWNSHIP,Auditor General,,DEM,Tracie Fountain,5
Clinton,DUNNSTABLE TOWNSHIP,Auditor General,,DEM,Rose Rosie Marie Davis,5
Clinton,DUNNSTABLE TOWNSHIP,Auditor General,,DEM,Nina Ahmad,5
Clinton,DUNNSTABLE TOWNSHIP,Auditor General,,DEM,Christina M Hartman,7
Clinton,DUNNSTABLE TOWNSHIP,Auditor General,,DEM,Write-In,1
Clinton,DUNNSTABLE TOWNSHIP,State Treasurer,,DEM,Joe Torsella,84
Clinton,DUNNSTABLE TOWNSHIP,State Treasurer,,DEM,Write-In,1
Clinton,DUNNSTABLE TOWNSHIP,U.S. House,12,DEM,Lee Griffin,85
Clinton,DUNNSTABLE TOWNSHIP,U.S. House,12,DEM,Write-In,2
Clinton,DUNNSTABLE TOWNSHIP,State Senate,25,DEM,Margie Brown,88
Clinton,DUNNSTABLE TOWNSHIP,State Senate,25,DEM,Write-In,1
Clinton,DUNNSTABLE TOWNSHIP,General Assembly,76,DEM,Joe Waltz,97
Clinton,DUNNSTABLE TOWNSHIP,General Assembly,76,DEM,Write-In,2
Clinton,DUNNSTABLE TOWNSHIP,President,,REP,Donald J Trump,164
Clinton,DUNNSTABLE TOWNSHIP,President,,REP,Roque Rocky De La Fuente,2
Clinton,DUNNSTABLE TOWNSHIP,President,,REP,Bill Weld,3
Clinton,DUNNSTABLE TOWNSHIP,President,,REP,Write-In,2
Clinton,DUNNSTABLE TOWNSHIP,Attorney General,,REP,Heather Heidelbaugh,153
Clinton,DUNNSTABLE TOWNSHIP,Attorney General,,REP,Write-In,0
Clinton,DUNNSTABLE TOWNSHIP,Auditor General,,REP,Timothy Defoor,153
Clinton,DUNNSTABLE TOWNSHIP,Auditor General,,REP,Write-In,0
Clinton,DUNNSTABLE TOWNSHIP,State Treasurer,,REP,Stacy L Garrity,153
Clinton,DUNNSTABLE TOWNSHIP,State Treasurer,,REP,Write-In,1
Clinton,DUNNSTABLE TOWNSHIP,U.S. House,12,REP,Fred Keller,160
Clinton,DUNNSTABLE TOWNSHIP,U.S. House,12,REP,Write-In,0
Clinton,DUNNSTABLE TOWNSHIP,State Senate,25,REP,Cris Dush,112
Clinton,DUNNSTABLE TOWNSHIP,State Senate,25,REP,Jim Brown,14
Clinton,DUNNSTABLE TOWNSHIP,State Senate,25,REP,John Herm Suplizio,38
Clinton,DUNNSTABLE TOWNSHIP,State Senate,25,REP,Write-In,0
Clinton,DUNNSTABLE TOWNSHIP,General Assembly,76,REP,Stephanie Borowicz,153
Clinton,DUNNSTABLE TOWNSHIP,General Assembly,76,REP,Write-In,4
Clinton,EAST KEATING TOWNSHIP,Registered Voters,,,,8
Clinton,EAST KEATING TOWNSHIP,Registered Voters,,DEM,,4
Clinton,EAST KEATING TOWNSHIP,Registered Voters,,REP,,4
Clinton,EAST KEATING TOWNSHIP,Registered Voters,,NPA,,0
Clinton,EAST KEATING TOWNSHIP,Ballots Cast,,,,3
Clinton,EAST KEATING TOWNSHIP,Ballots Cast,,DEM,,2
Clinton,EAST KEATING TOWNSHIP,Ballots Cast,,REP,,1
Clinton,EAST KEATING TOWNSHIP,Ballots Cast,,NPA,,0
Clinton,EAST KEATING TOWNSHIP,President,,DEM,Bernie Sanders,0
Clinton,EAST KEATING TOWNSHIP,President,,DEM,Joseph R Biden,1
Clinton,EAST KEATING TOWNSHIP,President,,DEM,Tulsi Gabbard,0
Clinton,EAST KEATING TOWNSHIP,President,,DEM,Write-In,0
Clinton,EAST KEATING TOWNSHIP,Attorney General,,DEM,Josh Shapiro,2
Clinton,EAST KEATING TOWNSHIP,Attorney General,,DEM,Write-In,0
Clinton,EAST KEATING TOWNSHIP,Auditor General,,DEM,H Scott Conklin,2
Clinton,EAST KEATING TOWNSHIP,Auditor General,,DEM,Michael Lamb,0
Clinton,EAST KEATING TOWNSHIP,Auditor General,,DEM,Tracie Fountain,0
Clinton,EAST KEATING TOWNSHIP,Auditor General,,DEM,Rose Rosie Marie Davis,0
Clinton,EAST KEATING TOWNSHIP,Auditor General,,DEM,Nina Ahmad,0
Clinton,EAST KEATING TOWNSHIP,Auditor General,,DEM,Christina M Hartman,0
Clinton,EAST KEATING TOWNSHIP,Auditor General,,DEM,Write-In,0
Clinton,EAST KEATING TOWNSHIP,State Treasurer,,DEM,Joe Torsella,2
Clinton,EAST KEATING TOWNSHIP,State Treasurer,,DEM,Write-In,0
Clinton,EAST KEATING TOWNSHIP,U.S. House,12,DEM,Lee Griffin,2
Clinton,EAST KEATING TOWNSHIP,U.S. House,12,DEM,Write-In,0
Clinton,EAST KEATING TOWNSHIP,State Senate,25,DEM,Margie Brown,2
Clinton,EAST KEATING TOWNSHIP,State Senate,25,DEM,Write-In,0
Clinton,EAST KEATING TOWNSHIP,General Assembly,76,DEM,Joe Waltz,2
Clinton,EAST KEATING TOWNSHIP,General Assembly,76,DEM,Write-In,0
Clinton,EAST KEATING TOWNSHIP,President,,REP,Donald J Trump,1
Clinton,EAST KEATING TOWNSHIP,President,,REP,Roque Rocky De La Fuente,0
Clinton,EAST KEATING TOWNSHIP,President,,REP,Bill Weld,0
Clinton,EAST KEATING TOWNSHIP,President,,REP,Write-In,0
Clinton,EAST KEATING TOWNSHIP,Attorney General,,REP,Heather Heidelbaugh,1
Clinton,EAST KEATING TOWNSHIP,Attorney General,,REP,Write-In,0
Clinton,EAST KEATING TOWNSHIP,Auditor General,,REP,Timothy Defoor,1
Clinton,EAST KEATING TOWNSHIP,Auditor General,,REP,Write-In,0
Clinton,EAST KEATING TOWNSHIP,State Treasurer,,REP,Stacy L Garrity,1
Clinton,EAST KEATING TOWNSHIP,State Treasurer,,REP,Write-In,0
Clinton,EAST KEATING TOWNSHIP,U.S. House,12,REP,Fred Keller,1
Clinton,EAST KEATING TOWNSHIP,U.S. House,12,REP,Write-In,0
Clinton,EAST KEATING TOWNSHIP,State Senate,25,REP,Cris Dush,0
Clinton,EAST KEATING TOWNSHIP,State Senate,25,REP,Jim Brown,1
Clinton,EAST KEATING TOWNSHIP,State Senate,25,REP,John Herm Suplizio,0
Clinton,EAST KEATING TOWNSHIP,State Senate,25,REP,Write-In,0
Clinton,EAST KEATING TOWNSHIP,General Assembly,76,REP,Stephanie Borowicz,1
Clinton,EAST KEATING TOWNSHIP,General Assembly,76,REP,Write-In,0
Clinton,FLEMINGTON BOROUGH,Registered Voters,,,,751
Clinton,FLEMINGTON BOROUGH,Registered Voters,,DEM,,308
Clinton,FLEMINGTON BOROUGH,Registered Voters,,REP,,349
Clinton,FLEMINGTON BOROUGH,Registered Voters,,NPA,,94
Clinton,FLEMINGTON BOROUGH,Ballots Cast,,,,300
Clinton,FLEMINGTON BOROUGH,Ballots Cast,,DEM,,135
Clinton,FLEMINGTON BOROUGH,Ballots Cast,,REP,,165
Clinton,FLEMINGTON BOROUGH,Ballots Cast,,NPA,,0
Clinton,FLEMINGTON BOROUGH,President,,DEM,Bernie Sanders,19
Clinton,FLEMINGTON BOROUGH,President,,DEM,Joseph R Biden,100
Clinton,FLEMINGTON BOROUGH,President,,DEM,Tulsi Gabbard,2
Clinton,FLEMINGTON BOROUGH,President,,DEM,Write-In,5
Clinton,FLEMINGTON BOROUGH,Attorney General,,DEM,Josh Shapiro,118
Clinton,FLEMINGTON BOROUGH,Attorney General,,DEM,Write-In,0
Clinton,FLEMINGTON BOROUGH,Auditor General,,DEM,H Scott Conklin,94
Clinton,FLEMINGTON BOROUGH,Auditor General,,DEM,Michael Lamb,10
Clinton,FLEMINGTON BOROUGH,Auditor General,,DEM,Tracie Fountain,5
Clinton,FLEMINGTON BOROUGH,Auditor General,,DEM,Rose Rosie Marie Davis,3
Clinton,FLEMINGTON BOROUGH,Auditor General,,DEM,Nina Ahmad,8
Clinton,FLEMINGTON BOROUGH,Auditor General,,DEM,Christina M Hartman,3
Clinton,FLEMINGTON BOROUGH,Auditor General,,DEM,Write-In,0
Clinton,FLEMINGTON BOROUGH,State Treasurer,,DEM,Joe Torsella,110
Clinton,FLEMINGTON BOROUGH,State Treasurer,,DEM,Write-In,1
Clinton,FLEMINGTON BOROUGH,U.S. House,12,DEM,Lee Griffin,112
Clinton,FLEMINGTON BOROUGH,U.S. House,12,DEM,Write-In,1
Clinton,FLEMINGTON BOROUGH,State Senate,25,DEM,Margie Brown,110
Clinton,FLEMINGTON BOROUGH,State Senate,25,DEM,Write-In,1
Clinton,FLEMINGTON BOROUGH,General Assembly,76,DEM,Joe Waltz,126
Clinton,FLEMINGTON BOROUGH,General Assembly,76,DEM,Write-In,1
Clinton,FLEMINGTON BOROUGH,President,,REP,Donald J Trump,147
Clinton,FLEMINGTON BOROUGH,President,,REP,Roque Rocky De La Fuente,3
Clinton,FLEMINGTON BOROUGH,President,,REP,Bill Weld,6
Clinton,FLEMINGTON BOROUGH,President,,REP,Write-In,4
Clinton,FLEMINGTON BOROUGH,Attorney General,,REP,Heather Heidelbaugh,147
Clinton,FLEMINGTON BOROUGH,Attorney General,,REP,Write-In,0
Clinton,FLEMINGTON BOROUGH,Auditor General,,REP,Timothy Defoor,145
Clinton,FLEMINGTON BOROUGH,Auditor General,,REP,Write-In,0
Clinton,FLEMINGTON BOROUGH,State Treasurer,,REP,Stacy L Garrity,146
Clinton,FLEMINGTON BOROUGH,State Treasurer,,REP,Write-In,0
Clinton,FLEMINGTON BOROUGH,U.S. House,12,REP,Fred Keller,150
Clinton,FLEMINGTON BOROUGH,U.S. House,12,REP,Write-In,0
Clinton,FLEMINGTON BOROUGH,State Senate,25,REP,Cris Dush,101
Clinton,FLEMINGTON BOROUGH,State Senate,25,REP,Jim Brown,22
Clinton,FLEMINGTON BOROUGH,State Senate,25,REP,John Herm Suplizio,34
Clinton,FLEMINGTON BOROUGH,State Senate,25,REP,Write-In,0
Clinton,FLEMINGTON BOROUGH,General Assembly,76,REP,Stephanie Borowicz,133
Clinton,FLEMINGTON BOROUGH,General Assembly,76,REP,Write-In,13
Clinton,GALLAGHER TOWNSHIP,Registered Voters,,,,281
Clinton,GALLAGHER TOWNSHIP,Registered Voters,,DEM,,66
Clinton,GALLAGHER TOWNSHIP,Registered Voters,,REP,,179
Clinton,GALLAGHER TOWNSHIP,Registered Voters,,NPA,,36
Clinton,GALLAGHER TOWNSHIP,Ballots Cast,,,,127
Clinton,GALLAGHER TOWNSHIP,Ballots Cast,,DEM,,30
Clinton,GALLAGHER TOWNSHIP,Ballots Cast,,REP,,97
Clinton,GALLAGHER TOWNSHIP,Ballots Cast,,NPA,,0
Clinton,GALLAGHER TOWNSHIP,President,,DEM,Bernie Sanders,3
Clinton,GALLAGHER TOWNSHIP,President,,DEM,Joseph R Biden,17
Clinton,GALLAGHER TOWNSHIP,President,,DEM,Tulsi Gabbard,3
Clinton,GALLAGHER TOWNSHIP,President,,DEM,Write-In,5
Clinton,GALLAGHER TOWNSHIP,Attorney General,,DEM,Josh Shapiro,22
Clinton,GALLAGHER TOWNSHIP,Attorney General,,DEM,Write-In,3
Clinton,GALLAGHER TOWNSHIP,Auditor General,,DEM,H Scott Conklin,19
Clinton,GALLAGHER TOWNSHIP,Auditor General,,DEM,Michael Lamb,2
Clinton,GALLAGHER TOWNSHIP,Auditor General,,DEM,Tracie Fountain,2
Clinton,GALLAGHER TOWNSHIP,Auditor General,,DEM,Rose Rosie Marie Davis,0
Clinton,GALLAGHER TOWNSHIP,Auditor General,,DEM,Nina Ahmad,4
Clinton,GALLAGHER TOWNSHIP,Auditor General,,DEM,Christina M Hartman,0
Clinton,GALLAGHER TOWNSHIP,Auditor General,,DEM,Write-In,2
Clinton,GALLAGHER TOWNSHIP,State Treasurer,,DEM,Joe Torsella,24
Clinton,GALLAGHER TOWNSHIP,State Treasurer,,DEM,Write-In,2
Clinton,GALLAGHER TOWNSHIP,U.S. House,12,DEM,Lee Griffin,24
Clinton,GALLAGHER TOWNSHIP,U.S. House,12,DEM,Write-In,2
Clinton,GALLAGHER TOWNSHIP,State Senate,25,DEM,Margie Brown,24
Clinton,GALLAGHER TOWNSHIP,State Senate,25,DEM,Write-In,2
Clinton,GALLAGHER TOWNSHIP,General Assembly,76,DEM,Joe Waltz,24
Clinton,GALLAGHER TOWNSHIP,General Assembly,76,DEM,Write-In,2
Clinton,GALLAGHER TOWNSHIP,President,,REP,Donald J Trump,92
Clinton,GALLAGHER TOWNSHIP,President,,REP,Roque Rocky De La Fuente,1
Clinton,GALLAGHER TOWNSHIP,President,,REP,Bill Weld,3
Clinton,GALLAGHER TOWNSHIP,President,,REP,Write-In,0
Clinton,GALLAGHER TOWNSHIP,Attorney General,,REP,Heather Heidelbaugh,93
Clinton,GALLAGHER TOWNSHIP,Attorney General,,REP,Write-In,1
Clinton,GALLAGHER TOWNSHIP,Auditor General,,REP,Timothy Defoor,88
Clinton,GALLAGHER TOWNSHIP,Auditor General,,REP,Write-In,0
Clinton,GALLAGHER TOWNSHIP,State Treasurer,,REP,Stacy L Garrity,92
Clinton,GALLAGHER TOWNSHIP,State Treasurer,,REP,Write-In,0
Clinton,GALLAGHER TOWNSHIP,U.S. House,12,REP,Fred Keller,95
Clinton,GALLAGHER TOWNSHIP,U.S. House,12,REP,Write-In,0
Clinton,GALLAGHER TOWNSHIP,State Senate,25,REP,Cris Dush,64
Clinton,GALLAGHER TOWNSHIP,State Senate,25,REP,Jim Brown,8
Clinton,GALLAGHER TOWNSHIP,State Senate,25,REP,John Herm Suplizio,21
Clinton,GALLAGHER TOWNSHIP,State Senate,25,REP,Write-In,0
Clinton,GALLAGHER TOWNSHIP,General Assembly,76,REP,Stephanie Borowicz,92
Clinton,GALLAGHER TOWNSHIP,General Assembly,76,REP,Write-In,1
Clinton,GREENE TOWNSHIP,Registered Voters,,,,672
Clinton,GREENE TOWNSHIP,Registered Voters,,DEM,,158
Clinton,GREENE TOWNSHIP,Registered Voters,,REP,,448
Clinton,GREENE TOWNSHIP,Registered Voters,,NPA,,66
Clinton,GREENE TOWNSHIP,Ballots Cast,,,,302
Clinton,GREENE TOWNSHIP,Ballots Cast,,DEM,,66
Clinton,GREENE TOWNSHIP,Ballots Cast,,REP,,236
Clinton,GREENE TOWNSHIP,Ballots Cast,,NPA,,0
Clinton,GREENE TOWNSHIP,President,,DEM,Bernie Sanders,16
Clinton,GREENE TOWNSHIP,President,,DEM,Joseph R Biden,38
Clinton,GREENE TOWNSHIP,President,,DEM,Tulsi Gabbard,4
Clinton,GREENE TOWNSHIP,President,,DEM,Write-In,3
Clinton,GREENE TOWNSHIP,Attorney General,,DEM,Josh Shapiro,62
Clinton,GREENE TOWNSHIP,Attorney General,,DEM,Write-In,1
Clinton,GREENE TOWNSHIP,Auditor General,,DEM,H Scott Conklin,45
Clinton,GREENE TOWNSHIP,Auditor General,,DEM,Michael Lamb,3
Clinton,GREENE TOWNSHIP,Auditor General,,DEM,Tracie Fountain,5
Clinton,GREENE TOWNSHIP,Auditor General,,DEM,Rose Rosie Marie Davis,2
Clinton,GREENE TOWNSHIP,Auditor General,,DEM,Nina Ahmad,7
Clinton,GREENE TOWNSHIP,Auditor General,,DEM,Christina M Hartman,1
Clinton,GREENE TOWNSHIP,Auditor General,,DEM,Write-In,1
Clinton,GREENE TOWNSHIP,State Treasurer,,DEM,Joe Torsella,56
Clinton,GREENE TOWNSHIP,State Treasurer,,DEM,Write-In,1
Clinton,GREENE TOWNSHIP,U.S. House,12,DEM,Lee Griffin,61
Clinton,GREENE TOWNSHIP,U.S. House,12,DEM,Write-In,1
Clinton,GREENE TOWNSHIP,State Senate,25,DEM,Margie Brown,57
Clinton,GREENE TOWNSHIP,State Senate,25,DEM,Write-In,3
Clinton,GREENE TOWNSHIP,General Assembly,76,DEM,Joe Waltz,62
Clinton,GREENE TOWNSHIP,General Assembly,76,DEM,Write-In,3
Clinton,GREENE TOWNSHIP,President,,REP,Donald J Trump,230
Clinton,GREENE TOWNSHIP,President,,REP,Roque Rocky De La Fuente,1
Clinton,GREENE TOWNSHIP,President,,REP,Bill Weld,1
Clinton,GREENE TOWNSHIP,President,,REP,Write-In,1
Clinton,GREENE TOWNSHIP,Attorney General,,REP,Heather Heidelbaugh,214
Clinton,GREENE TOWNSHIP,Attorney General,,REP,Write-In,0
Clinton,GREENE TOWNSHIP,Auditor General,,REP,Timothy Defoor,211
Clinton,GREENE TOWNSHIP,Auditor General,,REP,Write-In,0
Clinton,GREENE TOWNSHIP,State Treasurer,,REP,Stacy L Garrity,211
Clinton,GREENE TOWNSHIP,State Treasurer,,REP,Write-In,0
Clinton,GREENE TOWNSHIP,U.S. House,12,REP,Fred Keller,221
Clinton,GREENE TOWNSHIP,U.S. House,12,REP,Write-In,1
Clinton,GREENE TOWNSHIP,State Senate,25,REP,Cris Dush,134
Clinton,GREENE TOWNSHIP,State Senate,25,REP,Jim Brown,30
Clinton,GREENE TOWNSHIP,State Senate,25,REP,John Herm Suplizio,65
Clinton,GREENE TOWNSHIP,State Senate,25,REP,Write-In,1
Clinton,GREENE TOWNSHIP,General Assembly,76,REP,Stephanie Borowicz,227
Clinton,GREENE TOWNSHIP,General Assembly,76,REP,Write-In,1
Clinton,GRUGAN TOWNSHIP,Registered Voters,,,,35
Clinton,GRUGAN TOWNSHIP,Registered Voters,,DEM,,13
Clinton,GRUGAN TOWNSHIP,Registered Voters,,REP,,20
Clinton,GRUGAN TOWNSHIP,Registered Voters,,NPA,,2
Clinton,GRUGAN TOWNSHIP,Ballots Cast,,,,18
Clinton,GRUGAN TOWNSHIP,Ballots Cast,,DEM,,4
Clinton,GRUGAN TOWNSHIP,Ballots Cast,,REP,,14
Clinton,GRUGAN TOWNSHIP,Ballots Cast,,NPA,,0
Clinton,GRUGAN TOWNSHIP,President,,DEM,Bernie Sanders,1
Clinton,GRUGAN TOWNSHIP,President,,DEM,Joseph R Biden,3
Clinton,GRUGAN TOWNSHIP,President,,DEM,Tulsi Gabbard,0
Clinton,GRUGAN TOWNSHIP,President,,DEM,Write-In,0
Clinton,GRUGAN TOWNSHIP,Attorney General,,DEM,Josh Shapiro,2
Clinton,GRUGAN TOWNSHIP,Attorney General,,DEM,Write-In,0
Clinton,GRUGAN TOWNSHIP,Auditor General,,DEM,H Scott Conklin,4
Clinton,GRUGAN TOWNSHIP,Auditor General,,DEM,Michael Lamb,0
Clinton,GRUGAN TOWNSHIP,Auditor General,,DEM,Tracie Fountain,0
Clinton,GRUGAN TOWNSHIP,Auditor General,,DEM,Rose Rosie Marie Davis,0
Clinton,GRUGAN TOWNSHIP,Auditor General,,DEM,Nina Ahmad,0
Clinton,GRUGAN TOWNSHIP,Auditor General,,DEM,Christina M Hartman,0
Clinton,GRUGAN TOWNSHIP,Auditor General,,DEM,Write-In,0
Clinton,GRUGAN TOWNSHIP,State Treasurer,,DEM,Joe Torsella,2
Clinton,GRUGAN TOWNSHIP,State Treasurer,,DEM,Write-In,0
Clinton,GRUGAN TOWNSHIP,U.S. House,12,DEM,Lee Griffin,2
Clinton,GRUGAN TOWNSHIP,U.S. House,12,DEM,Write-In,0
Clinton,GRUGAN TOWNSHIP,State Senate,25,DEM,Margie Brown,3
Clinton,GRUGAN TOWNSHIP,State Senate,25,DEM,Write-In,0
Clinton,GRUGAN TOWNSHIP,General Assembly,76,DEM,Joe Waltz,3
Clinton,GRUGAN TOWNSHIP,General Assembly,76,DEM,Write-In,0
Clinton,GRUGAN TOWNSHIP,President,,REP,Donald J Trump,13
Clinton,GRUGAN TOWNSHIP,President,,REP,Roque Rocky De La Fuente,0
Clinton,GRUGAN TOWNSHIP,President,,REP,Bill Weld,0
Clinton,GRUGAN TOWNSHIP,President,,REP,Write-In,1
Clinton,GRUGAN TOWNSHIP,Attorney General,,REP,Heather Heidelbaugh,9
Clinton,GRUGAN TOWNSHIP,Attorney General,,REP,Write-In,0
Clinton,GRUGAN TOWNSHIP,Auditor General,,REP,Timothy Defoor,10
Clinton,GRUGAN TOWNSHIP,Auditor General,,REP,Write-In,0
Clinton,GRUGAN TOWNSHIP,State Treasurer,,REP,Stacy L Garrity,10
Clinton,GRUGAN TOWNSHIP,State Treasurer,,REP,Write-In,0
Clinton,GRUGAN TOWNSHIP,U.S. House,12,REP,Fred Keller,10
Clinton,GRUGAN TOWNSHIP,U.S. House,12,REP,Write-In,0
Clinton,GRUGAN TOWNSHIP,State Senate,25,REP,Cris Dush,3
Clinton,GRUGAN TOWNSHIP,State Senate,25,REP,Jim Brown,5
Clinton,GRUGAN TOWNSHIP,State Senate,25,REP,John Herm Suplizio,2
Clinton,GRUGAN TOWNSHIP,State Senate,25,REP,Write-In,0
Clinton,GRUGAN TOWNSHIP,General Assembly,76,REP,Stephanie Borowicz,13
Clinton,GRUGAN TOWNSHIP,General Assembly,76,REP,Write-In,0
Clinton,LAMAR TOWNSHIP,Registered Voters,,,,1332
Clinton,LAMAR TOWNSHIP,Registered Voters,,DEM,,450
Clinton,LAMAR TOWNSHIP,Registered Voters,,REP,,748
Clinton,LAMAR TOWNSHIP,Registered Voters,,NPA,,134
Clinton,LAMAR TOWNSHIP,Ballots Cast,,,,583
Clinton,LAMAR TOWNSHIP,Ballots Cast,,DEM,,205
Clinton,LAMAR TOWNSHIP,Ballots Cast,,REP,,378
Clinton,LAMAR TOWNSHIP,Ballots Cast,,NPA,,0
Clinton,LAMAR TOWNSHIP,President,,DEM,Bernie Sanders,27
Clinton,LAMAR TOWNSHIP,President,,DEM,Joseph R Biden,151
Clinton,LAMAR TOWNSHIP,President,,DEM,Tulsi Gabbard,8
Clinton,LAMAR TOWNSHIP,President,,DEM,Write-In,13
Clinton,LAMAR TOWNSHIP,Attorney General,,DEM,Josh Shapiro,182
Clinton,LAMAR TOWNSHIP,Attorney General,,DEM,Write-In,2
Clinton,LAMAR TOWNSHIP,Auditor General,,DEM,H Scott Conklin,151
Clinton,LAMAR TOWNSHIP,Auditor General,,DEM,Michael Lamb,12
Clinton,LAMAR TOWNSHIP,Auditor General,,DEM,Tracie Fountain,6
Clinton,LAMAR TOWNSHIP,Auditor General,,DEM,Rose Rosie Marie Davis,6
Clinton,LAMAR TOWNSHIP,Auditor General,,DEM,Nina Ahmad,7
Clinton,LAMAR TOWNSHIP,Auditor General,,DEM,Christina M Hartman,12
Clinton,LAMAR TOWNSHIP,Auditor General,,DEM,Write-In,1
Clinton,LAMAR TOWNSHIP,State Treasurer,,DEM,Joe Torsella,175
Clinton,LAMAR TOWNSHIP,State Treasurer,,DEM,Write-In,0
Clinton,LAMAR TOWNSHIP,U.S. House,12,DEM,Lee Griffin,175
Clinton,LAMAR TOWNSHIP,U.S. House,12,DEM,Write-In,1
Clinton,LAMAR TOWNSHIP,State Senate,25,DEM,Margie Brown,176
Clinton,LAMAR TOWNSHIP,State Senate,25,DEM,Write-In,2
Clinton,LAMAR TOWNSHIP,General Assembly,76,DEM,Joe Waltz,192
Clinton,LAMAR TOWNSHIP,General Assembly,76,DEM,Write-In,1
Clinton,LAMAR TOWNSHIP,President,,REP,Donald J Trump,346
Clinton,LAMAR TOWNSHIP,President,,REP,Roque Rocky De La Fuente,4
Clinton,LAMAR TOWNSHIP,President,,REP,Bill Weld,15
Clinton,LAMAR TOWNSHIP,President,,REP,Write-In,6
Clinton,LAMAR TOWNSHIP,Attorney General,,REP,Heather Heidelbaugh,338
Clinton,LAMAR TOWNSHIP,Attorney General,,REP,Write-In,3
Clinton,LAMAR TOWNSHIP,Auditor General,,REP,Timothy Defoor,341
Clinton,LAMAR TOWNSHIP,Auditor General,,REP,Write-In,2
Clinton,LAMAR TOWNSHIP,State Treasurer,,REP,Stacy L Garrity,336
Clinton,LAMAR TOWNSHIP,State Treasurer,,REP,Write-In,1
Clinton,LAMAR TOWNSHIP,U.S. House,12,REP,Fred Keller,340
Clinton,LAMAR TOWNSHIP,U.S. House,12,REP,Write-In,3
Clinton,LAMAR TOWNSHIP,State Senate,25,REP,Cris Dush,257
Clinton,LAMAR TOWNSHIP,State Senate,25,REP,Jim Brown,28
Clinton,LAMAR TOWNSHIP,State Senate,25,REP,John Herm Suplizio,78
Clinton,LAMAR TOWNSHIP,State Senate,25,REP,Write-In,0
Clinton,LAMAR TOWNSHIP,General Assembly,76,REP,Stephanie Borowicz,336
Clinton,LAMAR TOWNSHIP,General Assembly,76,REP,Write-In,13
Clinton,LEIDY TOWNSHIP,Registered Voters,,,,114
Clinton,LEIDY TOWNSHIP,Registered Voters,,DEM,,31
Clinton,LEIDY TOWNSHIP,Registered Voters,,REP,,75
Clinton,LEIDY TOWNSHIP,Registered Voters,,NPA,,8
Clinton,LEIDY TOWNSHIP,Ballots Cast,,,,47
Clinton,LEIDY TOWNSHIP,Ballots Cast,,DEM,,10
Clinton,LEIDY TOWNSHIP,Ballots Cast,,REP,,37
Clinton,LEIDY TOWNSHIP,Ballots Cast,,NPA,,0
Clinton,LEIDY TOWNSHIP,President,,DEM,Bernie Sanders,2
Clinton,LEIDY TOWNSHIP,President,,DEM,Joseph R Biden,4
Clinton,LEIDY TOWNSHIP,President,,DEM,Tulsi Gabbard,1
Clinton,LEIDY TOWNSHIP,President,,DEM,Write-In,1
Clinton,LEIDY TOWNSHIP,Attorney General,,DEM,Josh Shapiro,9
Clinton,LEIDY TOWNSHIP,Attorney General,,DEM,Write-In,0
Clinton,LEIDY TOWNSHIP,Auditor General,,DEM,H Scott Conklin,5
Clinton,LEIDY TOWNSHIP,Auditor General,,DEM,Michael Lamb,1
Clinton,LEIDY TOWNSHIP,Auditor General,,DEM,Tracie Fountain,0
Clinton,LEIDY TOWNSHIP,Auditor General,,DEM,Rose Rosie Marie Davis,0
Clinton,LEIDY TOWNSHIP,Auditor General,,DEM,Nina Ahmad,4
Clinton,LEIDY TOWNSHIP,Auditor General,,DEM,Christina M Hartman,0
Clinton,LEIDY TOWNSHIP,Auditor General,,DEM,Write-In,0
Clinton,LEIDY TOWNSHIP,State Treasurer,,DEM,Joe Torsella,9
Clinton,LEIDY TOWNSHIP,State Treasurer,,DEM,Write-In,0
Clinton,LEIDY TOWNSHIP,U.S. House,12,DEM,Lee Griffin,9
Clinton,LEIDY TOWNSHIP,U.S. House,12,DEM,Write-In,0
Clinton,LEIDY TOWNSHIP,State Senate,25,DEM,Margie Brown,9
Clinton,LEIDY TOWNSHIP,State Senate,25,DEM,Write-In,0
Clinton,LEIDY TOWNSHIP,General Assembly,76,DEM,Joe Waltz,9
Clinton,LEIDY TOWNSHIP,General Assembly,76,DEM,Write-In,0
Clinton,LEIDY TOWNSHIP,President,,REP,Donald J Trump,34
Clinton,LEIDY TOWNSHIP,President,,REP,Roque Rocky De La Fuente,0
Clinton,LEIDY TOWNSHIP,President,,REP,Bill Weld,2
Clinton,LEIDY TOWNSHIP,President,,REP,Write-In,1
Clinton,LEIDY TOWNSHIP,Attorney General,,REP,Heather Heidelbaugh,33
Clinton,LEIDY TOWNSHIP,Attorney General,,REP,Write-In,0
Clinton,LEIDY TOWNSHIP,Auditor General,,REP,Timothy Defoor,30
Clinton,LEIDY TOWNSHIP,Auditor General,,REP,Write-In,0
Clinton,LEIDY TOWNSHIP,State Treasurer,,REP,Stacy L Garrity,31
Clinton,LEIDY TOWNSHIP,State Treasurer,,REP,Write-In,0
Clinton,LEIDY TOWNSHIP,U.S. House,12,REP,Fred Keller,32
Clinton,LEIDY TOWNSHIP,U.S. House,12,REP,Write-In,0
Clinton,LEIDY TOWNSHIP,State Senate,25,REP,Cris Dush,16
Clinton,LEIDY TOWNSHIP,State Senate,25,REP,Jim Brown,4
Clinton,LEIDY TOWNSHIP,State Senate,25,REP,John Herm Suplizio,16
Clinton,LEIDY TOWNSHIP,State Senate,25,REP,Write-In,0
Clinton,LEIDY TOWNSHIP,General Assembly,76,REP,Stephanie Borowicz,31
Clinton,LEIDY TOWNSHIP,General Assembly,76,REP,Write-In,1
Clinton,LOCK HAVEN FIFTH WARD,Registered Voters,,,,585
Clinton,LOCK HAVEN FIFTH WARD,Registered Voters,,DEM,,242
Clinton,LOCK HAVEN FIFTH WARD,Registered Voters,,REP,,253
Clinton,LOCK HAVEN FIFTH WARD,Registered Voters,,NPA,,90
Clinton,LOCK HAVEN FIFTH WARD,Ballots Cast,,,,179
Clinton,LOCK HAVEN FIFTH WARD,Ballots Cast,,DEM,,88
Clinton,LOCK HAVEN FIFTH WARD,Ballots Cast,,REP,,91
Clinton,LOCK HAVEN FIFTH WARD,Ballots Cast,,NPA,,0
Clinton,LOCK HAVEN FIFTH WARD,President,,DEM,Bernie Sanders,14
Clinton,LOCK HAVEN FIFTH WARD,President,,DEM,Joseph R Biden,61
Clinton,LOCK HAVEN FIFTH WARD,President,,DEM,Tulsi Gabbard,8
Clinton,LOCK HAVEN FIFTH WARD,President,,DEM,Write-In,2
Clinton,LOCK HAVEN FIFTH WARD,Attorney General,,DEM,Josh Shapiro,72
Clinton,LOCK HAVEN FIFTH WARD,Attorney General,,DEM,Write-In,3
Clinton,LOCK HAVEN FIFTH WARD,Auditor General,,DEM,H Scott Conklin,51
Clinton,LOCK HAVEN FIFTH WARD,Auditor General,,DEM,Michael Lamb,5
Clinton,LOCK HAVEN FIFTH WARD,Auditor General,,DEM,Tracie Fountain,1
Clinton,LOCK HAVEN FIFTH WARD,Auditor General,,DEM,Rose Rosie Marie Davis,5
Clinton,LOCK HAVEN FIFTH WARD,Auditor General,,DEM,Nina Ahmad,11
Clinton,LOCK HAVEN FIFTH WARD,Auditor General,,DEM,Christina M Hartman,6
Clinton,LOCK HAVEN FIFTH WARD,Auditor General,,DEM,Write-In,3
Clinton,LOCK HAVEN FIFTH WARD,State Treasurer,,DEM,Joe Torsella,75
Clinton,LOCK HAVEN FIFTH WARD,State Treasurer,,DEM,Write-In,3
Clinton,LOCK HAVEN FIFTH WARD,U.S. House,12,DEM,Lee Griffin,73
Clinton,LOCK HAVEN FIFTH WARD,U.S. House,12,DEM,Write-In,3
Clinton,LOCK HAVEN FIFTH WARD,State Senate,25,DEM,Margie Brown,73
Clinton,LOCK HAVEN FIFTH WARD,State Senate,25,DEM,Write-In,4
Clinton,LOCK HAVEN FIFTH WARD,General Assembly,76,DEM,Joe Waltz,81
Clinton,LOCK HAVEN FIFTH WARD,General Assembly,76,DEM,Write-In,2
Clinton,LOCK HAVEN FIFTH WARD,President,,REP,Donald J Trump,83
Clinton,LOCK HAVEN FIFTH WARD,President,,REP,Roque Rocky De La Fuente,0
Clinton,LOCK HAVEN FIFTH WARD,President,,REP,Bill Weld,2
Clinton,LOCK HAVEN FIFTH WARD,President,,REP,Write-In,2
Clinton,LOCK HAVEN FIFTH WARD,Attorney General,,REP,Heather Heidelbaugh,77
Clinton,LOCK HAVEN FIFTH WARD,Attorney General,,REP,Write-In,2
Clinton,LOCK HAVEN FIFTH WARD,Auditor General,,REP,Timothy Defoor,78
Clinton,LOCK HAVEN FIFTH WARD,Auditor General,,REP,Write-In,2
Clinton,LOCK HAVEN FIFTH WARD,State Treasurer,,REP,Stacy L Garrity,78
Clinton,LOCK HAVEN FIFTH WARD,State Treasurer,,REP,Write-In,2
Clinton,LOCK HAVEN FIFTH WARD,U.S. House,12,REP,Fred Keller,82
Clinton,LOCK HAVEN FIFTH WARD,U.S. House,12,REP,Write-In,0
Clinton,LOCK HAVEN FIFTH WARD,State Senate,25,REP,Cris Dush,53
Clinton,LOCK HAVEN FIFTH WARD,State Senate,25,REP,Jim Brown,10
Clinton,LOCK HAVEN FIFTH WARD,State Senate,25,REP,John Herm Suplizio,22
Clinton,LOCK HAVEN FIFTH WARD,State Senate,25,REP,Write-In,2
Clinton,LOCK HAVEN FIFTH WARD,General Assembly,76,REP,Stephanie Borowicz,83
Clinton,LOCK HAVEN FIFTH WARD,General Assembly,76,REP,Write-In,3
Clinton,LOCK HAVEN FIRST WARD,Registered Voters,,,,612
Clinton,LOCK HAVEN FIRST WARD,Registered Voters,,DEM,,252
Clinton,LOCK HAVEN FIRST WARD,Registered Voters,,REP,,238
Clinton,LOCK HAVEN FIRST WARD,Registered Voters,,NPA,,122
Clinton,LOCK HAVEN FIRST WARD,Ballots Cast,,,,167
Clinton,LOCK HAVEN FIRST WARD,Ballots Cast,,DEM,,77
Clinton,LOCK HAVEN FIRST WARD,Ballots Cast,,REP,,90
Clinton,LOCK HAVEN FIRST WARD,Ballots Cast,,NPA,,0
Clinton,LOCK HAVEN FIRST WARD,President,,DEM,Bernie Sanders,18
Clinton,LOCK HAVEN FIRST WARD,President,,DEM,Joseph R Biden,55
Clinton,LOCK HAVEN FIRST WARD,President,,DEM,Tulsi Gabbard,0
Clinton,LOCK HAVEN FIRST WARD,President,,DEM,Write-In,4
Clinton,LOCK HAVEN FIRST WARD,Attorney General,,DEM,Josh Shapiro,72
Clinton,LOCK HAVEN FIRST WARD,Attorney General,,DEM,Write-In,0
Clinton,LOCK HAVEN FIRST WARD,Auditor General,,DEM,H Scott Conklin,53
Clinton,LOCK HAVEN FIRST WARD,Auditor General,,DEM,Michael Lamb,3
Clinton,LOCK HAVEN FIRST WARD,Auditor General,,DEM,Tracie Fountain,2
Clinton,LOCK HAVEN FIRST WARD,Auditor General,,DEM,Rose Rosie Marie Davis,4
Clinton,LOCK HAVEN FIRST WARD,Auditor General,,DEM,Nina Ahmad,4
Clinton,LOCK HAVEN FIRST WARD,Auditor General,,DEM,Christina M Hartman,6
Clinton,LOCK HAVEN FIRST WARD,Auditor General,,DEM,Write-In,2
Clinton,LOCK HAVEN FIRST WARD,State Treasurer,,DEM,Joe Torsella,69
Clinton,LOCK HAVEN FIRST WARD,State Treasurer,,DEM,Write-In,1
Clinton,LOCK HAVEN FIRST WARD,U.S. House,12,DEM,Lee Griffin,67
Clinton,LOCK HAVEN FIRST WARD,U.S. House,12,DEM,Write-In,0
Clinton,LOCK HAVEN FIRST WARD,State Senate,25,DEM,Margie Brown,69
Clinton,LOCK HAVEN FIRST WARD,State Senate,25,DEM,Write-In,0
Clinton,LOCK HAVEN FIRST WARD,General Assembly,76,DEM,Joe Waltz,75
Clinton,LOCK HAVEN FIRST WARD,General Assembly,76,DEM,Write-In,0
Clinton,LOCK HAVEN FIRST WARD,President,,REP,Donald J Trump,78
Clinton,LOCK HAVEN FIRST WARD,President,,REP,Roque Rocky De La Fuente,2
Clinton,LOCK HAVEN FIRST WARD,President,,REP,Bill Weld,6
Clinton,LOCK HAVEN FIRST WARD,President,,REP,Write-In,2
Clinton,LOCK HAVEN FIRST WARD,Attorney General,,REP,Heather Heidelbaugh,78
Clinton,LOCK HAVEN FIRST WARD,Attorney General,,REP,Write-In,0
Clinton,LOCK HAVEN FIRST WARD,Auditor General,,REP,Timothy Defoor,77
Clinton,LOCK HAVEN FIRST WARD,Auditor General,,REP,Write-In,1
Clinton,LOCK HAVEN FIRST WARD,State Treasurer,,REP,Stacy L Garrity,75
Clinton,LOCK HAVEN FIRST WARD,State Treasurer,,REP,Write-In,0
Clinton,LOCK HAVEN FIRST WARD,U.S. House,12,REP,Fred Keller,80
Clinton,LOCK HAVEN FIRST WARD,U.S. House,12,REP,Write-In,0
Clinton,LOCK HAVEN FIRST WARD,State Senate,25,REP,Cris Dush,43
Clinton,LOCK HAVEN FIRST WARD,State Senate,25,REP,Jim Brown,23
Clinton,LOCK HAVEN FIRST WARD,State Senate,25,REP,John Herm Suplizio,15
Clinton,LOCK HAVEN FIRST WARD,State Senate,25,REP,Write-In,0
Clinton,LOCK HAVEN FIRST WARD,General Assembly,76,REP,Stephanie Borowicz,83
Clinton,LOCK HAVEN FIRST WARD,General Assembly,76,REP,Write-In,1
Clinton,LOCK HAVEN FOURTH WARD,Registered Voters,,,,1301
Clinton,LOCK HAVEN FOURTH WARD,Registered Voters,,DEM,,600
Clinton,LOCK HAVEN FOURTH WARD,Registered Voters,,REP,,505
Clinton,LOCK HAVEN FOURTH WARD,Registered Voters,,NPA,,196
Clinton,LOCK HAVEN FOURTH WARD,Ballots Cast,,,,429
Clinton,LOCK HAVEN FOURTH WARD,Ballots Cast,,DEM,,240
Clinton,LOCK HAVEN FOURTH WARD,Ballots Cast,,REP,,189
Clinton,LOCK HAVEN FOURTH WARD,Ballots Cast,,NPA,,0
Clinton,LOCK HAVEN FOURTH WARD,President,,DEM,Bernie Sanders,70
Clinton,LOCK HAVEN FOURTH WARD,President,,DEM,Joseph R Biden,146
Clinton,LOCK HAVEN FOURTH WARD,President,,DEM,Tulsi Gabbard,6
Clinton,LOCK HAVEN FOURTH WARD,President,,DEM,Write-In,11
Clinton,LOCK HAVEN FOURTH WARD,Attorney General,,DEM,Josh Shapiro,220
Clinton,LOCK HAVEN FOURTH WARD,Attorney General,,DEM,Write-In,0
Clinton,LOCK HAVEN FOURTH WARD,Auditor General,,DEM,H Scott Conklin,155
Clinton,LOCK HAVEN FOURTH WARD,Auditor General,,DEM,Michael Lamb,16
Clinton,LOCK HAVEN FOURTH WARD,Auditor General,,DEM,Tracie Fountain,6
Clinton,LOCK HAVEN FOURTH WARD,Auditor General,,DEM,Rose Rosie Marie Davis,8
Clinton,LOCK HAVEN FOURTH WARD,Auditor General,,DEM,Nina Ahmad,39
Clinton,LOCK HAVEN FOURTH WARD,Auditor General,,DEM,Christina M Hartman,5
Clinton,LOCK HAVEN FOURTH WARD,Auditor General,,DEM,Write-In,0
Clinton,LOCK HAVEN FOURTH WARD,State Treasurer,,DEM,Joe Torsella,219
Clinton,LOCK HAVEN FOURTH WARD,State Treasurer,,DEM,Write-In,0
Clinton,LOCK HAVEN FOURTH WARD,U.S. House,12,DEM,Lee Griffin,214
Clinton,LOCK HAVEN FOURTH WARD,U.S. House,12,DEM,Write-In,2
Clinton,LOCK HAVEN FOURTH WARD,State Senate,25,DEM,Margie Brown,213
Clinton,LOCK HAVEN FOURTH WARD,State Senate,25,DEM,Write-In,1
Clinton,LOCK HAVEN FOURTH WARD,General Assembly,76,DEM,Joe Waltz,227
Clinton,LOCK HAVEN FOURTH WARD,General Assembly,76,DEM,Write-In,3
Clinton,LOCK HAVEN FOURTH WARD,President,,REP,Donald J Trump,176
Clinton,LOCK HAVEN FOURTH WARD,President,,REP,Roque Rocky De La Fuente,2
Clinton,LOCK HAVEN FOURTH WARD,President,,REP,Bill Weld,7
Clinton,LOCK HAVEN FOURTH WARD,President,,REP,Write-In,1
Clinton,LOCK HAVEN FOURTH WARD,Attorney General,,REP,Heather Heidelbaugh,164
Clinton,LOCK HAVEN FOURTH WARD,Attorney General,,REP,Write-In,1
Clinton,LOCK HAVEN FOURTH WARD,Auditor General,,REP,Timothy Defoor,162
Clinton,LOCK HAVEN FOURTH WARD,Auditor General,,REP,Write-In,1
Clinton,LOCK HAVEN FOURTH WARD,State Treasurer,,REP,Stacy L Garrity,158
Clinton,LOCK HAVEN FOURTH WARD,State Treasurer,,REP,Write-In,2
Clinton,LOCK HAVEN FOURTH WARD,U.S. House,12,REP,Fred Keller,169
Clinton,LOCK HAVEN FOURTH WARD,U.S. House,12,REP,Write-In,3
Clinton,LOCK HAVEN FOURTH WARD,State Senate,25,REP,Cris Dush,131
Clinton,LOCK HAVEN FOURTH WARD,State Senate,25,REP,Jim Brown,14
Clinton,LOCK HAVEN FOURTH WARD,State Senate,25,REP,John Herm Suplizio,35
Clinton,LOCK HAVEN FOURTH WARD,State Senate,25,REP,Write-In,1
Clinton,LOCK HAVEN FOURTH WARD,General Assembly,76,REP,Stephanie Borowicz,166
Clinton,LOCK HAVEN FOURTH WARD,General Assembly,76,REP,Write-In,13
Clinton,LOCK HAVEN SECOND WARD,Registered Voters,,,,338
Clinton,LOCK HAVEN SECOND WARD,Registered Voters,,DEM,,149
Clinton,LOCK HAVEN SECOND WARD,Registered Voters,,REP,,119
Clinton,LOCK HAVEN SECOND WARD,Registered Voters,,NPA,,70
Clinton,LOCK HAVEN SECOND WARD,Ballots Cast,,,,74
Clinton,LOCK HAVEN SECOND WARD,Ballots Cast,,DEM,,36
Clinton,LOCK HAVEN SECOND WARD,Ballots Cast,,REP,,38
Clinton,LOCK HAVEN SECOND WARD,Ballots Cast,,NPA,,0
Clinton,LOCK HAVEN SECOND WARD,President,,DEM,Bernie Sanders,9
Clinton,LOCK HAVEN SECOND WARD,President,,DEM,Joseph R Biden,22
Clinton,LOCK HAVEN SECOND WARD,President,,DEM,Tulsi Gabbard,1
Clinton,LOCK HAVEN SECOND WARD,President,,DEM,Write-In,3
Clinton,LOCK HAVEN SECOND WARD,Attorney General,,DEM,Josh Shapiro,29
Clinton,LOCK HAVEN SECOND WARD,Attorney General,,DEM,Write-In,0
Clinton,LOCK HAVEN SECOND WARD,Auditor General,,DEM,H Scott Conklin,24
Clinton,LOCK HAVEN SECOND WARD,Auditor General,,DEM,Michael Lamb,0
Clinton,LOCK HAVEN SECOND WARD,Auditor General,,DEM,Tracie Fountain,0
Clinton,LOCK HAVEN SECOND WARD,Auditor General,,DEM,Rose Rosie Marie Davis,1
Clinton,LOCK HAVEN SECOND WARD,Auditor General,,DEM,Nina Ahmad,6
Clinton,LOCK HAVEN SECOND WARD,Auditor General,,DEM,Christina M Hartman,2
Clinton,LOCK HAVEN SECOND WARD,Auditor General,,DEM,Write-In,0
Clinton,LOCK HAVEN SECOND WARD,State Treasurer,,DEM,Joe Torsella,30
Clinton,LOCK HAVEN SECOND WARD,State Treasurer,,DEM,Write-In,0
Clinton,LOCK HAVEN SECOND WARD,U.S. House,12,DEM,Lee Griffin,29
Clinton,LOCK HAVEN SECOND WARD,U.S. House,12,DEM,Write-In,0
Clinton,LOCK HAVEN SECOND WARD,State Senate,25,DEM,Margie Brown,31
Clinton,LOCK HAVEN SECOND WARD,State Senate,25,DEM,Write-In,0
Clinton,LOCK HAVEN SECOND WARD,General Assembly,76,DEM,Joe Waltz,33
Clinton,LOCK HAVEN SECOND WARD,General Assembly,76,DEM,Write-In,0
Clinton,LOCK HAVEN SECOND WARD,President,,REP,Donald J Trump,32
Clinton,LOCK HAVEN SECOND WARD,President,,REP,Roque Rocky De La Fuente,0
Clinton,LOCK HAVEN SECOND WARD,President,,REP,Bill Weld,2
Clinton,LOCK HAVEN SECOND WARD,President,,REP,Write-In,2
Clinton,LOCK HAVEN SECOND WARD,Attorney General,,REP,Heather Heidelbaugh,29
Clinton,LOCK HAVEN SECOND WARD,Attorney General,,REP,Write-In,0
Clinton,LOCK HAVEN SECOND WARD,Auditor General,,REP,Timothy Defoor,28
Clinton,LOCK HAVEN SECOND WARD,Auditor General,,REP,Write-In,0
Clinton,LOCK HAVEN SECOND WARD,State Treasurer,,REP,Stacy L Garrity,31
Clinton,LOCK HAVEN SECOND WARD,State Treasurer,,REP,Write-In,0
Clinton,LOCK HAVEN SECOND WARD,U.S. House,12,REP,Fred Keller,31
Clinton,LOCK HAVEN SECOND WARD,U.S. House,12,REP,Write-In,0
Clinton,LOCK HAVEN SECOND WARD,State Senate,25,REP,Cris Dush,19
Clinton,LOCK HAVEN SECOND WARD,State Senate,25,REP,Jim Brown,9
Clinton,LOCK HAVEN SECOND WARD,State Senate,25,REP,John Herm Suplizio,5
Clinton,LOCK HAVEN SECOND WARD,State Senate,25,REP,Write-In,1
Clinton,LOCK HAVEN SECOND WARD,General Assembly,76,REP,Stephanie Borowicz,31
Clinton,LOCK HAVEN SECOND WARD,General Assembly,76,REP,Write-In,3
Clinton,LOCK HAVEN THIRD WARD,Registered Voters,,,,1510
Clinton,LOCK HAVEN THIRD WARD,Registered Voters,,DEM,,650
Clinton,LOCK HAVEN THIRD WARD,Registered Voters,,REP,,539
Clinton,LOCK HAVEN THIRD WARD,Registered Voters,,NPA,,321
Clinton,LOCK HAVEN THIRD WARD,Ballots Cast,,,,308
Clinton,LOCK HAVEN THIRD WARD,Ballots Cast,,DEM,,178
Clinton,LOCK HAVEN THIRD WARD,Ballots Cast,,REP,,130
Clinton,LOCK HAVEN THIRD WARD,Ballots Cast,,NPA,,0
Clinton,LOCK HAVEN THIRD WARD,President,,DEM,Bernie Sanders,45
Clinton,LOCK HAVEN THIRD WARD,President,,DEM,Joseph R Biden,122
Clinton,LOCK HAVEN THIRD WARD,President,,DEM,Tulsi Gabbard,5
Clinton,LOCK HAVEN THIRD WARD,President,,DEM,Write-In,4
Clinton,LOCK HAVEN THIRD WARD,Attorney General,,DEM,Josh Shapiro,160
Clinton,LOCK HAVEN THIRD WARD,Attorney General,,DEM,Write-In,2
Clinton,LOCK HAVEN THIRD WARD,Auditor General,,DEM,H Scott Conklin,102
Clinton,LOCK HAVEN THIRD WARD,Auditor General,,DEM,Michael Lamb,14
Clinton,LOCK HAVEN THIRD WARD,Auditor General,,DEM,Tracie Fountain,6
Clinton,LOCK HAVEN THIRD WARD,Auditor General,,DEM,Rose Rosie Marie Davis,4
Clinton,LOCK HAVEN THIRD WARD,Auditor General,,DEM,Nina Ahmad,32
Clinton,LOCK HAVEN THIRD WARD,Auditor General,,DEM,Christina M Hartman,7
Clinton,LOCK HAVEN THIRD WARD,Auditor General,,DEM,Write-In,0
Clinton,LOCK HAVEN THIRD WARD,State Treasurer,,DEM,Joe Torsella,156
Clinton,LOCK HAVEN THIRD WARD,State Treasurer,,DEM,Write-In,3
Clinton,LOCK HAVEN THIRD WARD,U.S. House,12,DEM,Lee Griffin,151
Clinton,LOCK HAVEN THIRD WARD,U.S. House,12,DEM,Write-In,3
Clinton,LOCK HAVEN THIRD WARD,State Senate,25,DEM,Margie Brown,157
Clinton,LOCK HAVEN THIRD WARD,State Senate,25,DEM,Write-In,1
Clinton,LOCK HAVEN THIRD WARD,General Assembly,76,DEM,Joe Waltz,173
Clinton,LOCK HAVEN THIRD WARD,General Assembly,76,DEM,Write-In,1
Clinton,LOCK HAVEN THIRD WARD,President,,REP,Donald J Trump,115
Clinton,LOCK HAVEN THIRD WARD,President,,REP,Roque Rocky De La Fuente,1
Clinton,LOCK HAVEN THIRD WARD,President,,REP,Bill Weld,8
Clinton,LOCK HAVEN THIRD WARD,President,,REP,Write-In,3
Clinton,LOCK HAVEN THIRD WARD,Attorney General,,REP,Heather Heidelbaugh,113
Clinton,LOCK HAVEN THIRD WARD,Attorney General,,REP,Write-In,3
Clinton,LOCK HAVEN THIRD WARD,Auditor General,,REP,Timothy Defoor,114
Clinton,LOCK HAVEN THIRD WARD,Auditor General,,REP,Write-In,1
Clinton,LOCK HAVEN THIRD WARD,State Treasurer,,REP,Stacy L Garrity,117
Clinton,LOCK HAVEN THIRD WARD,State Treasurer,,REP,Write-In,1
Clinton,LOCK HAVEN THIRD WARD,U.S. House,12,REP,Fred Keller,118
Clinton,LOCK HAVEN THIRD WARD,U.S. House,12,REP,Write-In,3
Clinton,LOCK HAVEN THIRD WARD,State Senate,25,REP,Cris Dush,84
Clinton,LOCK HAVEN THIRD WARD,State Senate,25,REP,Jim Brown,18
Clinton,LOCK HAVEN THIRD WARD,State Senate,25,REP,John Herm Suplizio,24
Clinton,LOCK HAVEN THIRD WARD,State Senate,25,REP,Write-In,2
Clinton,LOCK HAVEN THIRD WARD,General Assembly,76,REP,Stephanie Borowicz,113
Clinton,LOCK HAVEN THIRD WARD,General Assembly,76,REP,Write-In,11
Clinton,LOGANTON BOROUGH,Registered Voters,,,,257
Clinton,LOGANTON BOROUGH,Registered Voters,,DEM,,109
Clinton,LOGANTON BOROUGH,Registered Voters,,REP,,115
Clinton,LOGANTON BOROUGH,Registered Voters,,NPA,,33
Clinton,LOGANTON BOROUGH,Ballots Cast,,,,115
Clinton,LOGANTON BOROUGH,Ballots Cast,,DEM,,54
Clinton,LOGANTON BOROUGH,Ballots Cast,,REP,,61
Clinton,LOGANTON BOROUGH,Ballots Cast,,NPA,,0
Clinton,LOGANTON BOROUGH,President,,DEM,Bernie Sanders,6
Clinton,LOGANTON BOROUGH,President,,DEM,Joseph R Biden,37
Clinton,LOGANTON BOROUGH,President,,DEM,Tulsi Gabbard,3
Clinton,LOGANTON BOROUGH,President,,DEM,Write-In,6
Clinton,LOGANTON BOROUGH,Attorney General,,DEM,Josh Shapiro,46
Clinton,LOGANTON BOROUGH,Attorney General,,DEM,Write-In,0
Clinton,LOGANTON BOROUGH,Auditor General,,DEM,H Scott Conklin,47
Clinton,LOGANTON BOROUGH,Auditor General,,DEM,Michael Lamb,2
Clinton,LOGANTON BOROUGH,Auditor General,,DEM,Tracie Fountain,0
Clinton,LOGANTON BOROUGH,Auditor General,,DEM,Rose Rosie Marie Davis,2
Clinton,LOGANTON BOROUGH,Auditor General,,DEM,Nina Ahmad,1
Clinton,LOGANTON BOROUGH,Auditor General,,DEM,Christina M Hartman,1
Clinton,LOGANTON BOROUGH,Auditor General,,DEM,Write-In,0
Clinton,LOGANTON BOROUGH,State Treasurer,,DEM,Joe Torsella,50
Clinton,LOGANTON BOROUGH,State Treasurer,,DEM,Write-In,0
Clinton,LOGANTON BOROUGH,U.S. House,12,DEM,Lee Griffin,49
Clinton,LOGANTON BOROUGH,U.S. House,12,DEM,Write-In,1
Clinton,LOGANTON BOROUGH,State Senate,25,DEM,Margie Brown,50
Clinton,LOGANTON BOROUGH,State Senate,25,DEM,Write-In,0
Clinton,LOGANTON BOROUGH,General Assembly,76,DEM,Joe Waltz,50
Clinton,LOGANTON BOROUGH,General Assembly,76,DEM,Write-In,1
Clinton,LOGANTON BOROUGH,President,,REP,Donald J Trump,60
Clinton,LOGANTON BOROUGH,President,,REP,Roque Rocky De La Fuente,1
Clinton,LOGANTON BOROUGH,President,,REP,Bill Weld,0
Clinton,LOGANTON BOROUGH,President,,REP,Write-In,0
Clinton,LOGANTON BOROUGH,Attorney General,,REP,Heather Heidelbaugh,59
Clinton,LOGANTON BOROUGH,Attorney General,,REP,Write-In,0
Clinton,LOGANTON BOROUGH,Auditor General,,REP,Timothy Defoor,55
Clinton,LOGANTON BOROUGH,Auditor General,,REP,Write-In,0
Clinton,LOGANTON BOROUGH,State Treasurer,,REP,Stacy L Garrity,58
Clinton,LOGANTON BOROUGH,State Treasurer,,REP,Write-In,0
Clinton,LOGANTON BOROUGH,U.S. House,12,REP,Fred Keller,60
Clinton,LOGANTON BOROUGH,U.S. House,12,REP,Write-In,0
Clinton,LOGANTON BOROUGH,State Senate,25,REP,Cris Dush,37
Clinton,LOGANTON BOROUGH,State Senate,25,REP,Jim Brown,4
Clinton,LOGANTON BOROUGH,State Senate,25,REP,John Herm Suplizio,18
Clinton,LOGANTON BOROUGH,State Senate,25,REP,Write-In,0
Clinton,LOGANTON BOROUGH,General Assembly,76,REP,Stephanie Borowicz,61
Clinton,LOGANTON BOROUGH,General Assembly,76,REP,Write-In,0
Clinton,LOGAN TOWNSHIP,Registered Voters,,,,348
Clinton,LOGAN TOWNSHIP,Registered Voters,,DEM,,94
Clinton,LOGAN TOWNSHIP,Registered Voters,,REP,,219
Clinton,LOGAN TOWNSHIP,Registered Voters,,NPA,,35
Clinton,LOGAN TOWNSHIP,Ballots Cast,,,,133
Clinton,LOGAN TOWNSHIP,Ballots Cast,,DEM,,45
Clinton,LOGAN TOWNSHIP,Ballots Cast,,REP,,88
Clinton,LOGAN TOWNSHIP,Ballots Cast,,NPA,,0
Clinton,LOGAN TOWNSHIP,President,,DEM,Bernie Sanders,6
Clinton,LOGAN TOWNSHIP,President,,DEM,Joseph R Biden,32
Clinton,LOGAN TOWNSHIP,President,,DEM,Tulsi Gabbard,5
Clinton,LOGAN TOWNSHIP,President,,DEM,Write-In,2
Clinton,LOGAN TOWNSHIP,Attorney General,,DEM,Josh Shapiro,43
Clinton,LOGAN TOWNSHIP,Attorney General,,DEM,Write-In,0
Clinton,LOGAN TOWNSHIP,Auditor General,,DEM,H Scott Conklin,39
Clinton,LOGAN TOWNSHIP,Auditor General,,DEM,Michael Lamb,3
Clinton,LOGAN TOWNSHIP,Auditor General,,DEM,Tracie Fountain,1
Clinton,LOGAN TOWNSHIP,Auditor General,,DEM,Rose Rosie Marie Davis,0
Clinton,LOGAN TOWNSHIP,Auditor General,,DEM,Nina Ahmad,2
Clinton,LOGAN TOWNSHIP,Auditor General,,DEM,Christina M Hartman,0
Clinton,LOGAN TOWNSHIP,Auditor General,,DEM,Write-In,0
Clinton,LOGAN TOWNSHIP,State Treasurer,,DEM,Joe Torsella,41
Clinton,LOGAN TOWNSHIP,State Treasurer,,DEM,Write-In,0
Clinton,LOGAN TOWNSHIP,U.S. House,12,DEM,Lee Griffin,43
Clinton,LOGAN TOWNSHIP,U.S. House,12,DEM,Write-In,0
Clinton,LOGAN TOWNSHIP,State Senate,25,DEM,Margie Brown,42
Clinton,LOGAN TOWNSHIP,State Senate,25,DEM,Write-In,1
Clinton,LOGAN TOWNSHIP,General Assembly,76,DEM,Joe Waltz,42
Clinton,LOGAN TOWNSHIP,General Assembly,76,DEM,Write-In,1
Clinton,LOGAN TOWNSHIP,President,,REP,Donald J Trump,77
Clinton,LOGAN TOWNSHIP,President,,REP,Roque Rocky De La Fuente,1
Clinton,LOGAN TOWNSHIP,President,,REP,Bill Weld,5
Clinton,LOGAN TOWNSHIP,President,,REP,Write-In,3
Clinton,LOGAN TOWNSHIP,Attorney General,,REP,Heather Heidelbaugh,75
Clinton,LOGAN TOWNSHIP,Attorney General,,REP,Write-In,0
Clinton,LOGAN TOWNSHIP,Auditor General,,REP,Timothy Defoor,73
Clinton,LOGAN TOWNSHIP,Auditor General,,REP,Write-In,0
Clinton,LOGAN TOWNSHIP,State Treasurer,,REP,Stacy L Garrity,73
Clinton,LOGAN TOWNSHIP,State Treasurer,,REP,Write-In,0
Clinton,LOGAN TOWNSHIP,U.S. House,12,REP,Fred Keller,74
Clinton,LOGAN TOWNSHIP,U.S. House,12,REP,Write-In,4
Clinton,LOGAN TOWNSHIP,State Senate,25,REP,Cris Dush,45
Clinton,LOGAN TOWNSHIP,State Senate,25,REP,Jim Brown,16
Clinton,LOGAN TOWNSHIP,State Senate,25,REP,John Herm Suplizio,23
Clinton,LOGAN TOWNSHIP,State Senate,25,REP,Write-In,1
Clinton,LOGAN TOWNSHIP,General Assembly,76,REP,Stephanie Borowicz,82
Clinton,LOGAN TOWNSHIP,General Assembly,76,REP,Write-In,3
Clinton,MILL HALL BOROUGH,Registered Voters,,,,851
Clinton,MILL HALL BOROUGH,Registered Voters,,DEM,,320
Clinton,MILL HALL BOROUGH,Registered Voters,,REP,,431
Clinton,MILL HALL BOROUGH,Registered Voters,,NPA,,100
Clinton,MILL HALL BOROUGH,Ballots Cast,,,,303
Clinton,MILL HALL BOROUGH,Ballots Cast,,DEM,,114
Clinton,MILL HALL BOROUGH,Ballots Cast,,REP,,189
Clinton,MILL HALL BOROUGH,Ballots Cast,,NPA,,0
Clinton,MILL HALL BOROUGH,President,,DEM,Bernie Sanders,24
Clinton,MILL HALL BOROUGH,President,,DEM,Joseph R Biden,70
Clinton,MILL HALL BOROUGH,President,,DEM,Tulsi Gabbard,5
Clinton,MILL HALL BOROUGH,President,,DEM,Write-In,9
Clinton,MILL HALL BOROUGH,Attorney General,,DEM,Josh Shapiro,107
Clinton,MILL HALL BOROUGH,Attorney General,,DEM,Write-In,0
Clinton,MILL HALL BOROUGH,Auditor General,,DEM,H Scott Conklin,81
Clinton,MILL HALL BOROUGH,Auditor General,,DEM,Michael Lamb,9
Clinton,MILL HALL BOROUGH,Auditor General,,DEM,Tracie Fountain,7
Clinton,MILL HALL BOROUGH,Auditor General,,DEM,Rose Rosie Marie Davis,2
Clinton,MILL HALL BOROUGH,Auditor General,,DEM,Nina Ahmad,7
Clinton,MILL HALL BOROUGH,Auditor General,,DEM,Christina M Hartman,5
Clinton,MILL HALL BOROUGH,Auditor General,,DEM,Write-In,0
Clinton,MILL HALL BOROUGH,State Treasurer,,DEM,Joe Torsella,108
Clinton,MILL HALL BOROUGH,State Treasurer,,DEM,Write-In,0
Clinton,MILL HALL BOROUGH,U.S. House,12,DEM,Lee Griffin,106
Clinton,MILL HALL BOROUGH,U.S. House,12,DEM,Write-In,0
Clinton,MILL HALL BOROUGH,State Senate,25,DEM,Margie Brown,107
Clinton,MILL HALL BOROUGH,State Senate,25,DEM,Write-In,1
Clinton,MILL HALL BOROUGH,General Assembly,76,DEM,Joe Waltz,109
Clinton,MILL HALL BOROUGH,General Assembly,76,DEM,Write-In,1
Clinton,MILL HALL BOROUGH,President,,REP,Donald J Trump,175
Clinton,MILL HALL BOROUGH,President,,REP,Roque Rocky De La Fuente,0
Clinton,MILL HALL BOROUGH,President,,REP,Bill Weld,4
Clinton,MILL HALL BOROUGH,President,,REP,Write-In,7
Clinton,MILL HALL BOROUGH,Attorney General,,REP,Heather Heidelbaugh,170
Clinton,MILL HALL BOROUGH,Attorney General,,REP,Write-In,1
Clinton,MILL HALL BOROUGH,Auditor General,,REP,Timothy Defoor,171
Clinton,MILL HALL BOROUGH,Auditor General,,REP,Write-In,1
Clinton,MILL HALL BOROUGH,State Treasurer,,REP,Stacy L Garrity,168
Clinton,MILL HALL BOROUGH,State Treasurer,,REP,Write-In,1
Clinton,MILL HALL BOROUGH,U.S. House,12,REP,Fred Keller,174
Clinton,MILL HALL BOROUGH,U.S. House,12,REP,Write-In,2
Clinton,MILL HALL BOROUGH,State Senate,25,REP,Cris Dush,102
Clinton,MILL HALL BOROUGH,State Senate,25,REP,Jim Brown,15
Clinton,MILL HALL BOROUGH,State Senate,25,REP,John Herm Suplizio,64
Clinton,MILL HALL BOROUGH,State Senate,25,REP,Write-In,1
Clinton,MILL HALL BOROUGH,General Assembly,76,REP,Stephanie Borowicz,165
Clinton,MILL HALL BOROUGH,General Assembly,76,REP,Write-In,8
Clinton,NOYES TOWNSHIP,Registered Voters,,,,215
Clinton,NOYES TOWNSHIP,Registered Voters,,DEM,,69
Clinton,NOYES TOWNSHIP,Registered Voters,,REP,,121
Clinton,NOYES TOWNSHIP,Registered Voters,,NPA,,25
Clinton,NOYES TOWNSHIP,Ballots Cast,,,,91
Clinton,NOYES TOWNSHIP,Ballots Cast,,DEM,,26
Clinton,NOYES TOWNSHIP,Ballots Cast,,REP,,65
Clinton,NOYES TOWNSHIP,Ballots Cast,,NPA,,0
Clinton,NOYES TOWNSHIP,President,,DEM,Bernie Sanders,6
Clinton,NOYES TOWNSHIP,President,,DEM,Joseph R Biden,19
Clinton,NOYES TOWNSHIP,President,,DEM,Tulsi Gabbard,1
Clinton,NOYES TOWNSHIP,President,,DEM,Write-In,0
Clinton,NOYES TOWNSHIP,Attorney General,,DEM,Josh Shapiro,20
Clinton,NOYES TOWNSHIP,Attorney General,,DEM,Write-In,0
Clinton,NOYES TOWNSHIP,Auditor General,,DEM,H Scott Conklin,13
Clinton,NOYES TOWNSHIP,Auditor General,,DEM,Michael Lamb,1
Clinton,NOYES TOWNSHIP,Auditor General,,DEM,Tracie Fountain,0
Clinton,NOYES TOWNSHIP,Auditor General,,DEM,Rose Rosie Marie Davis,1
Clinton,NOYES TOWNSHIP,Auditor General,,DEM,Nina Ahmad,8
Clinton,NOYES TOWNSHIP,Auditor General,,DEM,Christina M Hartman,1
Clinton,NOYES TOWNSHIP,Auditor General,,DEM,Write-In,0
Clinton,NOYES TOWNSHIP,State Treasurer,,DEM,Joe Torsella,20
Clinton,NOYES TOWNSHIP,State Treasurer,,DEM,Write-In,0
Clinton,NOYES TOWNSHIP,U.S. House,12,DEM,Lee Griffin,18
Clinton,NOYES TOWNSHIP,U.S. House,12,DEM,Write-In,0
Clinton,NOYES TOWNSHIP,State Senate,25,DEM,Margie Brown,19
Clinton,NOYES TOWNSHIP,State Senate,25,DEM,Write-In,0
Clinton,NOYES TOWNSHIP,General Assembly,76,DEM,Joe Waltz,25
Clinton,NOYES TOWNSHIP,General Assembly,76,DEM,Write-In,0
Clinton,NOYES TOWNSHIP,President,,REP,Donald J Trump,63
Clinton,NOYES TOWNSHIP,President,,REP,Roque Rocky De La Fuente,0
Clinton,NOYES TOWNSHIP,President,,REP,Bill Weld,2
Clinton,NOYES TOWNSHIP,President,,REP,Write-In,0
Clinton,NOYES TOWNSHIP,Attorney General,,REP,Heather Heidelbaugh,55
Clinton,NOYES TOWNSHIP,Attorney General,,REP,Write-In,0
Clinton,NOYES TOWNSHIP,Auditor General,,REP,Timothy Defoor,54
Clinton,NOYES TOWNSHIP,Auditor General,,REP,Write-In,0
Clinton,NOYES TOWNSHIP,State Treasurer,,REP,Stacy L Garrity,54
Clinton,NOYES TOWNSHIP,State Treasurer,,REP,Write-In,0
Clinton,NOYES TOWNSHIP,U.S. House,12,REP,Fred Keller,58
Clinton,NOYES TOWNSHIP,U.S. House,12,REP,Write-In,0
Clinton,NOYES TOWNSHIP,State Senate,25,REP,Cris Dush,30
Clinton,NOYES TOWNSHIP,State Senate,25,REP,Jim Brown,10
Clinton,NOYES TOWNSHIP,State Senate,25,REP,John Herm Suplizio,24
Clinton,NOYES TOWNSHIP,State Senate,25,REP,Write-In,0
Clinton,NOYES TOWNSHIP,General Assembly,76,REP,Stephanie Borowicz,62
Clinton,NOYES TOWNSHIP,General Assembly,76,REP,Write-In,1
Clinton,PINE CREEK TOWNSHIP I,Registered Voters,,,,1067
Clinton,PINE CREEK TOWNSHIP I,Registered Voters,,DEM,,274
Clinton,PINE CREEK TOWNSHIP I,Registered Voters,,REP,,659
Clinton,PINE CREEK TOWNSHIP I,Registered Voters,,NPA,,134
Clinton,PINE CREEK TOWNSHIP I,Ballots Cast,,,,440
Clinton,PINE CREEK TOWNSHIP I,Ballots Cast,,DEM,,119
Clinton,PINE CREEK TOWNSHIP I,Ballots Cast,,REP,,321
Clinton,PINE CREEK TOWNSHIP I,Ballots Cast,,NPA,,0
Clinton,PINE CREEK TOWNSHIP I,President,,DEM,Bernie Sanders,24
Clinton,PINE CREEK TOWNSHIP I,President,,DEM,Joseph R Biden,82
Clinton,PINE CREEK TOWNSHIP I,President,,DEM,Tulsi Gabbard,4
Clinton,PINE CREEK TOWNSHIP I,President,,DEM,Write-In,6
Clinton,PINE CREEK TOWNSHIP I,Attorney General,,DEM,Josh Shapiro,111
Clinton,PINE CREEK TOWNSHIP I,Attorney General,,DEM,Write-In,0
Clinton,PINE CREEK TOWNSHIP I,Auditor General,,DEM,H Scott Conklin,83
Clinton,PINE CREEK TOWNSHIP I,Auditor General,,DEM,Michael Lamb,9
Clinton,PINE CREEK TOWNSHIP I,Auditor General,,DEM,Tracie Fountain,6
Clinton,PINE CREEK TOWNSHIP I,Auditor General,,DEM,Rose Rosie Marie Davis,2
Clinton,PINE CREEK TOWNSHIP I,Auditor General,,DEM,Nina Ahmad,9
Clinton,PINE CREEK TOWNSHIP I,Auditor General,,DEM,Christina M Hartman,4
Clinton,PINE CREEK TOWNSHIP I,Auditor General,,DEM,Write-In,0
Clinton,PINE CREEK TOWNSHIP I,State Treasurer,,DEM,Joe Torsella,110
Clinton,PINE CREEK TOWNSHIP I,State Treasurer,,DEM,Write-In,0
Clinton,PINE CREEK TOWNSHIP I,U.S. House,12,DEM,Lee Griffin,107
Clinton,PINE CREEK TOWNSHIP I,U.S. House,12,DEM,Write-In,0
Clinton,PINE CREEK TOWNSHIP I,State Senate,25,DEM,Margie Brown,107
Clinton,PINE CREEK TOWNSHIP I,State Senate,25,DEM,Write-In,0
Clinton,PINE CREEK TOWNSHIP I,General Assembly,76,DEM,Joe Waltz,112
Clinton,PINE CREEK TOWNSHIP I,General Assembly,76,DEM,Write-In,1
Clinton,PINE CREEK TOWNSHIP I,President,,REP,Donald J Trump,304
Clinton,PINE CREEK TOWNSHIP I,President,,REP,Roque Rocky De La Fuente,2
Clinton,PINE CREEK TOWNSHIP I,President,,REP,Bill Weld,8
Clinton,PINE CREEK TOWNSHIP I,President,,REP,Write-In,3
Clinton,PINE CREEK TOWNSHIP I,Attorney General,,REP,Heather Heidelbaugh,272
Clinton,PINE CREEK TOWNSHIP I,Attorney General,,REP,Write-In,3
Clinton,PINE CREEK TOWNSHIP I,Auditor General,,REP,Timothy Defoor,268
Clinton,PINE CREEK TOWNSHIP I,Auditor General,,REP,Write-In,1
Clinton,PINE CREEK TOWNSHIP I,State Treasurer,,REP,Stacy L Garrity,263
Clinton,PINE CREEK TOWNSHIP I,State Treasurer,,REP,Write-In,1
Clinton,PINE CREEK TOWNSHIP I,U.S. House,12,REP,Fred Keller,290
Clinton,PINE CREEK TOWNSHIP I,U.S. House,12,REP,Write-In,0
Clinton,PINE CREEK TOWNSHIP I,State Senate,25,REP,Cris Dush,218
Clinton,PINE CREEK TOWNSHIP I,State Senate,25,REP,Jim Brown,22
Clinton,PINE CREEK TOWNSHIP I,State Senate,25,REP,John Herm Suplizio,57
Clinton,PINE CREEK TOWNSHIP I,State Senate,25,REP,Write-In,1
Clinton,PINE CREEK TOWNSHIP I,General Assembly,76,REP,Stephanie Borowicz,297
Clinton,PINE CREEK TOWNSHIP I,General Assembly,76,REP,Write-In,4
Clinton,PINE CREEK TOWNSHIP II,Registered Voters,,,,987
Clinton,PINE CREEK TOWNSHIP II,Registered Voters,,DEM,,293
Clinton,PINE CREEK TOWNSHIP II,Registered Voters,,REP,,572
Clinton,PINE CREEK TOWNSHIP II,Registered Voters,,NPA,,122
Clinton,PINE CREEK TOWNSHIP II,Ballots Cast,,,,396
Clinton,PINE CREEK TOWNSHIP II,Ballots Cast,,DEM,,144
Clinton,PINE CREEK TOWNSHIP II,Ballots Cast,,REP,,252
Clinton,PINE CREEK TOWNSHIP II,Ballots Cast,,NPA,,0
Clinton,PINE CREEK TOWNSHIP II,President,,DEM,Bernie Sanders,20
Clinton,PINE CREEK TOWNSHIP II,President,,DEM,Joseph R Biden,105
Clinton,PINE CREEK TOWNSHIP II,President,,DEM,Tulsi Gabbard,4
Clinton,PINE CREEK TOWNSHIP II,President,,DEM,Write-In,8
Clinton,PINE CREEK TOWNSHIP II,Attorney General,,DEM,Josh Shapiro,130
Clinton,PINE CREEK TOWNSHIP II,Attorney General,,DEM,Write-In,1
Clinton,PINE CREEK TOWNSHIP II,Auditor General,,DEM,H Scott Conklin,94
Clinton,PINE CREEK TOWNSHIP II,Auditor General,,DEM,Michael Lamb,18
Clinton,PINE CREEK TOWNSHIP II,Auditor General,,DEM,Tracie Fountain,5
Clinton,PINE CREEK TOWNSHIP II,Auditor General,,DEM,Rose Rosie Marie Davis,4
Clinton,PINE CREEK TOWNSHIP II,Auditor General,,DEM,Nina Ahmad,13
Clinton,PINE CREEK TOWNSHIP II,Auditor General,,DEM,Christina M Hartman,3
Clinton,PINE CREEK TOWNSHIP II,Auditor General,,DEM,Write-In,0
Clinton,PINE CREEK TOWNSHIP II,State Treasurer,,DEM,Joe Torsella,129
Clinton,PINE CREEK TOWNSHIP II,State Treasurer,,DEM,Write-In,1
Clinton,PINE CREEK TOWNSHIP II,U.S. House,12,DEM,Lee Griffin,121
Clinton,PINE CREEK TOWNSHIP II,U.S. House,12,DEM,Write-In,3
Clinton,PINE CREEK TOWNSHIP II,State Senate,25,DEM,Margie Brown,124
Clinton,PINE CREEK TOWNSHIP II,State Senate,25,DEM,Write-In,4
Clinton,PINE CREEK TOWNSHIP II,General Assembly,76,DEM,Joe Waltz,132
Clinton,PINE CREEK TOWNSHIP II,General Assembly,76,DEM,Write-In,6
Clinton,PINE CREEK TOWNSHIP II,President,,REP,Donald J Trump,226
Clinton,PINE CREEK TOWNSHIP II,President,,REP,Roque Rocky De La Fuente,4
Clinton,PINE CREEK TOWNSHIP II,President,,REP,Bill Weld,5
Clinton,PINE CREEK TOWNSHIP II,President,,REP,Write-In,9
Clinton,PINE CREEK TOWNSHIP II,Attorney General,,REP,Heather Heidelbaugh,221
Clinton,PINE CREEK TOWNSHIP II,Attorney General,,REP,Write-In,2
Clinton,PINE CREEK TOWNSHIP II,Auditor General,,REP,Timothy Defoor,226
Clinton,PINE CREEK TOWNSHIP II,Auditor General,,REP,Write-In,3
Clinton,PINE CREEK TOWNSHIP II,State Treasurer,,REP,Stacy L Garrity,222
Clinton,PINE CREEK TOWNSHIP II,State Treasurer,,REP,Write-In,2
Clinton,PINE CREEK TOWNSHIP II,U.S. House,12,REP,Fred Keller,233
Clinton,PINE CREEK TOWNSHIP II,U.S. House,12,REP,Write-In,1
Clinton,PINE CREEK TOWNSHIP II,State Senate,25,REP,Cris Dush,140
Clinton,PINE CREEK TOWNSHIP II,State Senate,25,REP,Jim Brown,27
Clinton,PINE CREEK TOWNSHIP II,State Senate,25,REP,John Herm Suplizio,69
Clinton,PINE CREEK TOWNSHIP II,State Senate,25,REP,Write-In,2
Clinton,PINE CREEK TOWNSHIP II,General Assembly,76,REP,Stephanie Borowicz,225
Clinton,PINE CREEK TOWNSHIP II,General Assembly,76,REP,Write-In,10
Clinton,PORTER TOWNSHIP,Registered Voters,,,,830
Clinton,PORTER TOWNSHIP,Registered Voters,,DEM,,219
Clinton,PORTER TOWNSHIP,Registered Voters,,REP,,522
Clinton,PORTER TOWNSHIP,Registered Voters,,NPA,,89
Clinton,PORTER TOWNSHIP,Ballots Cast,,,,352
Clinton,PORTER TOWNSHIP,Ballots Cast,,DEM,,88
Clinton,PORTER TOWNSHIP,Ballots Cast,,REP,,264
Clinton,PORTER TOWNSHIP,Ballots Cast,,NPA,,0
Clinton,PORTER TOWNSHIP,President,,DEM,Bernie Sanders,13
Clinton,PORTER TOWNSHIP,President,,DEM,Joseph R Biden,63
Clinton,PORTER TOWNSHIP,President,,DEM,Tulsi Gabbard,5
Clinton,PORTER TOWNSHIP,President,,DEM,Write-In,1
Clinton,PORTER TOWNSHIP,Attorney General,,DEM,Josh Shapiro,82
Clinton,PORTER TOWNSHIP,Attorney General,,DEM,Write-In,0
Clinton,PORTER TOWNSHIP,Auditor General,,DEM,H Scott Conklin,65
Clinton,PORTER TOWNSHIP,Auditor General,,DEM,Michael Lamb,4
Clinton,PORTER TOWNSHIP,Auditor General,,DEM,Tracie Fountain,5
Clinton,PORTER TOWNSHIP,Auditor General,,DEM,Rose Rosie Marie Davis,1
Clinton,PORTER TOWNSHIP,Auditor General,,DEM,Nina Ahmad,4
Clinton,PORTER TOWNSHIP,Auditor General,,DEM,Christina M Hartman,4
Clinton,PORTER TOWNSHIP,Auditor General,,DEM,Write-In,0
Clinton,PORTER TOWNSHIP,State Treasurer,,DEM,Joe Torsella,82
Clinton,PORTER TOWNSHIP,State Treasurer,,DEM,Write-In,0
Clinton,PORTER TOWNSHIP,U.S. House,12,DEM,Lee Griffin,81
Clinton,PORTER TOWNSHIP,U.S. House,12,DEM,Write-In,0
Clinton,PORTER TOWNSHIP,State Senate,25,DEM,Margie Brown,79
Clinton,PORTER TOWNSHIP,State Senate,25,DEM,Write-In,0
Clinton,PORTER TOWNSHIP,General Assembly,76,DEM,Joe Waltz,82
Clinton,PORTER TOWNSHIP,General Assembly,76,DEM,Write-In,0
Clinton,PORTER TOWNSHIP,President,,REP,Donald J Trump,246
Clinton,PORTER TOWNSHIP,President,,REP,Roque Rocky De La Fuente,1
Clinton,PORTER TOWNSHIP,President,,REP,Bill Weld,10
Clinton,PORTER TOWNSHIP,President,,REP,Write-In,2
Clinton,PORTER TOWNSHIP,Attorney General,,REP,Heather Heidelbaugh,235
Clinton,PORTER TOWNSHIP,Attorney General,,REP,Write-In,0
Clinton,PORTER TOWNSHIP,Auditor General,,REP,Timothy Defoor,229
Clinton,PORTER TOWNSHIP,Auditor General,,REP,Write-In,0
Clinton,PORTER TOWNSHIP,State Treasurer,,REP,Stacy L Garrity,227
Clinton,PORTER TOWNSHIP,State Treasurer,,REP,Write-In,0
Clinton,PORTER TOWNSHIP,U.S. House,12,REP,Fred Keller,237
Clinton,PORTER TOWNSHIP,U.S. House,12,REP,Write-In,0
Clinton,PORTER TOWNSHIP,State Senate,25,REP,Cris Dush,189
Clinton,PORTER TOWNSHIP,State Senate,25,REP,Jim Brown,18
Clinton,PORTER TOWNSHIP,State Senate,25,REP,John Herm Suplizio,50
Clinton,PORTER TOWNSHIP,State Senate,25,REP,Write-In,0
Clinton,PORTER TOWNSHIP,General Assembly,76,REP,Stephanie Borowicz,244
Clinton,PORTER TOWNSHIP,General Assembly,76,REP,Write-In,6
Clinton,RENOVO BOROUGH,Registered Voters,,,,588
Clinton,RENOVO BOROUGH,Registered Voters,,DEM,,287
Clinton,RENOVO BOROUGH,Registered Voters,,REP,,213
Clinton,RENOVO BOROUGH,Registered Voters,,NPA,,88
Clinton,RENOVO BOROUGH,Ballots Cast,,,,184
Clinton,RENOVO BOROUGH,Ballots Cast,,DEM,,95
Clinton,RENOVO BOROUGH,Ballots Cast,,REP,,89
Clinton,RENOVO BOROUGH,Ballots Cast,,NPA,,0
Clinton,RENOVO BOROUGH,President,,DEM,Bernie Sanders,8
Clinton,RENOVO BOROUGH,President,,DEM,Joseph R Biden,62
Clinton,RENOVO BOROUGH,President,,DEM,Tulsi Gabbard,5
Clinton,RENOVO BOROUGH,President,,DEM,Write-In,17
Clinton,RENOVO BOROUGH,Attorney General,,DEM,Josh Shapiro,75
Clinton,RENOVO BOROUGH,Attorney General,,DEM,Write-In,1
Clinton,RENOVO BOROUGH,Auditor General,,DEM,H Scott Conklin,56
Clinton,RENOVO BOROUGH,Auditor General,,DEM,Michael Lamb,9
Clinton,RENOVO BOROUGH,Auditor General,,DEM,Tracie Fountain,5
Clinton,RENOVO BOROUGH,Auditor General,,DEM,Rose Rosie Marie Davis,2
Clinton,RENOVO BOROUGH,Auditor General,,DEM,Nina Ahmad,2
Clinton,RENOVO BOROUGH,Auditor General,,DEM,Christina M Hartman,5
Clinton,RENOVO BOROUGH,Auditor General,,DEM,Write-In,2
Clinton,RENOVO BOROUGH,State Treasurer,,DEM,Joe Torsella,75
Clinton,RENOVO BOROUGH,State Treasurer,,DEM,Write-In,1
Clinton,RENOVO BOROUGH,U.S. House,12,DEM,Lee Griffin,74
Clinton,RENOVO BOROUGH,U.S. House,12,DEM,Write-In,1
Clinton,RENOVO BOROUGH,State Senate,25,DEM,Margie Brown,72
Clinton,RENOVO BOROUGH,State Senate,25,DEM,Write-In,3
Clinton,RENOVO BOROUGH,General Assembly,76,DEM,Joe Waltz,82
Clinton,RENOVO BOROUGH,General Assembly,76,DEM,Write-In,3
Clinton,RENOVO BOROUGH,President,,REP,Donald J Trump,80
Clinton,RENOVO BOROUGH,President,,REP,Roque Rocky De La Fuente,1
Clinton,RENOVO BOROUGH,President,,REP,Bill Weld,3
Clinton,RENOVO BOROUGH,President,,REP,Write-In,1
Clinton,RENOVO BOROUGH,Attorney General,,REP,Heather Heidelbaugh,78
Clinton,RENOVO BOROUGH,Attorney General,,REP,Write-In,0
Clinton,RENOVO BOROUGH,Auditor General,,REP,Timothy Defoor,77
Clinton,RENOVO BOROUGH,Auditor General,,REP,Write-In,0
Clinton,RENOVO BOROUGH,State Treasurer,,REP,Stacy L Garrity,75
Clinton,RENOVO BOROUGH,State Treasurer,,REP,Write-In,0
Clinton,RENOVO BOROUGH,U.S. House,12,REP,Fred Keller,81
Clinton,RENOVO BOROUGH,U.S. House,12,REP,Write-In,0
Clinton,RENOVO BOROUGH,State Senate,25,REP,Cris Dush,49
Clinton,RENOVO BOROUGH,State Senate,25,REP,Jim Brown,10
Clinton,RENOVO BOROUGH,State Senate,25,REP,John Herm Suplizio,27
Clinton,RENOVO BOROUGH,State Senate,25,REP,Write-In,0
Clinton,RENOVO BOROUGH,General Assembly,76,REP,Stephanie Borowicz,87
Clinton,RENOVO BOROUGH,General Assembly,76,REP,Write-In,0
Clinton,SOUTH RENOVO BOROUGH,Registered Voters,,,,251
Clinton,SOUTH RENOVO BOROUGH,Registered Voters,,DEM,,124
Clinton,SOUTH RENOVO BOROUGH,Registered Voters,,REP,,107
Clinton,SOUTH RENOVO BOROUGH,Registered Voters,,NPA,,20
Clinton,SOUTH RENOVO BOROUGH,Ballots Cast,,,,90
Clinton,SOUTH RENOVO BOROUGH,Ballots Cast,,DEM,,51
Clinton,SOUTH RENOVO BOROUGH,Ballots Cast,,REP,,39
Clinton,SOUTH RENOVO BOROUGH,Ballots Cast,,NPA,,0
Clinton,SOUTH RENOVO BOROUGH,President,,DEM,Bernie Sanders,9
Clinton,SOUTH RENOVO BOROUGH,President,,DEM,Joseph R Biden,28
Clinton,SOUTH RENOVO BOROUGH,President,,DEM,Tulsi Gabbard,1
Clinton,SOUTH RENOVO BOROUGH,President,,DEM,Write-In,9
Clinton,SOUTH RENOVO BOROUGH,Attorney General,,DEM,Josh Shapiro,39
Clinton,SOUTH RENOVO BOROUGH,Attorney General,,DEM,Write-In,1
Clinton,SOUTH RENOVO BOROUGH,Auditor General,,DEM,H Scott Conklin,26
Clinton,SOUTH RENOVO BOROUGH,Auditor General,,DEM,Michael Lamb,4
Clinton,SOUTH RENOVO BOROUGH,Auditor General,,DEM,Tracie Fountain,0
Clinton,SOUTH RENOVO BOROUGH,Auditor General,,DEM,Rose Rosie Marie Davis,2
Clinton,SOUTH RENOVO BOROUGH,Auditor General,,DEM,Nina Ahmad,6
Clinton,SOUTH RENOVO BOROUGH,Auditor General,,DEM,Christina M Hartman,3
Clinton,SOUTH RENOVO BOROUGH,Auditor General,,DEM,Write-In,1
Clinton,SOUTH RENOVO BOROUGH,State Treasurer,,DEM,Joe Torsella,39
Clinton,SOUTH RENOVO BOROUGH,State Treasurer,,DEM,Write-In,2
Clinton,SOUTH RENOVO BOROUGH,U.S. House,12,DEM,Lee Griffin,41
Clinton,SOUTH RENOVO BOROUGH,U.S. House,12,DEM,Write-In,2
Clinton,SOUTH RENOVO BOROUGH,State Senate,25,DEM,Margie Brown,41
Clinton,SOUTH RENOVO BOROUGH,State Senate,25,DEM,Write-In,1
Clinton,SOUTH RENOVO BOROUGH,General Assembly,76,DEM,Joe Waltz,45
Clinton,SOUTH RENOVO BOROUGH,General Assembly,76,DEM,Write-In,5
Clinton,SOUTH RENOVO BOROUGH,President,,REP,Donald J Trump,37
Clinton,SOUTH RENOVO BOROUGH,President,,REP,Roque Rocky De La Fuente,1
Clinton,SOUTH RENOVO BOROUGH,President,,REP,Bill Weld,1
Clinton,SOUTH RENOVO BOROUGH,President,,REP,Write-In,0
Clinton,SOUTH RENOVO BOROUGH,Attorney General,,REP,Heather Heidelbaugh,34
Clinton,SOUTH RENOVO BOROUGH,Attorney General,,REP,Write-In,0
Clinton,SOUTH RENOVO BOROUGH,Auditor General,,REP,Timothy Defoor,34
Clinton,SOUTH RENOVO BOROUGH,Auditor General,,REP,Write-In,0
Clinton,SOUTH RENOVO BOROUGH,State Treasurer,,REP,Stacy L Garrity,31
Clinton,SOUTH RENOVO BOROUGH,State Treasurer,,REP,Write-In,0
Clinton,SOUTH RENOVO BOROUGH,U.S. House,12,REP,Fred Keller,35
Clinton,SOUTH RENOVO BOROUGH,U.S. House,12,REP,Write-In,0
Clinton,SOUTH RENOVO BOROUGH,State Senate,25,REP,Cris Dush,21
Clinton,SOUTH RENOVO BOROUGH,State Senate,25,REP,Jim Brown,1
Clinton,SOUTH RENOVO BOROUGH,State Senate,25,REP,John Herm Suplizio,14
Clinton,SOUTH RENOVO BOROUGH,State Senate,25,REP,Write-In,0
Clinton,SOUTH RENOVO BOROUGH,General Assembly,76,REP,Stephanie Borowicz,37
Clinton,SOUTH RENOVO BOROUGH,General Assembly,76,REP,Write-In,0
Clinton,WAYNE TOWNSHIP,Registered Voters,,,,883
Clinton,WAYNE TOWNSHIP,Registered Voters,,DEM,,336
Clinton,WAYNE TOWNSHIP,Registered Voters,,REP,,461
Clinton,WAYNE TOWNSHIP,Registered Voters,,NPA,,86
Clinton,WAYNE TOWNSHIP,Ballots Cast,,,,371
Clinton,WAYNE TOWNSHIP,Ballots Cast,,DEM,,130
Clinton,WAYNE TOWNSHIP,Ballots Cast,,REP,,241
Clinton,WAYNE TOWNSHIP,Ballots Cast,,NPA,,0
Clinton,WAYNE TOWNSHIP,President,,DEM,Bernie Sanders,22
Clinton,WAYNE TOWNSHIP,President,,DEM,Joseph R Biden,85
Clinton,WAYNE TOWNSHIP,President,,DEM,Tulsi Gabbard,6
Clinton,WAYNE TOWNSHIP,President,,DEM,Write-In,11
Clinton,WAYNE TOWNSHIP,Attorney General,,DEM,Josh Shapiro,111
Clinton,WAYNE TOWNSHIP,Attorney General,,DEM,Write-In,2
Clinton,WAYNE TOWNSHIP,Auditor General,,DEM,H Scott Conklin,71
Clinton,WAYNE TOWNSHIP,Auditor General,,DEM,Michael Lamb,11
Clinton,WAYNE TOWNSHIP,Auditor General,,DEM,Tracie Fountain,8
Clinton,WAYNE TOWNSHIP,Auditor General,,DEM,Rose Rosie Marie Davis,3
Clinton,WAYNE TOWNSHIP,Auditor General,,DEM,Nina Ahmad,16
Clinton,WAYNE TOWNSHIP,Auditor General,,DEM,Christina M Hartman,5
Clinton,WAYNE TOWNSHIP,Auditor General,,DEM,Write-In,2
Clinton,WAYNE TOWNSHIP,State Treasurer,,DEM,Joe Torsella,110
Clinton,WAYNE TOWNSHIP,State Treasurer,,DEM,Write-In,1
Clinton,WAYNE TOWNSHIP,U.S. House,12,DEM,Lee Griffin,106
Clinton,WAYNE TOWNSHIP,U.S. House,12,DEM,Write-In,3
Clinton,WAYNE TOWNSHIP,State Senate,25,DEM,Margie Brown,105
Clinton,WAYNE TOWNSHIP,State Senate,25,DEM,Write-In,3
Clinton,WAYNE TOWNSHIP,General Assembly,76,DEM,Joe Waltz,117
Clinton,WAYNE TOWNSHIP,General Assembly,76,DEM,Write-In,4
Clinton,WAYNE TOWNSHIP,President,,REP,Donald J Trump,225
Clinton,WAYNE TOWNSHIP,President,,REP,Roque Rocky De La Fuente,2
Clinton,WAYNE TOWNSHIP,President,,REP,Bill Weld,5
Clinton,WAYNE TOWNSHIP,President,,REP,Write-In,8
Clinton,WAYNE TOWNSHIP,Attorney General,,REP,Heather Heidelbaugh,207
Clinton,WAYNE TOWNSHIP,Attorney General,,REP,Write-In,2
Clinton,WAYNE TOWNSHIP,Auditor General,,REP,Timothy Defoor,206
Clinton,WAYNE TOWNSHIP,Auditor General,,REP,Write-In,3
Clinton,WAYNE TOWNSHIP,State Treasurer,,REP,Stacy L Garrity,203
Clinton,WAYNE TOWNSHIP,State Treasurer,,REP,Write-In,2
Clinton,WAYNE TOWNSHIP,U.S. House,12,REP,Fred Keller,222
Clinton,WAYNE TOWNSHIP,U.S. House,12,REP,Write-In,4
Clinton,WAYNE TOWNSHIP,State Senate,25,REP,Cris Dush,148
Clinton,WAYNE TOWNSHIP,State Senate,25,REP,Jim Brown,27
Clinton,WAYNE TOWNSHIP,State Senate,25,REP,John Herm Suplizio,55
Clinton,WAYNE TOWNSHIP,State Senate,25,REP,Write-In,2
Clinton,WAYNE TOWNSHIP,General Assembly,76,REP,Stephanie Borowicz,214
Clinton,WAYNE TOWNSHIP,General Assembly,76,REP,Write-In,15
Clinton,WEST KEATING TOWNSHIP,Registered Voters,,,,19
Clinton,WEST KEATING TOWNSHIP,Registered Voters,,DEM,,4
Clinton,WEST KEATING TOWNSHIP,Registered Voters,,REP,,13
Clinton,WEST KEATING TOWNSHIP,Registered Voters,,NPA,,2
Clinton,WEST KEATING TOWNSHIP,Ballots Cast,,,,6
Clinton,WEST KEATING TOWNSHIP,Ballots Cast,,DEM,,0
Clinton,WEST KEATING TOWNSHIP,Ballots Cast,,REP,,6
Clinton,WEST KEATING TOWNSHIP,Ballots Cast,,NPA,,0
Clinton,WEST KEATING TOWNSHIP,President,,DEM,Bernie Sanders,0
Clinton,WEST KEATING TOWNSHIP,President,,DEM,Joseph R Biden,0
Clinton,WEST KEATING TOWNSHIP,President,,DEM,Tulsi Gabbard,0
Clinton,WEST KEATING TOWNSHIP,President,,DEM,Write-In,0
Clinton,WEST KEATING TOWNSHIP,Attorney General,,DEM,Josh Shapiro,0
Clinton,WEST KEATING TOWNSHIP,Attorney General,,DEM,Write-In,0
Clinton,WEST KEATING TOWNSHIP,Auditor General,,DEM,H Scott Conklin,0
Clinton,WEST KEATING TOWNSHIP,Auditor General,,DEM,Michael Lamb,0
Clinton,WEST KEATING TOWNSHIP,Auditor General,,DEM,Tracie Fountain,0
Clinton,WEST KEATING TOWNSHIP,Auditor General,,DEM,Rose Rosie Marie Davis,0
Clinton,WEST KEATING TOWNSHIP,Auditor General,,DEM,Nina Ahmad,0
Clinton,WEST KEATING TOWNSHIP,Auditor General,,DEM,Christina M Hartman,0
Clinton,WEST KEATING TOWNSHIP,Auditor General,,DEM,Write-In,0
Clinton,WEST KEATING TOWNSHIP,State Treasurer,,DEM,Joe Torsella,0
Clinton,WEST KEATING TOWNSHIP,State Treasurer,,DEM,Write-In,0
Clinton,WEST KEATING TOWNSHIP,U.S. House,12,DEM,Lee Griffin,0
Clinton,WEST KEATING TOWNSHIP,U.S. House,12,DEM,Write-In,0
Clinton,WEST KEATING TOWNSHIP,State Senate,25,DEM,Margie Brown,0
Clinton,WEST KEATING TOWNSHIP,State Senate,25,DEM,Write-In,0
Clinton,WEST KEATING TOWNSHIP,General Assembly,76,DEM,Joe Waltz,0
Clinton,WEST KEATING TOWNSHIP,General Assembly,76,DEM,Write-In,0
Clinton,WEST KEATING TOWNSHIP,President,,REP,Donald J Trump,6
Clinton,WEST KEATING TOWNSHIP,President,,REP,Roque Rocky De La Fuente,0
Clinton,WEST KEATING TOWNSHIP,President,,REP,Bill Weld,0
Clinton,WEST KEATING TOWNSHIP,President,,REP,Write-In,0
Clinton,WEST KEATING TOWNSHIP,Attorney General,,REP,Heather Heidelbaugh,4
Clinton,WEST KEATING TOWNSHIP,Attorney General,,REP,Write-In,0
Clinton,WEST KEATING TOWNSHIP,Auditor General,,REP,Timothy Defoor,4
Clinton,WEST KEATING TOWNSHIP,Auditor General,,REP,Write-In,0
Clinton,WEST KEATING TOWNSHIP,State Treasurer,,REP,Stacy L Garrity,3
Clinton,WEST KEATING TOWNSHIP,State Treasurer,,REP,Write-In,0
Clinton,WEST KEATING TOWNSHIP,U.S. House,12,REP,Fred Keller,3
Clinton,WEST KEATING TOWNSHIP,U.S. House,12,REP,Write-In,0
Clinton,WEST KEATING TOWNSHIP,State Senate,25,REP,Cris Dush,3
Clinton,WEST KEATING TOWNSHIP,State Senate,25,REP,Jim Brown,1
Clinton,WEST KEATING TOWNSHIP,State Senate,25,REP,John Herm Suplizio,1
Clinton,WEST KEATING TOWNSHIP,State Senate,25,REP,Write-In,0
Clinton,WEST KEATING TOWNSHIP,General Assembly,76,REP,Stephanie Borowicz,4
Clinton,WEST KEATING TOWNSHIP,General Assembly,76,REP,Write-In,0
Clinton,WOODWARD TOWNSHIP,Registered Voters,,,,1501
Clinton,WOODWARD TOWNSHIP,Registered Voters,,DEM,,593
Clinton,WOODWARD TOWNSHIP,Registered Voters,,REP,,766
Clinton,WOODWARD TOWNSHIP,Registered Voters,,NPA,,142
Clinton,WOODWARD TOWNSHIP,Ballots Cast,,,,672
Clinton,WOODWARD TOWNSHIP,Ballots Cast,,DEM,,312
Clinton,WOODWARD TOWNSHIP,Ballots Cast,,REP,,360
Clinton,WOODWARD TOWNSHIP,Ballots Cast,,NPA,,0
Clinton,WOODWARD TOWNSHIP,President,,DEM,Bernie Sanders,42
Clinton,WOODWARD TOWNSHIP,President,,DEM,Joseph R Biden,220
Clinton,WOODWARD TOWNSHIP,President,,DEM,Tulsi Gabbard,20
Clinton,WOODWARD TOWNSHIP,President,,DEM,Write-In,14
Clinton,WOODWARD TOWNSHIP,Attorney General,,DEM,Josh Shapiro,279
Clinton,WOODWARD TOWNSHIP,Attorney General,,DEM,Write-In,2
Clinton,WOODWARD TOWNSHIP,Auditor General,,DEM,H Scott Conklin,222
Clinton,WOODWARD TOWNSHIP,Auditor General,,DEM,Michael Lamb,19
Clinton,WOODWARD TOWNSHIP,Auditor General,,DEM,Tracie Fountain,13
Clinton,WOODWARD TOWNSHIP,Auditor General,,DEM,Rose Rosie Marie Davis,4
Clinton,WOODWARD TOWNSHIP,Auditor General,,DEM,Nina Ahmad,22
Clinton,WOODWARD TOWNSHIP,Auditor General,,DEM,Christina M Hartman,15
Clinton,WOODWARD TOWNSHIP,Auditor General,,DEM,Write-In,1
Clinton,WOODWARD TOWNSHIP,State Treasurer,,DEM,Joe Torsella,274
Clinton,WOODWARD TOWNSHIP,State Treasurer,,DEM,Write-In,3
Clinton,WOODWARD TOWNSHIP,U.S. House,12,DEM,Lee Griffin,271
Clinton,WOODWARD TOWNSHIP,U.S. House,12,DEM,Write-In,2
Clinton,WOODWARD TOWNSHIP,State Senate,25,DEM,Margie Brown,270
Clinton,WOODWARD TOWNSHIP,State Senate,25,DEM,Write-In,4
Clinton,WOODWARD TOWNSHIP,General Assembly,76,DEM,Joe Waltz,298
Clinton,WOODWARD TOWNSHIP,General Assembly,76,DEM,Write-In,5
Clinton,WOODWARD TOWNSHIP,President,,REP,Donald J Trump,330
Clinton,WOODWARD TOWNSHIP,President,,REP,Roque Rocky De La Fuente,5
Clinton,WOODWARD TOWNSHIP,President,,REP,Bill Weld,9
Clinton,WOODWARD TOWNSHIP,President,,REP,Write-In,11
Clinton,WOODWARD TOWNSHIP,Attorney General,,REP,Heather Heidelbaugh,315
Clinton,WOODWARD TOWNSHIP,Attorney General,,REP,Write-In,7
Clinton,WOODWARD TOWNSHIP,Auditor General,,REP,Timothy Defoor,314
Clinton,WOODWARD TOWNSHIP,Auditor General,,REP,Write-In,5
Clinton,WOODWARD TOWNSHIP,State Treasurer,,REP,Stacy L Garrity,314
Clinton,WOODWARD TOWNSHIP,State Treasurer,,REP,Write-In,5
Clinton,WOODWARD TOWNSHIP,U.S. House,12,REP,Fred Keller,327
Clinton,WOODWARD TOWNSHIP,U.S. House,12,REP,Write-In,6
Clinton,WOODWARD TOWNSHIP,State Senate,25,REP,Cris Dush,222
Clinton,WOODWARD TOWNSHIP,State Senate,25,REP,Jim Brown,30
Clinton,WOODWARD TOWNSHIP,State Senate,25,REP,John Herm Suplizio,85
Clinton,WOODWARD TOWNSHIP,State Senate,25,REP,Write-In,7
Clinton,WOODWARD TOWNSHIP,General Assembly,76,REP,Stephanie Borowicz,314
Clinton,WOODWARD TOWNSHIP,General Assembly,76,REP,Write-In,25
