county,precinct,office,district,party,candidate,votes,election_day,mail,provisional
Adams,Abbottstown,Registered Voters,,,,635,,,
Adams,Abbottstown,Ballots Cast,,,,487,383,97,7
Adams,Abbottstown,Ballots Cast - Blank,,,,0,0,0,0
Adams,Abbottstown,President,,DEM,Biden and Harris,137,74,60,3
Adams,Abbottstown,President,,REP,Trump and Pence,345,308,33,4
Adams,Abbottstown,President,,LIB,Jorgensen and Cohen,5,1,4,0
Adams,Abbottstown,President,,,Write-In Totals,0,0,0,0
Adams,Abbottstown,Attorney General,,DEM,Josh Shapiro,136,73,60,3
Adams,Abbottstown,Attorney General,,REP,Heather Heidelbaugh,332,298,31,3
Adams,Abbottstown,Attorney General,,LIB,Daniel Wassmer,7,6,1,0
Adams,Abbottstown,Attorney General,,GRE,Richard L Weiss,7,4,3,0
Adams,Abbottstown,Attorney General,,,Write-In Totals,0,0,0,0
Adams,Abbottstown,Auditor General,,DEM,Nina Ahmad,124,65,57,2
Adams,Abbottstown,Auditor General,,REP,Timothy DeFoor,327,295,28,4
Adams,Abbottstown,Auditor General,,LIB,Jennifer Moore,20,14,6,0
Adams,Abbottstown,Auditor General,,GRE,Olivia Faison,8,4,4,0
Adams,Abbottstown,Auditor General,,,Write-In Totals,0,0,0,0
Adams,Abbottstown,State Treasurer,,DEM,Joe Torsella,129,71,56,2
Adams,Abbottstown,State Treasurer,,REP,Stacy L Garrity,332,296,32,4
Adams,Abbottstown,State Treasurer,,LIB,Joe Soloski,11,9,2,0
Adams,Abbottstown,State Treasurer,,GRE,Timothy Runkle,9,4,5,0
Adams,Abbottstown,State Treasurer,,,Write-In Totals,0,0,0,0
Adams,Abbottstown,U.S. House,13,DEM,Todd Rowley,138,74,61,3
Adams,Abbottstown,U.S. House,13,REP,John Joyce,341,305,33,3
Adams,Abbottstown,U.S. House,13,,Write-In Totals,2,1,1,0
Adams,Abbottstown,State Senate,33,DEM,Rich Sterner,145,80,62,3
Adams,Abbottstown,State Senate,33,REP,Doug Mastriano,336,301,32,3
Adams,Abbottstown,State Senate,33,,Write-In Totals,1,0,1,0
Adams,Abbottstown,State House,193,REP,Torren Ecker,404,349,49,6
Adams,Abbottstown,State House,193,,Write-In Totals,9,4,5,0
Adams,Arendtsville,Registered Voters,,,,533,,,
Adams,Arendtsville,Ballots Cast,,,,457,330,120,7
Adams,Arendtsville,Ballots Cast - Blank,,,,0,0,0,0
Adams,Arendtsville,President,,DEM,Biden and Harris,175,94,79,2
Adams,Arendtsville,President,,REP,Trump and Pence,275,231,39,5
Adams,Arendtsville,President,,LIB,Jorgensen and Cohen,6,4,2,0
Adams,Arendtsville,President,,,Write-In Totals,1,1,0,0
Adams,Arendtsville,Attorney General,,DEM,Josh Shapiro,171,100,69,2
Adams,Arendtsville,Attorney General,,REP,Heather Heidelbaugh,262,213,44,5
Adams,Arendtsville,Attorney General,,LIB,Daniel Wassmer,13,11,2,0
Adams,Arendtsville,Attorney General,,GRE,Richard L Weiss,3,3,0,0
Adams,Arendtsville,Attorney General,,,Write-In Totals,0,0,0,0
Adams,Arendtsville,Auditor General,,DEM,Nina Ahmad,129,71,57,1
Adams,Arendtsville,Auditor General,,REP,Timothy DeFoor,297,237,54,6
Adams,Arendtsville,Auditor General,,LIB,Jennifer Moore,20,18,2,0
Adams,Arendtsville,Auditor General,,GRE,Olivia Faison,2,2,0,0
Adams,Arendtsville,Auditor General,,,Write-In Totals,0,0,0,0
Adams,Arendtsville,State Treasurer,,DEM,Joe Torsella,150,83,66,1
Adams,Arendtsville,State Treasurer,,REP,Stacy L Garrity,278,228,45,5
Adams,Arendtsville,State Treasurer,,LIB,Joe Soloski,14,11,2,1
Adams,Arendtsville,State Treasurer,,GRE,Timothy Runkle,6,6,0,0
Adams,Arendtsville,State Treasurer,,,Write-In Totals,0,0,0,0
Adams,Arendtsville,U.S. House,13,DEM,Todd Rowley,160,86,73,1
Adams,Arendtsville,U.S. House,13,REP,John Joyce,290,240,44,6
Adams,Arendtsville,U.S. House,13,,Write-In Totals,0,0,0,0
Adams,Arendtsville,State Senate,33,DEM,Rich Sterner,174,99,73,2
Adams,Arendtsville,State Senate,33,REP,Doug Mastriano,276,229,42,5
Adams,Arendtsville,State Senate,33,,Write-In Totals,0,0,0,0
Adams,Arendtsville,State House,193,REP,Torren Ecker,369,290,73,6
Adams,Arendtsville,State House,193,,Write-In Totals,20,10,10,0
Adams,Bendersville,Registered Voters,,,,390,,,
Adams,Bendersville,Ballots Cast,,,,313,258,53,2
Adams,Bendersville,Ballots Cast - Blank,,,,0,0,0,0
Adams,Bendersville,President,,DEM,Biden and Harris,102,70,31,1
Adams,Bendersville,President,,REP,Trump and Pence,202,179,22,1
Adams,Bendersville,President,,LIB,Jorgensen and Cohen,8,8,0,0
Adams,Bendersville,President,,,Write-In Totals,0,0,0,0
Adams,Bendersville,Attorney General,,DEM,Josh Shapiro,106,76,29,1
Adams,Bendersville,Attorney General,,REP,Heather Heidelbaugh,189,166,22,1
Adams,Bendersville,Attorney General,,LIB,Daniel Wassmer,7,7,0,0
Adams,Bendersville,Attorney General,,GRE,Richard L Weiss,5,4,1,0
Adams,Bendersville,Attorney General,,,Write-In Totals,1,1,0,0
Adams,Bendersville,Auditor General,,DEM,Nina Ahmad,96,70,25,1
Adams,Bendersville,Auditor General,,REP,Timothy DeFoor,190,165,24,1
Adams,Bendersville,Auditor General,,LIB,Jennifer Moore,15,13,2,0
Adams,Bendersville,Auditor General,,GRE,Olivia Faison,5,5,0,0
Adams,Bendersville,Auditor General,,,Write-In Totals,1,1,0,0
Adams,Bendersville,State Treasurer,,DEM,Joe Torsella,101,72,28,1
Adams,Bendersville,State Treasurer,,REP,Stacy L Garrity,191,167,23,1
Adams,Bendersville,State Treasurer,,LIB,Joe Soloski,11,10,1,0
Adams,Bendersville,State Treasurer,,GRE,Timothy Runkle,5,5,0,0
Adams,Bendersville,State Treasurer,,,Write-In Totals,0,0,0,0
Adams,Bendersville,U.S. House,13,DEM,Todd Rowley,106,78,27,1
Adams,Bendersville,U.S. House,13,REP,John Joyce,201,175,25,1
Adams,Bendersville,U.S. House,13,,Write-In Totals,1,1,0,0
Adams,Bendersville,State Senate,33,DEM,Rich Sterner,119,84,34,1
Adams,Bendersville,State Senate,33,REP,Doug Mastriano,191,172,18,1
Adams,Bendersville,State Senate,33,,Write-In Totals,0,0,0,0
Adams,Bendersville,State House,193,REP,Torren Ecker,255,216,37,2
Adams,Bendersville,State House,193,,Write-In Totals,9,6,3,0
Adams,Berwick,Registered Voters,,,,1702,,,
Adams,Berwick,Ballots Cast,,,,1350,949,389,12
Adams,Berwick,Ballots Cast - Blank,,,,0,0,0,0
Adams,Berwick,President,,DEM,Biden and Harris,374,150,220,4
Adams,Berwick,President,,REP,Trump and Pence,954,792,154,8
Adams,Berwick,President,,LIB,Jorgensen and Cohen,13,6,7,0
Adams,Berwick,President,,,Write-In Totals,3,1,2,0
Adams,Berwick,Attorney General,,DEM,Josh Shapiro,362,152,206,4
Adams,Berwick,Attorney General,,REP,Heather Heidelbaugh,934,768,158,8
Adams,Berwick,Attorney General,,LIB,Daniel Wassmer,19,10,9,0
Adams,Berwick,Attorney General,,GRE,Richard L Weiss,12,6,6,0
Adams,Berwick,Attorney General,,,Write-In Totals,0,0,0,0
Adams,Berwick,Auditor General,,DEM,Nina Ahmad,326,133,189,4
Adams,Berwick,Auditor General,,REP,Timothy DeFoor,942,760,174,8
Adams,Berwick,Auditor General,,LIB,Jennifer Moore,41,30,11,0
Adams,Berwick,Auditor General,,GRE,Olivia Faison,13,9,4,0
Adams,Berwick,Auditor General,,,Write-In Totals,1,1,0,0
Adams,Berwick,State Treasurer,,DEM,Joe Torsella,348,143,201,4
Adams,Berwick,State Treasurer,,REP,Stacy L Garrity,924,753,163,8
Adams,Berwick,State Treasurer,,LIB,Joe Soloski,33,22,11,0
Adams,Berwick,State Treasurer,,GRE,Timothy Runkle,19,15,4,0
Adams,Berwick,State Treasurer,,,Write-In Totals,1,1,0,0
Adams,Berwick,U.S. House,13,DEM,Todd Rowley,355,148,203,4
Adams,Berwick,U.S. House,13,REP,John Joyce,967,785,174,8
Adams,Berwick,U.S. House,13,,Write-In Totals,1,0,1,0
Adams,Berwick,State Senate,33,DEM,Rich Sterner,359,146,209,4
Adams,Berwick,State Senate,33,REP,Doug Mastriano,963,788,167,8
Adams,Berwick,State Senate,33,,Write-In Totals,1,1,0,0
Adams,Berwick,State House,193,REP,Torren Ecker,1133,856,268,9
Adams,Berwick,State House,193,,Write-In Totals,40,21,19,0
Adams,Biglerville,Registered Voters,,,,720,,,
Adams,Biglerville,Ballots Cast,,,,570,420,147,3
Adams,Biglerville,Ballots Cast - Blank,,,,0,0,0,0
Adams,Biglerville,President,,DEM,Biden and Harris,193,109,84,0
Adams,Biglerville,President,,REP,Trump and Pence,366,303,60,3
Adams,Biglerville,President,,LIB,Jorgensen and Cohen,7,5,2,0
Adams,Biglerville,President,,,Write-In Totals,3,2,1,0
Adams,Biglerville,Attorney General,,DEM,Josh Shapiro,196,111,85,0
Adams,Biglerville,Attorney General,,REP,Heather Heidelbaugh,350,291,56,3
Adams,Biglerville,Attorney General,,LIB,Daniel Wassmer,9,7,2,0
Adams,Biglerville,Attorney General,,GRE,Richard L Weiss,7,6,1,0
Adams,Biglerville,Attorney General,,,Write-In Totals,0,0,0,0
Adams,Biglerville,Auditor General,,DEM,Nina Ahmad,182,100,82,0
Adams,Biglerville,Auditor General,,REP,Timothy DeFoor,357,297,57,3
Adams,Biglerville,Auditor General,,LIB,Jennifer Moore,16,13,3,0
Adams,Biglerville,Auditor General,,GRE,Olivia Faison,5,4,1,0
Adams,Biglerville,Auditor General,,,Write-In Totals,0,0,0,0
Adams,Biglerville,State Treasurer,,DEM,Joe Torsella,181,100,81,0
Adams,Biglerville,State Treasurer,,REP,Stacy L Garrity,357,299,55,3
Adams,Biglerville,State Treasurer,,LIB,Joe Soloski,14,9,5,0
Adams,Biglerville,State Treasurer,,GRE,Timothy Runkle,8,5,3,0
Adams,Biglerville,State Treasurer,,,Write-In Totals,0,0,0,0
Adams,Biglerville,U.S. House,13,DEM,Todd Rowley,194,111,83,0
Adams,Biglerville,U.S. House,13,REP,John Joyce,366,305,58,3
Adams,Biglerville,U.S. House,13,,Write-In Totals,1,0,1,0
Adams,Biglerville,State Senate,33,DEM,Rich Sterner,217,120,97,0
Adams,Biglerville,State Senate,33,REP,Doug Mastriano,345,295,47,3
Adams,Biglerville,State Senate,33,,Write-In Totals,0,0,0,0
Adams,Biglerville,State House,193,REP,Torren Ecker,464,371,90,3
Adams,Biglerville,State House,193,,Write-In Totals,24,8,16,0
Adams,Bonneauville,Registered Voters,,,,1129,,,
Adams,Bonneauville,Ballots Cast,,,,884,700,174,10
Adams,Bonneauville,Ballots Cast - Blank,,,,0,0,0,0
Adams,Bonneauville,President,,DEM,Biden and Harris,255,126,127,2
Adams,Bonneauville,President,,REP,Trump and Pence,610,557,45,8
Adams,Bonneauville,President,,LIB,Jorgensen and Cohen,15,13,2,0
Adams,Bonneauville,President,,,Write-In Totals,3,3,0,0
Adams,Bonneauville,Attorney General,,DEM,Josh Shapiro,263,141,119,3
Adams,Bonneauville,Attorney General,,REP,Heather Heidelbaugh,577,525,47,5
Adams,Bonneauville,Attorney General,,LIB,Daniel Wassmer,18,16,2,0
Adams,Bonneauville,Attorney General,,GRE,Richard L Weiss,10,6,4,0
Adams,Bonneauville,Attorney General,,,Write-In Totals,1,1,0,0
Adams,Bonneauville,Auditor General,,DEM,Nina Ahmad,220,107,111,2
Adams,Bonneauville,Auditor General,,REP,Timothy DeFoor,584,531,47,6
Adams,Bonneauville,Auditor General,,LIB,Jennifer Moore,40,35,5,0
Adams,Bonneauville,Auditor General,,GRE,Olivia Faison,11,4,7,0
Adams,Bonneauville,Auditor General,,,Write-In Totals,1,1,0,0
Adams,Bonneauville,State Treasurer,,DEM,Joe Torsella,238,119,116,3
Adams,Bonneauville,State Treasurer,,REP,Stacy L Garrity,580,528,47,5
Adams,Bonneauville,State Treasurer,,LIB,Joe Soloski,26,22,4,0
Adams,Bonneauville,State Treasurer,,GRE,Timothy Runkle,17,12,5,0
Adams,Bonneauville,State Treasurer,,,Write-In Totals,1,1,0,0
Adams,Bonneauville,U.S. House,13,DEM,Todd Rowley,258,130,125,3
Adams,Bonneauville,U.S. House,13,REP,John Joyce,603,551,47,5
Adams,Bonneauville,U.S. House,13,,Write-In Totals,0,0,0,0
Adams,Bonneauville,State Senate,33,DEM,Rich Sterner,253,129,121,3
Adams,Bonneauville,State Senate,33,REP,Doug Mastriano,605,550,50,5
Adams,Bonneauville,State Senate,33,,Write-In Totals,2,2,0,0
Adams,Bonneauville,State House,91,REP,Dan Moul,754,629,117,8
Adams,Bonneauville,State House,91,,Write-In Totals,32,14,18,0
Adams,Butler,Registered Voters,,,,1801,,,
Adams,Butler,Ballots Cast,,,,1441,898,537,6
Adams,Butler,Ballots Cast - Blank,,,,0,0,0,0
Adams,Butler,President,,DEM,Biden and Harris,371,112,256,3
Adams,Butler,President,,REP,Trump and Pence,1045,771,271,3
Adams,Butler,President,,LIB,Jorgensen and Cohen,16,11,5,0
Adams,Butler,President,,,Write-In Totals,7,4,3,0
Adams,Butler,Attorney General,,DEM,Josh Shapiro,387,132,253,2
Adams,Butler,Attorney General,,REP,Heather Heidelbaugh,986,724,260,2
Adams,Butler,Attorney General,,LIB,Daniel Wassmer,24,16,8,0
Adams,Butler,Attorney General,,GRE,Richard L Weiss,16,11,5,0
Adams,Butler,Attorney General,,,Write-In Totals,0,0,0,0
Adams,Butler,Auditor General,,DEM,Nina Ahmad,316,103,211,2
Adams,Butler,Auditor General,,REP,Timothy DeFoor,1025,736,287,2
Adams,Butler,Auditor General,,LIB,Jennifer Moore,54,40,14,0
Adams,Butler,Auditor General,,GRE,Olivia Faison,12,5,7,0
Adams,Butler,Auditor General,,,Write-In Totals,0,0,0,0
Adams,Butler,State Treasurer,,DEM,Joe Torsella,339,108,229,2
Adams,Butler,State Treasurer,,REP,Stacy L Garrity,1021,736,283,2
Adams,Butler,State Treasurer,,LIB,Joe Soloski,32,26,6,0
Adams,Butler,State Treasurer,,GRE,Timothy Runkle,20,13,7,0
Adams,Butler,State Treasurer,,,Write-In Totals,0,0,0,0
Adams,Butler,U.S. House,13,DEM,Todd Rowley,367,122,243,2
Adams,Butler,U.S. House,13,REP,John Joyce,1048,763,283,2
Adams,Butler,U.S. House,13,,Write-In Totals,0,0,0,0
Adams,Butler,State Senate,33,DEM,Rich Sterner,415,146,267,2
Adams,Butler,State Senate,33,REP,Doug Mastriano,1003,740,260,3
Adams,Butler,State Senate,33,,Write-In Totals,0,0,0,0
Adams,Butler,State House,193,REP,Torren Ecker,1218,824,390,4
Adams,Butler,State House,193,,Write-In Totals,44,12,32,0
Adams,Carroll Valley #1,Registered Voters,,,,1753,,,
Adams,Carroll Valley #1,Ballots Cast,,,,1417,975,432,10
Adams,Carroll Valley #1,Ballots Cast - Blank,,,,0,0,0,0
Adams,Carroll Valley #1,President,,DEM,Biden and Harris,455,194,259,2
Adams,Carroll Valley #1,President,,REP,Trump and Pence,926,760,158,8
Adams,Carroll Valley #1,President,,LIB,Jorgensen and Cohen,25,17,8,0
Adams,Carroll Valley #1,President,,,Write-In Totals,11,4,7,0
Adams,Carroll Valley #1,Attorney General,,DEM,Josh Shapiro,434,181,251,2
Adams,Carroll Valley #1,Attorney General,,REP,Heather Heidelbaugh,886,728,151,7
Adams,Carroll Valley #1,Attorney General,,LIB,Daniel Wassmer,46,34,11,1
Adams,Carroll Valley #1,Attorney General,,GRE,Richard L Weiss,17,7,10,0
Adams,Carroll Valley #1,Attorney General,,,Write-In Totals,1,0,1,0
Adams,Carroll Valley #1,Auditor General,,DEM,Nina Ahmad,387,163,223,1
Adams,Carroll Valley #1,Auditor General,,REP,Timothy DeFoor,910,732,170,8
Adams,Carroll Valley #1,Auditor General,,LIB,Jennifer Moore,58,40,18,0
Adams,Carroll Valley #1,Auditor General,,GRE,Olivia Faison,15,7,8,0
Adams,Carroll Valley #1,Auditor General,,,Write-In Totals,1,0,1,0
Adams,Carroll Valley #1,State Treasurer,,DEM,Joe Torsella,392,160,231,1
Adams,Carroll Valley #1,State Treasurer,,REP,Stacy L Garrity,916,746,164,6
Adams,Carroll Valley #1,State Treasurer,,LIB,Joe Soloski,49,32,16,1
Adams,Carroll Valley #1,State Treasurer,,GRE,Timothy Runkle,19,8,10,1
Adams,Carroll Valley #1,State Treasurer,,,Write-In Totals,1,0,1,0
Adams,Carroll Valley #1,U.S. House,13,DEM,Todd Rowley,456,178,277,1
Adams,Carroll Valley #1,U.S. House,13,REP,John Joyce,939,769,162,8
Adams,Carroll Valley #1,U.S. House,13,,Write-In Totals,1,0,1,0
Adams,Carroll Valley #1,State Senate,33,DEM,Rich Sterner,426,173,252,1
Adams,Carroll Valley #1,State Senate,33,REP,Doug Mastriano,952,778,166,8
Adams,Carroll Valley #1,State Senate,33,,Write-In Totals,2,0,2,0
Adams,Carroll Valley #1,State House,91,REP,Dan Moul,1140,861,271,8
Adams,Carroll Valley #1,State House,91,,Write-In Totals,58,26,32,0
Adams,Carroll Valley #2,Registered Voters,,,,1494,,,
Adams,Carroll Valley #2,Ballots Cast,,,,1194,828,349,17
Adams,Carroll Valley #2,Ballots Cast - Blank,,,,0,0,0,0
Adams,Carroll Valley #2,President,,DEM,Biden and Harris,397,157,236,4
Adams,Carroll Valley #2,President,,REP,Trump and Pence,773,655,105,13
Adams,Carroll Valley #2,President,,LIB,Jorgensen and Cohen,19,12,7,0
Adams,Carroll Valley #2,President,,,Write-In Totals,3,3,0,0
Adams,Carroll Valley #2,Attorney General,,DEM,Josh Shapiro,374,156,214,4
Adams,Carroll Valley #2,Attorney General,,REP,Heather Heidelbaugh,749,629,108,12
Adams,Carroll Valley #2,Attorney General,,LIB,Daniel Wassmer,30,19,11,0
Adams,Carroll Valley #2,Attorney General,,GRE,Richard L Weiss,10,6,4,0
Adams,Carroll Valley #2,Attorney General,,,Write-In Totals,0,0,0,0
Adams,Carroll Valley #2,Auditor General,,DEM,Nina Ahmad,336,120,213,3
Adams,Carroll Valley #2,Auditor General,,REP,Timothy DeFoor,759,644,102,13
Adams,Carroll Valley #2,Auditor General,,LIB,Jennifer Moore,41,31,10,0
Adams,Carroll Valley #2,Auditor General,,GRE,Olivia Faison,17,10,7,0
Adams,Carroll Valley #2,Auditor General,,,Write-In Totals,0,0,0,0
Adams,Carroll Valley #2,State Treasurer,,DEM,Joe Torsella,331,128,201,2
Adams,Carroll Valley #2,State Treasurer,,REP,Stacy L Garrity,772,643,116,13
Adams,Carroll Valley #2,State Treasurer,,LIB,Joe Soloski,39,30,9,0
Adams,Carroll Valley #2,State Treasurer,,GRE,Timothy Runkle,16,8,7,1
Adams,Carroll Valley #2,State Treasurer,,,Write-In Totals,0,0,0,0
Adams,Carroll Valley #2,U.S. House,13,DEM,Todd Rowley,371,142,226,3
Adams,Carroll Valley #2,U.S. House,13,REP,John Joyce,791,668,110,13
Adams,Carroll Valley #2,U.S. House,13,,Write-In Totals,0,0,0,0
Adams,Carroll Valley #2,State Senate,33,DEM,Rich Sterner,369,146,220,3
Adams,Carroll Valley #2,State Senate,33,REP,Doug Mastriano,796,667,116,13
Adams,Carroll Valley #2,State Senate,33,,Write-In Totals,1,1,0,0
Adams,Carroll Valley #2,State House,91,REP,Dan Moul,923,737,174,12
Adams,Carroll Valley #2,State House,91,,Write-In Totals,58,18,40,0
Adams,Conewago #1,Registered Voters,,,,2410,,,
Adams,Conewago #1,Ballots Cast,,,,1930,"1,135",770,25
Adams,Conewago #1,Ballots Cast - Blank,,,,1,0,1,0
Adams,Conewago #1,President,,DEM,Biden and Harris,615,169,438,8
Adams,Conewago #1,President,,REP,Trump and Pence,1283,943,324,16
Adams,Conewago #1,President,,LIB,Jorgensen and Cohen,24,20,4,0
Adams,Conewago #1,President,,,Write-In Totals,3,1,2,0
Adams,Conewago #1,Attorney General,,DEM,Josh Shapiro,602,184,410,8
Adams,Conewago #1,Attorney General,,REP,Heather Heidelbaugh,1250,910,324,16
Adams,Conewago #1,Attorney General,,LIB,Daniel Wassmer,37,25,12,0
Adams,Conewago #1,Attorney General,,GRE,Richard L Weiss,12,4,8,0
Adams,Conewago #1,Attorney General,,,Write-In Totals,1,1,0,0
Adams,Conewago #1,Auditor General,,DEM,Nina Ahmad,532,143,381,8
Adams,Conewago #1,Auditor General,,REP,Timothy DeFoor,1272,931,325,16
Adams,Conewago #1,Auditor General,,LIB,Jennifer Moore,63,37,26,0
Adams,Conewago #1,Auditor General,,GRE,Olivia Faison,21,8,13,0
Adams,Conewago #1,Auditor General,,,Write-In Totals,2,1,1,0
Adams,Conewago #1,State Treasurer,,DEM,Joe Torsella,573,162,402,9
Adams,Conewago #1,State Treasurer,,REP,Stacy L Garrity,1262,920,326,16
Adams,Conewago #1,State Treasurer,,LIB,Joe Soloski,32,21,11,0
Adams,Conewago #1,State Treasurer,,GRE,Timothy Runkle,27,15,12,0
Adams,Conewago #1,State Treasurer,,,Write-In Totals,1,1,0,0
Adams,Conewago #1,U.S. House,13,DEM,Todd Rowley,572,151,412,9
Adams,Conewago #1,U.S. House,13,REP,John Joyce,1319,969,334,16
Adams,Conewago #1,U.S. House,13,,Write-In Totals,2,1,1,0
Adams,Conewago #1,State Senate,33,DEM,Rich Sterner,586,160,417,9
Adams,Conewago #1,State Senate,33,REP,Doug Mastriano,1305,958,331,16
Adams,Conewago #1,State Senate,33,,Write-In Totals,1,1,0,0
Adams,Conewago #1,State House,91,REP,Dan Moul,1622,"1,032",567,23
Adams,Conewago #1,State House,91,,Write-In Totals,77,22,54,1
Adams,Conewago #2,Registered Voters,,,,2916,,,
Adams,Conewago #2,Ballots Cast,,,,2335,"1,349",962,24
Adams,Conewago #2,Ballots Cast - Blank,,,,0,0,0,0
Adams,Conewago #2,President,,DEM,Biden and Harris,680,164,510,6
Adams,Conewago #2,President,,REP,Trump and Pence,1610,"1,163",431,16
Adams,Conewago #2,President,,LIB,Jorgensen and Cohen,31,15,14,2
Adams,Conewago #2,President,,,Write-In Totals,9,6,3,0
Adams,Conewago #2,Attorney General,,DEM,Josh Shapiro,662,176,481,5
Adams,Conewago #2,Attorney General,,REP,Heather Heidelbaugh,1581,"1,118",446,17
Adams,Conewago #2,Attorney General,,LIB,Daniel Wassmer,41,29,11,1
Adams,Conewago #2,Attorney General,,GRE,Richard L Weiss,23,13,10,0
Adams,Conewago #2,Attorney General,,,Write-In Totals,0,0,0,0
Adams,Conewago #2,Auditor General,,DEM,Nina Ahmad,594,147,444,3
Adams,Conewago #2,Auditor General,,REP,Timothy DeFoor,1586,"1,127",441,18
Adams,Conewago #2,Auditor General,,LIB,Jennifer Moore,76,41,33,2
Adams,Conewago #2,Auditor General,,GRE,Olivia Faison,31,15,16,0
Adams,Conewago #2,Auditor General,,,Write-In Totals,0,0,0,0
Adams,Conewago #2,State Treasurer,,DEM,Joe Torsella,611,155,454,2
Adams,Conewago #2,State Treasurer,,REP,Stacy L Garrity,1607,"1,133",456,18
Adams,Conewago #2,State Treasurer,,LIB,Joe Soloski,41,26,12,3
Adams,Conewago #2,State Treasurer,,GRE,Timothy Runkle,37,19,18,0
Adams,Conewago #2,State Treasurer,,,Write-In Totals,0,0,0,0
Adams,Conewago #2,U.S. House,13,DEM,Todd Rowley,644,173,466,5
Adams,Conewago #2,U.S. House,13,REP,John Joyce,1646,"1,156",473,17
Adams,Conewago #2,U.S. House,13,,Write-In Totals,3,1,1,1
Adams,Conewago #2,State Senate,33,DEM,Rich Sterner,621,153,464,4
Adams,Conewago #2,State Senate,33,REP,Doug Mastriano,1673,"1,179",476,18
Adams,Conewago #2,State Senate,33,,Write-In Totals,2,1,0,1
Adams,Conewago #2,State House,91,REP,Dan Moul,1978,"1,254",702,22
Adams,Conewago #2,State House,91,,Write-In Totals,93,30,62,1
Adams,Cumberland #1,Registered Voters,,,,1600,,,
Adams,Cumberland #1,Ballots Cast,,,,1282,697,568,17
Adams,Cumberland #1,Ballots Cast - Blank,,,,0,0,0,0
Adams,Cumberland #1,President,,DEM,Biden and Harris,602,197,399,6
Adams,Cumberland #1,President,,REP,Trump and Pence,658,486,161,11
Adams,Cumberland #1,President,,LIB,Jorgensen and Cohen,10,7,3,0
Adams,Cumberland #1,President,,,Write-In Totals,5,2,3,0
Adams,Cumberland #1,Attorney General,,DEM,Josh Shapiro,567,185,377,5
Adams,Cumberland #1,Attorney General,,REP,Heather Heidelbaugh,654,468,174,12
Adams,Cumberland #1,Attorney General,,LIB,Daniel Wassmer,21,17,4,0
Adams,Cumberland #1,Attorney General,,GRE,Richard L Weiss,10,5,5,0
Adams,Cumberland #1,Attorney General,,,Write-In Totals,2,2,0,0
Adams,Cumberland #1,Auditor General,,DEM,Nina Ahmad,530,173,352,5
Adams,Cumberland #1,Auditor General,,REP,Timothy DeFoor,661,462,187,12
Adams,Cumberland #1,Auditor General,,LIB,Jennifer Moore,41,27,14,0
Adams,Cumberland #1,Auditor General,,GRE,Olivia Faison,10,7,3,0
Adams,Cumberland #1,Auditor General,,,Write-In Totals,0,0,0,0
Adams,Cumberland #1,State Treasurer,,DEM,Joe Torsella,538,170,363,5
Adams,Cumberland #1,State Treasurer,,REP,Stacy L Garrity,669,475,183,11
Adams,Cumberland #1,State Treasurer,,LIB,Joe Soloski,19,13,5,1
Adams,Cumberland #1,State Treasurer,,GRE,Timothy Runkle,18,11,7,0
Adams,Cumberland #1,State Treasurer,,,Write-In Totals,1,1,0,0
Adams,Cumberland #1,U.S. House,13,DEM,Todd Rowley,581,194,382,5
Adams,Cumberland #1,U.S. House,13,REP,John Joyce,667,481,174,12
Adams,Cumberland #1,U.S. House,13,,Write-In Totals,1,1,0,0
Adams,Cumberland #1,State Senate,33,DEM,Rich Sterner,598,205,387,6
Adams,Cumberland #1,State Senate,33,REP,Doug Mastriano,650,469,171,10
Adams,Cumberland #1,State Senate,33,,Write-In Totals,2,1,1,0
Adams,Cumberland #1,State House,91,REP,Dan Moul,865,553,300,12
Adams,Cumberland #1,State House,91,,Write-In Totals,109,35,74,0
Adams,Cumberland #2,Registered Voters,,,,1132,,,
Adams,Cumberland #2,Ballots Cast,,,,897,632,258,7
Adams,Cumberland #2,Ballots Cast - Blank,,,,0,0,0,0
Adams,Cumberland #2,President,,DEM,Biden and Harris,265,107,157,1
Adams,Cumberland #2,President,,REP,Trump and Pence,618,515,98,5
Adams,Cumberland #2,President,,LIB,Jorgensen and Cohen,9,7,2,0
Adams,Cumberland #2,President,,,Write-In Totals,3,0,2,1
Adams,Cumberland #2,Attorney General,,DEM,Josh Shapiro,259,114,144,1
Adams,Cumberland #2,Attorney General,,REP,Heather Heidelbaugh,596,491,100,5
Adams,Cumberland #2,Attorney General,,LIB,Daniel Wassmer,9,7,2,0
Adams,Cumberland #2,Attorney General,,GRE,Richard L Weiss,8,3,4,1
Adams,Cumberland #2,Attorney General,,,Write-In Totals,1,1,0,0
Adams,Cumberland #2,Auditor General,,DEM,Nina Ahmad,227,87,140,0
Adams,Cumberland #2,Auditor General,,REP,Timothy DeFoor,603,498,100,5
Adams,Cumberland #2,Auditor General,,LIB,Jennifer Moore,33,26,6,1
Adams,Cumberland #2,Auditor General,,GRE,Olivia Faison,11,6,5,0
Adams,Cumberland #2,Auditor General,,,Write-In Totals,0,0,0,0
Adams,Cumberland #2,State Treasurer,,DEM,Joe Torsella,235,94,140,1
Adams,Cumberland #2,State Treasurer,,REP,Stacy L Garrity,609,504,100,5
Adams,Cumberland #2,State Treasurer,,LIB,Joe Soloski,16,11,4,1
Adams,Cumberland #2,State Treasurer,,GRE,Timothy Runkle,16,9,7,0
Adams,Cumberland #2,State Treasurer,,,Write-In Totals,0,0,0,0
Adams,Cumberland #2,U.S. House,13,DEM,Todd Rowley,262,110,151,1
Adams,Cumberland #2,U.S. House,13,REP,John Joyce,620,512,102,6
Adams,Cumberland #2,U.S. House,13,,Write-In Totals,0,0,0,0
Adams,Cumberland #2,State Senate,33,DEM,Rich Sterner,267,113,153,1
Adams,Cumberland #2,State Senate,33,REP,Doug Mastriano,614,509,99,6
Adams,Cumberland #2,State Senate,33,,Write-In Totals,0,0,0,0
Adams,Cumberland #2,State House,91,REP,Dan Moul,714,552,155,7
Adams,Cumberland #2,State House,91,,Write-In Totals,35,16,19,0
Adams,Cumberland #3,Registered Voters,,,,1412,,,
Adams,Cumberland #3,Ballots Cast,,,,1161,615,534,12
Adams,Cumberland #3,Ballots Cast - Blank,,,,0,0,0,0
Adams,Cumberland #3,President,,DEM,Biden and Harris,543,160,380,3
Adams,Cumberland #3,President,,REP,Trump and Pence,583,436,138,9
Adams,Cumberland #3,President,,LIB,Jorgensen and Cohen,15,9,6,0
Adams,Cumberland #3,President,,,Write-In Totals,8,3,5,0
Adams,Cumberland #3,Attorney General,,DEM,Josh Shapiro,520,151,367,2
Adams,Cumberland #3,Attorney General,,REP,Heather Heidelbaugh,586,436,144,6
Adams,Cumberland #3,Attorney General,,LIB,Daniel Wassmer,25,14,11,0
Adams,Cumberland #3,Attorney General,,GRE,Richard L Weiss,9,4,2,3
Adams,Cumberland #3,Attorney General,,,Write-In Totals,0,0,0,0
Adams,Cumberland #3,Auditor General,,DEM,Nina Ahmad,480,140,338,2
Adams,Cumberland #3,Auditor General,,REP,Timothy DeFoor,612,439,167,6
Adams,Cumberland #3,Auditor General,,LIB,Jennifer Moore,33,22,9,2
Adams,Cumberland #3,Auditor General,,GRE,Olivia Faison,7,1,5,1
Adams,Cumberland #3,Auditor General,,,Write-In Totals,0,0,0,0
Adams,Cumberland #3,State Treasurer,,DEM,Joe Torsella,472,136,334,2
Adams,Cumberland #3,State Treasurer,,REP,Stacy L Garrity,627,453,166,8
Adams,Cumberland #3,State Treasurer,,LIB,Joe Soloski,29,17,12,0
Adams,Cumberland #3,State Treasurer,,GRE,Timothy Runkle,8,1,7,0
Adams,Cumberland #3,State Treasurer,,,Write-In Totals,0,0,0,0
Adams,Cumberland #3,U.S. House,13,DEM,Todd Rowley,501,142,357,2
Adams,Cumberland #3,U.S. House,13,REP,John Joyce,639,464,166,9
Adams,Cumberland #3,U.S. House,13,,Write-In Totals,0,0,0,0
Adams,Cumberland #3,State Senate,33,DEM,Rich Sterner,538,161,375,2
Adams,Cumberland #3,State Senate,33,REP,Doug Mastriano,601,446,146,9
Adams,Cumberland #3,State Senate,33,,Write-In Totals,2,0,2,0
Adams,Cumberland #3,State House,91,REP,Dan Moul,833,522,301,10
Adams,Cumberland #3,State House,91,,Write-In Totals,96,30,66,0
Adams,Cumberland #4,Registered Voters,,,,1337,,,
Adams,Cumberland #4,Ballots Cast,,,,1148,570,565,13
Adams,Cumberland #4,Ballots Cast - Blank,,,,0,0,0,0
Adams,Cumberland #4,President,,DEM,Biden and Harris,591,163,422,6
Adams,Cumberland #4,President,,REP,Trump and Pence,528,389,132,7
Adams,Cumberland #4,President,,LIB,Jorgensen and Cohen,20,15,5,0
Adams,Cumberland #4,President,,,Write-In Totals,5,1,4,0
Adams,Cumberland #4,Attorney General,,DEM,Josh Shapiro,565,161,398,6
Adams,Cumberland #4,Attorney General,,REP,Heather Heidelbaugh,533,376,150,7
Adams,Cumberland #4,Attorney General,,LIB,Daniel Wassmer,23,17,6,0
Adams,Cumberland #4,Attorney General,,GRE,Richard L Weiss,10,4,6,0
Adams,Cumberland #4,Attorney General,,,Write-In Totals,0,0,0,0
Adams,Cumberland #4,Auditor General,,DEM,Nina Ahmad,519,141,373,5
Adams,Cumberland #4,Auditor General,,REP,Timothy DeFoor,555,394,153,8
Adams,Cumberland #4,Auditor General,,LIB,Jennifer Moore,34,19,15,0
Adams,Cumberland #4,Auditor General,,GRE,Olivia Faison,11,1,10,0
Adams,Cumberland #4,Auditor General,,,Write-In Totals,0,0,0,0
Adams,Cumberland #4,State Treasurer,,DEM,Joe Torsella,537,149,383,5
Adams,Cumberland #4,State Treasurer,,REP,Stacy L Garrity,549,390,151,8
Adams,Cumberland #4,State Treasurer,,LIB,Joe Soloski,25,16,9,0
Adams,Cumberland #4,State Treasurer,,GRE,Timothy Runkle,14,2,12,0
Adams,Cumberland #4,State Treasurer,,,Write-In Totals,0,0,0,0
Adams,Cumberland #4,U.S. House,13,DEM,Todd Rowley,561,155,400,6
Adams,Cumberland #4,U.S. House,13,REP,John Joyce,568,404,157,7
Adams,Cumberland #4,U.S. House,13,,Write-In Totals,2,0,2,0
Adams,Cumberland #4,State Senate,33,DEM,Rich Sterner,581,167,409,5
Adams,Cumberland #4,State Senate,33,REP,Doug Mastriano,547,395,144,8
Adams,Cumberland #4,State Senate,33,,Write-In Totals,3,0,3,0
Adams,Cumberland #4,State House,91,REP,Dan Moul,792,490,291,11
Adams,Cumberland #4,State House,91,,Write-In Totals,94,19,75,0
Adams,East Berlin,Registered Voters,,,,1059,,,
Adams,East Berlin,Ballots Cast,,,,862,638,212,12
Adams,East Berlin,Ballots Cast - Blank,,,,0,0,0,0
Adams,East Berlin,President,,DEM,Biden and Harris,250,117,132,1
Adams,East Berlin,President,,REP,Trump and Pence,599,512,76,11
Adams,East Berlin,President,,LIB,Jorgensen and Cohen,9,7,2,0
Adams,East Berlin,President,,,Write-In Totals,4,2,2,0
Adams,East Berlin,Attorney General,,DEM,Josh Shapiro,248,123,124,1
Adams,East Berlin,Attorney General,,REP,Heather Heidelbaugh,580,487,83,10
Adams,East Berlin,Attorney General,,LIB,Daniel Wassmer,18,15,3,0
Adams,East Berlin,Attorney General,,GRE,Richard L Weiss,3,2,1,0
Adams,East Berlin,Attorney General,,,Write-In Totals,0,0,0,0
Adams,East Berlin,Auditor General,,DEM,Nina Ahmad,223,101,121,1
Adams,East Berlin,Auditor General,,REP,Timothy DeFoor,579,491,79,9
Adams,East Berlin,Auditor General,,LIB,Jennifer Moore,35,27,7,1
Adams,East Berlin,Auditor General,,GRE,Olivia Faison,7,5,2,0
Adams,East Berlin,Auditor General,,,Write-In Totals,0,0,0,0
Adams,East Berlin,State Treasurer,,DEM,Joe Torsella,219,105,113,1
Adams,East Berlin,State Treasurer,,REP,Stacy L Garrity,591,498,83,10
Adams,East Berlin,State Treasurer,,LIB,Joe Soloski,25,16,9,0
Adams,East Berlin,State Treasurer,,GRE,Timothy Runkle,11,6,5,0
Adams,East Berlin,State Treasurer,,,Write-In Totals,0,0,0,0
Adams,East Berlin,U.S. House,13,DEM,Todd Rowley,242,115,126,1
Adams,East Berlin,U.S. House,13,REP,John Joyce,606,512,84,10
Adams,East Berlin,U.S. House,13,,Write-In Totals,0,0,0,0
Adams,East Berlin,State Senate,33,DEM,Rich Sterner,244,115,128,1
Adams,East Berlin,State Senate,33,REP,Doug Mastriano,599,509,80,10
Adams,East Berlin,State Senate,33,,Write-In Totals,0,0,0,0
Adams,East Berlin,State House,193,REP,Torren Ecker,725,580,135,10
Adams,East Berlin,State House,193,,Write-In Totals,31,15,16,0
Adams,Fairfield,Registered Voters,,,,415,,,
Adams,Fairfield,Ballots Cast,,,,334,256,76,2
Adams,Fairfield,Ballots Cast - Blank,,,,0,0,0,0
Adams,Fairfield,President,,DEM,Biden and Harris,123,66,57,0
Adams,Fairfield,President,,REP,Trump and Pence,199,179,18,2
Adams,Fairfield,President,,LIB,Jorgensen and Cohen,10,9,1,0
Adams,Fairfield,President,,,Write-In Totals,2,2,0,0
Adams,Fairfield,Attorney General,,DEM,Josh Shapiro,125,66,59,0
Adams,Fairfield,Attorney General,,REP,Heather Heidelbaugh,187,171,14,2
Adams,Fairfield,Attorney General,,LIB,Daniel Wassmer,8,8,0,0
Adams,Fairfield,Attorney General,,GRE,Richard L Weiss,1,0,1,0
Adams,Fairfield,Attorney General,,,Write-In Totals,0,0,0,0
Adams,Fairfield,Auditor General,,DEM,Nina Ahmad,101,47,54,0
Adams,Fairfield,Auditor General,,REP,Timothy DeFoor,194,175,17,2
Adams,Fairfield,Auditor General,,LIB,Jennifer Moore,21,20,1,0
Adams,Fairfield,Auditor General,,GRE,Olivia Faison,5,3,2,0
Adams,Fairfield,Auditor General,,,Write-In Totals,0,0,0,0
Adams,Fairfield,State Treasurer,,DEM,Joe Torsella,111,57,54,0
Adams,Fairfield,State Treasurer,,REP,Stacy L Garrity,190,169,19,2
Adams,Fairfield,State Treasurer,,LIB,Joe Soloski,14,14,0,0
Adams,Fairfield,State Treasurer,,GRE,Timothy Runkle,4,3,1,0
Adams,Fairfield,State Treasurer,,,Write-In Totals,0,0,0,0
Adams,Fairfield,U.S. House,13,DEM,Todd Rowley,115,61,54,0
Adams,Fairfield,U.S. House,13,REP,John Joyce,206,184,20,2
Adams,Fairfield,U.S. House,13,,Write-In Totals,0,0,0,0
Adams,Fairfield,State Senate,33,DEM,Rich Sterner,115,60,55,0
Adams,Fairfield,State Senate,33,REP,Doug Mastriano,206,185,19,2
Adams,Fairfield,State Senate,33,,Write-In Totals,0,0,0,0
Adams,Fairfield,State House,91,REP,Dan Moul,251,208,41,2
Adams,Fairfield,State House,91,,Write-In Totals,16,11,5,0
Adams,Franklin #1,Registered Voters,,,,1789,,,
Adams,Franklin #1,Ballots Cast,,,,1471,913,519,39
Adams,Franklin #1,Ballots Cast - Blank,,,,0,0,0,0
Adams,Franklin #1,President,,DEM,Biden and Harris,437,135,297,5
Adams,Franklin #1,President,,REP,Trump and Pence,1009,761,214,34
Adams,Franklin #1,President,,LIB,Jorgensen and Cohen,18,13,5,0
Adams,Franklin #1,President,,,Write-In Totals,4,4,0,0
Adams,Franklin #1,Attorney General,,DEM,Josh Shapiro,420,143,272,5
Adams,Franklin #1,Attorney General,,REP,Heather Heidelbaugh,992,733,226,33
Adams,Franklin #1,Attorney General,,LIB,Daniel Wassmer,26,16,10,0
Adams,Franklin #1,Attorney General,,GRE,Richard L Weiss,17,8,9,0
Adams,Franklin #1,Attorney General,,,Write-In Totals,0,0,0,0
Adams,Franklin #1,Auditor General,,DEM,Nina Ahmad,374,115,255,4
Adams,Franklin #1,Auditor General,,REP,Timothy DeFoor,1004,740,233,31
Adams,Franklin #1,Auditor General,,LIB,Jennifer Moore,55,33,20,2
Adams,Franklin #1,Auditor General,,GRE,Olivia Faison,15,9,6,0
Adams,Franklin #1,Auditor General,,,Write-In Totals,0,0,0,0
Adams,Franklin #1,State Treasurer,,DEM,Joe Torsella,391,121,263,7
Adams,Franklin #1,State Treasurer,,REP,Stacy L Garrity,998,741,225,32
Adams,Franklin #1,State Treasurer,,LIB,Joe Soloski,35,21,14,0
Adams,Franklin #1,State Treasurer,,GRE,Timothy Runkle,22,12,10,0
Adams,Franklin #1,State Treasurer,,,Write-In Totals,1,1,0,0
Adams,Franklin #1,U.S. House,13,DEM,Todd Rowley,423,135,283,5
Adams,Franklin #1,U.S. House,13,REP,John Joyce,1030,765,231,34
Adams,Franklin #1,U.S. House,13,,Write-In Totals,2,0,2,0
Adams,Franklin #1,State Senate,33,DEM,Rich Sterner,431,137,288,6
Adams,Franklin #1,State Senate,33,REP,Doug Mastriano,1027,767,227,33
Adams,Franklin #1,State Senate,33,,Write-In Totals,2,0,2,0
Adams,Franklin #1,State House,91,REP,Dan Moul,1202,831,337,34
Adams,Franklin #1,State House,91,,Write-In Totals,61,19,41,1
Adams,Franklin #2,Registered Voters,,,,1636,,,
Adams,Franklin #2,Ballots Cast,,,,1314,813,485,16
Adams,Franklin #2,Ballots Cast - Blank,,,,0,0,0,0
Adams,Franklin #2,President,,DEM,Biden and Harris,359,104,253,2
Adams,Franklin #2,President,,REP,Trump and Pence,936,699,224,13
Adams,Franklin #2,President,,LIB,Jorgensen and Cohen,14,8,6,0
Adams,Franklin #2,President,,,Write-In Totals,3,2,1,0
Adams,Franklin #2,Attorney General,,DEM,Josh Shapiro,338,111,225,2
Adams,Franklin #2,Attorney General,,REP,Heather Heidelbaugh,902,670,220,12
Adams,Franklin #2,Attorney General,,LIB,Daniel Wassmer,23,13,10,0
Adams,Franklin #2,Attorney General,,GRE,Richard L Weiss,17,6,11,0
Adams,Franklin #2,Attorney General,,,Write-In Totals,1,0,1,0
Adams,Franklin #2,Auditor General,,DEM,Nina Ahmad,289,89,198,2
Adams,Franklin #2,Auditor General,,REP,Timothy DeFoor,929,675,242,12
Adams,Franklin #2,Auditor General,,LIB,Jennifer Moore,43,24,19,0
Adams,Franklin #2,Auditor General,,GRE,Olivia Faison,16,10,6,0
Adams,Franklin #2,Auditor General,,,Write-In Totals,0,0,0,0
Adams,Franklin #2,State Treasurer,,DEM,Joe Torsella,312,102,208,2
Adams,Franklin #2,State Treasurer,,REP,Stacy L Garrity,920,670,238,12
Adams,Franklin #2,State Treasurer,,LIB,Joe Soloski,31,20,11,0
Adams,Franklin #2,State Treasurer,,GRE,Timothy Runkle,19,10,9,0
Adams,Franklin #2,State Treasurer,,,Write-In Totals,0,0,0,0
Adams,Franklin #2,U.S. House,13,DEM,Todd Rowley,324,107,215,2
Adams,Franklin #2,U.S. House,13,REP,John Joyce,959,693,254,12
Adams,Franklin #2,U.S. House,13,,Write-In Totals,0,0,0,0
Adams,Franklin #2,State Senate,33,DEM,Rich Sterner,348,109,237,2
Adams,Franklin #2,State Senate,33,REP,Doug Mastriano,944,697,233,14
Adams,Franklin #2,State Senate,33,,Write-In Totals,1,0,1,0
Adams,Franklin #2,State House,91,REP,Dan Moul,1086,736,336,14
Adams,Franklin #2,State House,91,,Write-In Totals,42,12,30,0
Adams,Freedom,Registered Voters,,,,699,,,
Adams,Freedom,Ballots Cast,,,,578,397,175,6
Adams,Freedom,Ballots Cast - Blank,,,,0,0,0,0
Adams,Freedom,President,,DEM,Biden and Harris,189,89,97,3
Adams,Freedom,President,,REP,Trump and Pence,380,303,74,3
Adams,Freedom,President,,LIB,Jorgensen and Cohen,6,4,2,0
Adams,Freedom,President,,,Write-In Totals,3,1,2,0
Adams,Freedom,Attorney General,,DEM,Josh Shapiro,178,80,95,3
Adams,Freedom,Attorney General,,REP,Heather Heidelbaugh,367,290,74,3
Adams,Freedom,Attorney General,,LIB,Daniel Wassmer,20,16,4,0
Adams,Freedom,Attorney General,,GRE,Richard L Weiss,3,3,0,0
Adams,Freedom,Attorney General,,,Write-In Totals,0,0,0,0
Adams,Freedom,Auditor General,,DEM,Nina Ahmad,158,75,80,3
Adams,Freedom,Auditor General,,REP,Timothy DeFoor,374,287,84,3
Adams,Freedom,Auditor General,,LIB,Jennifer Moore,25,20,5,0
Adams,Freedom,Auditor General,,GRE,Olivia Faison,6,4,2,0
Adams,Freedom,Auditor General,,,Write-In Totals,1,1,0,0
Adams,Freedom,State Treasurer,,DEM,Joe Torsella,168,76,89,3
Adams,Freedom,State Treasurer,,REP,Stacy L Garrity,374,293,78,3
Adams,Freedom,State Treasurer,,LIB,Joe Soloski,17,13,4,0
Adams,Freedom,State Treasurer,,GRE,Timothy Runkle,4,4,0,0
Adams,Freedom,State Treasurer,,,Write-In Totals,1,1,0,0
Adams,Freedom,U.S. House,13,DEM,Todd Rowley,174,85,86,3
Adams,Freedom,U.S. House,13,REP,John Joyce,390,300,87,3
Adams,Freedom,U.S. House,13,,Write-In Totals,1,1,0,0
Adams,Freedom,State Senate,33,DEM,Rich Sterner,185,86,96,3
Adams,Freedom,State Senate,33,REP,Doug Mastriano,379,303,73,3
Adams,Freedom,State Senate,33,,Write-In Totals,2,1,1,0
Adams,Freedom,State House,91,REP,Dan Moul,472,344,122,6
Adams,Freedom,State House,91,,Write-In Totals,18,9,9,0
Adams,Germany,Registered Voters,,,,2173,,,
Adams,Germany,Ballots Cast,,,,1776,"1,134",625,17
Adams,Germany,Ballots Cast - Blank,,,,0,0,0,0
Adams,Germany,President,,DEM,Biden and Harris,399,94,304,1
Adams,Germany,President,,REP,Trump and Pence,1351,"1,025",310,16
Adams,Germany,President,,LIB,Jorgensen and Cohen,23,15,8,0
Adams,Germany,President,,,Write-In Totals,1,0,1,0
Adams,Germany,Attorney General,,DEM,Josh Shapiro,388,102,285,1
Adams,Germany,Attorney General,,REP,Heather Heidelbaugh,1323,993,314,16
Adams,Germany,Attorney General,,LIB,Daniel Wassmer,26,18,8,0
Adams,Germany,Attorney General,,GRE,Richard L Weiss,7,4,3,0
Adams,Germany,Attorney General,,,Write-In Totals,0,0,0,0
Adams,Germany,Auditor General,,DEM,Nina Ahmad,338,80,257,1
Adams,Germany,Auditor General,,REP,Timothy DeFoor,1331,994,321,16
Adams,Germany,Auditor General,,LIB,Jennifer Moore,54,30,24,0
Adams,Germany,Auditor General,,GRE,Olivia Faison,11,6,5,0
Adams,Germany,Auditor General,,,Write-In Totals,0,0,0,0
Adams,Germany,State Treasurer,,DEM,Joe Torsella,359,102,256,1
Adams,Germany,State Treasurer,,REP,Stacy L Garrity,1337,987,334,16
Adams,Germany,State Treasurer,,LIB,Joe Soloski,31,20,11,0
Adams,Germany,State Treasurer,,GRE,Timothy Runkle,14,7,7,0
Adams,Germany,State Treasurer,,,Write-In Totals,0,0,0,0
Adams,Germany,U.S. House,13,DEM,Todd Rowley,372,94,277,1
Adams,Germany,U.S. House,13,REP,John Joyce,1372,"1,020",336,16
Adams,Germany,U.S. House,13,,Write-In Totals,0,0,0,0
Adams,Germany,State Senate,33,DEM,Rich Sterner,381,95,285,1
Adams,Germany,State Senate,33,REP,Doug Mastriano,1366,"1,023",327,16
Adams,Germany,State Senate,33,,Write-In Totals,0,0,0,0
Adams,Germany,State House,91,REP,Dan Moul,1537,"1,068",454,15
Adams,Germany,State House,91,,Write-In Totals,58,9,49,0
Adams,Gettysburg #1,Registered Voters,,,,1412,,,
Adams,Gettysburg #1,Ballots Cast,,,,995,568,424,3
Adams,Gettysburg #1,Ballots Cast - Blank,,,,0,0,0,0
Adams,Gettysburg #1,President,,DEM,Biden and Harris,605,254,349,2
Adams,Gettysburg #1,President,,REP,Trump and Pence,363,298,65,0
Adams,Gettysburg #1,President,,LIB,Jorgensen and Cohen,18,12,5,1
Adams,Gettysburg #1,President,,,Write-In Totals,6,3,3,0
Adams,Gettysburg #1,Attorney General,,DEM,Josh Shapiro,565,229,333,3
Adams,Gettysburg #1,Attorney General,,REP,Heather Heidelbaugh,361,289,72,0
Adams,Gettysburg #1,Attorney General,,LIB,Daniel Wassmer,32,24,8,0
Adams,Gettysburg #1,Attorney General,,GRE,Richard L Weiss,12,8,4,0
Adams,Gettysburg #1,Attorney General,,,Write-In Totals,5,5,0,0
Adams,Gettysburg #1,Auditor General,,DEM,Nina Ahmad,550,225,322,3
Adams,Gettysburg #1,Auditor General,,REP,Timothy DeFoor,356,286,70,0
Adams,Gettysburg #1,Auditor General,,LIB,Jennifer Moore,48,34,14,0
Adams,Gettysburg #1,Auditor General,,GRE,Olivia Faison,11,5,6,0
Adams,Gettysburg #1,Auditor General,,,Write-In Totals,2,2,0,0
Adams,Gettysburg #1,State Treasurer,,DEM,Joe Torsella,550,224,323,3
Adams,Gettysburg #1,State Treasurer,,REP,Stacy L Garrity,367,295,72,0
Adams,Gettysburg #1,State Treasurer,,LIB,Joe Soloski,28,19,9,0
Adams,Gettysburg #1,State Treasurer,,GRE,Timothy Runkle,20,10,10,0
Adams,Gettysburg #1,State Treasurer,,,Write-In Totals,4,4,0,0
Adams,Gettysburg #1,U.S. House,13,DEM,Todd Rowley,595,247,345,3
Adams,Gettysburg #1,U.S. House,13,REP,John Joyce,371,300,71,0
Adams,Gettysburg #1,U.S. House,13,,Write-In Totals,4,4,0,0
Adams,Gettysburg #1,State Senate,33,DEM,Rich Sterner,608,248,357,3
Adams,Gettysburg #1,State Senate,33,REP,Doug Mastriano,365,305,60,0
Adams,Gettysburg #1,State Senate,33,,Write-In Totals,4,4,0,0
Adams,Gettysburg #1,State House,91,REP,Dan Moul,581,405,175,1
Adams,Gettysburg #1,State House,91,,Write-In Totals,143,68,75,0
Adams,Gettysburg #2,Registered Voters,,,,2307,,,
Adams,Gettysburg #2,Ballots Cast,,,,913,409,494,10
Adams,Gettysburg #2,Ballots Cast - Blank,,,,0,0,0,0
Adams,Gettysburg #2,President,,DEM,Biden and Harris,657,236,414,7
Adams,Gettysburg #2,President,,REP,Trump and Pence,234,157,74,3
Adams,Gettysburg #2,President,,LIB,Jorgensen and Cohen,17,13,4,0
Adams,Gettysburg #2,President,,,Write-In Totals,3,2,1,0
Adams,Gettysburg #2,Attorney General,,DEM,Josh Shapiro,610,230,374,6
Adams,Gettysburg #2,Attorney General,,REP,Heather Heidelbaugh,238,153,83,2
Adams,Gettysburg #2,Attorney General,,LIB,Daniel Wassmer,19,13,4,2
Adams,Gettysburg #2,Attorney General,,GRE,Richard L Weiss,23,10,13,0
Adams,Gettysburg #2,Attorney General,,,Write-In Totals,1,0,1,0
Adams,Gettysburg #2,Auditor General,,DEM,Nina Ahmad,589,215,369,5
Adams,Gettysburg #2,Auditor General,,REP,Timothy DeFoor,231,152,75,4
Adams,Gettysburg #2,Auditor General,,LIB,Jennifer Moore,35,26,9,0
Adams,Gettysburg #2,Auditor General,,GRE,Olivia Faison,26,10,15,1
Adams,Gettysburg #2,Auditor General,,,Write-In Totals,0,0,0,0
Adams,Gettysburg #2,State Treasurer,,DEM,Joe Torsella,591,220,366,5
Adams,Gettysburg #2,State Treasurer,,REP,Stacy L Garrity,252,161,87,4
Adams,Gettysburg #2,State Treasurer,,LIB,Joe Soloski,24,17,7,0
Adams,Gettysburg #2,State Treasurer,,GRE,Timothy Runkle,21,7,13,1
Adams,Gettysburg #2,State Treasurer,,,Write-In Totals,0,0,0,0
Adams,Gettysburg #2,U.S. House,13,DEM,Todd Rowley,643,236,400,7
Adams,Gettysburg #2,U.S. House,13,REP,John Joyce,253,168,82,3
Adams,Gettysburg #2,U.S. House,13,,Write-In Totals,1,0,1,0
Adams,Gettysburg #2,State Senate,33,DEM,Rich Sterner,642,239,397,6
Adams,Gettysburg #2,State Senate,33,REP,Doug Mastriano,245,162,79,4
Adams,Gettysburg #2,State Senate,33,,Write-In Totals,1,1,0,0
Adams,Gettysburg #2,State House,91,REP,Dan Moul,491,268,216,7
Adams,Gettysburg #2,State House,91,,Write-In Totals,127,40,86,1
Adams,Gettysburg #3,Registered Voters,,,,1162,,,
Adams,Gettysburg #3,Ballots Cast,,,,909,492,409,8
Adams,Gettysburg #3,Ballots Cast - Blank,,,,0,0,0,0
Adams,Gettysburg #3,President,,DEM,Biden and Harris,514,196,313,5
Adams,Gettysburg #3,President,,REP,Trump and Pence,374,283,89,2
Adams,Gettysburg #3,President,,LIB,Jorgensen and Cohen,18,11,6,1
Adams,Gettysburg #3,President,,,Write-In Totals,2,2,0,0
Adams,Gettysburg #3,Attorney General,,DEM,Josh Shapiro,479,183,293,3
Adams,Gettysburg #3,Attorney General,,REP,Heather Heidelbaugh,374,273,98,3
Adams,Gettysburg #3,Attorney General,,LIB,Daniel Wassmer,26,19,6,1
Adams,Gettysburg #3,Attorney General,,GRE,Richard L Weiss,10,6,4,0
Adams,Gettysburg #3,Attorney General,,,Write-In Totals,0,0,0,0
Adams,Gettysburg #3,Auditor General,,DEM,Nina Ahmad,463,176,284,3
Adams,Gettysburg #3,Auditor General,,REP,Timothy DeFoor,369,267,100,2
Adams,Gettysburg #3,Auditor General,,LIB,Jennifer Moore,35,25,8,2
Adams,Gettysburg #3,Auditor General,,GRE,Olivia Faison,16,8,8,0
Adams,Gettysburg #3,Auditor General,,,Write-In Totals,0,0,0,0
Adams,Gettysburg #3,State Treasurer,,DEM,Joe Torsella,464,179,282,3
Adams,Gettysburg #3,State Treasurer,,REP,Stacy L Garrity,372,270,99,3
Adams,Gettysburg #3,State Treasurer,,LIB,Joe Soloski,36,25,10,1
Adams,Gettysburg #3,State Treasurer,,GRE,Timothy Runkle,11,3,8,0
Adams,Gettysburg #3,State Treasurer,,,Write-In Totals,1,1,0,0
Adams,Gettysburg #3,U.S. House,13,DEM,Todd Rowley,490,186,300,4
Adams,Gettysburg #3,U.S. House,13,REP,John Joyce,400,293,104,3
Adams,Gettysburg #3,U.S. House,13,,Write-In Totals,2,2,0,0
Adams,Gettysburg #3,State Senate,33,DEM,Rich Sterner,503,193,306,4
Adams,Gettysburg #3,State Senate,33,REP,Doug Mastriano,383,285,95,3
Adams,Gettysburg #3,State Senate,33,,Write-In Totals,1,1,0,0
Adams,Gettysburg #3,State House,91,REP,Dan Moul,572,362,205,5
Adams,Gettysburg #3,State House,91,,Write-In Totals,95,43,51,1
Adams,Hamilton,Registered Voters,,,,1898,,,
Adams,Hamilton,Ballots Cast,,,,1491,"1,042",432,17
Adams,Hamilton,Ballots Cast - Blank,,,,0,0,0,0
Adams,Hamilton,President,,DEM,Biden and Harris,354,117,234,3
Adams,Hamilton,President,,REP,Trump and Pence,1115,914,187,14
Adams,Hamilton,President,,LIB,Jorgensen and Cohen,14,10,4,0
Adams,Hamilton,President,,,Write-In Totals,4,1,3,0
Adams,Hamilton,Attorney General,,DEM,Josh Shapiro,376,138,234,4
Adams,Hamilton,Attorney General,,REP,Heather Heidelbaugh,1056,867,177,12
Adams,Hamilton,Attorney General,,LIB,Daniel Wassmer,26,19,7,0
Adams,Hamilton,Attorney General,,GRE,Richard L Weiss,14,10,3,1
Adams,Hamilton,Attorney General,,,Write-In Totals,0,0,0,0
Adams,Hamilton,Auditor General,,DEM,Nina Ahmad,323,113,207,3
Adams,Hamilton,Auditor General,,REP,Timothy DeFoor,1084,875,197,12
Adams,Hamilton,Auditor General,,LIB,Jennifer Moore,44,33,10,1
Adams,Hamilton,Auditor General,,GRE,Olivia Faison,11,8,3,0
Adams,Hamilton,Auditor General,,,Write-In Totals,0,0,0,0
Adams,Hamilton,State Treasurer,,DEM,Joe Torsella,340,121,217,2
Adams,Hamilton,State Treasurer,,REP,Stacy L Garrity,1072,870,189,13
Adams,Hamilton,State Treasurer,,LIB,Joe Soloski,33,24,8,1
Adams,Hamilton,State Treasurer,,GRE,Timothy Runkle,17,11,6,0
Adams,Hamilton,State Treasurer,,,Write-In Totals,1,1,0,0
Adams,Hamilton,U.S. House,13,DEM,Todd Rowley,342,124,214,4
Adams,Hamilton,U.S. House,13,REP,John Joyce,1120,904,203,13
Adams,Hamilton,U.S. House,13,,Write-In Totals,1,0,1,0
Adams,Hamilton,State Senate,33,DEM,Rich Sterner,345,123,218,4
Adams,Hamilton,State Senate,33,REP,Doug Mastriano,1118,909,196,13
Adams,Hamilton,State Senate,33,,Write-In Totals,2,0,2,0
Adams,Hamilton,State House,193,REP,Torren Ecker,1313,983,313,17
Adams,Hamilton,State House,193,,Write-In Totals,28,6,22,0
Adams,Hamiltonban,Registered Voters,,,,1658,,,
Adams,Hamiltonban,Ballots Cast,,,,1359,"1,036",310,13
Adams,Hamiltonban,Ballots Cast - Blank,,,,0,0,0,0
Adams,Hamiltonban,President,,DEM,Biden and Harris,352,163,184,5
Adams,Hamiltonban,President,,REP,Trump and Pence,986,858,120,8
Adams,Hamiltonban,President,,LIB,Jorgensen and Cohen,18,14,4,0
Adams,Hamiltonban,President,,,Write-In Totals,2,0,2,0
Adams,Hamiltonban,Attorney General,,DEM,Josh Shapiro,354,166,183,5
Adams,Hamiltonban,Attorney General,,REP,Heather Heidelbaugh,930,803,119,8
Adams,Hamiltonban,Attorney General,,LIB,Daniel Wassmer,29,26,3,0
Adams,Hamiltonban,Attorney General,,GRE,Richard L Weiss,9,7,2,0
Adams,Hamiltonban,Attorney General,,,Write-In Totals,0,0,0,0
Adams,Hamiltonban,Auditor General,,DEM,Nina Ahmad,319,139,175,5
Adams,Hamiltonban,Auditor General,,REP,Timothy DeFoor,922,799,115,8
Adams,Hamiltonban,Auditor General,,LIB,Jennifer Moore,55,45,10,0
Adams,Hamiltonban,Auditor General,,GRE,Olivia Faison,17,15,2,0
Adams,Hamiltonban,Auditor General,,,Write-In Totals,0,0,0,0
Adams,Hamiltonban,State Treasurer,,DEM,Joe Torsella,317,140,172,5
Adams,Hamiltonban,State Treasurer,,REP,Stacy L Garrity,943,815,120,8
Adams,Hamiltonban,State Treasurer,,LIB,Joe Soloski,45,36,9,0
Adams,Hamiltonban,State Treasurer,,GRE,Timothy Runkle,16,11,5,0
Adams,Hamiltonban,State Treasurer,,,Write-In Totals,0,0,0,0
Adams,Hamiltonban,U.S. House,13,DEM,Todd Rowley,344,157,182,5
Adams,Hamiltonban,U.S. House,13,REP,John Joyce,985,850,127,8
Adams,Hamiltonban,U.S. House,13,,Write-In Totals,0,0,0,0
Adams,Hamiltonban,State Senate,33,DEM,Rich Sterner,336,152,179,5
Adams,Hamiltonban,State Senate,33,REP,Doug Mastriano,994,858,129,7
Adams,Hamiltonban,State Senate,33,,Write-In Totals,0,0,0,0
Adams,Hamiltonban,State House,91,REP,Dan Moul,1129,923,196,10
Adams,Hamiltonban,State House,91,,Write-In Totals,55,20,34,1
Adams,Highland,Registered Voters,,,,769,,,
Adams,Highland,Ballots Cast,,,,635,438,191,6
Adams,Highland,Ballots Cast - Blank,,,,0,0,0,0
Adams,Highland,President,,DEM,Biden and Harris,182,71,110,1
Adams,Highland,President,,REP,Trump and Pence,442,361,76,5
Adams,Highland,President,,LIB,Jorgensen and Cohen,7,4,3,0
Adams,Highland,President,,,Write-In Totals,3,2,1,0
Adams,Highland,Attorney General,,DEM,Josh Shapiro,175,71,104,0
Adams,Highland,Attorney General,,REP,Heather Heidelbaugh,432,348,80,4
Adams,Highland,Attorney General,,LIB,Daniel Wassmer,13,8,3,2
Adams,Highland,Attorney General,,GRE,Richard L Weiss,5,3,2,0
Adams,Highland,Attorney General,,,Write-In Totals,1,1,0,0
Adams,Highland,Auditor General,,DEM,Nina Ahmad,154,55,99,0
Adams,Highland,Auditor General,,REP,Timothy DeFoor,435,350,80,5
Adams,Highland,Auditor General,,LIB,Jennifer Moore,21,15,5,1
Adams,Highland,Auditor General,,GRE,Olivia Faison,6,2,4,0
Adams,Highland,Auditor General,,,Write-In Totals,1,1,0,0
Adams,Highland,State Treasurer,,DEM,Joe Torsella,155,58,97,0
Adams,Highland,State Treasurer,,REP,Stacy L Garrity,442,355,82,5
Adams,Highland,State Treasurer,,LIB,Joe Soloski,16,11,4,1
Adams,Highland,State Treasurer,,GRE,Timothy Runkle,8,3,5,0
Adams,Highland,State Treasurer,,,Write-In Totals,1,1,0,0
Adams,Highland,U.S. House,13,DEM,Todd Rowley,177,71,105,1
Adams,Highland,U.S. House,13,REP,John Joyce,448,359,84,5
Adams,Highland,U.S. House,13,,Write-In Totals,2,1,1,0
Adams,Highland,State Senate,33,DEM,Rich Sterner,188,74,114,0
Adams,Highland,State Senate,33,REP,Doug Mastriano,438,356,76,6
Adams,Highland,State Senate,33,,Write-In Totals,1,1,0,0
Adams,Highland,State House,91,REP,Dan Moul,516,390,121,5
Adams,Highland,State House,91,,Write-In Totals,24,5,18,1
Adams,Huntington,Registered Voters,,,,1567,,,
Adams,Huntington,Ballots Cast,,,,1292,"1,029",244,19
Adams,Huntington,Ballots Cast - Blank,,,,0,0,0,0
Adams,Huntington,President,,DEM,Biden and Harris,248,113,130,5
Adams,Huntington,President,,REP,Trump and Pence,1023,901,108,14
Adams,Huntington,President,,LIB,Jorgensen and Cohen,12,9,3,0
Adams,Huntington,President,,,Write-In Totals,6,5,1,0
Adams,Huntington,Attorney General,,DEM,Josh Shapiro,248,122,121,5
Adams,Huntington,Attorney General,,REP,Heather Heidelbaugh,998,873,111,14
Adams,Huntington,Attorney General,,LIB,Daniel Wassmer,23,21,2,0
Adams,Huntington,Attorney General,,GRE,Richard L Weiss,4,4,0,0
Adams,Huntington,Attorney General,,,Write-In Totals,2,1,1,0
Adams,Huntington,Auditor General,,DEM,Nina Ahmad,209,96,108,5
Adams,Huntington,Auditor General,,REP,Timothy DeFoor,1019,890,115,14
Adams,Huntington,Auditor General,,LIB,Jennifer Moore,33,26,7,0
Adams,Huntington,Auditor General,,GRE,Olivia Faison,8,7,1,0
Adams,Huntington,Auditor General,,,Write-In Totals,1,1,0,0
Adams,Huntington,State Treasurer,,DEM,Joe Torsella,229,114,110,5
Adams,Huntington,State Treasurer,,REP,Stacy L Garrity,1009,877,118,14
Adams,Huntington,State Treasurer,,LIB,Joe Soloski,22,20,2,0
Adams,Huntington,State Treasurer,,GRE,Timothy Runkle,11,8,3,0
Adams,Huntington,State Treasurer,,,Write-In Totals,1,1,0,0
Adams,Huntington,U.S. House,13,DEM,Todd Rowley,224,106,113,5
Adams,Huntington,U.S. House,13,REP,John Joyce,1049,912,123,14
Adams,Huntington,U.S. House,13,,Write-In Totals,1,1,0,0
Adams,Huntington,State Senate,33,DEM,Rich Sterner,238,107,126,5
Adams,Huntington,State Senate,33,REP,Doug Mastriano,1028,906,108,14
Adams,Huntington,State Senate,33,,Write-In Totals,2,1,1,0
Adams,Huntington,State House,193,REP,Torren Ecker,1142,952,173,17
Adams,Huntington,State House,193,,Write-In Totals,23,10,13,0
Adams,Latimore,Registered Voters,,,,1885,,,
Adams,Latimore,Ballots Cast,,,,1559,"1,069",476,14
Adams,Latimore,Ballots Cast - Blank,,,,0,0,0,0
Adams,Latimore,President,,DEM,Biden and Harris,398,128,268,2
Adams,Latimore,President,,REP,Trump and Pence,1115,914,190,11
Adams,Latimore,President,,LIB,Jorgensen and Cohen,30,20,9,1
Adams,Latimore,President,,,Write-In Totals,13,7,6,0
Adams,Latimore,Attorney General,,DEM,Josh Shapiro,397,140,256,1
Adams,Latimore,Attorney General,,REP,Heather Heidelbaugh,1084,881,190,13
Adams,Latimore,Attorney General,,LIB,Daniel Wassmer,38,25,13,0
Adams,Latimore,Attorney General,,GRE,Richard L Weiss,14,6,8,0
Adams,Latimore,Attorney General,,,Write-In Totals,0,0,0,0
Adams,Latimore,Auditor General,,DEM,Nina Ahmad,353,115,237,1
Adams,Latimore,Auditor General,,REP,Timothy DeFoor,1107,894,200,13
Adams,Latimore,Auditor General,,LIB,Jennifer Moore,44,28,16,0
Adams,Latimore,Auditor General,,GRE,Olivia Faison,20,13,7,0
Adams,Latimore,Auditor General,,,Write-In Totals,2,0,2,0
Adams,Latimore,State Treasurer,,DEM,Joe Torsella,369,121,246,2
Adams,Latimore,State Treasurer,,REP,Stacy L Garrity,1095,894,189,12
Adams,Latimore,State Treasurer,,LIB,Joe Soloski,42,25,17,0
Adams,Latimore,State Treasurer,,GRE,Timothy Runkle,22,12,10,0
Adams,Latimore,State Treasurer,,,Write-In Totals,0,0,0,0
Adams,Latimore,U.S. House,13,DEM,Todd Rowley,376,118,256,2
Adams,Latimore,U.S. House,13,REP,John Joyce,1147,930,205,12
Adams,Latimore,U.S. House,13,,Write-In Totals,2,0,2,0
Adams,Latimore,State Senate,33,DEM,Rich Sterner,402,135,266,1
Adams,Latimore,State Senate,33,REP,Doug Mastriano,1129,921,195,13
Adams,Latimore,State Senate,33,,Write-In Totals,2,0,2,0
Adams,Latimore,State House,193,REP,Torren Ecker,1286,981,292,13
Adams,Latimore,State House,193,,Write-In Totals,53,12,41,0
Adams,Liberty,Registered Voters,,,,1043,,,
Adams,Liberty,Ballots Cast,,,,867,658,199,10
Adams,Liberty,Ballots Cast - Blank,,,,0,0,0,0
Adams,Liberty,President,,DEM,Biden and Harris,241,110,131,0
Adams,Liberty,President,,REP,Trump and Pence,609,532,68,9
Adams,Liberty,President,,LIB,Jorgensen and Cohen,16,15,0,1
Adams,Liberty,President,,,Write-In Totals,1,1,0,0
Adams,Liberty,Attorney General,,DEM,Josh Shapiro,232,119,113,0
Adams,Liberty,Attorney General,,REP,Heather Heidelbaugh,591,506,77,8
Adams,Liberty,Attorney General,,LIB,Daniel Wassmer,18,15,2,1
Adams,Liberty,Attorney General,,GRE,Richard L Weiss,9,6,3,0
Adams,Liberty,Attorney General,,,Write-In Totals,0,0,0,0
Adams,Liberty,Auditor General,,DEM,Nina Ahmad,207,99,108,0
Adams,Liberty,Auditor General,,REP,Timothy DeFoor,589,502,79,8
Adams,Liberty,Auditor General,,LIB,Jennifer Moore,42,37,4,1
Adams,Liberty,Auditor General,,GRE,Olivia Faison,10,6,4,0
Adams,Liberty,Auditor General,,,Write-In Totals,0,0,0,0
Adams,Liberty,State Treasurer,,DEM,Joe Torsella,217,110,107,0
Adams,Liberty,State Treasurer,,REP,Stacy L Garrity,602,516,78,8
Adams,Liberty,State Treasurer,,LIB,Joe Soloski,22,17,4,1
Adams,Liberty,State Treasurer,,GRE,Timothy Runkle,10,4,6,0
Adams,Liberty,State Treasurer,,,Write-In Totals,0,0,0,0
Adams,Liberty,U.S. House,13,DEM,Todd Rowley,225,112,113,0
Adams,Liberty,U.S. House,13,REP,John Joyce,622,535,79,8
Adams,Liberty,U.S. House,13,,Write-In Totals,2,0,1,1
Adams,Liberty,State Senate,33,DEM,Rich Sterner,232,113,119,0
Adams,Liberty,State Senate,33,REP,Doug Mastriano,624,541,75,8
Adams,Liberty,State Senate,33,,Write-In Totals,2,0,1,1
Adams,Liberty,State House,91,REP,Dan Moul,713,576,129,8
Adams,Liberty,State House,91,,Write-In Totals,25,15,9,1
Adams,Littlestown #1,Registered Voters,,,,1569,,,
Adams,Littlestown #1,Ballots Cast,,,,1124,835,264,25
Adams,Littlestown #1,Ballots Cast - Blank,,,,0,0,0,0
Adams,Littlestown #1,President,,DEM,Biden and Harris,264,125,133,6
Adams,Littlestown #1,President,,REP,Trump and Pence,841,701,121,19
Adams,Littlestown #1,President,,LIB,Jorgensen and Cohen,13,6,7,0
Adams,Littlestown #1,President,,,Write-In Totals,5,3,2,0
Adams,Littlestown #1,Attorney General,,DEM,Josh Shapiro,260,125,127,8
Adams,Littlestown #1,Attorney General,,REP,Heather Heidelbaugh,805,669,120,16
Adams,Littlestown #1,Attorney General,,LIB,Daniel Wassmer,27,19,8,0
Adams,Littlestown #1,Attorney General,,GRE,Richard L Weiss,9,6,2,1
Adams,Littlestown #1,Attorney General,,,Write-In Totals,1,0,1,0
Adams,Littlestown #1,Auditor General,,DEM,Nina Ahmad,233,110,117,6
Adams,Littlestown #1,Auditor General,,REP,Timothy DeFoor,804,670,119,15
Adams,Littlestown #1,Auditor General,,LIB,Jennifer Moore,44,29,14,1
Adams,Littlestown #1,Auditor General,,GRE,Olivia Faison,13,7,4,2
Adams,Littlestown #1,Auditor General,,,Write-In Totals,1,0,1,0
Adams,Littlestown #1,State Treasurer,,DEM,Joe Torsella,230,109,115,6
Adams,Littlestown #1,State Treasurer,,REP,Stacy L Garrity,818,673,129,16
Adams,Littlestown #1,State Treasurer,,LIB,Joe Soloski,31,21,10,0
Adams,Littlestown #1,State Treasurer,,GRE,Timothy Runkle,19,14,3,2
Adams,Littlestown #1,State Treasurer,,,Write-In Totals,2,0,2,0
Adams,Littlestown #1,U.S. House,13,DEM,Todd Rowley,258,122,129,7
Adams,Littlestown #1,U.S. House,13,REP,John Joyce,845,697,131,17
Adams,Littlestown #1,U.S. House,13,,Write-In Totals,0,0,0,0
Adams,Littlestown #1,State Senate,33,DEM,Rich Sterner,262,124,132,6
Adams,Littlestown #1,State Senate,33,REP,Doug Mastriano,843,695,130,18
Adams,Littlestown #1,State Senate,33,,Write-In Totals,0,0,0,0
Adams,Littlestown #1,State House,91,REP,Dan Moul,970,753,196,21
Adams,Littlestown #1,State House,91,,Write-In Totals,28,15,12,1
Adams,Littlestown #2,Registered Voters,,,,1612,,,
Adams,Littlestown #2,Ballots Cast,,,,1278,848,418,12
Adams,Littlestown #2,Ballots Cast - Blank,,,,0,0,0,0
Adams,Littlestown #2,President,,DEM,Biden and Harris,372,137,233,2
Adams,Littlestown #2,President,,REP,Trump and Pence,875,690,176,9
Adams,Littlestown #2,President,,LIB,Jorgensen and Cohen,25,19,6,0
Adams,Littlestown #2,President,,,Write-In Totals,3,1,1,1
Adams,Littlestown #2,Attorney General,,DEM,Josh Shapiro,356,142,211,3
Adams,Littlestown #2,Attorney General,,REP,Heather Heidelbaugh,846,660,177,9
Adams,Littlestown #2,Attorney General,,LIB,Daniel Wassmer,32,21,11,0
Adams,Littlestown #2,Attorney General,,GRE,Richard L Weiss,20,11,9,0
Adams,Littlestown #2,Attorney General,,,Write-In Totals,0,0,0,0
Adams,Littlestown #2,Auditor General,,DEM,Nina Ahmad,321,114,205,2
Adams,Littlestown #2,Auditor General,,REP,Timothy DeFoor,852,664,179,9
Adams,Littlestown #2,Auditor General,,LIB,Jennifer Moore,57,42,14,1
Adams,Littlestown #2,Auditor General,,GRE,Olivia Faison,17,8,9,0
Adams,Littlestown #2,Auditor General,,,Write-In Totals,0,0,0,0
Adams,Littlestown #2,State Treasurer,,DEM,Joe Torsella,324,113,209,2
Adams,Littlestown #2,State Treasurer,,REP,Stacy L Garrity,862,679,175,8
Adams,Littlestown #2,State Treasurer,,LIB,Joe Soloski,37,20,15,2
Adams,Littlestown #2,State Treasurer,,GRE,Timothy Runkle,26,17,9,0
Adams,Littlestown #2,State Treasurer,,,Write-In Totals,1,1,0,0
Adams,Littlestown #2,U.S. House,13,DEM,Todd Rowley,360,136,222,2
Adams,Littlestown #2,U.S. House,13,REP,John Joyce,890,695,186,9
Adams,Littlestown #2,U.S. House,13,,Write-In Totals,1,1,0,0
Adams,Littlestown #2,State Senate,33,DEM,Rich Sterner,352,131,219,2
Adams,Littlestown #2,State Senate,33,REP,Doug Mastriano,901,701,190,10
Adams,Littlestown #2,State Senate,33,,Write-In Totals,2,2,0,0
Adams,Littlestown #2,State House,91,REP,Dan Moul,1086,765,311,10
Adams,Littlestown #2,State House,91,,Write-In Totals,37,17,20,0
Adams,McSherrystown #1,Registered Voters,,,,1038,,,
Adams,McSherrystown #1,Ballots Cast,,,,766,506,245,15
Adams,McSherrystown #1,Ballots Cast - Blank,,,,0,0,0,0
Adams,McSherrystown #1,President,,DEM,Biden and Harris,269,106,157,6
Adams,McSherrystown #1,President,,REP,Trump and Pence,475,386,80,9
Adams,McSherrystown #1,President,,LIB,Jorgensen and Cohen,19,12,7,0
Adams,McSherrystown #1,President,,,Write-In Totals,1,0,1,0
Adams,McSherrystown #1,Attorney General,,DEM,Josh Shapiro,264,114,145,5
Adams,McSherrystown #1,Attorney General,,REP,Heather Heidelbaugh,457,363,85,9
Adams,McSherrystown #1,Attorney General,,LIB,Daniel Wassmer,21,16,5,0
Adams,McSherrystown #1,Attorney General,,GRE,Richard L Weiss,10,4,5,1
Adams,McSherrystown #1,Attorney General,,,Write-In Totals,0,0,0,0
Adams,McSherrystown #1,Auditor General,,DEM,Nina Ahmad,254,100,149,5
Adams,McSherrystown #1,Auditor General,,REP,Timothy DeFoor,458,367,82,9
Adams,McSherrystown #1,Auditor General,,LIB,Jennifer Moore,32,23,8,1
Adams,McSherrystown #1,Auditor General,,GRE,Olivia Faison,8,5,3,0
Adams,McSherrystown #1,Auditor General,,,Write-In Totals,1,1,0,0
Adams,McSherrystown #1,State Treasurer,,DEM,Joe Torsella,260,107,149,4
Adams,McSherrystown #1,State Treasurer,,REP,Stacy L Garrity,460,368,82,10
Adams,McSherrystown #1,State Treasurer,,LIB,Joe Soloski,19,14,5,0
Adams,McSherrystown #1,State Treasurer,,GRE,Timothy Runkle,16,9,6,1
Adams,McSherrystown #1,State Treasurer,,,Write-In Totals,1,1,0,0
Adams,McSherrystown #1,U.S. House,13,DEM,Todd Rowley,262,108,150,4
Adams,McSherrystown #1,U.S. House,13,REP,John Joyce,486,388,87,11
Adams,McSherrystown #1,U.S. House,13,,Write-In Totals,1,1,0,0
Adams,McSherrystown #1,State Senate,33,DEM,Rich Sterner,262,103,154,5
Adams,McSherrystown #1,State Senate,33,REP,Doug Mastriano,490,394,86,10
Adams,McSherrystown #1,State Senate,33,,Write-In Totals,0,0,0,0
Adams,McSherrystown #1,State House,91,REP,Dan Moul,635,456,167,12
Adams,McSherrystown #1,State House,91,,Write-In Totals,36,14,20,2
Adams,McSherrystown #2,Registered Voters,,,,771,,,
Adams,McSherrystown #2,Ballots Cast,,,,561,392,162,7
Adams,McSherrystown #2,Ballots Cast - Blank,,,,0,0,0,0
Adams,McSherrystown #2,President,,DEM,Biden and Harris,188,75,109,4
Adams,McSherrystown #2,President,,REP,Trump and Pence,359,306,50,3
Adams,McSherrystown #2,President,,LIB,Jorgensen and Cohen,11,9,2,0
Adams,McSherrystown #2,President,,,Write-In Totals,3,2,1,0
Adams,McSherrystown #2,Attorney General,,DEM,Josh Shapiro,185,78,104,3
Adams,McSherrystown #2,Attorney General,,REP,Heather Heidelbaugh,338,289,46,3
Adams,McSherrystown #2,Attorney General,,LIB,Daniel Wassmer,17,14,2,1
Adams,McSherrystown #2,Attorney General,,GRE,Richard L Weiss,7,3,4,0
Adams,McSherrystown #2,Attorney General,,,Write-In Totals,0,0,0,0
Adams,McSherrystown #2,Auditor General,,DEM,Nina Ahmad,163,64,96,3
Adams,McSherrystown #2,Auditor General,,REP,Timothy DeFoor,346,292,51,3
Adams,McSherrystown #2,Auditor General,,LIB,Jennifer Moore,25,20,4,1
Adams,McSherrystown #2,Auditor General,,GRE,Olivia Faison,9,5,4,0
Adams,McSherrystown #2,Auditor General,,,Write-In Totals,0,0,0,0
Adams,McSherrystown #2,State Treasurer,,DEM,Joe Torsella,181,77,101,3
Adams,McSherrystown #2,State Treasurer,,REP,Stacy L Garrity,337,287,47,3
Adams,McSherrystown #2,State Treasurer,,LIB,Joe Soloski,18,13,4,1
Adams,McSherrystown #2,State Treasurer,,GRE,Timothy Runkle,9,6,3,0
Adams,McSherrystown #2,State Treasurer,,,Write-In Totals,0,0,0,0
Adams,McSherrystown #2,U.S. House,13,DEM,Todd Rowley,184,74,106,4
Adams,McSherrystown #2,U.S. House,13,REP,John Joyce,365,311,51,3
Adams,McSherrystown #2,U.S. House,13,,Write-In Totals,0,0,0,0
Adams,McSherrystown #2,State Senate,33,DEM,Rich Sterner,177,73,100,4
Adams,McSherrystown #2,State Senate,33,REP,Doug Mastriano,373,312,58,3
Adams,McSherrystown #2,State Senate,33,,Write-In Totals,0,0,0,0
Adams,McSherrystown #2,State House,91,REP,Dan Moul,469,351,113,5
Adams,McSherrystown #2,State House,91,,Write-In Totals,20,8,12,0
Adams,Menallen,Registered Voters,,,,2328,,,
Adams,Menallen,Ballots Cast,,,,1920,"1,300",598,22
Adams,Menallen,Ballots Cast - Blank,,,,1,1,0,0
Adams,Menallen,President,,DEM,Biden and Harris,496,158,330,8
Adams,Menallen,President,,REP,Trump and Pence,1391,"1,120",257,14
Adams,Menallen,President,,LIB,Jorgensen and Cohen,28,18,10,0
Adams,Menallen,President,,,Write-In Totals,3,2,1,0
Adams,Menallen,Attorney General,,DEM,Josh Shapiro,473,157,309,7
Adams,Menallen,Attorney General,,REP,Heather Heidelbaugh,1373,"1,086",275,12
Adams,Menallen,Attorney General,,LIB,Daniel Wassmer,28,25,3,0
Adams,Menallen,Attorney General,,GRE,Richard L Weiss,17,11,6,0
Adams,Menallen,Attorney General,,,Write-In Totals,0,0,0,0
Adams,Menallen,Auditor General,,DEM,Nina Ahmad,403,113,285,5
Adams,Menallen,Auditor General,,REP,Timothy DeFoor,1413,"1,121",278,14
Adams,Menallen,Auditor General,,LIB,Jennifer Moore,46,34,12,0
Adams,Menallen,Auditor General,,GRE,Olivia Faison,15,5,10,0
Adams,Menallen,Auditor General,,,Write-In Totals,0,0,0,0
Adams,Menallen,State Treasurer,,DEM,Joe Torsella,422,126,290,6
Adams,Menallen,State Treasurer,,REP,Stacy L Garrity,1402,"1,111",279,12
Adams,Menallen,State Treasurer,,LIB,Joe Soloski,32,27,5,0
Adams,Menallen,State Treasurer,,GRE,Timothy Runkle,26,12,13,1
Adams,Menallen,State Treasurer,,,Write-In Totals,1,1,0,0
Adams,Menallen,U.S. House,13,DEM,Todd Rowley,453,140,307,6
Adams,Menallen,U.S. House,13,REP,John Joyce,1429,"1,132",283,14
Adams,Menallen,U.S. House,13,,Write-In Totals,0,0,0,0
Adams,Menallen,State Senate,33,DEM,Rich Sterner,487,152,328,7
Adams,Menallen,State Senate,33,REP,Doug Mastriano,1398,"1,124",260,14
Adams,Menallen,State Senate,33,,Write-In Totals,5,3,2,0
Adams,Menallen,State House,193,REP,Torren Ecker,1628,"1,199",414,15
Adams,Menallen,State House,193,,Write-In Totals,43,13,30,0
Adams,Mt Joy #1,Registered Voters,,,,1415,,,
Adams,Mt Joy #1,Ballots Cast,,,,1134,626,497,11
Adams,Mt Joy #1,Ballots Cast - Blank,,,,0,0,0,0
Adams,Mt Joy #1,President,,DEM,Biden and Harris,460,123,333,4
Adams,Mt Joy #1,President,,REP,Trump and Pence,653,491,156,6
Adams,Mt Joy #1,President,,LIB,Jorgensen and Cohen,18,11,6,1
Adams,Mt Joy #1,President,,,Write-In Totals,3,1,2,0
Adams,Mt Joy #1,Attorney General,,DEM,Josh Shapiro,438,121,312,5
Adams,Mt Joy #1,Attorney General,,REP,Heather Heidelbaugh,637,463,168,6
Adams,Mt Joy #1,Attorney General,,LIB,Daniel Wassmer,27,21,6,0
Adams,Mt Joy #1,Attorney General,,GRE,Richard L Weiss,5,5,0,0
Adams,Mt Joy #1,Attorney General,,,Write-In Totals,0,0,0,0
Adams,Mt Joy #1,Auditor General,,DEM,Nina Ahmad,397,108,284,5
Adams,Mt Joy #1,Auditor General,,REP,Timothy DeFoor,660,469,185,6
Adams,Mt Joy #1,Auditor General,,LIB,Jennifer Moore,35,26,9,0
Adams,Mt Joy #1,Auditor General,,GRE,Olivia Faison,2,2,0,0
Adams,Mt Joy #1,Auditor General,,,Write-In Totals,0,0,0,0
Adams,Mt Joy #1,State Treasurer,,DEM,Joe Torsella,402,115,282,5
Adams,Mt Joy #1,State Treasurer,,REP,Stacy L Garrity,661,472,184,5
Adams,Mt Joy #1,State Treasurer,,LIB,Joe Soloski,25,17,7,1
Adams,Mt Joy #1,State Treasurer,,GRE,Timothy Runkle,7,3,4,0
Adams,Mt Joy #1,State Treasurer,,,Write-In Totals,0,0,0,0
Adams,Mt Joy #1,U.S. House,13,DEM,Todd Rowley,423,113,305,5
Adams,Mt Joy #1,U.S. House,13,REP,John Joyce,679,494,179,6
Adams,Mt Joy #1,U.S. House,13,,Write-In Totals,1,1,0,0
Adams,Mt Joy #1,State Senate,33,DEM,Rich Sterner,447,123,319,5
Adams,Mt Joy #1,State Senate,33,REP,Doug Mastriano,660,489,165,6
Adams,Mt Joy #1,State Senate,33,,Write-In Totals,2,1,1,0
Adams,Mt Joy #1,State House,91,REP,Dan Moul,850,538,304,8
Adams,Mt Joy #1,State House,91,,Write-In Totals,72,17,55,0
Adams,Mt Joy #2,Registered Voters,,,,1516,,,
Adams,Mt Joy #2,Ballots Cast,,,,1250,815,427,8
Adams,Mt Joy #2,Ballots Cast - Blank,,,,0,0,0,0
Adams,Mt Joy #2,President,,DEM,Biden and Harris,368,112,254,2
Adams,Mt Joy #2,President,,REP,Trump and Pence,850,683,162,5
Adams,Mt Joy #2,President,,LIB,Jorgensen and Cohen,25,15,9,1
Adams,Mt Joy #2,President,,,Write-In Totals,5,3,2,0
Adams,Mt Joy #2,Attorney General,,DEM,Josh Shapiro,349,111,237,1
Adams,Mt Joy #2,Attorney General,,REP,Heather Heidelbaugh,835,664,165,6
Adams,Mt Joy #2,Attorney General,,LIB,Daniel Wassmer,33,22,10,1
Adams,Mt Joy #2,Attorney General,,GRE,Richard L Weiss,9,6,3,0
Adams,Mt Joy #2,Attorney General,,,Write-In Totals,0,0,0,0
Adams,Mt Joy #2,Auditor General,,DEM,Nina Ahmad,320,96,222,2
Adams,Mt Joy #2,Auditor General,,REP,Timothy DeFoor,843,665,174,4
Adams,Mt Joy #2,Auditor General,,LIB,Jennifer Moore,48,33,13,2
Adams,Mt Joy #2,Auditor General,,GRE,Olivia Faison,10,6,4,0
Adams,Mt Joy #2,Auditor General,,,Write-In Totals,0,0,0,0
Adams,Mt Joy #2,State Treasurer,,DEM,Joe Torsella,332,97,233,2
Adams,Mt Joy #2,State Treasurer,,REP,Stacy L Garrity,835,669,162,4
Adams,Mt Joy #2,State Treasurer,,LIB,Joe Soloski,39,27,10,2
Adams,Mt Joy #2,State Treasurer,,GRE,Timothy Runkle,13,8,5,0
Adams,Mt Joy #2,State Treasurer,,,Write-In Totals,0,0,0,0
Adams,Mt Joy #2,U.S. House,13,DEM,Todd Rowley,347,103,242,2
Adams,Mt Joy #2,U.S. House,13,REP,John Joyce,874,695,173,6
Adams,Mt Joy #2,U.S. House,13,,Write-In Totals,0,0,0,0
Adams,Mt Joy #2,State Senate,33,DEM,Rich Sterner,357,108,246,3
Adams,Mt Joy #2,State Senate,33,REP,Doug Mastriano,865,691,169,5
Adams,Mt Joy #2,State Senate,33,,Write-In Totals,3,0,3,0
Adams,Mt Joy #2,State House,91,REP,Dan Moul,999,737,255,7
Adams,Mt Joy #2,State House,91,,Write-In Totals,29,9,20,0
Adams,Mt Pleasant #1,Registered Voters,,,,1969,,,
Adams,Mt Pleasant #1,Ballots Cast,,,,1574,913,650,11
Adams,Mt Pleasant #1,Ballots Cast - Blank,,,,0,0,0,0
Adams,Mt Pleasant #1,President,,DEM,Biden and Harris,476,114,362,0
Adams,Mt Pleasant #1,President,,REP,Trump and Pence,1074,787,276,11
Adams,Mt Pleasant #1,President,,LIB,Jorgensen and Cohen,19,10,9,0
Adams,Mt Pleasant #1,President,,,Write-In Totals,4,2,2,0
Adams,Mt Pleasant #1,Attorney General,,DEM,Josh Shapiro,448,119,327,2
Adams,Mt Pleasant #1,Attorney General,,REP,Heather Heidelbaugh,1048,751,288,9
Adams,Mt Pleasant #1,Attorney General,,LIB,Daniel Wassmer,32,17,15,0
Adams,Mt Pleasant #1,Attorney General,,GRE,Richard L Weiss,16,10,6,0
Adams,Mt Pleasant #1,Attorney General,,,Write-In Totals,1,0,1,0
Adams,Mt Pleasant #1,Auditor General,,DEM,Nina Ahmad,406,101,305,0
Adams,Mt Pleasant #1,Auditor General,,REP,Timothy DeFoor,1057,748,298,11
Adams,Mt Pleasant #1,Auditor General,,LIB,Jennifer Moore,55,35,20,0
Adams,Mt Pleasant #1,Auditor General,,GRE,Olivia Faison,13,7,6,0
Adams,Mt Pleasant #1,Auditor General,,,Write-In Totals,2,0,2,0
Adams,Mt Pleasant #1,State Treasurer,,DEM,Joe Torsella,421,106,313,2
Adams,Mt Pleasant #1,State Treasurer,,REP,Stacy L Garrity,1061,747,305,9
Adams,Mt Pleasant #1,State Treasurer,,LIB,Joe Soloski,32,24,8,0
Adams,Mt Pleasant #1,State Treasurer,,GRE,Timothy Runkle,24,15,9,0
Adams,Mt Pleasant #1,State Treasurer,,,Write-In Totals,1,0,1,0
Adams,Mt Pleasant #1,U.S. House,13,DEM,Todd Rowley,454,119,335,0
Adams,Mt Pleasant #1,U.S. House,13,REP,John Joyce,1083,773,299,11
Adams,Mt Pleasant #1,U.S. House,13,,Write-In Totals,3,2,1,0
Adams,Mt Pleasant #1,State Senate,33,DEM,Rich Sterner,457,117,340,0
Adams,Mt Pleasant #1,State Senate,33,REP,Doug Mastriano,1086,779,296,11
Adams,Mt Pleasant #1,State Senate,33,,Write-In Totals,1,0,1,0
Adams,Mt Pleasant #1,State House,91,REP,Dan Moul,1294,841,442,11
Adams,Mt Pleasant #1,State House,91,,Write-In Totals,75,17,58,0
Adams,Mt Pleasant #2,Registered Voters,,,,1195,,,
Adams,Mt Pleasant #2,Ballots Cast,,,,949,679,250,20
Adams,Mt Pleasant #2,Ballots Cast - Blank,,,,0,0,0,0
Adams,Mt Pleasant #2,President,,DEM,Biden and Harris,258,121,132,5
Adams,Mt Pleasant #2,President,,REP,Trump and Pence,669,546,108,15
Adams,Mt Pleasant #2,President,,LIB,Jorgensen and Cohen,13,8,5,0
Adams,Mt Pleasant #2,President,,,Write-In Totals,4,3,1,0
Adams,Mt Pleasant #2,Attorney General,,DEM,Josh Shapiro,261,131,127,3
Adams,Mt Pleasant #2,Attorney General,,REP,Heather Heidelbaugh,651,524,111,16
Adams,Mt Pleasant #2,Attorney General,,LIB,Daniel Wassmer,15,9,5,1
Adams,Mt Pleasant #2,Attorney General,,GRE,Richard L Weiss,10,8,2,0
Adams,Mt Pleasant #2,Attorney General,,,Write-In Totals,0,0,0,0
Adams,Mt Pleasant #2,Auditor General,,DEM,Nina Ahmad,224,111,109,4
Adams,Mt Pleasant #2,Auditor General,,REP,Timothy DeFoor,669,535,120,14
Adams,Mt Pleasant #2,Auditor General,,LIB,Jennifer Moore,29,17,11,1
Adams,Mt Pleasant #2,Auditor General,,GRE,Olivia Faison,8,5,3,0
Adams,Mt Pleasant #2,Auditor General,,,Write-In Totals,0,0,0,0
Adams,Mt Pleasant #2,State Treasurer,,DEM,Joe Torsella,229,117,109,3
Adams,Mt Pleasant #2,State Treasurer,,REP,Stacy L Garrity,669,531,122,16
Adams,Mt Pleasant #2,State Treasurer,,LIB,Joe Soloski,23,13,10,0
Adams,Mt Pleasant #2,State Treasurer,,GRE,Timothy Runkle,14,11,3,0
Adams,Mt Pleasant #2,State Treasurer,,,Write-In Totals,0,0,0,0
Adams,Mt Pleasant #2,U.S. House,13,DEM,Todd Rowley,244,120,120,4
Adams,Mt Pleasant #2,U.S. House,13,REP,John Joyce,689,551,122,16
Adams,Mt Pleasant #2,U.S. House,13,,Write-In Totals,0,0,0,0
Adams,Mt Pleasant #2,State Senate,33,DEM,Rich Sterner,256,121,131,4
Adams,Mt Pleasant #2,State Senate,33,REP,Doug Mastriano,684,554,114,16
Adams,Mt Pleasant #2,State Senate,33,,Write-In Totals,1,1,0,0
Adams,Mt Pleasant #2,State House,91,REP,Dan Moul,831,616,196,19
Adams,Mt Pleasant #2,State House,91,,Write-In Totals,31,14,16,1
Adams,New Oxford,Registered Voters,,,,1047,,,
Adams,New Oxford,Ballots Cast,,,,769,542,222,5
Adams,New Oxford,Ballots Cast - Blank,,,,0,0,0,0
Adams,New Oxford,President,,DEM,Biden and Harris,288,131,154,3
Adams,New Oxford,President,,REP,Trump and Pence,457,393,62,2
Adams,New Oxford,President,,LIB,Jorgensen and Cohen,19,14,5,0
Adams,New Oxford,President,,,Write-In Totals,4,3,1,0
Adams,New Oxford,Attorney General,,DEM,Josh Shapiro,294,142,150,2
Adams,New Oxford,Attorney General,,REP,Heather Heidelbaugh,422,363,57,2
Adams,New Oxford,Attorney General,,LIB,Daniel Wassmer,21,18,2,1
Adams,New Oxford,Attorney General,,GRE,Richard L Weiss,12,5,7,0
Adams,New Oxford,Attorney General,,,Write-In Totals,0,0,0,0
Adams,New Oxford,Auditor General,,DEM,Nina Ahmad,256,113,140,3
Adams,New Oxford,Auditor General,,REP,Timothy DeFoor,433,370,61,2
Adams,New Oxford,Auditor General,,LIB,Jennifer Moore,41,32,9,0
Adams,New Oxford,Auditor General,,GRE,Olivia Faison,15,10,5,0
Adams,New Oxford,Auditor General,,,Write-In Totals,1,1,0,0
Adams,New Oxford,State Treasurer,,DEM,Joe Torsella,275,130,143,2
Adams,New Oxford,State Treasurer,,REP,Stacy L Garrity,431,371,58,2
Adams,New Oxford,State Treasurer,,LIB,Joe Soloski,23,16,6,1
Adams,New Oxford,State Treasurer,,GRE,Timothy Runkle,17,11,6,0
Adams,New Oxford,State Treasurer,,,Write-In Totals,1,1,0,0
Adams,New Oxford,U.S. House,13,DEM,Todd Rowley,290,140,147,3
Adams,New Oxford,U.S. House,13,REP,John Joyce,458,388,68,2
Adams,New Oxford,U.S. House,13,,Write-In Totals,2,2,0,0
Adams,New Oxford,State Senate,33,DEM,Rich Sterner,292,137,152,3
Adams,New Oxford,State Senate,33,REP,Doug Mastriano,458,392,64,2
Adams,New Oxford,State Senate,33,,Write-In Totals,0,0,0,0
Adams,New Oxford,State House,193,REP,Torren Ecker,615,468,144,3
Adams,New Oxford,State House,193,,Write-In Totals,22,10,11,1
Adams,Oxford #1,Registered Voters,,,,2113,,,
Adams,Oxford #1,Ballots Cast,,,,1611,"1,072",525,14
Adams,Oxford #1,Ballots Cast - Blank,,,,1,1,0,0
Adams,Oxford #1,President,,DEM,Biden and Harris,487,169,314,4
Adams,Oxford #1,President,,REP,Trump and Pence,1099,885,204,10
Adams,Oxford #1,President,,LIB,Jorgensen and Cohen,23,17,6,0
Adams,Oxford #1,President,,,Write-In Totals,0,0,0,0
Adams,Oxford #1,Attorney General,,DEM,Josh Shapiro,480,170,307,3
Adams,Oxford #1,Attorney General,,REP,Heather Heidelbaugh,1064,859,195,10
Adams,Oxford #1,Attorney General,,LIB,Daniel Wassmer,31,20,10,1
Adams,Oxford #1,Attorney General,,GRE,Richard L Weiss,9,5,4,0
Adams,Oxford #1,Attorney General,,,Write-In Totals,1,1,0,0
Adams,Oxford #1,Auditor General,,DEM,Nina Ahmad,429,147,280,2
Adams,Oxford #1,Auditor General,,REP,Timothy DeFoor,1084,862,213,9
Adams,Oxford #1,Auditor General,,LIB,Jennifer Moore,48,34,14,0
Adams,Oxford #1,Auditor General,,GRE,Olivia Faison,14,7,5,2
Adams,Oxford #1,Auditor General,,,Write-In Totals,2,2,0,0
Adams,Oxford #1,State Treasurer,,DEM,Joe Torsella,462,162,296,4
Adams,Oxford #1,State Treasurer,,REP,Stacy L Garrity,1070,864,198,8
Adams,Oxford #1,State Treasurer,,LIB,Joe Soloski,31,19,12,0
Adams,Oxford #1,State Treasurer,,GRE,Timothy Runkle,18,9,7,2
Adams,Oxford #1,State Treasurer,,,Write-In Totals,0,0,0,0
Adams,Oxford #1,U.S. House,13,DEM,Todd Rowley,458,160,294,4
Adams,Oxford #1,U.S. House,13,REP,John Joyce,1124,894,220,10
Adams,Oxford #1,U.S. House,13,,Write-In Totals,1,1,0,0
Adams,Oxford #1,State Senate,33,DEM,Rich Sterner,459,159,297,3
Adams,Oxford #1,State Senate,33,REP,Doug Mastriano,1118,892,215,11
Adams,Oxford #1,State Senate,33,,Write-In Totals,1,1,0,0
Adams,Oxford #1,State House,193,REP,Torren Ecker,1356,968,376,12
Adams,Oxford #1,State House,193,,Write-In Totals,49,15,34,0
Adams,Oxford #2,Registered Voters,,,,2012,,,
Adams,Oxford #2,Ballots Cast,,,,1648,782,855,11
Adams,Oxford #2,Ballots Cast - Blank,,,,0,0,0,0
Adams,Oxford #2,President,,DEM,Biden and Harris,563,121,441,1
Adams,Oxford #2,President,,REP,Trump and Pence,1050,650,390,10
Adams,Oxford #2,President,,LIB,Jorgensen and Cohen,17,5,12,0
Adams,Oxford #2,President,,,Write-In Totals,7,4,3,0
Adams,Oxford #2,Attorney General,,DEM,Josh Shapiro,532,123,409,0
Adams,Oxford #2,Attorney General,,REP,Heather Heidelbaugh,1053,631,413,9
Adams,Oxford #2,Attorney General,,LIB,Daniel Wassmer,25,15,10,0
Adams,Oxford #2,Attorney General,,GRE,Richard L Weiss,5,2,2,1
Adams,Oxford #2,Attorney General,,,Write-In Totals,1,0,1,0
Adams,Oxford #2,Auditor General,,DEM,Nina Ahmad,472,92,380,0
Adams,Oxford #2,Auditor General,,REP,Timothy DeFoor,1060,640,411,9
Adams,Oxford #2,Auditor General,,LIB,Jennifer Moore,51,32,19,0
Adams,Oxford #2,Auditor General,,GRE,Olivia Faison,19,6,12,1
Adams,Oxford #2,Auditor General,,,Write-In Totals,1,1,0,0
Adams,Oxford #2,State Treasurer,,DEM,Joe Torsella,492,104,388,0
Adams,Oxford #2,State Treasurer,,REP,Stacy L Garrity,1062,633,420,9
Adams,Oxford #2,State Treasurer,,LIB,Joe Soloski,34,27,7,0
Adams,Oxford #2,State Treasurer,,GRE,Timothy Runkle,20,8,11,1
Adams,Oxford #2,State Treasurer,,,Write-In Totals,0,0,0,0
Adams,Oxford #2,U.S. House,13,DEM,Todd Rowley,510,111,398,1
Adams,Oxford #2,U.S. House,13,REP,John Joyce,1094,660,425,9
Adams,Oxford #2,U.S. House,13,,Write-In Totals,1,1,0,0
Adams,Oxford #2,State Senate,33,DEM,Rich Sterner,543,129,412,2
Adams,Oxford #2,State Senate,33,REP,Doug Mastriano,1066,645,413,8
Adams,Oxford #2,State Senate,33,,Write-In Totals,2,1,1,0
Adams,Oxford #2,State House,193,REP,Torren Ecker,1344,721,614,9
Adams,Oxford #2,State House,193,,Write-In Totals,30,4,26,0
Adams,Reading #1,Registered Voters,,,,1276,,,
Adams,Reading #1,Ballots Cast,,,,1048,750,290,8
Adams,Reading #1,Ballots Cast - Blank,,,,0,0,0,0
Adams,Reading #1,President,,DEM,Biden and Harris,252,75,177,0
Adams,Reading #1,President,,REP,Trump and Pence,782,668,106,8
Adams,Reading #1,President,,LIB,Jorgensen and Cohen,13,7,6,0
Adams,Reading #1,President,,,Write-In Totals,0,0,0,0
Adams,Reading #1,Attorney General,,DEM,Josh Shapiro,260,88,172,0
Adams,Reading #1,Attorney General,,REP,Heather Heidelbaugh,744,630,107,7
Adams,Reading #1,Attorney General,,LIB,Daniel Wassmer,12,8,4,0
Adams,Reading #1,Attorney General,,GRE,Richard L Weiss,10,6,4,0
Adams,Reading #1,Attorney General,,,Write-In Totals,0,0,0,0
Adams,Reading #1,Auditor General,,DEM,Nina Ahmad,220,68,152,0
Adams,Reading #1,Auditor General,,REP,Timothy DeFoor,766,640,120,6
Adams,Reading #1,Auditor General,,LIB,Jennifer Moore,30,17,12,1
Adams,Reading #1,Auditor General,,GRE,Olivia Faison,4,3,1,0
Adams,Reading #1,Auditor General,,,Write-In Totals,0,0,0,0
Adams,Reading #1,State Treasurer,,DEM,Joe Torsella,233,80,153,0
Adams,Reading #1,State Treasurer,,REP,Stacy L Garrity,755,628,120,7
Adams,Reading #1,State Treasurer,,LIB,Joe Soloski,22,14,8,0
Adams,Reading #1,State Treasurer,,GRE,Timothy Runkle,9,5,4,0
Adams,Reading #1,State Treasurer,,,Write-In Totals,1,0,1,0
Adams,Reading #1,U.S. House,13,DEM,Todd Rowley,246,78,168,0
Adams,Reading #1,U.S. House,13,REP,John Joyce,781,654,120,7
Adams,Reading #1,U.S. House,13,,Write-In Totals,0,0,0,0
Adams,Reading #1,State Senate,33,DEM,Rich Sterner,250,78,172,0
Adams,Reading #1,State Senate,33,REP,Doug Mastriano,780,659,114,7
Adams,Reading #1,State Senate,33,,Write-In Totals,1,0,1,0
Adams,Reading #1,State House,193,REP,Torren Ecker,898,691,200,7
Adams,Reading #1,State House,193,,Write-In Totals,27,7,20,0
Adams,Reading #2,Registered Voters,,,,1219,,,
Adams,Reading #2,Ballots Cast,,,,984,706,271,7
Adams,Reading #2,Ballots Cast - Blank,,,,0,0,0,0
Adams,Reading #2,President,,DEM,Biden and Harris,259,99,158,2
Adams,Reading #2,President,,REP,Trump and Pence,699,589,106,4
Adams,Reading #2,President,,LIB,Jorgensen and Cohen,23,16,6,1
Adams,Reading #2,President,,,Write-In Totals,1,0,1,0
Adams,Reading #2,Attorney General,,DEM,Josh Shapiro,261,107,152,2
Adams,Reading #2,Attorney General,,REP,Heather Heidelbaugh,658,550,104,4
Adams,Reading #2,Attorney General,,LIB,Daniel Wassmer,28,24,3,1
Adams,Reading #2,Attorney General,,GRE,Richard L Weiss,14,8,6,0
Adams,Reading #2,Attorney General,,,Write-In Totals,0,0,0,0
Adams,Reading #2,Auditor General,,DEM,Nina Ahmad,224,81,141,2
Adams,Reading #2,Auditor General,,REP,Timothy DeFoor,672,558,110,4
Adams,Reading #2,Auditor General,,LIB,Jennifer Moore,51,41,9,1
Adams,Reading #2,Auditor General,,GRE,Olivia Faison,12,7,5,0
Adams,Reading #2,Auditor General,,,Write-In Totals,0,0,0,0
Adams,Reading #2,State Treasurer,,DEM,Joe Torsella,230,83,145,2
Adams,Reading #2,State Treasurer,,REP,Stacy L Garrity,667,559,104,4
Adams,Reading #2,State Treasurer,,LIB,Joe Soloski,38,30,7,1
Adams,Reading #2,State Treasurer,,GRE,Timothy Runkle,22,16,6,0
Adams,Reading #2,State Treasurer,,,Write-In Totals,0,0,0,0
Adams,Reading #2,U.S. House,13,DEM,Todd Rowley,251,101,148,2
Adams,Reading #2,U.S. House,13,REP,John Joyce,704,585,115,4
Adams,Reading #2,U.S. House,13,,Write-In Totals,3,2,1,0
Adams,Reading #2,State Senate,33,DEM,Rich Sterner,260,102,155,3
Adams,Reading #2,State Senate,33,REP,Doug Mastriano,699,586,109,4
Adams,Reading #2,State Senate,33,,Write-In Totals,2,1,1,0
Adams,Reading #2,State House,193,REP,Torren Ecker,833,643,184,6
Adams,Reading #2,State House,193,,Write-In Totals,30,13,17,0
Adams,Reading #3,Registered Voters,,,,1512,,,
Adams,Reading #3,Ballots Cast,,,,1247,910,333,4
Adams,Reading #3,Ballots Cast - Blank,,,,0,0,0,0
Adams,Reading #3,President,,DEM,Biden and Harris,376,180,196,0
Adams,Reading #3,President,,REP,Trump and Pence,856,717,135,4
Adams,Reading #3,President,,LIB,Jorgensen and Cohen,13,11,2,0
Adams,Reading #3,President,,,Write-In Totals,2,2,0,0
Adams,Reading #3,Attorney General,,DEM,Josh Shapiro,372,188,184,0
Adams,Reading #3,Attorney General,,REP,Heather Heidelbaugh,822,688,130,4
Adams,Reading #3,Attorney General,,LIB,Daniel Wassmer,33,21,12,0
Adams,Reading #3,Attorney General,,GRE,Richard L Weiss,7,4,3,0
Adams,Reading #3,Attorney General,,,Write-In Totals,0,0,0,0
Adams,Reading #3,Auditor General,,DEM,Nina Ahmad,317,141,176,0
Adams,Reading #3,Auditor General,,REP,Timothy DeFoor,857,715,138,4
Adams,Reading #3,Auditor General,,LIB,Jennifer Moore,42,32,10,0
Adams,Reading #3,Auditor General,,GRE,Olivia Faison,17,11,6,0
Adams,Reading #3,Auditor General,,,Write-In Totals,0,0,0,0
Adams,Reading #3,State Treasurer,,DEM,Joe Torsella,352,173,179,0
Adams,Reading #3,State Treasurer,,REP,Stacy L Garrity,821,687,130,4
Adams,Reading #3,State Treasurer,,LIB,Joe Soloski,43,32,11,0
Adams,Reading #3,State Treasurer,,GRE,Timothy Runkle,15,8,7,0
Adams,Reading #3,State Treasurer,,,Write-In Totals,0,0,0,0
Adams,Reading #3,U.S. House,13,DEM,Todd Rowley,354,166,188,0
Adams,Reading #3,U.S. House,13,REP,John Joyce,875,731,140,4
Adams,Reading #3,U.S. House,13,,Write-In Totals,1,1,0,0
Adams,Reading #3,State Senate,33,DEM,Rich Sterner,371,181,190,0
Adams,Reading #3,State Senate,33,REP,Doug Mastriano,858,716,138,4
Adams,Reading #3,State Senate,33,,Write-In Totals,1,1,0,0
Adams,Reading #3,State House,193,REP,Torren Ecker,1027,816,207,4
Adams,Reading #3,State House,193,,Write-In Totals,60,28,32,0
Adams,Straban #1,Registered Voters,,,,1676,,,
Adams,Straban #1,Ballots Cast,,,,1374,730,634,10
Adams,Straban #1,Ballots Cast - Blank,,,,0,0,0,0
Adams,Straban #1,President,,DEM,Biden and Harris,621,195,422,4
Adams,Straban #1,President,,REP,Trump and Pence,716,516,194,6
Adams,Straban #1,President,,LIB,Jorgensen and Cohen,29,16,13,0
Adams,Straban #1,President,,,Write-In Totals,3,2,1,0
Adams,Straban #1,Attorney General,,DEM,Josh Shapiro,582,194,384,4
Adams,Straban #1,Attorney General,,REP,Heather Heidelbaugh,720,498,217,5
Adams,Straban #1,Attorney General,,LIB,Daniel Wassmer,32,23,9,0
Adams,Straban #1,Attorney General,,GRE,Richard L Weiss,11,6,5,0
Adams,Straban #1,Attorney General,,,Write-In Totals,0,0,0,0
Adams,Straban #1,Auditor General,,DEM,Nina Ahmad,524,165,355,4
Adams,Straban #1,Auditor General,,REP,Timothy DeFoor,735,502,229,4
Adams,Straban #1,Auditor General,,LIB,Jennifer Moore,57,37,19,1
Adams,Straban #1,Auditor General,,GRE,Olivia Faison,20,13,7,0
Adams,Straban #1,Auditor General,,,Write-In Totals,0,0,0,0
Adams,Straban #1,State Treasurer,,DEM,Joe Torsella,529,173,352,4
Adams,Straban #1,State Treasurer,,REP,Stacy L Garrity,752,513,235,4
Adams,Straban #1,State Treasurer,,LIB,Joe Soloski,37,20,16,1
Adams,Straban #1,State Treasurer,,GRE,Timothy Runkle,20,10,10,0
Adams,Straban #1,State Treasurer,,,Write-In Totals,0,0,0,0
Adams,Straban #1,U.S. House,13,DEM,Todd Rowley,571,191,376,4
Adams,Straban #1,U.S. House,13,REP,John Joyce,768,521,242,5
Adams,Straban #1,U.S. House,13,,Write-In Totals,2,1,1,0
Adams,Straban #1,State Senate,33,DEM,Rich Sterner,619,207,408,4
Adams,Straban #1,State Senate,33,REP,Doug Mastriano,717,509,203,5
Adams,Straban #1,State Senate,33,,Write-In Totals,4,2,2,0
Adams,Straban #1,State House,91,REP,Dan Moul,967,606,355,6
Adams,Straban #1,State House,91,,Write-In Totals,101,32,69,0
Adams,Straban #2,Registered Voters,,,,1607,,,
Adams,Straban #2,Ballots Cast,,,,1266,886,370,10
Adams,Straban #2,Ballots Cast - Blank,,,,0,0,0,0
Adams,Straban #2,President,,DEM,Biden and Harris,381,167,214,0
Adams,Straban #2,President,,REP,Trump and Pence,867,708,149,10
Adams,Straban #2,President,,LIB,Jorgensen and Cohen,14,8,6,0
Adams,Straban #2,President,,,Write-In Totals,1,0,1,0
Adams,Straban #2,Attorney General,,DEM,Josh Shapiro,369,169,200,0
Adams,Straban #2,Attorney General,,REP,Heather Heidelbaugh,854,688,156,10
Adams,Straban #2,Attorney General,,LIB,Daniel Wassmer,20,13,7,0
Adams,Straban #2,Attorney General,,GRE,Richard L Weiss,7,3,4,0
Adams,Straban #2,Attorney General,,,Write-In Totals,0,0,0,0
Adams,Straban #2,Auditor General,,DEM,Nina Ahmad,346,152,194,0
Adams,Straban #2,Auditor General,,REP,Timothy DeFoor,863,697,156,10
Adams,Straban #2,Auditor General,,LIB,Jennifer Moore,32,19,13,0
Adams,Straban #2,Auditor General,,GRE,Olivia Faison,10,6,4,0
Adams,Straban #2,Auditor General,,,Write-In Totals,0,0,0,0
Adams,Straban #2,State Treasurer,,DEM,Joe Torsella,351,160,191,0
Adams,Straban #2,State Treasurer,,REP,Stacy L Garrity,863,688,165,10
Adams,Straban #2,State Treasurer,,LIB,Joe Soloski,18,12,6,0
Adams,Straban #2,State Treasurer,,GRE,Timothy Runkle,18,13,5,0
Adams,Straban #2,State Treasurer,,,Write-In Totals,0,0,0,0
Adams,Straban #2,U.S. House,13,DEM,Todd Rowley,357,161,196,0
Adams,Straban #2,U.S. House,13,REP,John Joyce,893,711,172,10
Adams,Straban #2,U.S. House,13,,Write-In Totals,0,0,0,0
Adams,Straban #2,State Senate,33,DEM,Rich Sterner,381,166,214,1
Adams,Straban #2,State Senate,33,REP,Doug Mastriano,868,706,153,9
Adams,Straban #2,State Senate,33,,Write-In Totals,1,1,0,0
Adams,Straban #2,State House,91,REP,Dan Moul,1092,811,272,9
Adams,Straban #2,State House,91,,Write-In Totals,41,15,26,0
Adams,Tyrone,Registered Voters,,,,1481,,,
Adams,Tyrone,Ballots Cast,,,,1193,918,260,15
Adams,Tyrone,Ballots Cast - Blank,,,,0,0,0,0
Adams,Tyrone,President,,DEM,Biden and Harris,304,169,131,4
Adams,Tyrone,President,,REP,Trump and Pence,865,731,123,11
Adams,Tyrone,President,,LIB,Jorgensen and Cohen,21,16,5,0
Adams,Tyrone,President,,,Write-In Totals,1,1,0,0
Adams,Tyrone,Attorney General,,DEM,Josh Shapiro,296,165,126,5
Adams,Tyrone,Attorney General,,REP,Heather Heidelbaugh,830,702,119,9
Adams,Tyrone,Attorney General,,LIB,Daniel Wassmer,34,25,9,0
Adams,Tyrone,Attorney General,,GRE,Richard L Weiss,18,15,3,0
Adams,Tyrone,Attorney General,,,Write-In Totals,1,0,0,1
Adams,Tyrone,Auditor General,,DEM,Nina Ahmad,258,139,115,4
Adams,Tyrone,Auditor General,,REP,Timothy DeFoor,842,707,125,10
Adams,Tyrone,Auditor General,,LIB,Jennifer Moore,56,44,12,0
Adams,Tyrone,Auditor General,,GRE,Olivia Faison,17,14,3,0
Adams,Tyrone,Auditor General,,,Write-In Totals,1,0,0,1
Adams,Tyrone,State Treasurer,,DEM,Joe Torsella,281,161,116,4
Adams,Tyrone,State Treasurer,,REP,Stacy L Garrity,840,703,127,10
Adams,Tyrone,State Treasurer,,LIB,Joe Soloski,33,25,8,0
Adams,Tyrone,State Treasurer,,GRE,Timothy Runkle,20,16,4,0
Adams,Tyrone,State Treasurer,,,Write-In Totals,1,0,0,1
Adams,Tyrone,U.S. House,13,DEM,Todd Rowley,308,177,126,5
Adams,Tyrone,U.S. House,13,REP,John Joyce,868,730,129,9
Adams,Tyrone,U.S. House,13,,Write-In Totals,1,0,0,1
Adams,Tyrone,State Senate,33,DEM,Rich Sterner,330,193,132,5
Adams,Tyrone,State Senate,33,REP,Doug Mastriano,849,716,125,8
Adams,Tyrone,State Senate,33,,Write-In Totals,1,0,0,1
Adams,Tyrone,State House,193,REP,Torren Ecker,1012,832,167,13
Adams,Tyrone,State House,193,,Write-In Totals,36,20,15,1
Adams,Union,Registered Voters,,,,2291,,,
Adams,Union,Ballots Cast,,,,1798,"1,232",547,19
Adams,Union,Ballots Cast - Blank,,,,1,0,1,0
Adams,Union,President,,DEM,Biden and Harris,422,144,273,5
Adams,Union,President,,REP,Trump and Pence,1354,"1,078",263,13
Adams,Union,President,,LIB,Jorgensen and Cohen,14,9,4,1
Adams,Union,President,,,Write-In Totals,3,0,3,0
Adams,Union,Attorney General,,DEM,Josh Shapiro,404,148,253,3
Adams,Union,Attorney General,,REP,Heather Heidelbaugh,1323,"1,038",270,15
Adams,Union,Attorney General,,LIB,Daniel Wassmer,35,25,10,0
Adams,Union,Attorney General,,GRE,Richard L Weiss,11,9,2,0
Adams,Union,Attorney General,,,Write-In Totals,0,0,0,0
Adams,Union,Auditor General,,DEM,Nina Ahmad,361,121,237,3
Adams,Union,Auditor General,,REP,Timothy DeFoor,1339,"1,050",274,15
Adams,Union,Auditor General,,LIB,Jennifer Moore,50,33,17,0
Adams,Union,Auditor General,,GRE,Olivia Faison,19,14,5,0
Adams,Union,Auditor General,,,Write-In Totals,0,0,0,0
Adams,Union,State Treasurer,,DEM,Joe Torsella,365,131,231,3
Adams,Union,State Treasurer,,REP,Stacy L Garrity,1343,"1,046",282,15
Adams,Union,State Treasurer,,LIB,Joe Soloski,32,22,10,0
Adams,Union,State Treasurer,,GRE,Timothy Runkle,29,19,10,0
Adams,Union,State Treasurer,,,Write-In Totals,0,0,0,0
Adams,Union,U.S. House,13,DEM,Todd Rowley,386,137,246,3
Adams,Union,U.S. House,13,REP,John Joyce,1384,"1,078",291,15
Adams,Union,U.S. House,13,,Write-In Totals,0,0,0,0
Adams,Union,State Senate,33,DEM,Rich Sterner,389,137,249,3
Adams,Union,State Senate,33,REP,Doug Mastriano,1378,"1,078",285,15
Adams,Union,State Senate,33,,Write-In Totals,1,0,1,0
Adams,Union,State House,91,REP,Dan Moul,1568,"1,158",394,16
Adams,Union,State House,91,,Write-In Totals,53,23,30,0
Adams,York Springs,Registered Voters,,,,305,,,
Adams,York Springs,Ballots Cast,,,,215,166,40,9
Adams,York Springs,Ballots Cast - Blank,,,,0,0,0,0
Adams,York Springs,President,,DEM,Biden and Harris,87,51,29,7
Adams,York Springs,President,,REP,Trump and Pence,124,112,10,2
Adams,York Springs,President,,LIB,Jorgensen and Cohen,4,3,1,0
Adams,York Springs,President,,,Write-In Totals,0,0,0,0
Adams,York Springs,Attorney General,,DEM,Josh Shapiro,86,51,28,7
Adams,York Springs,Attorney General,,REP,Heather Heidelbaugh,116,102,12,2
Adams,York Springs,Attorney General,,LIB,Daniel Wassmer,6,6,0,0
Adams,York Springs,Attorney General,,GRE,Richard L Weiss,4,4,0,0
Adams,York Springs,Attorney General,,,Write-In Totals,0,0,0,0
Adams,York Springs,Auditor General,,DEM,Nina Ahmad,83,49,27,7
Adams,York Springs,Auditor General,,REP,Timothy DeFoor,120,106,12,2
Adams,York Springs,Auditor General,,LIB,Jennifer Moore,6,6,0,0
Adams,York Springs,Auditor General,,GRE,Olivia Faison,3,2,1,0
Adams,York Springs,Auditor General,,,Write-In Totals,0,0,0,0
Adams,York Springs,State Treasurer,,DEM,Joe Torsella,80,46,27,7
Adams,York Springs,State Treasurer,,REP,Stacy L Garrity,120,106,12,2
Adams,York Springs,State Treasurer,,LIB,Joe Soloski,6,6,0,0
Adams,York Springs,State Treasurer,,GRE,Timothy Runkle,4,4,0,0
Adams,York Springs,State Treasurer,,,Write-In Totals,0,0,0,0
Adams,York Springs,U.S. House,13,DEM,Todd Rowley,84,53,25,6
Adams,York Springs,U.S. House,13,REP,John Joyce,125,109,13,3
Adams,York Springs,U.S. House,13,,Write-In Totals,0,0,0,0
Adams,York Springs,State Senate,33,DEM,Rich Sterner,87,50,30,7
Adams,York Springs,State Senate,33,REP,Doug Mastriano,124,112,10,2
Adams,York Springs,State Senate,33,,Write-In Totals,0,0,0,0
Adams,York Springs,State House,193,REP,Torren Ecker,173,141,25,7
Adams,York Springs,State House,193,,Write-In Totals,9,5,4,0