county,office,district,party,candidate,votes,precinct
Somerset,U.S. Senate,,DEM,"BOB CASEY, JR",110,ADDISON
Somerset,U.S. Senate,,DEM,"BOB CASEY, JR",26,ADDISON
Somerset,U.S. Senate,,DEM,"BOB CASEY, JR",79,ALLEGHENY
Somerset,U.S. Senate,,DEM,"BOB CASEY, JR",35,BENSON
Somerset,U.S. Senate,,DEM,"BOB CASEY, JR",237,BERLIN
Somerset,U.S. Senate,,DEM,"BOB CASEY, JR",84,BLACK
Somerset,U.S. Senate,,DEM,"BOB CASEY, JR",201,BOSWELL
Somerset,U.S. Senate,,DEM,"BOB CASEY, JR",219,BROTHERS VALLEY
Somerset,U.S. Senate,,DEM,"BOB CASEY, JR",4,CALLIMONT
Somerset,U.S. Senate,,DEM,"BOB CASEY, JR",13,CASSELMAN
Somerset,U.S. Senate,,DEM,"BOB CASEY, JR",145,CENTRAL CITY
Somerset,U.S. Senate,,DEM,"BOB CASEY, JR",339,CONEMAUGHX1
Somerset,U.S. Senate,,DEM,"BOB CASEY, JR",254,CONEMAUGHX2
Somerset,U.S. Senate,,DEM,"BOB CASEY, JR",232,CONEMAUGHX3
Somerset,U.S. Senate,,DEM,"BOB CASEY, JR",237,CONEMAUGHX4
Somerset,U.S. Senate,,DEM,"BOB CASEY, JR",82,CONEMAUGHX5
Somerset,U.S. Senate,,DEM,"BOB CASEY, JR",112,CONFLUENCE
Somerset,U.S. Senate,,DEM,"BOB CASEY, JR",138,ELK LICK
Somerset,U.S. Senate,,DEM,"BOB CASEY, JR",20,FAIRHOPE
Somerset,U.S. Senate,,DEM,"BOB CASEY, JR",63,GARRETT
Somerset,U.S. Senate,,DEM,"BOB CASEY, JR",72,GREENVILLE
Somerset,U.S. Senate,,DEM,"BOB CASEY, JR",87,HOOVERSVILLE
Somerset,U.S. Senate,,DEM,"BOB CASEY, JR",69,INDIAN LAKE
Somerset,U.S. Senate,,DEM,"BOB CASEY, JR",230,JEFFERSON
Somerset,U.S. Senate,,DEM,"BOB CASEY, JR",250,JENNERX1
Somerset,U.S. Senate,,DEM,"BOB CASEY, JR",134,JENNERX2
Somerset,U.S. Senate,,DEM,"BOB CASEY, JR",90,JENNERX3
Somerset,U.S. Senate,,DEM,"BOB CASEY, JR",103,JENNERSTOWN
Somerset,U.S. Senate,,DEM,"BOB CASEY, JR",46,LARIMER
Somerset,U.S. Senate,,DEM,"BOB CASEY, JR",175,LINCOLN
Somerset,U.S. Senate,,DEM,"BOB CASEY, JR",47,LOWER TURKEYFOOT
Somerset,U.S. Senate,,DEM,"BOB CASEY, JR",267,MEYERSDALE
Somerset,U.S. Senate,,DEM,"BOB CASEY, JR",103,MIDDLECREEK
Somerset,U.S. Senate,,DEM,"BOB CASEY, JR",184,MILFORD
Somerset,U.S. Senate,,DEM,"BOB CASEY, JR",37,NEW BALTIMORE
Somerset,U.S. Senate,,DEM,"BOB CASEY, JR",28,NEW CENTERVILLE
Somerset,U.S. Senate,,DEM,"BOB CASEY, JR",46,NORTHAMPTON
Somerset,U.S. Senate,,DEM,"BOB CASEY, JR",55,OGLE
Somerset,U.S. Senate,,DEM,"BOB CASEY, JR",189,PAINTX1
Somerset,U.S. Senate,,DEM,"BOB CASEY, JR",259,PAINTX2
Somerset,U.S. Senate,,DEM,"BOB CASEY, JR",57,PAINTX3
Somerset,U.S. Senate,,DEM,"BOB CASEY, JR",131,PAINT
Somerset,U.S. Senate,,DEM,"BOB CASEY, JR",221,QUEMAHONING
Somerset,U.S. Senate,,DEM,"BOB CASEY, JR",88,ROCKWOOD
Somerset,U.S. Senate,,DEM,"BOB CASEY, JR",86,SALISBURY
Somerset,U.S. Senate,,DEM,"BOB CASEY, JR",4,SEVEN SPRINGS
Somerset,U.S. Senate,,DEM,"BOB CASEY, JR",70,SHADEX1
Somerset,U.S. Senate,,DEM,"BOB CASEY, JR",157,SHADEX2
Somerset,U.S. Senate,,DEM,"BOB CASEY, JR",168,SHADEX3
Somerset,U.S. Senate,,DEM,"BOB CASEY, JR",19,SHANKSVILLE
Somerset,U.S. Senate,,DEM,"BOB CASEY, JR",239,SOMERSETX1
Somerset,U.S. Senate,,DEM,"BOB CASEY, JR",288,SOMERSETX2
Somerset,U.S. Senate,,DEM,"BOB CASEY, JR",305,SOMERSETX3
Somerset,U.S. Senate,,DEM,"BOB CASEY, JR",192,SOMERSETX4
Somerset,U.S. Senate,,DEM,"BOB CASEY, JR",146,SOMERSETXEAST
Somerset,U.S. Senate,,DEM,"BOB CASEY, JR",179,SOMERSETXNORTH WEST
Somerset,U.S. Senate,,DEM,"BOB CASEY, JR",493,SOMERSETXSOUTH WEST
Somerset,U.S. Senate,,DEM,"BOB CASEY, JR",46,SOUTHAMPTON
Somerset,U.S. Senate,,DEM,"BOB CASEY, JR",192,STONYCREEK
Somerset,U.S. Senate,,DEM,"BOB CASEY, JR",52,STOYSTOWN
Somerset,U.S. Senate,,DEM,"BOB CASEY, JR",219,SUMMIT
Somerset,U.S. Senate,,DEM,"BOB CASEY, JR",101,UPPER TURKEYFOOT
Somerset,U.S. Senate,,DEM,"BOB CASEY, JR",23,URSINA
Somerset,U.S. Senate,,DEM,"BOB CASEY, JR",17,WELLERSBURG
Somerset,U.S. Senate,,DEM,"BOB CASEY, JR",176,WINDBERX1
Somerset,U.S. Senate,,DEM,"BOB CASEY, JR",242,WINDBERX2
Somerset,U.S. Senate,,DEM,"BOB CASEY, JR",147,WINDBERX3
Somerset,U.S. Senate,,DEM,"BOB CASEY, JR",163,WINDBERX4
Somerset,U.S. Senate,,REP,LOU BARLETTA,233,ADDISON
Somerset,U.S. Senate,,REP,LOU BARLETTA,49,ADDISON
Somerset,U.S. Senate,,REP,LOU BARLETTA,218,ALLEGHENY
Somerset,U.S. Senate,,REP,LOU BARLETTA,31,BENSON
Somerset,U.S. Senate,,REP,LOU BARLETTA,527,BERLIN
Somerset,U.S. Senate,,REP,LOU BARLETTA,266,BLACK
Somerset,U.S. Senate,,REP,LOU BARLETTA,230,BOSWELL
Somerset,U.S. Senate,,REP,LOU BARLETTA,790,BROTHERS VALLEY
Somerset,U.S. Senate,,REP,LOU BARLETTA,17,CALLIMONT
Somerset,U.S. Senate,,REP,LOU BARLETTA,21,CASSELMAN
Somerset,U.S. Senate,,REP,LOU BARLETTA,191,CENTRAL CITY
Somerset,U.S. Senate,,REP,LOU BARLETTA,578,CONEMAUGHX1
Somerset,U.S. Senate,,REP,LOU BARLETTA,433,CONEMAUGHX2
Somerset,U.S. Senate,,REP,LOU BARLETTA,389,CONEMAUGHX3
Somerset,U.S. Senate,,REP,LOU BARLETTA,407,CONEMAUGHX4
Somerset,U.S. Senate,,REP,LOU BARLETTA,145,CONEMAUGHX5
Somerset,U.S. Senate,,REP,LOU BARLETTA,118,CONFLUENCE
Somerset,U.S. Senate,,REP,LOU BARLETTA,418,ELK LICK
Somerset,U.S. Senate,,REP,LOU BARLETTA,32,FAIRHOPE
Somerset,U.S. Senate,,REP,LOU BARLETTA,69,GARRETT
Somerset,U.S. Senate,,REP,LOU BARLETTA,161,GREENVILLE
Somerset,U.S. Senate,,REP,LOU BARLETTA,160,HOOVERSVILLE
Somerset,U.S. Senate,,REP,LOU BARLETTA,185,INDIAN LAKE
Somerset,U.S. Senate,,REP,LOU BARLETTA,452,JEFFERSON
Somerset,U.S. Senate,,REP,LOU BARLETTA,496,JENNERX1
Somerset,U.S. Senate,,REP,LOU BARLETTA,331,JENNERX2
Somerset,U.S. Senate,,REP,LOU BARLETTA,220,JENNERX3
Somerset,U.S. Senate,,REP,LOU BARLETTA,211,JENNERSTOWN
Somerset,U.S. Senate,,REP,LOU BARLETTA,188,LARIMER
Somerset,U.S. Senate,,REP,LOU BARLETTA,503,LINCOLN
Somerset,U.S. Senate,,REP,LOU BARLETTA,123,LOWER TURKEYFOOT
Somerset,U.S. Senate,,REP,LOU BARLETTA,437,MEYERSDALE
Somerset,U.S. Senate,,REP,LOU BARLETTA,296,MIDDLECREEK
Somerset,U.S. Senate,,REP,LOU BARLETTA,494,MILFORD
Somerset,U.S. Senate,,REP,LOU BARLETTA,33,NEW BALTIMORE
Somerset,U.S. Senate,,REP,LOU BARLETTA,74,NEW CENTERVILLE
Somerset,U.S. Senate,,REP,LOU BARLETTA,124,NORTHAMPTON
Somerset,U.S. Senate,,REP,LOU BARLETTA,155,OGLE
Somerset,U.S. Senate,,REP,LOU BARLETTA,403,PAINTX1
Somerset,U.S. Senate,,REP,LOU BARLETTA,351,PAINTX2
Somerset,U.S. Senate,,REP,LOU BARLETTA,145,PAINTX3
Somerset,U.S. Senate,,REP,LOU BARLETTA,194,PAINT
Somerset,U.S. Senate,,REP,LOU BARLETTA,516,QUEMAHONING
Somerset,U.S. Senate,,REP,LOU BARLETTA,196,ROCKWOOD
Somerset,U.S. Senate,,REP,LOU BARLETTA,184,SALISBURY
Somerset,U.S. Senate,,REP,LOU BARLETTA,2,SEVEN SPRINGS
Somerset,U.S. Senate,,REP,LOU BARLETTA,196,SHADEX1
Somerset,U.S. Senate,,REP,LOU BARLETTA,162,SHADEX2
Somerset,U.S. Senate,,REP,LOU BARLETTA,203,SHADEX3
Somerset,U.S. Senate,,REP,LOU BARLETTA,58,SHANKSVILLE
Somerset,U.S. Senate,,REP,LOU BARLETTA,543,SOMERSETX1
Somerset,U.S. Senate,,REP,LOU BARLETTA,712,SOMERSETX2
Somerset,U.S. Senate,,REP,LOU BARLETTA,652,SOMERSETX3
Somerset,U.S. Senate,,REP,LOU BARLETTA,475,SOMERSETX4
Somerset,U.S. Senate,,REP,LOU BARLETTA,242,SOMERSETXEAST
Somerset,U.S. Senate,,REP,LOU BARLETTA,402,SOMERSETXNORTH WEST
Somerset,U.S. Senate,,REP,LOU BARLETTA,658,SOMERSETXSOUTH WEST
Somerset,U.S. Senate,,REP,LOU BARLETTA,207,SOUTHAMPTON
Somerset,U.S. Senate,,REP,LOU BARLETTA,746,STONYCREEK
Somerset,U.S. Senate,,REP,LOU BARLETTA,103,STOYSTOWN
Somerset,U.S. Senate,,REP,LOU BARLETTA,551,SUMMIT
Somerset,U.S. Senate,,REP,LOU BARLETTA,413,UPPER TURKEYFOOT
Somerset,U.S. Senate,,REP,LOU BARLETTA,40,URSINA
Somerset,U.S. Senate,,REP,LOU BARLETTA,64,WELLERSBURG
Somerset,U.S. Senate,,REP,LOU BARLETTA,167,WINDBERX1
Somerset,U.S. Senate,,REP,LOU BARLETTA,241,WINDBERX2
Somerset,U.S. Senate,,REP,LOU BARLETTA,137,WINDBERX3
Somerset,U.S. Senate,,REP,LOU BARLETTA,128,WINDBERX4
Somerset,U.S. Senate,,GRN,NEAL GALE,2,ADDISON
Somerset,U.S. Senate,,GRN,NEAL GALE,1,ADDISON
Somerset,U.S. Senate,,GRN,NEAL GALE,1,ALLEGHENY
Somerset,U.S. Senate,,GRN,NEAL GALE,0,BENSON
Somerset,U.S. Senate,,GRN,NEAL GALE,5,BERLIN
Somerset,U.S. Senate,,GRN,NEAL GALE,0,BLACK
Somerset,U.S. Senate,,GRN,NEAL GALE,2,BOSWELL
Somerset,U.S. Senate,,GRN,NEAL GALE,3,BROTHERS VALLEY
Somerset,U.S. Senate,,GRN,NEAL GALE,0,CALLIMONT
Somerset,U.S. Senate,,GRN,NEAL GALE,0,CASSELMAN
Somerset,U.S. Senate,,GRN,NEAL GALE,1,CENTRAL CITY
Somerset,U.S. Senate,,GRN,NEAL GALE,1,CONEMAUGHX1
Somerset,U.S. Senate,,GRN,NEAL GALE,2,CONEMAUGHX2
Somerset,U.S. Senate,,GRN,NEAL GALE,1,CONEMAUGHX3
Somerset,U.S. Senate,,GRN,NEAL GALE,2,CONEMAUGHX4
Somerset,U.S. Senate,,GRN,NEAL GALE,1,CONEMAUGHX5
Somerset,U.S. Senate,,GRN,NEAL GALE,1,CONFLUENCE
Somerset,U.S. Senate,,GRN,NEAL GALE,4,ELK LICK
Somerset,U.S. Senate,,GRN,NEAL GALE,1,FAIRHOPE
Somerset,U.S. Senate,,GRN,NEAL GALE,0,GARRETT
Somerset,U.S. Senate,,GRN,NEAL GALE,1,GREENVILLE
Somerset,U.S. Senate,,GRN,NEAL GALE,0,HOOVERSVILLE
Somerset,U.S. Senate,,GRN,NEAL GALE,1,INDIAN LAKE
Somerset,U.S. Senate,,GRN,NEAL GALE,1,JEFFERSON
Somerset,U.S. Senate,,GRN,NEAL GALE,3,JENNERX1
Somerset,U.S. Senate,,GRN,NEAL GALE,0,JENNERX2
Somerset,U.S. Senate,,GRN,NEAL GALE,2,JENNERX3
Somerset,U.S. Senate,,GRN,NEAL GALE,1,JENNERSTOWN
Somerset,U.S. Senate,,GRN,NEAL GALE,0,LARIMER
Somerset,U.S. Senate,,GRN,NEAL GALE,4,LINCOLN
Somerset,U.S. Senate,,GRN,NEAL GALE,2,LOWER TURKEYFOOT
Somerset,U.S. Senate,,GRN,NEAL GALE,3,MEYERSDALE
Somerset,U.S. Senate,,GRN,NEAL GALE,2,MIDDLECREEK
Somerset,U.S. Senate,,GRN,NEAL GALE,2,MILFORD
Somerset,U.S. Senate,,GRN,NEAL GALE,2,NEW BALTIMORE
Somerset,U.S. Senate,,GRN,NEAL GALE,0,NEW CENTERVILLE
Somerset,U.S. Senate,,GRN,NEAL GALE,0,NORTHAMPTON
Somerset,U.S. Senate,,GRN,NEAL GALE,0,OGLE
Somerset,U.S. Senate,,GRN,NEAL GALE,2,PAINTX1
Somerset,U.S. Senate,,GRN,NEAL GALE,1,PAINTX2
Somerset,U.S. Senate,,GRN,NEAL GALE,2,PAINTX3
Somerset,U.S. Senate,,GRN,NEAL GALE,4,PAINT
Somerset,U.S. Senate,,GRN,NEAL GALE,3,QUEMAHONING
Somerset,U.S. Senate,,GRN,NEAL GALE,4,ROCKWOOD
Somerset,U.S. Senate,,GRN,NEAL GALE,2,SALISBURY
Somerset,U.S. Senate,,GRN,NEAL GALE,0,SEVEN SPRINGS
Somerset,U.S. Senate,,GRN,NEAL GALE,1,SHADEX1
Somerset,U.S. Senate,,GRN,NEAL GALE,1,SHADEX2
Somerset,U.S. Senate,,GRN,NEAL GALE,1,SHADEX3
Somerset,U.S. Senate,,GRN,NEAL GALE,1,SHANKSVILLE
Somerset,U.S. Senate,,GRN,NEAL GALE,7,SOMERSETX1
Somerset,U.S. Senate,,GRN,NEAL GALE,11,SOMERSETX2
Somerset,U.S. Senate,,GRN,NEAL GALE,1,SOMERSETX3
Somerset,U.S. Senate,,GRN,NEAL GALE,2,SOMERSETX4
Somerset,U.S. Senate,,GRN,NEAL GALE,1,SOMERSETXEAST
Somerset,U.S. Senate,,GRN,NEAL GALE,6,SOMERSETXNORTH WEST
Somerset,U.S. Senate,,GRN,NEAL GALE,7,SOMERSETXSOUTH WEST
Somerset,U.S. Senate,,GRN,NEAL GALE,0,SOUTHAMPTON
Somerset,U.S. Senate,,GRN,NEAL GALE,4,STONYCREEK
Somerset,U.S. Senate,,GRN,NEAL GALE,1,STOYSTOWN
Somerset,U.S. Senate,,GRN,NEAL GALE,3,SUMMIT
Somerset,U.S. Senate,,GRN,NEAL GALE,5,UPPER TURKEYFOOT
Somerset,U.S. Senate,,GRN,NEAL GALE,1,URSINA
Somerset,U.S. Senate,,GRN,NEAL GALE,0,WELLERSBURG
Somerset,U.S. Senate,,GRN,NEAL GALE,1,WINDBERX1
Somerset,U.S. Senate,,GRN,NEAL GALE,0,WINDBERX2
Somerset,U.S. Senate,,GRN,NEAL GALE,3,WINDBERX3
Somerset,U.S. Senate,,GRN,NEAL GALE,2,WINDBERX4
Somerset,U.S. Senate,,LIB,"DALE R KERNS, JR",5,ADDISON
Somerset,U.S. Senate,,LIB,"DALE R KERNS, JR",1,ADDISON
Somerset,U.S. Senate,,LIB,"DALE R KERNS, JR",3,ALLEGHENY
Somerset,U.S. Senate,,LIB,"DALE R KERNS, JR",3,BENSON
Somerset,U.S. Senate,,LIB,"DALE R KERNS, JR",8,BERLIN
Somerset,U.S. Senate,,LIB,"DALE R KERNS, JR",5,BLACK
Somerset,U.S. Senate,,LIB,"DALE R KERNS, JR",5,BOSWELL
Somerset,U.S. Senate,,LIB,"DALE R KERNS, JR",12,BROTHERS VALLEY
Somerset,U.S. Senate,,LIB,"DALE R KERNS, JR",0,CALLIMONT
Somerset,U.S. Senate,,LIB,"DALE R KERNS, JR",1,CASSELMAN
Somerset,U.S. Senate,,LIB,"DALE R KERNS, JR",6,CENTRAL CITY
Somerset,U.S. Senate,,LIB,"DALE R KERNS, JR",5,CONEMAUGHX1
Somerset,U.S. Senate,,LIB,"DALE R KERNS, JR",10,CONEMAUGHX2
Somerset,U.S. Senate,,LIB,"DALE R KERNS, JR",4,CONEMAUGHX3
Somerset,U.S. Senate,,LIB,"DALE R KERNS, JR",5,CONEMAUGHX4
Somerset,U.S. Senate,,LIB,"DALE R KERNS, JR",2,CONEMAUGHX5
Somerset,U.S. Senate,,LIB,"DALE R KERNS, JR",4,CONFLUENCE
Somerset,U.S. Senate,,LIB,"DALE R KERNS, JR",5,ELK LICK
Somerset,U.S. Senate,,LIB,"DALE R KERNS, JR",0,FAIRHOPE
Somerset,U.S. Senate,,LIB,"DALE R KERNS, JR",0,GARRETT
Somerset,U.S. Senate,,LIB,"DALE R KERNS, JR",1,GREENVILLE
Somerset,U.S. Senate,,LIB,"DALE R KERNS, JR",0,HOOVERSVILLE
Somerset,U.S. Senate,,LIB,"DALE R KERNS, JR",1,INDIAN LAKE
Somerset,U.S. Senate,,LIB,"DALE R KERNS, JR",10,JEFFERSON
Somerset,U.S. Senate,,LIB,"DALE R KERNS, JR",5,JENNERX1
Somerset,U.S. Senate,,LIB,"DALE R KERNS, JR",5,JENNERX2
Somerset,U.S. Senate,,LIB,"DALE R KERNS, JR",5,JENNERX3
Somerset,U.S. Senate,,LIB,"DALE R KERNS, JR",4,JENNERSTOWN
Somerset,U.S. Senate,,LIB,"DALE R KERNS, JR",3,LARIMER
Somerset,U.S. Senate,,LIB,"DALE R KERNS, JR",11,LINCOLN
Somerset,U.S. Senate,,LIB,"DALE R KERNS, JR",4,LOWER TURKEYFOOT
Somerset,U.S. Senate,,LIB,"DALE R KERNS, JR",9,MEYERSDALE
Somerset,U.S. Senate,,LIB,"DALE R KERNS, JR",2,MIDDLECREEK
Somerset,U.S. Senate,,LIB,"DALE R KERNS, JR",4,MILFORD
Somerset,U.S. Senate,,LIB,"DALE R KERNS, JR",2,NEW BALTIMORE
Somerset,U.S. Senate,,LIB,"DALE R KERNS, JR",1,NEW CENTERVILLE
Somerset,U.S. Senate,,LIB,"DALE R KERNS, JR",2,NORTHAMPTON
Somerset,U.S. Senate,,LIB,"DALE R KERNS, JR",3,OGLE
Somerset,U.S. Senate,,LIB,"DALE R KERNS, JR",4,PAINTX1
Somerset,U.S. Senate,,LIB,"DALE R KERNS, JR",7,PAINTX2
Somerset,U.S. Senate,,LIB,"DALE R KERNS, JR",3,PAINTX3
Somerset,U.S. Senate,,LIB,"DALE R KERNS, JR",4,PAINT
Somerset,U.S. Senate,,LIB,"DALE R KERNS, JR",6,QUEMAHONING
Somerset,U.S. Senate,,LIB,"DALE R KERNS, JR",2,ROCKWOOD
Somerset,U.S. Senate,,LIB,"DALE R KERNS, JR",3,SALISBURY
Somerset,U.S. Senate,,LIB,"DALE R KERNS, JR",0,SEVEN SPRINGS
Somerset,U.S. Senate,,LIB,"DALE R KERNS, JR",1,SHADEX1
Somerset,U.S. Senate,,LIB,"DALE R KERNS, JR",2,SHADEX2
Somerset,U.S. Senate,,LIB,"DALE R KERNS, JR",4,SHADEX3
Somerset,U.S. Senate,,LIB,"DALE R KERNS, JR",0,SHANKSVILLE
Somerset,U.S. Senate,,LIB,"DALE R KERNS, JR",10,SOMERSETX1
Somerset,U.S. Senate,,LIB,"DALE R KERNS, JR",6,SOMERSETX2
Somerset,U.S. Senate,,LIB,"DALE R KERNS, JR",6,SOMERSETX3
Somerset,U.S. Senate,,LIB,"DALE R KERNS, JR",5,SOMERSETX4
Somerset,U.S. Senate,,LIB,"DALE R KERNS, JR",6,SOMERSETXEAST
Somerset,U.S. Senate,,LIB,"DALE R KERNS, JR",5,SOMERSETXNORTH WEST
Somerset,U.S. Senate,,LIB,"DALE R KERNS, JR",12,SOMERSETXSOUTH WEST
Somerset,U.S. Senate,,LIB,"DALE R KERNS, JR",1,SOUTHAMPTON
Somerset,U.S. Senate,,LIB,"DALE R KERNS, JR",12,STONYCREEK
Somerset,U.S. Senate,,LIB,"DALE R KERNS, JR",2,STOYSTOWN
Somerset,U.S. Senate,,LIB,"DALE R KERNS, JR",5,SUMMIT
Somerset,U.S. Senate,,LIB,"DALE R KERNS, JR",7,UPPER TURKEYFOOT
Somerset,U.S. Senate,,LIB,"DALE R KERNS, JR",2,URSINA
Somerset,U.S. Senate,,LIB,"DALE R KERNS, JR",0,WELLERSBURG
Somerset,U.S. Senate,,LIB,"DALE R KERNS, JR",6,WINDBERX1
Somerset,U.S. Senate,,LIB,"DALE R KERNS, JR",4,WINDBERX2
Somerset,U.S. Senate,,LIB,"DALE R KERNS, JR",4,WINDBERX3
Somerset,U.S. Senate,,LIB,"DALE R KERNS, JR",5,WINDBERX4
Somerset,Governor,,DEM,TOM WOLF,117,ADDISON
Somerset,Governor,,DEM,TOM WOLF,22,ADDISON
Somerset,Governor,,DEM,TOM WOLF,80,ALLEGHENY
Somerset,Governor,,DEM,TOM WOLF,37,BENSON
Somerset,Governor,,DEM,TOM WOLF,236,BERLIN
Somerset,Governor,,DEM,TOM WOLF,79,BLACK
Somerset,Governor,,DEM,TOM WOLF,179,BOSWELL
Somerset,Governor,,DEM,TOM WOLF,218,BROTHERS VALLEY
Somerset,Governor,,DEM,TOM WOLF,6,CALLIMONT
Somerset,Governor,,DEM,TOM WOLF,10,CASSELMAN
Somerset,Governor,,DEM,TOM WOLF,139,CENTRAL CITY
Somerset,Governor,,DEM,TOM WOLF,353,CONEMAUGHX1
Somerset,Governor,,DEM,TOM WOLF,263,CONEMAUGHX2
Somerset,Governor,,DEM,TOM WOLF,232,CONEMAUGHX3
Somerset,Governor,,DEM,TOM WOLF,225,CONEMAUGHX4
Somerset,Governor,,DEM,TOM WOLF,78,CONEMAUGHX5
Somerset,Governor,,DEM,TOM WOLF,99,CONFLUENCE
Somerset,Governor,,DEM,TOM WOLF,128,ELK LICK
Somerset,Governor,,DEM,TOM WOLF,11,FAIRHOPE
Somerset,Governor,,DEM,TOM WOLF,54,GARRETT
Somerset,Governor,,DEM,TOM WOLF,66,GREENVILLE
Somerset,Governor,,DEM,TOM WOLF,83,HOOVERSVILLE
Somerset,Governor,,DEM,TOM WOLF,72,INDIAN LAKE
Somerset,Governor,,DEM,TOM WOLF,216,JEFFERSON
Somerset,Governor,,DEM,TOM WOLF,243,JENNERX1
Somerset,Governor,,DEM,TOM WOLF,122,JENNERX2
Somerset,Governor,,DEM,TOM WOLF,77,JENNERX3
Somerset,Governor,,DEM,TOM WOLF,107,JENNERSTOWN
Somerset,Governor,,DEM,TOM WOLF,40,LARIMER
Somerset,Governor,,DEM,TOM WOLF,173,LINCOLN
Somerset,Governor,,DEM,TOM WOLF,43,LOWER TURKEYFOOT
Somerset,Governor,,DEM,TOM WOLF,270,MEYERSDALE
Somerset,Governor,,DEM,TOM WOLF,107,MIDDLECREEK
Somerset,Governor,,DEM,TOM WOLF,181,MILFORD
Somerset,Governor,,DEM,TOM WOLF,40,NEW BALTIMORE
Somerset,Governor,,DEM,TOM WOLF,29,NEW CENTERVILLE
Somerset,Governor,,DEM,TOM WOLF,40,NORTHAMPTON
Somerset,Governor,,DEM,TOM WOLF,62,OGLE
Somerset,Governor,,DEM,TOM WOLF,193,PAINTX1
Somerset,Governor,,DEM,TOM WOLF,246,PAINTX2
Somerset,Governor,,DEM,TOM WOLF,59,PAINTX3
Somerset,Governor,,DEM,TOM WOLF,138,PAINT
Somerset,Governor,,DEM,TOM WOLF,214,QUEMAHONING
Somerset,Governor,,DEM,TOM WOLF,76,ROCKWOOD
Somerset,Governor,,DEM,TOM WOLF,88,SALISBURY
Somerset,Governor,,DEM,TOM WOLF,2,SEVEN SPRINGS
Somerset,Governor,,DEM,TOM WOLF,67,SHADEX1
Somerset,Governor,,DEM,TOM WOLF,153,SHADEX2
Somerset,Governor,,DEM,TOM WOLF,155,SHADEX3
Somerset,Governor,,DEM,TOM WOLF,17,SHANKSVILLE
Somerset,Governor,,DEM,TOM WOLF,225,SOMERSETX1
Somerset,Governor,,DEM,TOM WOLF,274,SOMERSETX2
Somerset,Governor,,DEM,TOM WOLF,290,SOMERSETX3
Somerset,Governor,,DEM,TOM WOLF,197,SOMERSETX4
Somerset,Governor,,DEM,TOM WOLF,144,SOMERSETXEAST
Somerset,Governor,,DEM,TOM WOLF,192,SOMERSETXNORTH WEST
Somerset,Governor,,DEM,TOM WOLF,489,SOMERSETXSOUTH WEST
Somerset,Governor,,DEM,TOM WOLF,43,SOUTHAMPTON
Somerset,Governor,,DEM,TOM WOLF,205,STONYCREEK
Somerset,Governor,,DEM,TOM WOLF,51,STOYSTOWN
Somerset,Governor,,DEM,TOM WOLF,228,SUMMIT
Somerset,Governor,,DEM,TOM WOLF,105,UPPER TURKEYFOOT
Somerset,Governor,,DEM,TOM WOLF,21,URSINA
Somerset,Governor,,DEM,TOM WOLF,14,WELLERSBURG
Somerset,Governor,,DEM,TOM WOLF,179,WINDBERX1
Somerset,Governor,,DEM,TOM WOLF,232,WINDBERX2
Somerset,Governor,,DEM,TOM WOLF,151,WINDBERX3
Somerset,Governor,,DEM,TOM WOLF,153,WINDBERX4
Somerset,Governor,,REP,SCOTT R WAGNER,230,ADDISON
Somerset,Governor,,REP,SCOTT R WAGNER,52,ADDISON
Somerset,Governor,,REP,SCOTT R WAGNER,215,ALLEGHENY
Somerset,Governor,,REP,SCOTT R WAGNER,32,BENSON
Somerset,Governor,,REP,SCOTT R WAGNER,523,BERLIN
Somerset,Governor,,REP,SCOTT R WAGNER,273,BLACK
Somerset,Governor,,REP,SCOTT R WAGNER,242,BOSWELL
Somerset,Governor,,REP,SCOTT R WAGNER,789,BROTHERS VALLEY
Somerset,Governor,,REP,SCOTT R WAGNER,15,CALLIMONT
Somerset,Governor,,REP,SCOTT R WAGNER,24,CASSELMAN
Somerset,Governor,,REP,SCOTT R WAGNER,196,CENTRAL CITY
Somerset,Governor,,REP,SCOTT R WAGNER,554,CONEMAUGHX1
Somerset,Governor,,REP,SCOTT R WAGNER,423,CONEMAUGHX2
Somerset,Governor,,REP,SCOTT R WAGNER,383,CONEMAUGHX3
Somerset,Governor,,REP,SCOTT R WAGNER,426,CONEMAUGHX4
Somerset,Governor,,REP,SCOTT R WAGNER,147,CONEMAUGHX5
Somerset,Governor,,REP,SCOTT R WAGNER,130,CONFLUENCE
Somerset,Governor,,REP,SCOTT R WAGNER,425,ELK LICK
Somerset,Governor,,REP,SCOTT R WAGNER,38,FAIRHOPE
Somerset,Governor,,REP,SCOTT R WAGNER,75,GARRETT
Somerset,Governor,,REP,SCOTT R WAGNER,167,GREENVILLE
Somerset,Governor,,REP,SCOTT R WAGNER,163,HOOVERSVILLE
Somerset,Governor,,REP,SCOTT R WAGNER,182,INDIAN LAKE
Somerset,Governor,,REP,SCOTT R WAGNER,467,JEFFERSON
Somerset,Governor,,REP,SCOTT R WAGNER,503,JENNERX1
Somerset,Governor,,REP,SCOTT R WAGNER,338,JENNERX2
Somerset,Governor,,REP,SCOTT R WAGNER,229,JENNERX3
Somerset,Governor,,REP,SCOTT R WAGNER,208,JENNERSTOWN
Somerset,Governor,,REP,SCOTT R WAGNER,193,LARIMER
Somerset,Governor,,REP,SCOTT R WAGNER,504,LINCOLN
Somerset,Governor,,REP,SCOTT R WAGNER,128,LOWER TURKEYFOOT
Somerset,Governor,,REP,SCOTT R WAGNER,437,MEYERSDALE
Somerset,Governor,,REP,SCOTT R WAGNER,291,MIDDLECREEK
Somerset,Governor,,REP,SCOTT R WAGNER,501,MILFORD
Somerset,Governor,,REP,SCOTT R WAGNER,33,NEW BALTIMORE
Somerset,Governor,,REP,SCOTT R WAGNER,72,NEW CENTERVILLE
Somerset,Governor,,REP,SCOTT R WAGNER,128,NORTHAMPTON
Somerset,Governor,,REP,SCOTT R WAGNER,149,OGLE
Somerset,Governor,,REP,SCOTT R WAGNER,399,PAINTX1
Somerset,Governor,,REP,SCOTT R WAGNER,360,PAINTX2
Somerset,Governor,,REP,SCOTT R WAGNER,144,PAINTX3
Somerset,Governor,,REP,SCOTT R WAGNER,188,PAINT
Somerset,Governor,,REP,SCOTT R WAGNER,523,QUEMAHONING
Somerset,Governor,,REP,SCOTT R WAGNER,208,ROCKWOOD
Somerset,Governor,,REP,SCOTT R WAGNER,183,SALISBURY
Somerset,Governor,,REP,SCOTT R WAGNER,4,SEVEN SPRINGS
Somerset,Governor,,REP,SCOTT R WAGNER,194,SHADEX1
Somerset,Governor,,REP,SCOTT R WAGNER,165,SHADEX2
Somerset,Governor,,REP,SCOTT R WAGNER,213,SHADEX3
Somerset,Governor,,REP,SCOTT R WAGNER,62,SHANKSVILLE
Somerset,Governor,,REP,SCOTT R WAGNER,554,SOMERSETX1
Somerset,Governor,,REP,SCOTT R WAGNER,723,SOMERSETX2
Somerset,Governor,,REP,SCOTT R WAGNER,666,SOMERSETX3
Somerset,Governor,,REP,SCOTT R WAGNER,471,SOMERSETX4
Somerset,Governor,,REP,SCOTT R WAGNER,249,SOMERSETXEAST
Somerset,Governor,,REP,SCOTT R WAGNER,385,SOMERSETXNORTH WEST
Somerset,Governor,,REP,SCOTT R WAGNER,661,SOMERSETXSOUTH WEST
Somerset,Governor,,REP,SCOTT R WAGNER,206,SOUTHAMPTON
Somerset,Governor,,REP,SCOTT R WAGNER,729,STONYCREEK
Somerset,Governor,,REP,SCOTT R WAGNER,106,STOYSTOWN
Somerset,Governor,,REP,SCOTT R WAGNER,549,SUMMIT
Somerset,Governor,,REP,SCOTT R WAGNER,407,UPPER TURKEYFOOT
Somerset,Governor,,REP,SCOTT R WAGNER,44,URSINA
Somerset,Governor,,REP,SCOTT R WAGNER,66,WELLERSBURG
Somerset,Governor,,REP,SCOTT R WAGNER,167,WINDBERX1
Somerset,Governor,,REP,SCOTT R WAGNER,240,WINDBERX2
Somerset,Governor,,REP,SCOTT R WAGNER,134,WINDBERX3
Somerset,Governor,,REP,SCOTT R WAGNER,135,WINDBERX4
Somerset,Governor,,GRN,PAUL GLOVER,2,ADDISON
Somerset,Governor,,GRN,PAUL GLOVER,0,ADDISON
Somerset,Governor,,GRN,PAUL GLOVER,2,ALLEGHENY
Somerset,Governor,,GRN,PAUL GLOVER,0,BENSON
Somerset,Governor,,GRN,PAUL GLOVER,5,BERLIN
Somerset,Governor,,GRN,PAUL GLOVER,0,BLACK
Somerset,Governor,,GRN,PAUL GLOVER,5,BOSWELL
Somerset,Governor,,GRN,PAUL GLOVER,5,BROTHERS VALLEY
Somerset,Governor,,GRN,PAUL GLOVER,0,CALLIMONT
Somerset,Governor,,GRN,PAUL GLOVER,0,CASSELMAN
Somerset,Governor,,GRN,PAUL GLOVER,1,CENTRAL CITY
Somerset,Governor,,GRN,PAUL GLOVER,3,CONEMAUGHX1
Somerset,Governor,,GRN,PAUL GLOVER,7,CONEMAUGHX2
Somerset,Governor,,GRN,PAUL GLOVER,5,CONEMAUGHX3
Somerset,Governor,,GRN,PAUL GLOVER,0,CONEMAUGHX4
Somerset,Governor,,GRN,PAUL GLOVER,2,CONEMAUGHX5
Somerset,Governor,,GRN,PAUL GLOVER,4,CONFLUENCE
Somerset,Governor,,GRN,PAUL GLOVER,6,ELK LICK
Somerset,Governor,,GRN,PAUL GLOVER,2,FAIRHOPE
Somerset,Governor,,GRN,PAUL GLOVER,2,GARRETT
Somerset,Governor,,GRN,PAUL GLOVER,3,GREENVILLE
Somerset,Governor,,GRN,PAUL GLOVER,2,HOOVERSVILLE
Somerset,Governor,,GRN,PAUL GLOVER,1,INDIAN LAKE
Somerset,Governor,,GRN,PAUL GLOVER,2,JEFFERSON
Somerset,Governor,,GRN,PAUL GLOVER,5,JENNERX1
Somerset,Governor,,GRN,PAUL GLOVER,2,JENNERX2
Somerset,Governor,,GRN,PAUL GLOVER,4,JENNERX3
Somerset,Governor,,GRN,PAUL GLOVER,1,JENNERSTOWN
Somerset,Governor,,GRN,PAUL GLOVER,3,LARIMER
Somerset,Governor,,GRN,PAUL GLOVER,6,LINCOLN
Somerset,Governor,,GRN,PAUL GLOVER,1,LOWER TURKEYFOOT
Somerset,Governor,,GRN,PAUL GLOVER,4,MEYERSDALE
Somerset,Governor,,GRN,PAUL GLOVER,4,MIDDLECREEK
Somerset,Governor,,GRN,PAUL GLOVER,4,MILFORD
Somerset,Governor,,GRN,PAUL GLOVER,1,NEW BALTIMORE
Somerset,Governor,,GRN,PAUL GLOVER,1,NEW CENTERVILLE
Somerset,Governor,,GRN,PAUL GLOVER,1,NORTHAMPTON
Somerset,Governor,,GRN,PAUL GLOVER,0,OGLE
Somerset,Governor,,GRN,PAUL GLOVER,3,PAINTX1
Somerset,Governor,,GRN,PAUL GLOVER,5,PAINTX2
Somerset,Governor,,GRN,PAUL GLOVER,0,PAINTX3
Somerset,Governor,,GRN,PAUL GLOVER,1,PAINT
Somerset,Governor,,GRN,PAUL GLOVER,5,QUEMAHONING
Somerset,Governor,,GRN,PAUL GLOVER,2,ROCKWOOD
Somerset,Governor,,GRN,PAUL GLOVER,2,SALISBURY
Somerset,Governor,,GRN,PAUL GLOVER,0,SEVEN SPRINGS
Somerset,Governor,,GRN,PAUL GLOVER,6,SHADEX1
Somerset,Governor,,GRN,PAUL GLOVER,6,SHADEX2
Somerset,Governor,,GRN,PAUL GLOVER,3,SHADEX3
Somerset,Governor,,GRN,PAUL GLOVER,0,SHANKSVILLE
Somerset,Governor,,GRN,PAUL GLOVER,11,SOMERSETX1
Somerset,Governor,,GRN,PAUL GLOVER,12,SOMERSETX2
Somerset,Governor,,GRN,PAUL GLOVER,3,SOMERSETX3
Somerset,Governor,,GRN,PAUL GLOVER,4,SOMERSETX4
Somerset,Governor,,GRN,PAUL GLOVER,1,SOMERSETXEAST
Somerset,Governor,,GRN,PAUL GLOVER,7,SOMERSETXNORTH WEST
Somerset,Governor,,GRN,PAUL GLOVER,5,SOMERSETXSOUTH WEST
Somerset,Governor,,GRN,PAUL GLOVER,0,SOUTHAMPTON
Somerset,Governor,,GRN,PAUL GLOVER,7,STONYCREEK
Somerset,Governor,,GRN,PAUL GLOVER,0,STOYSTOWN
Somerset,Governor,,GRN,PAUL GLOVER,10,SUMMIT
Somerset,Governor,,GRN,PAUL GLOVER,5,UPPER TURKEYFOOT
Somerset,Governor,,GRN,PAUL GLOVER,0,URSINA
Somerset,Governor,,GRN,PAUL GLOVER,0,WELLERSBURG
Somerset,Governor,,GRN,PAUL GLOVER,2,WINDBERX1
Somerset,Governor,,GRN,PAUL GLOVER,3,WINDBERX2
Somerset,Governor,,GRN,PAUL GLOVER,3,WINDBERX3
Somerset,Governor,,GRN,PAUL GLOVER,2,WINDBERX4
Somerset,Governor,,LIB,KEN V KRAWCHUK,4,ADDISON
Somerset,Governor,,LIB,KEN V KRAWCHUK,3,ADDISON
Somerset,Governor,,LIB,KEN V KRAWCHUK,4,ALLEGHENY
Somerset,Governor,,LIB,KEN V KRAWCHUK,1,BENSON
Somerset,Governor,,LIB,KEN V KRAWCHUK,12,BERLIN
Somerset,Governor,,LIB,KEN V KRAWCHUK,4,BLACK
Somerset,Governor,,LIB,KEN V KRAWCHUK,12,BOSWELL
Somerset,Governor,,LIB,KEN V KRAWCHUK,15,BROTHERS VALLEY
Somerset,Governor,,LIB,KEN V KRAWCHUK,0,CALLIMONT
Somerset,Governor,,LIB,KEN V KRAWCHUK,0,CASSELMAN
Somerset,Governor,,LIB,KEN V KRAWCHUK,3,CENTRAL CITY
Somerset,Governor,,LIB,KEN V KRAWCHUK,13,CONEMAUGHX1
Somerset,Governor,,LIB,KEN V KRAWCHUK,8,CONEMAUGHX2
Somerset,Governor,,LIB,KEN V KRAWCHUK,6,CONEMAUGHX3
Somerset,Governor,,LIB,KEN V KRAWCHUK,8,CONEMAUGHX4
Somerset,Governor,,LIB,KEN V KRAWCHUK,4,CONEMAUGHX5
Somerset,Governor,,LIB,KEN V KRAWCHUK,2,CONFLUENCE
Somerset,Governor,,LIB,KEN V KRAWCHUK,8,ELK LICK
Somerset,Governor,,LIB,KEN V KRAWCHUK,1,FAIRHOPE
Somerset,Governor,,LIB,KEN V KRAWCHUK,0,GARRETT
Somerset,Governor,,LIB,KEN V KRAWCHUK,1,GREENVILLE
Somerset,Governor,,LIB,KEN V KRAWCHUK,1,HOOVERSVILLE
Somerset,Governor,,LIB,KEN V KRAWCHUK,2,INDIAN LAKE
Somerset,Governor,,LIB,KEN V KRAWCHUK,7,JEFFERSON
Somerset,Governor,,LIB,KEN V KRAWCHUK,7,JENNERX1
Somerset,Governor,,LIB,KEN V KRAWCHUK,8,JENNERX2
Somerset,Governor,,LIB,KEN V KRAWCHUK,7,JENNERX3
Somerset,Governor,,LIB,KEN V KRAWCHUK,6,JENNERSTOWN
Somerset,Governor,,LIB,KEN V KRAWCHUK,2,LARIMER
Somerset,Governor,,LIB,KEN V KRAWCHUK,10,LINCOLN
Somerset,Governor,,LIB,KEN V KRAWCHUK,4,LOWER TURKEYFOOT
Somerset,Governor,,LIB,KEN V KRAWCHUK,13,MEYERSDALE
Somerset,Governor,,LIB,KEN V KRAWCHUK,3,MIDDLECREEK
Somerset,Governor,,LIB,KEN V KRAWCHUK,2,MILFORD
Somerset,Governor,,LIB,KEN V KRAWCHUK,2,NEW BALTIMORE
Somerset,Governor,,LIB,KEN V KRAWCHUK,3,NEW CENTERVILLE
Somerset,Governor,,LIB,KEN V KRAWCHUK,2,NORTHAMPTON
Somerset,Governor,,LIB,KEN V KRAWCHUK,2,OGLE
Somerset,Governor,,LIB,KEN V KRAWCHUK,6,PAINTX1
Somerset,Governor,,LIB,KEN V KRAWCHUK,9,PAINTX2
Somerset,Governor,,LIB,KEN V KRAWCHUK,4,PAINTX3
Somerset,Governor,,LIB,KEN V KRAWCHUK,6,PAINT
Somerset,Governor,,LIB,KEN V KRAWCHUK,10,QUEMAHONING
Somerset,Governor,,LIB,KEN V KRAWCHUK,5,ROCKWOOD
Somerset,Governor,,LIB,KEN V KRAWCHUK,2,SALISBURY
Somerset,Governor,,LIB,KEN V KRAWCHUK,0,SEVEN SPRINGS
Somerset,Governor,,LIB,KEN V KRAWCHUK,2,SHADEX1
Somerset,Governor,,LIB,KEN V KRAWCHUK,0,SHADEX2
Somerset,Governor,,LIB,KEN V KRAWCHUK,7,SHADEX3
Somerset,Governor,,LIB,KEN V KRAWCHUK,0,SHANKSVILLE
Somerset,Governor,,LIB,KEN V KRAWCHUK,11,SOMERSETX1
Somerset,Governor,,LIB,KEN V KRAWCHUK,14,SOMERSETX2
Somerset,Governor,,LIB,KEN V KRAWCHUK,13,SOMERSETX3
Somerset,Governor,,LIB,KEN V KRAWCHUK,8,SOMERSETX4
Somerset,Governor,,LIB,KEN V KRAWCHUK,3,SOMERSETXEAST
Somerset,Governor,,LIB,KEN V KRAWCHUK,7,SOMERSETXNORTH WEST
Somerset,Governor,,LIB,KEN V KRAWCHUK,15,SOMERSETXSOUTH WEST
Somerset,Governor,,LIB,KEN V KRAWCHUK,5,SOUTHAMPTON
Somerset,Governor,,LIB,KEN V KRAWCHUK,14,STONYCREEK
Somerset,Governor,,LIB,KEN V KRAWCHUK,2,STOYSTOWN
Somerset,Governor,,LIB,KEN V KRAWCHUK,2,SUMMIT
Somerset,Governor,,LIB,KEN V KRAWCHUK,7,UPPER TURKEYFOOT
Somerset,Governor,,LIB,KEN V KRAWCHUK,1,URSINA
Somerset,Governor,,LIB,KEN V KRAWCHUK,2,WELLERSBURG
Somerset,Governor,,LIB,KEN V KRAWCHUK,2,WINDBERX1
Somerset,Governor,,LIB,KEN V KRAWCHUK,8,WINDBERX2
Somerset,Governor,,LIB,KEN V KRAWCHUK,3,WINDBERX3
Somerset,Governor,,LIB,KEN V KRAWCHUK,8,WINDBERX4
Somerset,U.S. House,13.0,DEM,BRENT OTTAWAY,87,ADDISON
Somerset,U.S. House,13.0,DEM,BRENT OTTAWAY,18,ADDISON
Somerset,U.S. House,13.0,DEM,BRENT OTTAWAY,60,ALLEGHENY
Somerset,U.S. House,13.0,DEM,BRENT OTTAWAY,31,BENSON
Somerset,U.S. House,13.0,DEM,BRENT OTTAWAY,153,BERLIN
Somerset,U.S. House,13.0,DEM,BRENT OTTAWAY,54,BLACK
Somerset,U.S. House,13.0,DEM,BRENT OTTAWAY,160,BOSWELL
Somerset,U.S. House,13.0,DEM,BRENT OTTAWAY,138,BROTHERS VALLEY
Somerset,U.S. House,13.0,DEM,BRENT OTTAWAY,3,CALLIMONT
Somerset,U.S. House,13.0,DEM,BRENT OTTAWAY,7,CASSELMAN
Somerset,U.S. House,13.0,DEM,BRENT OTTAWAY,109,CENTRAL CITY
Somerset,U.S. House,13.0,DEM,BRENT OTTAWAY,241,CONEMAUGHX1
Somerset,U.S. House,13.0,DEM,BRENT OTTAWAY,198,CONEMAUGHX2
Somerset,U.S. House,13.0,DEM,BRENT OTTAWAY,200,CONEMAUGHX3
Somerset,U.S. House,13.0,DEM,BRENT OTTAWAY,179,CONEMAUGHX4
Somerset,U.S. House,13.0,DEM,BRENT OTTAWAY,60,CONEMAUGHX5
Somerset,U.S. House,13.0,DEM,BRENT OTTAWAY,83,CONFLUENCE
Somerset,U.S. House,13.0,DEM,BRENT OTTAWAY,106,ELK LICK
Somerset,U.S. House,13.0,DEM,BRENT OTTAWAY,11,FAIRHOPE
Somerset,U.S. House,13.0,DEM,BRENT OTTAWAY,39,GARRETT
Somerset,U.S. House,13.0,DEM,BRENT OTTAWAY,48,GREENVILLE
Somerset,U.S. House,13.0,DEM,BRENT OTTAWAY,61,HOOVERSVILLE
Somerset,U.S. House,13.0,DEM,BRENT OTTAWAY,60,INDIAN LAKE
Somerset,U.S. House,13.0,DEM,BRENT OTTAWAY,182,JEFFERSON
Somerset,U.S. House,13.0,DEM,BRENT OTTAWAY,209,JENNERX1
Somerset,U.S. House,13.0,DEM,BRENT OTTAWAY,92,JENNERX2
Somerset,U.S. House,13.0,DEM,BRENT OTTAWAY,63,JENNERX3
Somerset,U.S. House,13.0,DEM,BRENT OTTAWAY,77,JENNERSTOWN
Somerset,U.S. House,13.0,DEM,BRENT OTTAWAY,21,LARIMER
Somerset,U.S. House,13.0,DEM,BRENT OTTAWAY,112,LINCOLN
Somerset,U.S. House,13.0,DEM,BRENT OTTAWAY,34,LOWER TURKEYFOOT
Somerset,U.S. House,13.0,DEM,BRENT OTTAWAY,202,MEYERSDALE
Somerset,U.S. House,13.0,DEM,BRENT OTTAWAY,79,MIDDLECREEK
Somerset,U.S. House,13.0,DEM,BRENT OTTAWAY,133,MILFORD
Somerset,U.S. House,13.0,DEM,BRENT OTTAWAY,33,NEW BALTIMORE
Somerset,U.S. House,13.0,DEM,BRENT OTTAWAY,24,NEW CENTERVILLE
Somerset,U.S. House,13.0,DEM,BRENT OTTAWAY,27,NORTHAMPTON
Somerset,U.S. House,13.0,DEM,BRENT OTTAWAY,51,OGLE
Somerset,U.S. House,13.0,DEM,BRENT OTTAWAY,152,PAINTX1
Somerset,U.S. House,13.0,DEM,BRENT OTTAWAY,208,PAINTX2
Somerset,U.S. House,13.0,DEM,BRENT OTTAWAY,40,PAINTX3
Somerset,U.S. House,13.0,DEM,BRENT OTTAWAY,111,PAINT
Somerset,U.S. House,13.0,DEM,BRENT OTTAWAY,166,QUEMAHONING
Somerset,U.S. House,13.0,DEM,BRENT OTTAWAY,63,ROCKWOOD
Somerset,U.S. House,13.0,DEM,BRENT OTTAWAY,56,SALISBURY
Somerset,U.S. House,13.0,DEM,BRENT OTTAWAY,2,SEVEN SPRINGS
Somerset,U.S. House,13.0,DEM,BRENT OTTAWAY,54,SHADEX1
Somerset,U.S. House,13.0,DEM,BRENT OTTAWAY,129,SHADEX2
Somerset,U.S. House,13.0,DEM,BRENT OTTAWAY,141,SHADEX3
Somerset,U.S. House,13.0,DEM,BRENT OTTAWAY,11,SHANKSVILLE
Somerset,U.S. House,13.0,DEM,BRENT OTTAWAY,160,SOMERSETX1
Somerset,U.S. House,13.0,DEM,BRENT OTTAWAY,179,SOMERSETX2
Somerset,U.S. House,13.0,DEM,BRENT OTTAWAY,205,SOMERSETX3
Somerset,U.S. House,13.0,DEM,BRENT OTTAWAY,127,SOMERSETX4
Somerset,U.S. House,13.0,DEM,BRENT OTTAWAY,110,SOMERSETXEAST
Somerset,U.S. House,13.0,DEM,BRENT OTTAWAY,137,SOMERSETXNORTH WEST
Somerset,U.S. House,13.0,DEM,BRENT OTTAWAY,366,SOMERSETXSOUTH WEST
Somerset,U.S. House,13.0,DEM,BRENT OTTAWAY,31,SOUTHAMPTON
Somerset,U.S. House,13.0,DEM,BRENT OTTAWAY,137,STONYCREEK
Somerset,U.S. House,13.0,DEM,BRENT OTTAWAY,32,STOYSTOWN
Somerset,U.S. House,13.0,DEM,BRENT OTTAWAY,151,SUMMIT
Somerset,U.S. House,13.0,DEM,BRENT OTTAWAY,75,UPPER TURKEYFOOT
Somerset,U.S. House,13.0,DEM,BRENT OTTAWAY,17,URSINA
Somerset,U.S. House,13.0,DEM,BRENT OTTAWAY,13,WELLERSBURG
Somerset,U.S. House,13.0,DEM,BRENT OTTAWAY,166,WINDBERX1
Somerset,U.S. House,13.0,DEM,BRENT OTTAWAY,208,WINDBERX2
Somerset,U.S. House,13.0,DEM,BRENT OTTAWAY,135,WINDBERX3
Somerset,U.S. House,13.0,DEM,BRENT OTTAWAY,136,WINDBERX4
Somerset,U.S. House,13.0,REP,JOHN JOYCE,265,ADDISON
Somerset,U.S. House,13.0,REP,JOHN JOYCE,57,ADDISON
Somerset,U.S. House,13.0,REP,JOHN JOYCE,241,ALLEGHENY
Somerset,U.S. House,13.0,REP,JOHN JOYCE,39,BENSON
Somerset,U.S. House,13.0,REP,JOHN JOYCE,610,BERLIN
Somerset,U.S. House,13.0,REP,JOHN JOYCE,305,BLACK
Somerset,U.S. House,13.0,REP,JOHN JOYCE,275,BOSWELL
Somerset,U.S. House,13.0,REP,JOHN JOYCE,887,BROTHERS VALLEY
Somerset,U.S. House,13.0,REP,JOHN JOYCE,18,CALLIMONT
Somerset,U.S. House,13.0,REP,JOHN JOYCE,26,CASSELMAN
Somerset,U.S. House,13.0,REP,JOHN JOYCE,231,CENTRAL CITY
Somerset,U.S. House,13.0,REP,JOHN JOYCE,680,CONEMAUGHX1
Somerset,U.S. House,13.0,REP,JOHN JOYCE,493,CONEMAUGHX2
Somerset,U.S. House,13.0,REP,JOHN JOYCE,428,CONEMAUGHX3
Somerset,U.S. House,13.0,REP,JOHN JOYCE,473,CONEMAUGHX4
Somerset,U.S. House,13.0,REP,JOHN JOYCE,168,CONEMAUGHX5
Somerset,U.S. House,13.0,REP,JOHN JOYCE,142,CONFLUENCE
Somerset,U.S. House,13.0,REP,JOHN JOYCE,459,ELK LICK
Somerset,U.S. House,13.0,REP,JOHN JOYCE,40,FAIRHOPE
Somerset,U.S. House,13.0,REP,JOHN JOYCE,91,GARRETT
Somerset,U.S. House,13.0,REP,JOHN JOYCE,187,GREENVILLE
Somerset,U.S. House,13.0,REP,JOHN JOYCE,183,HOOVERSVILLE
Somerset,U.S. House,13.0,REP,JOHN JOYCE,195,INDIAN LAKE
Somerset,U.S. House,13.0,REP,JOHN JOYCE,509,JEFFERSON
Somerset,U.S. House,13.0,REP,JOHN JOYCE,546,JENNERX1
Somerset,U.S. House,13.0,REP,JOHN JOYCE,377,JENNERX2
Somerset,U.S. House,13.0,REP,JOHN JOYCE,251,JENNERX3
Somerset,U.S. House,13.0,REP,JOHN JOYCE,243,JENNERSTOWN
Somerset,U.S. House,13.0,REP,JOHN JOYCE,214,LARIMER
Somerset,U.S. House,13.0,REP,JOHN JOYCE,582,LINCOLN
Somerset,U.S. House,13.0,REP,JOHN JOYCE,138,LOWER TURKEYFOOT
Somerset,U.S. House,13.0,REP,JOHN JOYCE,517,MEYERSDALE
Somerset,U.S. House,13.0,REP,JOHN JOYCE,324,MIDDLECREEK
Somerset,U.S. House,13.0,REP,JOHN JOYCE,550,MILFORD
Somerset,U.S. House,13.0,REP,JOHN JOYCE,40,NEW BALTIMORE
Somerset,U.S. House,13.0,REP,JOHN JOYCE,84,NEW CENTERVILLE
Somerset,U.S. House,13.0,REP,JOHN JOYCE,139,NORTHAMPTON
Somerset,U.S. House,13.0,REP,JOHN JOYCE,162,OGLE
Somerset,U.S. House,13.0,REP,JOHN JOYCE,445,PAINTX1
Somerset,U.S. House,13.0,REP,JOHN JOYCE,410,PAINTX2
Somerset,U.S. House,13.0,REP,JOHN JOYCE,167,PAINTX3
Somerset,U.S. House,13.0,REP,JOHN JOYCE,219,PAINT
Somerset,U.S. House,13.0,REP,JOHN JOYCE,578,QUEMAHONING
Somerset,U.S. House,13.0,REP,JOHN JOYCE,221,ROCKWOOD
Somerset,U.S. House,13.0,REP,JOHN JOYCE,212,SALISBURY
Somerset,U.S. House,13.0,REP,JOHN JOYCE,4,SEVEN SPRINGS
Somerset,U.S. House,13.0,REP,JOHN JOYCE,213,SHADEX1
Somerset,U.S. House,13.0,REP,JOHN JOYCE,193,SHADEX2
Somerset,U.S. House,13.0,REP,JOHN JOYCE,232,SHADEX3
Somerset,U.S. House,13.0,REP,JOHN JOYCE,66,SHANKSVILLE
Somerset,U.S. House,13.0,REP,JOHN JOYCE,638,SOMERSETX1
Somerset,U.S. House,13.0,REP,JOHN JOYCE,840,SOMERSETX2
Somerset,U.S. House,13.0,REP,JOHN JOYCE,751,SOMERSETX3
Somerset,U.S. House,13.0,REP,JOHN JOYCE,546,SOMERSETX4
Somerset,U.S. House,13.0,REP,JOHN JOYCE,287,SOMERSETXEAST
Somerset,U.S. House,13.0,REP,JOHN JOYCE,453,SOMERSETXNORTH WEST
Somerset,U.S. House,13.0,REP,JOHN JOYCE,801,SOMERSETXSOUTH WEST
Somerset,U.S. House,13.0,REP,JOHN JOYCE,223,SOUTHAMPTON
Somerset,U.S. House,13.0,REP,JOHN JOYCE,811,STONYCREEK
Somerset,U.S. House,13.0,REP,JOHN JOYCE,124,STOYSTOWN
Somerset,U.S. House,13.0,REP,JOHN JOYCE,628,SUMMIT
Somerset,U.S. House,13.0,REP,JOHN JOYCE,453,UPPER TURKEYFOOT
Somerset,U.S. House,13.0,REP,JOHN JOYCE,49,URSINA
Somerset,U.S. House,13.0,REP,JOHN JOYCE,67,WELLERSBURG
Somerset,U.S. House,13.0,REP,JOHN JOYCE,185,WINDBERX1
Somerset,U.S. House,13.0,REP,JOHN JOYCE,279,WINDBERX2
Somerset,U.S. House,13.0,REP,JOHN JOYCE,153,WINDBERX3
Somerset,U.S. House,13.0,REP,JOHN JOYCE,155,WINDBERX4
Somerset,State Senate,32.0,DEM,PAM GERARD,88,ADDISON
Somerset,State Senate,32.0,DEM,PAM GERARD,17,ADDISON
Somerset,State Senate,32.0,DEM,PAM GERARD,58,ALLEGHENY
Somerset,State Senate,32.0,DEM,PAM GERARD,28,BENSON
Somerset,State Senate,32.0,DEM,PAM GERARD,137,BERLIN
Somerset,State Senate,32.0,DEM,PAM GERARD,50,BLACK
Somerset,State Senate,32.0,DEM,PAM GERARD,148,BOSWELL
Somerset,State Senate,32.0,DEM,PAM GERARD,118,BROTHERS VALLEY
Somerset,State Senate,32.0,DEM,PAM GERARD,2,CALLIMONT
Somerset,State Senate,32.0,DEM,PAM GERARD,9,CASSELMAN
Somerset,State Senate,32.0,DEM,PAM GERARD,100,CENTRAL CITY
Somerset,State Senate,32.0,DEM,PAM GERARD,228,CONEMAUGHX1
Somerset,State Senate,32.0,DEM,PAM GERARD,196,CONEMAUGHX2
Somerset,State Senate,32.0,DEM,PAM GERARD,192,CONEMAUGHX3
Somerset,State Senate,32.0,DEM,PAM GERARD,181,CONEMAUGHX4
Somerset,State Senate,32.0,DEM,PAM GERARD,55,CONEMAUGHX5
Somerset,State Senate,32.0,DEM,PAM GERARD,80,CONFLUENCE
Somerset,State Senate,32.0,DEM,PAM GERARD,94,ELK LICK
Somerset,State Senate,32.0,DEM,PAM GERARD,11,FAIRHOPE
Somerset,State Senate,32.0,DEM,PAM GERARD,39,GARRETT
Somerset,State Senate,32.0,DEM,PAM GERARD,43,GREENVILLE
Somerset,State Senate,32.0,DEM,PAM GERARD,62,HOOVERSVILLE
Somerset,State Senate,32.0,DEM,PAM GERARD,53,INDIAN LAKE
Somerset,State Senate,32.0,DEM,PAM GERARD,169,JEFFERSON
Somerset,State Senate,32.0,DEM,PAM GERARD,195,JENNERX1
Somerset,State Senate,32.0,DEM,PAM GERARD,89,JENNERX2
Somerset,State Senate,32.0,DEM,PAM GERARD,54,JENNERX3
Somerset,State Senate,32.0,DEM,PAM GERARD,76,JENNERSTOWN
Somerset,State Senate,32.0,DEM,PAM GERARD,21,LARIMER
Somerset,State Senate,32.0,DEM,PAM GERARD,104,LINCOLN
Somerset,State Senate,32.0,DEM,PAM GERARD,32,LOWER TURKEYFOOT
Somerset,State Senate,32.0,DEM,PAM GERARD,170,MEYERSDALE
Somerset,State Senate,32.0,DEM,PAM GERARD,80,MIDDLECREEK
Somerset,State Senate,32.0,DEM,PAM GERARD,119,MILFORD
Somerset,State Senate,32.0,DEM,PAM GERARD,30,NEW BALTIMORE
Somerset,State Senate,32.0,DEM,PAM GERARD,23,NEW CENTERVILLE
Somerset,State Senate,32.0,DEM,PAM GERARD,28,NORTHAMPTON
Somerset,State Senate,32.0,DEM,PAM GERARD,50,OGLE
Somerset,State Senate,32.0,DEM,PAM GERARD,146,PAINTX1
Somerset,State Senate,32.0,DEM,PAM GERARD,193,PAINTX2
Somerset,State Senate,32.0,DEM,PAM GERARD,46,PAINTX3
Somerset,State Senate,32.0,DEM,PAM GERARD,109,PAINT
Somerset,State Senate,32.0,DEM,PAM GERARD,159,QUEMAHONING
Somerset,State Senate,32.0,DEM,PAM GERARD,55,ROCKWOOD
Somerset,State Senate,32.0,DEM,PAM GERARD,51,SALISBURY
Somerset,State Senate,32.0,DEM,PAM GERARD,3,SEVEN SPRINGS
Somerset,State Senate,32.0,DEM,PAM GERARD,51,SHADEX1
Somerset,State Senate,32.0,DEM,PAM GERARD,130,SHADEX2
Somerset,State Senate,32.0,DEM,PAM GERARD,126,SHADEX3
Somerset,State Senate,32.0,DEM,PAM GERARD,10,SHANKSVILLE
Somerset,State Senate,32.0,DEM,PAM GERARD,153,SOMERSETX1
Somerset,State Senate,32.0,DEM,PAM GERARD,172,SOMERSETX2
Somerset,State Senate,32.0,DEM,PAM GERARD,182,SOMERSETX3
Somerset,State Senate,32.0,DEM,PAM GERARD,118,SOMERSETX4
Somerset,State Senate,32.0,DEM,PAM GERARD,94,SOMERSETXEAST
Somerset,State Senate,32.0,DEM,PAM GERARD,128,SOMERSETXNORTH WEST
Somerset,State Senate,32.0,DEM,PAM GERARD,344,SOMERSETXSOUTH WEST
Somerset,State Senate,32.0,DEM,PAM GERARD,28,SOUTHAMPTON
Somerset,State Senate,32.0,DEM,PAM GERARD,130,STONYCREEK
Somerset,State Senate,32.0,DEM,PAM GERARD,30,STOYSTOWN
Somerset,State Senate,32.0,DEM,PAM GERARD,131,SUMMIT
Somerset,State Senate,32.0,DEM,PAM GERARD,66,UPPER TURKEYFOOT
Somerset,State Senate,32.0,DEM,PAM GERARD,14,URSINA
Somerset,State Senate,32.0,DEM,PAM GERARD,13,WELLERSBURG
Somerset,State Senate,32.0,DEM,PAM GERARD,162,WINDBERX1
Somerset,State Senate,32.0,DEM,PAM GERARD,200,WINDBERX2
Somerset,State Senate,32.0,DEM,PAM GERARD,126,WINDBERX3
Somerset,State Senate,32.0,DEM,PAM GERARD,133,WINDBERX4
Somerset,State Senate,32.0,REP,PAT STEFANO,262,ADDISON
Somerset,State Senate,32.0,REP,PAT STEFANO,58,ADDISON
Somerset,State Senate,32.0,REP,PAT STEFANO,242,ALLEGHENY
Somerset,State Senate,32.0,REP,PAT STEFANO,42,BENSON
Somerset,State Senate,32.0,REP,PAT STEFANO,635,BERLIN
Somerset,State Senate,32.0,REP,PAT STEFANO,309,BLACK
Somerset,State Senate,32.0,REP,PAT STEFANO,290,BOSWELL
Somerset,State Senate,32.0,REP,PAT STEFANO,908,BROTHERS VALLEY
Somerset,State Senate,32.0,REP,PAT STEFANO,19,CALLIMONT
Somerset,State Senate,32.0,REP,PAT STEFANO,25,CASSELMAN
Somerset,State Senate,32.0,REP,PAT STEFANO,240,CENTRAL CITY
Somerset,State Senate,32.0,REP,PAT STEFANO,693,CONEMAUGHX1
Somerset,State Senate,32.0,REP,PAT STEFANO,503,CONEMAUGHX2
Somerset,State Senate,32.0,REP,PAT STEFANO,434,CONEMAUGHX3
Somerset,State Senate,32.0,REP,PAT STEFANO,472,CONEMAUGHX4
Somerset,State Senate,32.0,REP,PAT STEFANO,174,CONEMAUGHX5
Somerset,State Senate,32.0,REP,PAT STEFANO,154,CONFLUENCE
Somerset,State Senate,32.0,REP,PAT STEFANO,472,ELK LICK
Somerset,State Senate,32.0,REP,PAT STEFANO,41,FAIRHOPE
Somerset,State Senate,32.0,REP,PAT STEFANO,92,GARRETT
Somerset,State Senate,32.0,REP,PAT STEFANO,194,GREENVILLE
Somerset,State Senate,32.0,REP,PAT STEFANO,186,HOOVERSVILLE
Somerset,State Senate,32.0,REP,PAT STEFANO,201,INDIAN LAKE
Somerset,State Senate,32.0,REP,PAT STEFANO,520,JEFFERSON
Somerset,State Senate,32.0,REP,PAT STEFANO,559,JENNERX1
Somerset,State Senate,32.0,REP,PAT STEFANO,381,JENNERX2
Somerset,State Senate,32.0,REP,PAT STEFANO,261,JENNERX3
Somerset,State Senate,32.0,REP,PAT STEFANO,245,JENNERSTOWN
Somerset,State Senate,32.0,REP,PAT STEFANO,216,LARIMER
Somerset,State Senate,32.0,REP,PAT STEFANO,585,LINCOLN
Somerset,State Senate,32.0,REP,PAT STEFANO,142,LOWER TURKEYFOOT
Somerset,State Senate,32.0,REP,PAT STEFANO,553,MEYERSDALE
Somerset,State Senate,32.0,REP,PAT STEFANO,324,MIDDLECREEK
Somerset,State Senate,32.0,REP,PAT STEFANO,563,MILFORD
Somerset,State Senate,32.0,REP,PAT STEFANO,46,NEW BALTIMORE
Somerset,State Senate,32.0,REP,PAT STEFANO,81,NEW CENTERVILLE
Somerset,State Senate,32.0,REP,PAT STEFANO,140,NORTHAMPTON
Somerset,State Senate,32.0,REP,PAT STEFANO,163,OGLE
Somerset,State Senate,32.0,REP,PAT STEFANO,451,PAINTX1
Somerset,State Senate,32.0,REP,PAT STEFANO,427,PAINTX2
Somerset,State Senate,32.0,REP,PAT STEFANO,160,PAINTX3
Somerset,State Senate,32.0,REP,PAT STEFANO,218,PAINT
Somerset,State Senate,32.0,REP,PAT STEFANO,587,QUEMAHONING
Somerset,State Senate,32.0,REP,PAT STEFANO,230,ROCKWOOD
Somerset,State Senate,32.0,REP,PAT STEFANO,219,SALISBURY
Somerset,State Senate,32.0,REP,PAT STEFANO,3,SEVEN SPRINGS
Somerset,State Senate,32.0,REP,PAT STEFANO,217,SHADEX1
Somerset,State Senate,32.0,REP,PAT STEFANO,191,SHADEX2
Somerset,State Senate,32.0,REP,PAT STEFANO,246,SHADEX3
Somerset,State Senate,32.0,REP,PAT STEFANO,69,SHANKSVILLE
Somerset,State Senate,32.0,REP,PAT STEFANO,646,SOMERSETX1
Somerset,State Senate,32.0,REP,PAT STEFANO,845,SOMERSETX2
Somerset,State Senate,32.0,REP,PAT STEFANO,784,SOMERSETX3
Somerset,State Senate,32.0,REP,PAT STEFANO,557,SOMERSETX4
Somerset,State Senate,32.0,REP,PAT STEFANO,300,SOMERSETXEAST
Somerset,State Senate,32.0,REP,PAT STEFANO,460,SOMERSETXNORTH WEST
Somerset,State Senate,32.0,REP,PAT STEFANO,832,SOMERSETXSOUTH WEST
Somerset,State Senate,32.0,REP,PAT STEFANO,225,SOUTHAMPTON
Somerset,State Senate,32.0,REP,PAT STEFANO,823,STONYCREEK
Somerset,State Senate,32.0,REP,PAT STEFANO,126,STOYSTOWN
Somerset,State Senate,32.0,REP,PAT STEFANO,650,SUMMIT
Somerset,State Senate,32.0,REP,PAT STEFANO,464,UPPER TURKEYFOOT
Somerset,State Senate,32.0,REP,PAT STEFANO,53,URSINA
Somerset,State Senate,32.0,REP,PAT STEFANO,69,WELLERSBURG
Somerset,State Senate,32.0,REP,PAT STEFANO,190,WINDBERX1
Somerset,State Senate,32.0,REP,PAT STEFANO,287,WINDBERX2
Somerset,State Senate,32.0,REP,PAT STEFANO,164,WINDBERX3
Somerset,State Senate,32.0,REP,PAT STEFANO,163,WINDBERX4
Somerset,State House,51.0,DEM,TIMOTHY S. MAHONEY,111,ADDISON
Somerset,State House,51.0,DEM,TIMOTHY S. MAHONEY,24,ADDISON
Somerset,State House,51.0,DEM,TIMOTHY S. MAHONEY,111,CONFLUENCE
Somerset,State House,51.0,DEM,TIMOTHY S. MAHONEY,109,ELK LICK
Somerset,State House,51.0,DEM,TIMOTHY S. MAHONEY,51,GARRETT
Somerset,State House,51.0,DEM,TIMOTHY S. MAHONEY,48,LOWER TURKEYFOOT
Somerset,State House,51.0,DEM,TIMOTHY S. MAHONEY,252,MEYERSDALE
Somerset,State House,51.0,DEM,TIMOTHY S. MAHONEY,67,SALISBURY
Somerset,State House,51.0,DEM,TIMOTHY S. MAHONEY,181,SUMMIT
Somerset,State House,51.0,DEM,TIMOTHY S. MAHONEY,89,UPPER TURKEYFOOT
Somerset,State House,51.0,DEM,TIMOTHY S. MAHONEY,22,URSINA
Somerset,State House,51.0,REP,MATTHEW DOWLING,236,ADDISON
Somerset,State House,51.0,REP,MATTHEW DOWLING,53,ADDISON
Somerset,State House,51.0,REP,MATTHEW DOWLING,123,CONFLUENCE
Somerset,State House,51.0,REP,MATTHEW DOWLING,455,ELK LICK
Somerset,State House,51.0,REP,MATTHEW DOWLING,80,GARRETT
Somerset,State House,51.0,REP,MATTHEW DOWLING,125,LOWER TURKEYFOOT
Somerset,State House,51.0,REP,MATTHEW DOWLING,465,MEYERSDALE
Somerset,State House,51.0,REP,MATTHEW DOWLING,202,SALISBURY
Somerset,State House,51.0,REP,MATTHEW DOWLING,598,SUMMIT
Somerset,State House,51.0,REP,MATTHEW DOWLING,436,UPPER TURKEYFOOT
Somerset,State House,51.0,REP,MATTHEW DOWLING,45,URSINA
Somerset,State House,59.0,DEM,CLARE DOOLEY,175,BOSWELL
Somerset,State House,59.0,DEM,CLARE DOOLEY,266,CONEMAUGHX1
Somerset,State House,59.0,DEM,CLARE DOOLEY,212,CONEMAUGHX2
Somerset,State House,59.0,DEM,CLARE DOOLEY,210,CONEMAUGHX3
Somerset,State House,59.0,DEM,CLARE DOOLEY,192,CONEMAUGHX4
Somerset,State House,59.0,DEM,CLARE DOOLEY,66,CONEMAUGHX5
Somerset,State House,59.0,DEM,CLARE DOOLEY,201,JENNERX1
Somerset,State House,59.0,DEM,CLARE DOOLEY,96,JENNERX2
Somerset,State House,59.0,DEM,CLARE DOOLEY,65,JENNERX3
Somerset,State House,59.0,DEM,CLARE DOOLEY,83,JENNERSTOWN
Somerset,State House,59.0,REP,MIKE REESE,262,BOSWELL
Somerset,State House,59.0,REP,MIKE REESE,656,CONEMAUGHX1
Somerset,State House,59.0,REP,MIKE REESE,484,CONEMAUGHX2
Somerset,State House,59.0,REP,MIKE REESE,416,CONEMAUGHX3
Somerset,State House,59.0,REP,MIKE REESE,460,CONEMAUGHX4
Somerset,State House,59.0,REP,MIKE REESE,163,CONEMAUGHX5
Somerset,State House,59.0,REP,MIKE REESE,554,JENNERX1
Somerset,State House,59.0,REP,MIKE REESE,374,JENNERX2
Somerset,State House,59.0,REP,MIKE REESE,250,JENNERX3
Somerset,State House,59.0,REP,MIKE REESE,239,JENNERSTOWN
Somerset,State House,69.0,DEM,JEFF COLE,49,ALLEGHENY
Somerset,State House,69.0,DEM,JEFF COLE,28,BENSON
Somerset,State House,69.0,DEM,JEFF COLE,133,BERLIN
Somerset,State House,69.0,DEM,JEFF COLE,53,BLACK
Somerset,State House,69.0,DEM,JEFF COLE,101,BROTHERS VALLEY
Somerset,State House,69.0,DEM,JEFF COLE,3,CALLIMONT
Somerset,State House,69.0,DEM,JEFF COLE,8,CASSELMAN
Somerset,State House,69.0,DEM,JEFF COLE,125,CENTRAL CITY
Somerset,State House,69.0,DEM,JEFF COLE,9,FAIRHOPE
Somerset,State House,69.0,DEM,JEFF COLE,44,GREENVILLE
Somerset,State House,69.0,DEM,JEFF COLE,60,HOOVERSVILLE
Somerset,State House,69.0,DEM,JEFF COLE,58,INDIAN LAKE
Somerset,State House,69.0,DEM,JEFF COLE,173,JEFFERSON
Somerset,State House,69.0,DEM,JEFF COLE,20,LARIMER
Somerset,State House,69.0,DEM,JEFF COLE,99,LINCOLN
Somerset,State House,69.0,DEM,JEFF COLE,70,MIDDLECREEK
Somerset,State House,69.0,DEM,JEFF COLE,101,MILFORD
Somerset,State House,69.0,DEM,JEFF COLE,28,NEW BALTIMORE
Somerset,State House,69.0,DEM,JEFF COLE,24,NEW CENTERVILLE
Somerset,State House,69.0,DEM,JEFF COLE,22,NORTHAMPTON
Somerset,State House,69.0,DEM,JEFF COLE,48,OGLE
Somerset,State House,69.0,DEM,JEFF COLE,159,PAINTX1
Somerset,State House,69.0,DEM,JEFF COLE,186,PAINTX2
Somerset,State House,69.0,DEM,JEFF COLE,42,PAINTX3
Somerset,State House,69.0,DEM,JEFF COLE,151,QUEMAHONING
Somerset,State House,69.0,DEM,JEFF COLE,63,ROCKWOOD
Somerset,State House,69.0,DEM,JEFF COLE,3,SEVEN SPRINGS
Somerset,State House,69.0,DEM,JEFF COLE,50,SHADEX1
Somerset,State House,69.0,DEM,JEFF COLE,139,SHADEX2
Somerset,State House,69.0,DEM,JEFF COLE,131,SHADEX3
Somerset,State House,69.0,DEM,JEFF COLE,11,SHANKSVILLE
Somerset,State House,69.0,DEM,JEFF COLE,136,SOMERSETX1
Somerset,State House,69.0,DEM,JEFF COLE,167,SOMERSETX2
Somerset,State House,69.0,DEM,JEFF COLE,179,SOMERSETX3
Somerset,State House,69.0,DEM,JEFF COLE,127,SOMERSETX4
Somerset,State House,69.0,DEM,JEFF COLE,97,SOMERSETXEAST
Somerset,State House,69.0,DEM,JEFF COLE,133,SOMERSETXNORTH WEST
Somerset,State House,69.0,DEM,JEFF COLE,338,SOMERSETXSOUTH WEST
Somerset,State House,69.0,DEM,JEFF COLE,23,SOUTHAMPTON
Somerset,State House,69.0,DEM,JEFF COLE,137,STONYCREEK
Somerset,State House,69.0,DEM,JEFF COLE,32,STOYSTOWN
Somerset,State House,69.0,DEM,JEFF COLE,15,WELLERSBURG
Somerset,State House,69.0,DEM,JEFF COLE,161,WINDBERX1
Somerset,State House,69.0,DEM,JEFF COLE,214,WINDBERX2
Somerset,State House,69.0,DEM,JEFF COLE,133,WINDBERX3
Somerset,State House,69.0,DEM,JEFF COLE,145,WINDBERX4
Somerset,State House,69.0,REP,CARL WALKER METZGAR,255,ALLEGHENY
Somerset,State House,69.0,REP,CARL WALKER METZGAR,42,BENSON
Somerset,State House,69.0,REP,CARL WALKER METZGAR,644,BERLIN
Somerset,State House,69.0,REP,CARL WALKER METZGAR,308,BLACK
Somerset,State House,69.0,REP,CARL WALKER METZGAR,926,BROTHERS VALLEY
Somerset,State House,69.0,REP,CARL WALKER METZGAR,18,CALLIMONT
Somerset,State House,69.0,REP,CARL WALKER METZGAR,27,CASSELMAN
Somerset,State House,69.0,REP,CARL WALKER METZGAR,215,CENTRAL CITY
Somerset,State House,69.0,REP,CARL WALKER METZGAR,44,FAIRHOPE
Somerset,State House,69.0,REP,CARL WALKER METZGAR,193,GREENVILLE
Somerset,State House,69.0,REP,CARL WALKER METZGAR,189,HOOVERSVILLE
Somerset,State House,69.0,REP,CARL WALKER METZGAR,198,INDIAN LAKE
Somerset,State House,69.0,REP,CARL WALKER METZGAR,520,JEFFERSON
Somerset,State House,69.0,REP,CARL WALKER METZGAR,217,LARIMER
Somerset,State House,69.0,REP,CARL WALKER METZGAR,595,LINCOLN
Somerset,State House,69.0,REP,CARL WALKER METZGAR,336,MIDDLECREEK
Somerset,State House,69.0,REP,CARL WALKER METZGAR,582,MILFORD
Somerset,State House,69.0,REP,CARL WALKER METZGAR,50,NEW BALTIMORE
Somerset,State House,69.0,REP,CARL WALKER METZGAR,78,NEW CENTERVILLE
Somerset,State House,69.0,REP,CARL WALKER METZGAR,144,NORTHAMPTON
Somerset,State House,69.0,REP,CARL WALKER METZGAR,164,OGLE
Somerset,State House,69.0,REP,CARL WALKER METZGAR,439,PAINTX1
Somerset,State House,69.0,REP,CARL WALKER METZGAR,435,PAINTX2
Somerset,State House,69.0,REP,CARL WALKER METZGAR,165,PAINTX3
Somerset,State House,69.0,REP,CARL WALKER METZGAR,600,QUEMAHONING
Somerset,State House,69.0,REP,CARL WALKER METZGAR,225,ROCKWOOD
Somerset,State House,69.0,REP,CARL WALKER METZGAR,3,SEVEN SPRINGS
Somerset,State House,69.0,REP,CARL WALKER METZGAR,218,SHADEX1
Somerset,State House,69.0,REP,CARL WALKER METZGAR,188,SHADEX2
Somerset,State House,69.0,REP,CARL WALKER METZGAR,245,SHADEX3
Somerset,State House,69.0,REP,CARL WALKER METZGAR,67,SHANKSVILLE
Somerset,State House,69.0,REP,CARL WALKER METZGAR,662,SOMERSETX1
Somerset,State House,69.0,REP,CARL WALKER METZGAR,856,SOMERSETX2
Somerset,State House,69.0,REP,CARL WALKER METZGAR,793,SOMERSETX3
Somerset,State House,69.0,REP,CARL WALKER METZGAR,545,SOMERSETX4
Somerset,State House,69.0,REP,CARL WALKER METZGAR,299,SOMERSETXEAST
Somerset,State House,69.0,REP,CARL WALKER METZGAR,460,SOMERSETXNORTH WEST
Somerset,State House,69.0,REP,CARL WALKER METZGAR,843,SOMERSETXSOUTH WEST
Somerset,State House,69.0,REP,CARL WALKER METZGAR,232,SOUTHAMPTON
Somerset,State House,69.0,REP,CARL WALKER METZGAR,816,STONYCREEK
Somerset,State House,69.0,REP,CARL WALKER METZGAR,126,STOYSTOWN
Somerset,State House,69.0,REP,CARL WALKER METZGAR,67,WELLERSBURG
Somerset,State House,69.0,REP,CARL WALKER METZGAR,191,WINDBERX1
Somerset,State House,69.0,REP,CARL WALKER METZGAR,276,WINDBERX2
Somerset,State House,69.0,REP,CARL WALKER METZGAR,157,WINDBERX3
Somerset,State House,69.0,REP,CARL WALKER METZGAR,154,WINDBERX4
Somerset,State House,71.0,DEM,BRYAN E. BARBIN,130,PAINT
Somerset,State House,71.0,REP,JAMES PATRICK RIGBY,201,PAINT
