county,precinct,candidate,office,district,party,votes
Huntingdon,0001 Alexandria Borough,,Registered Voters,,,275
Huntingdon,0001 Alexandria Borough,,Ballots Cast,,,150
Huntingdon,0001 Alexandria Borough,,Straight Party,,DEM,34
Huntingdon,0001 Alexandria Borough,,Straight Party,,REP,39
Huntingdon,0001 Alexandria Borough,,Straight Party,,GRN,0
Huntingdon,0001 Alexandria Borough,,Straight Party,,LIB,0
Huntingdon,0001 Alexandria Borough,Bob Casey Jr,U.S. Senate,,DEM,68
Huntingdon,0001 Alexandria Borough,Lou Barletta,U.S. Senate,,REP,79
Huntingdon,0001 Alexandria Borough,Neal Gale,U.S. Senate,,GRN,0
Huntingdon,0001 Alexandria Borough,Dale R Kerns Jr,U.S. Senate,,LIB,3
Huntingdon,0001 Alexandria Borough,Write In,U.S. Senate,,,0
Huntingdon,0001 Alexandria Borough,Wolf/Fetterman,Governor,,DEM,63
Huntingdon,0001 Alexandria Borough,Wagner/Bartos,Governor,,REP,79
Huntingdon,0001 Alexandria Borough,Glover/Bowser-Bostick,Governor,,GRN,0
Huntingdon,0001 Alexandria Borough,Krawchuk/Smith,Governor,,LIB,6
Huntingdon,0001 Alexandria Borough,Write In,Governor,,,0
Huntingdon,0001 Alexandria Borough,Brent Ottaway,U.S. House,13,DEM,56
Huntingdon,0001 Alexandria Borough,John Joyce,U.S. House,13,REP,92
Huntingdon,0001 Alexandria Borough,Write In,U.S. House,13,,1
Huntingdon,0001 Alexandria Borough,Emily Best,State Senate,30,DEM,60
Huntingdon,0001 Alexandria Borough,Judy Ward,State Senate,30,REP,88
Huntingdon,0001 Alexandria Borough,Write In,State Senate,30,,0
Huntingdon,0001 Alexandria Borough,Rick Rogers,State House,81,DEM,54
Huntingdon,0001 Alexandria Borough,Rich Irvin,State House,81,REP,89
Huntingdon,0001 Alexandria Borough,Joseph P Soloski,State House,81,LIB,6
Huntingdon,0001 Alexandria Borough,Write In,State House,81,,0
Huntingdon,0002 Barree Township,,Registered Voters,,,346
Huntingdon,0002 Barree Township,,Ballots Cast,,,215
Huntingdon,0002 Barree Township,,Straight Party,,DEM,28
Huntingdon,0002 Barree Township,,Straight Party,,REP,110
Huntingdon,0002 Barree Township,,Straight Party,,GRN,0
Huntingdon,0002 Barree Township,,Straight Party,,LIB,0
Huntingdon,0002 Barree Township,Bob Casey Jr,U.S. Senate,,DEM,53
Huntingdon,0002 Barree Township,Lou Barletta,U.S. Senate,,REP,156
Huntingdon,0002 Barree Township,Neal Gale,U.S. Senate,,GRN,2
Huntingdon,0002 Barree Township,Dale R Kerns Jr,U.S. Senate,,LIB,3
Huntingdon,0002 Barree Township,Write In,U.S. Senate,,,0
Huntingdon,0002 Barree Township,Wolf/Fetterman,Governor,,DEM,51
Huntingdon,0002 Barree Township,Wagner/Bartos,Governor,,REP,152
Huntingdon,0002 Barree Township,Glover/Bowser-Bostick,Governor,,GRN,2
Huntingdon,0002 Barree Township,Krawchuk/Smith,Governor,,LIB,8
Huntingdon,0002 Barree Township,Write In,Governor,,,0
Huntingdon,0002 Barree Township,Brent Ottaway,U.S. House,13,DEM,44
Huntingdon,0002 Barree Township,John Joyce,U.S. House,13,REP,170
Huntingdon,0002 Barree Township,Write In,U.S. House,13,,0
Huntingdon,0002 Barree Township,Ezra Nanes,State Senate,34,DEM,47
Huntingdon,0002 Barree Township,Jacob D. Corman III,State Senate,34,REP,167
Huntingdon,0002 Barree Township,Write In,State Senate,34,,0
Huntingdon,0002 Barree Township,Rick Rogers,State House,81,DEM,40
Huntingdon,0002 Barree Township,Rich Irvin,State House,81,REP,166
Huntingdon,0002 Barree Township,Joseph P Soloski,State House,81,LIB,9
Huntingdon,0002 Barree Township,Write In,State House,81,,0
Huntingdon,0003 Birmingham Borough,,Registered Voters,,,88
Huntingdon,0003 Birmingham Borough,,Ballots Cast,,,50
Huntingdon,0003 Birmingham Borough,,Straight Party,,DEM,17
Huntingdon,0003 Birmingham Borough,,Straight Party,,REP,21
Huntingdon,0003 Birmingham Borough,,Straight Party,,GRN,0
Huntingdon,0003 Birmingham Borough,,Straight Party,,LIB,0
Huntingdon,0003 Birmingham Borough,Bob Casey Jr,U.S. Senate,,DEM,27
Huntingdon,0003 Birmingham Borough,Lou Barletta,U.S. Senate,,REP,22
Huntingdon,0003 Birmingham Borough,Neal Gale,U.S. Senate,,GRN,1
Huntingdon,0003 Birmingham Borough,Dale R Kerns Jr,U.S. Senate,,LIB,0
Huntingdon,0003 Birmingham Borough,Write In,U.S. Senate,,,0
Huntingdon,0003 Birmingham Borough,Wolf/Fetterman,Governor,,DEM,24
Huntingdon,0003 Birmingham Borough,Wagner/Bartos,Governor,,REP,26
Huntingdon,0003 Birmingham Borough,Glover/Bowser-Bostick,Governor,,GRN,0
Huntingdon,0003 Birmingham Borough,Krawchuk/Smith,Governor,,LIB,0
Huntingdon,0003 Birmingham Borough,Write In,Governor,,,0
Huntingdon,0003 Birmingham Borough,Brent Ottaway,U.S. House,13,DEM,22
Huntingdon,0003 Birmingham Borough,John Joyce,U.S. House,13,REP,28
Huntingdon,0003 Birmingham Borough,Write In,U.S. House,13,,0
Huntingdon,0003 Birmingham Borough,Emily Best,State Senate,30,DEM,22
Huntingdon,0003 Birmingham Borough,Judy Ward,State Senate,30,REP,28
Huntingdon,0003 Birmingham Borough,Write In,State Senate,30,,0
Huntingdon,0003 Birmingham Borough,Rick Rogers,State House,81,DEM,21
Huntingdon,0003 Birmingham Borough,Rich Irvin,State House,81,REP,28
Huntingdon,0003 Birmingham Borough,Joseph P Soloski,State House,81,LIB,1
Huntingdon,0003 Birmingham Borough,Write In,State House,81,,0
Huntingdon,0004 Brady Township,,Registered Voters,,,553
Huntingdon,0004 Brady Township,,Ballots Cast,,,286
Huntingdon,0004 Brady Township,,Straight Party,,DEM,27
Huntingdon,0004 Brady Township,,Straight Party,,REP,194
Huntingdon,0004 Brady Township,,Straight Party,,GRN,0
Huntingdon,0004 Brady Township,,Straight Party,,LIB,0
Huntingdon,0004 Brady Township,Bob Casey Jr,U.S. Senate,,DEM,51
Huntingdon,0004 Brady Township,Lou Barletta,U.S. Senate,,REP,230
Huntingdon,0004 Brady Township,Neal Gale,U.S. Senate,,GRN,0
Huntingdon,0004 Brady Township,Dale R Kerns Jr,U.S. Senate,,LIB,5
Huntingdon,0004 Brady Township,Write In,U.S. Senate,,,0
Huntingdon,0004 Brady Township,Wolf/Fetterman,Governor,,DEM,47
Huntingdon,0004 Brady Township,Wagner/Bartos,Governor,,REP,236
Huntingdon,0004 Brady Township,Glover/Bowser-Bostick,Governor,,GRN,0
Huntingdon,0004 Brady Township,Krawchuk/Smith,Governor,,LIB,3
Huntingdon,0004 Brady Township,Write In,Governor,,,0
Huntingdon,0004 Brady Township,Brent Ottaway,U.S. House,13,DEM,38
Huntingdon,0004 Brady Township,John Joyce,U.S. House,13,REP,244
Huntingdon,0004 Brady Township,Write In,U.S. House,13,,0
Huntingdon,0004 Brady Township,Ezra Nanes,State Senate,34,DEM,46
Huntingdon,0004 Brady Township,Jacob D. Corman III,State Senate,34,REP,238
Huntingdon,0004 Brady Township,Write In,State Senate,34,,0
Huntingdon,0004 Brady Township,Rick Rogers,State House,81,DEM,41
Huntingdon,0004 Brady Township,Rich Irvin,State House,81,REP,241
Huntingdon,0004 Brady Township,Joseph P Soloski,State House,81,LIB,4
Huntingdon,0004 Brady Township,Write In,State House,81,,0
Huntingdon,0005 Broad Top City Borough,,Registered Voters,,,258
Huntingdon,0005 Broad Top City Borough,,Ballots Cast,,,145
Huntingdon,0005 Broad Top City Borough,,Straight Party,,DEM,15
Huntingdon,0005 Broad Top City Borough,,Straight Party,,REP,58
Huntingdon,0005 Broad Top City Borough,,Straight Party,,GRN,0
Huntingdon,0005 Broad Top City Borough,,Straight Party,,LIB,0
Huntingdon,0005 Broad Top City Borough,Bob Casey Jr,U.S. Senate,,DEM,57
Huntingdon,0005 Broad Top City Borough,Lou Barletta,U.S. Senate,,REP,86
Huntingdon,0005 Broad Top City Borough,Neal Gale,U.S. Senate,,GRN,1
Huntingdon,0005 Broad Top City Borough,Dale R Kerns Jr,U.S. Senate,,LIB,0
Huntingdon,0005 Broad Top City Borough,Write In,U.S. Senate,,,0
Huntingdon,0005 Broad Top City Borough,Wolf/Fetterman,Governor,,DEM,59
Huntingdon,0005 Broad Top City Borough,Wagner/Bartos,Governor,,REP,85
Huntingdon,0005 Broad Top City Borough,Glover/Bowser-Bostick,Governor,,GRN,0
Huntingdon,0005 Broad Top City Borough,Krawchuk/Smith,Governor,,LIB,1
Huntingdon,0005 Broad Top City Borough,Write In,Governor,,,0
Huntingdon,0005 Broad Top City Borough,Brent Ottaway,U.S. House,13,DEM,34
Huntingdon,0005 Broad Top City Borough,John Joyce,U.S. House,13,REP,108
Huntingdon,0005 Broad Top City Borough,Write In,U.S. House,13,,0
Huntingdon,0005 Broad Top City Borough,Emily Best,State Senate,30,DEM,46
Huntingdon,0005 Broad Top City Borough,Judy Ward,State Senate,30,REP,96
Huntingdon,0005 Broad Top City Borough,Write In,State Senate,30,,0
Huntingdon,0005 Broad Top City Borough,Rick Rogers,State House,81,DEM,26
Huntingdon,0005 Broad Top City Borough,Rich Irvin,State House,81,REP,114
Huntingdon,0005 Broad Top City Borough,Joseph P Soloski,State House,81,LIB,3
Huntingdon,0005 Broad Top City Borough,Write In,State House,81,,0
Huntingdon,0006 Carbon Township,,Registered Voters,,,237
Huntingdon,0006 Carbon Township,,Ballots Cast,,,127
Huntingdon,0006 Carbon Township,,Straight Party,,DEM,19
Huntingdon,0006 Carbon Township,,Straight Party,,REP,59
Huntingdon,0006 Carbon Township,,Straight Party,,GRN,0
Huntingdon,0006 Carbon Township,,Straight Party,,LIB,0
Huntingdon,0006 Carbon Township,Bob Casey Jr,U.S. Senate,,DEM,41
Huntingdon,0006 Carbon Township,Lou Barletta,U.S. Senate,,REP,83
Huntingdon,0006 Carbon Township,Neal Gale,U.S. Senate,,GRN,0
Huntingdon,0006 Carbon Township,Dale R Kerns Jr,U.S. Senate,,LIB,1
Huntingdon,0006 Carbon Township,Write In,U.S. Senate,,,0
Huntingdon,0006 Carbon Township,Wolf/Fetterman,Governor,,DEM,45
Huntingdon,0006 Carbon Township,Wagner/Bartos,Governor,,REP,81
Huntingdon,0006 Carbon Township,Glover/Bowser-Bostick,Governor,,GRN,0
Huntingdon,0006 Carbon Township,Krawchuk/Smith,Governor,,LIB,0
Huntingdon,0006 Carbon Township,Write In,Governor,,,0
Huntingdon,0006 Carbon Township,Brent Ottaway,U.S. House,13,DEM,30
Huntingdon,0006 Carbon Township,John Joyce,U.S. House,13,REP,95
Huntingdon,0006 Carbon Township,Write In,U.S. House,13,,0
Huntingdon,0006 Carbon Township,Emily Best,State Senate,30,DEM,36
Huntingdon,0006 Carbon Township,Judy Ward,State Senate,30,REP,86
Huntingdon,0006 Carbon Township,Write In,State Senate,30,,0
Huntingdon,0006 Carbon Township,Rick Rogers,State House,81,DEM,30
Huntingdon,0006 Carbon Township,Rich Irvin,State House,81,REP,94
Huntingdon,0006 Carbon Township,Joseph P Soloski,State House,81,LIB,2
Huntingdon,0006 Carbon Township,Write In,State House,81,,0
Huntingdon,0007 Cass Township,,Registered Voters,,,708
Huntingdon,0007 Cass Township,,Ballots Cast,,,390
Huntingdon,0007 Cass Township,,Straight Party,,DEM,26
Huntingdon,0007 Cass Township,,Straight Party,,REP,226
Huntingdon,0007 Cass Township,,Straight Party,,GRN,0
Huntingdon,0007 Cass Township,,Straight Party,,LIB,1
Huntingdon,0007 Cass Township,Bob Casey Jr,U.S. Senate,,DEM,81
Huntingdon,0007 Cass Township,Lou Barletta,U.S. Senate,,REP,302
Huntingdon,0007 Cass Township,Neal Gale,U.S. Senate,,GRN,1
Huntingdon,0007 Cass Township,Dale R Kerns Jr,U.S. Senate,,LIB,6
Huntingdon,0007 Cass Township,Write In,U.S. Senate,,,0
Huntingdon,0007 Cass Township,Wolf/Fetterman,Governor,,DEM,70
Huntingdon,0007 Cass Township,Wagner/Bartos,Governor,,REP,311
Huntingdon,0007 Cass Township,Glover/Bowser-Bostick,Governor,,GRN,1
Huntingdon,0007 Cass Township,Krawchuk/Smith,Governor,,LIB,6
Huntingdon,0007 Cass Township,Write In,Governor,,,1
Huntingdon,0007 Cass Township,Brent Ottaway,U.S. House,13,DEM,56
Huntingdon,0007 Cass Township,John Joyce,U.S. House,13,REP,332
Huntingdon,0007 Cass Township,Write In,U.S. House,13,,0
Huntingdon,0007 Cass Township,Emily Best,State Senate,30,DEM,69
Huntingdon,0007 Cass Township,Judy Ward,State Senate,30,REP,314
Huntingdon,0007 Cass Township,Write In,State Senate,30,,0
Huntingdon,0007 Cass Township,Rick Rogers,State House,81,DEM,52
Huntingdon,0007 Cass Township,Rich Irvin,State House,81,REP,326
Huntingdon,0007 Cass Township,Joseph P Soloski,State House,81,LIB,10
Huntingdon,0007 Cass Township,Write In,State House,81,,0
Huntingdon,0008 Cassville Borough,,Registered Voters,,,106
Huntingdon,0008 Cassville Borough,,Ballots Cast,,,53
Huntingdon,0008 Cassville Borough,,Straight Party,,DEM,2
Huntingdon,0008 Cassville Borough,,Straight Party,,REP,28
Huntingdon,0008 Cassville Borough,,Straight Party,,GRN,0
Huntingdon,0008 Cassville Borough,,Straight Party,,LIB,1
Huntingdon,0008 Cassville Borough,Bob Casey Jr,U.S. Senate,,DEM,11
Huntingdon,0008 Cassville Borough,Lou Barletta,U.S. Senate,,REP,41
Huntingdon,0008 Cassville Borough,Neal Gale,U.S. Senate,,GRN,0
Huntingdon,0008 Cassville Borough,Dale R Kerns Jr,U.S. Senate,,LIB,1
Huntingdon,0008 Cassville Borough,Write In,U.S. Senate,,,0
Huntingdon,0008 Cassville Borough,Wolf/Fetterman,Governor,,DEM,10
Huntingdon,0008 Cassville Borough,Wagner/Bartos,Governor,,REP,43
Huntingdon,0008 Cassville Borough,Glover/Bowser-Bostick,Governor,,GRN,0
Huntingdon,0008 Cassville Borough,Krawchuk/Smith,Governor,,LIB,0
Huntingdon,0008 Cassville Borough,Write In,Governor,,,0
Huntingdon,0008 Cassville Borough,Brent Ottaway,U.S. House,13,DEM,7
Huntingdon,0008 Cassville Borough,John Joyce,U.S. House,13,REP,45
Huntingdon,0008 Cassville Borough,Write In,U.S. House,13,,1
Huntingdon,0008 Cassville Borough,Emily Best,State Senate,30,DEM,10
Huntingdon,0008 Cassville Borough,Judy Ward,State Senate,30,REP,40
Huntingdon,0008 Cassville Borough,Write In,State Senate,30,,1
Huntingdon,0008 Cassville Borough,Rick Rogers,State House,81,DEM,8
Huntingdon,0008 Cassville Borough,Rich Irvin,State House,81,REP,43
Huntingdon,0008 Cassville Borough,Joseph P Soloski,State House,81,LIB,2
Huntingdon,0008 Cassville Borough,Write In,State House,81,,0
Huntingdon,0009 Clay Township,,Registered Voters,,,607
Huntingdon,0009 Clay Township,,Ballots Cast,,,290
Huntingdon,0009 Clay Township,,Straight Party,,DEM,18
Huntingdon,0009 Clay Township,,Straight Party,,REP,154
Huntingdon,0009 Clay Township,,Straight Party,,GRN,0
Huntingdon,0009 Clay Township,,Straight Party,,LIB,0
Huntingdon,0009 Clay Township,Bob Casey Jr,U.S. Senate,,DEM,60
Huntingdon,0009 Clay Township,Lou Barletta,U.S. Senate,,REP,221
Huntingdon,0009 Clay Township,Neal Gale,U.S. Senate,,GRN,4
Huntingdon,0009 Clay Township,Dale R Kerns Jr,U.S. Senate,,LIB,0
Huntingdon,0009 Clay Township,Write In,U.S. Senate,,,1
Huntingdon,0009 Clay Township,Wolf/Fetterman,Governor,,DEM,54
Huntingdon,0009 Clay Township,Wagner/Bartos,Governor,,REP,230
Huntingdon,0009 Clay Township,Glover/Bowser-Bostick,Governor,,GRN,1
Huntingdon,0009 Clay Township,Krawchuk/Smith,Governor,,LIB,2
Huntingdon,0009 Clay Township,Write In,Governor,,,0
Huntingdon,0009 Clay Township,Brent Ottaway,U.S. House,13,DEM,43
Huntingdon,0009 Clay Township,John Joyce,U.S. House,13,REP,245
Huntingdon,0009 Clay Township,Write In,U.S. House,13,,0
Huntingdon,0009 Clay Township,Emily Best,State Senate,30,DEM,53
Huntingdon,0009 Clay Township,Judy Ward,State Senate,30,REP,234
Huntingdon,0009 Clay Township,Write In,State Senate,30,,0
Huntingdon,0009 Clay Township,Rick Rogers,State House,81,DEM,45
Huntingdon,0009 Clay Township,Rich Irvin,State House,81,REP,241
Huntingdon,0009 Clay Township,Joseph P Soloski,State House,81,LIB,1
Huntingdon,0009 Clay Township,Write In,State House,81,,0
Huntingdon,0010 Coalmont Borough,,Registered Voters,,,70
Huntingdon,0010 Coalmont Borough,,Ballots Cast,,,21
Huntingdon,0010 Coalmont Borough,,Straight Party,,DEM,0
Huntingdon,0010 Coalmont Borough,,Straight Party,,REP,9
Huntingdon,0010 Coalmont Borough,,Straight Party,,GRN,0
Huntingdon,0010 Coalmont Borough,,Straight Party,,LIB,0
Huntingdon,0010 Coalmont Borough,Bob Casey Jr,U.S. Senate,,DEM,3
Huntingdon,0010 Coalmont Borough,Lou Barletta,U.S. Senate,,REP,16
Huntingdon,0010 Coalmont Borough,Neal Gale,U.S. Senate,,GRN,1
Huntingdon,0010 Coalmont Borough,Dale R Kerns Jr,U.S. Senate,,LIB,1
Huntingdon,0010 Coalmont Borough,Write In,U.S. Senate,,,0
Huntingdon,0010 Coalmont Borough,Wolf/Fetterman,Governor,,DEM,4
Huntingdon,0010 Coalmont Borough,Wagner/Bartos,Governor,,REP,17
Huntingdon,0010 Coalmont Borough,Glover/Bowser-Bostick,Governor,,GRN,0
Huntingdon,0010 Coalmont Borough,Krawchuk/Smith,Governor,,LIB,0
Huntingdon,0010 Coalmont Borough,Write In,Governor,,,0
Huntingdon,0010 Coalmont Borough,Brent Ottaway,U.S. House,13,DEM,3
Huntingdon,0010 Coalmont Borough,John Joyce,U.S. House,13,REP,18
Huntingdon,0010 Coalmont Borough,Write In,U.S. House,13,,0
Huntingdon,0010 Coalmont Borough,Emily Best,State Senate,30,DEM,3
Huntingdon,0010 Coalmont Borough,Judy Ward,State Senate,30,REP,18
Huntingdon,0010 Coalmont Borough,Write In,State Senate,30,,0
Huntingdon,0010 Coalmont Borough,Rick Rogers,State House,81,DEM,2
Huntingdon,0010 Coalmont Borough,Rich Irvin,State House,81,REP,19
Huntingdon,0010 Coalmont Borough,Joseph P Soloski,State House,81,LIB,0
Huntingdon,0010 Coalmont Borough,Write In,State House,81,,0
Huntingdon,0011 Cromwell Township,,Registered Voters,,,1036
Huntingdon,0011 Cromwell Township,,Ballots Cast,,,565
Huntingdon,0011 Cromwell Township,,Straight Party,,DEM,51
Huntingdon,0011 Cromwell Township,,Straight Party,,REP,311
Huntingdon,0011 Cromwell Township,,Straight Party,,GRN,3
Huntingdon,0011 Cromwell Township,,Straight Party,,LIB,1
Huntingdon,0011 Cromwell Township,Bob Casey Jr,U.S. Senate,,DEM,102
Huntingdon,0011 Cromwell Township,Lou Barletta,U.S. Senate,,REP,455
Huntingdon,0011 Cromwell Township,Neal Gale,U.S. Senate,,GRN,7
Huntingdon,0011 Cromwell Township,Dale R Kerns Jr,U.S. Senate,,LIB,1
Huntingdon,0011 Cromwell Township,Write In,U.S. Senate,,,1
Huntingdon,0011 Cromwell Township,Wolf/Fetterman,Governor,,DEM,93
Huntingdon,0011 Cromwell Township,Wagner/Bartos,Governor,,REP,466
Huntingdon,0011 Cromwell Township,Glover/Bowser-Bostick,Governor,,GRN,4
Huntingdon,0011 Cromwell Township,Krawchuk/Smith,Governor,,LIB,0
Huntingdon,0011 Cromwell Township,Write In,Governor,,,0
Huntingdon,0011 Cromwell Township,Brent Ottaway,U.S. House,13,DEM,82
Huntingdon,0011 Cromwell Township,John Joyce,U.S. House,13,REP,477
Huntingdon,0011 Cromwell Township,Write In,U.S. House,13,,1
Huntingdon,0011 Cromwell Township,Emily Best,State Senate,30,DEM,106
Huntingdon,0011 Cromwell Township,Judy Ward,State Senate,30,REP,452
Huntingdon,0011 Cromwell Township,Write In,State Senate,30,,1
Huntingdon,0011 Cromwell Township,Rick Rogers,State House,81,DEM,93
Huntingdon,0011 Cromwell Township,Rich Irvin,State House,81,REP,459
Huntingdon,0011 Cromwell Township,Joseph P Soloski,State House,81,LIB,7
Huntingdon,0011 Cromwell Township,Write In,State House,81,,1
Huntingdon,0012 Dublin Township,,Registered Voters,,,862
Huntingdon,0012 Dublin Township,,Ballots Cast,,,446
Huntingdon,0012 Dublin Township,,Straight Party,,DEM,30
Huntingdon,0012 Dublin Township,,Straight Party,,REP,273
Huntingdon,0012 Dublin Township,,Straight Party,,GRN,1
Huntingdon,0012 Dublin Township,,Straight Party,,LIB,1
Huntingdon,0012 Dublin Township,Bob Casey Jr,U.S. Senate,,DEM,79
Huntingdon,0012 Dublin Township,Lou Barletta,U.S. Senate,,REP,358
Huntingdon,0012 Dublin Township,Neal Gale,U.S. Senate,,GRN,0
Huntingdon,0012 Dublin Township,Dale R Kerns Jr,U.S. Senate,,LIB,5
Huntingdon,0012 Dublin Township,Write In,U.S. Senate,,,1
Huntingdon,0012 Dublin Township,Wolf/Fetterman,Governor,,DEM,83
Huntingdon,0012 Dublin Township,Wagner/Bartos,Governor,,REP,361
Huntingdon,0012 Dublin Township,Glover/Bowser-Bostick,Governor,,GRN,0
Huntingdon,0012 Dublin Township,Krawchuk/Smith,Governor,,LIB,1
Huntingdon,0012 Dublin Township,Write In,Governor,,,0
Huntingdon,0012 Dublin Township,Brent Ottaway,U.S. House,13,DEM,64
Huntingdon,0012 Dublin Township,John Joyce,U.S. House,13,REP,379
Huntingdon,0012 Dublin Township,Write In,U.S. House,13,,0
Huntingdon,0012 Dublin Township,Emily Best,State Senate,30,DEM,71
Huntingdon,0012 Dublin Township,Judy Ward,State Senate,30,REP,372
Huntingdon,0012 Dublin Township,Write In,State Senate,30,,0
Huntingdon,0012 Dublin Township,Rick Rogers,State House,81,DEM,63
Huntingdon,0012 Dublin Township,Rich Irvin,State House,81,REP,370
Huntingdon,0012 Dublin Township,Joseph P Soloski,State House,81,LIB,6
Huntingdon,0012 Dublin Township,Write In,State House,81,,2
Huntingdon,0013 Dudley Borough,,Registered Voters,,,123
Huntingdon,0013 Dudley Borough,,Ballots Cast,,,57
Huntingdon,0013 Dudley Borough,,Straight Party,,DEM,10
Huntingdon,0013 Dudley Borough,,Straight Party,,REP,24
Huntingdon,0013 Dudley Borough,,Straight Party,,GRN,0
Huntingdon,0013 Dudley Borough,,Straight Party,,LIB,0
Huntingdon,0013 Dudley Borough,Bob Casey Jr,U.S. Senate,,DEM,24
Huntingdon,0013 Dudley Borough,Lou Barletta,U.S. Senate,,REP,33
Huntingdon,0013 Dudley Borough,Neal Gale,U.S. Senate,,GRN,0
Huntingdon,0013 Dudley Borough,Dale R Kerns Jr,U.S. Senate,,LIB,0
Huntingdon,0013 Dudley Borough,Write In,U.S. Senate,,,0
Huntingdon,0013 Dudley Borough,Wolf/Fetterman,Governor,,DEM,20
Huntingdon,0013 Dudley Borough,Wagner/Bartos,Governor,,REP,37
Huntingdon,0013 Dudley Borough,Glover/Bowser-Bostick,Governor,,GRN,0
Huntingdon,0013 Dudley Borough,Krawchuk/Smith,Governor,,LIB,0
Huntingdon,0013 Dudley Borough,Write In,Governor,,,0
Huntingdon,0013 Dudley Borough,Brent Ottaway,U.S. House,13,DEM,16
Huntingdon,0013 Dudley Borough,John Joyce,U.S. House,13,REP,39
Huntingdon,0013 Dudley Borough,Write In,U.S. House,13,,0
Huntingdon,0013 Dudley Borough,Emily Best,State Senate,30,DEM,21
Huntingdon,0013 Dudley Borough,Judy Ward,State Senate,30,REP,36
Huntingdon,0013 Dudley Borough,Write In,State Senate,30,,0
Huntingdon,0013 Dudley Borough,Rick Rogers,State House,81,DEM,17
Huntingdon,0013 Dudley Borough,Rich Irvin,State House,81,REP,38
Huntingdon,0013 Dudley Borough,Joseph P Soloski,State House,81,LIB,1
Huntingdon,0013 Dudley Borough,Write In,State House,81,,0
Huntingdon,0014 Franklin Township,,Registered Voters,,,393
Huntingdon,0014 Franklin Township,,Ballots Cast,,,214
Huntingdon,0014 Franklin Township,,Straight Party,,DEM,25
Huntingdon,0014 Franklin Township,,Straight Party,,REP,97
Huntingdon,0014 Franklin Township,,Straight Party,,GRN,0
Huntingdon,0014 Franklin Township,,Straight Party,,LIB,0
Huntingdon,0014 Franklin Township,Bob Casey Jr,U.S. Senate,,DEM,57
Huntingdon,0014 Franklin Township,Lou Barletta,U.S. Senate,,REP,153
Huntingdon,0014 Franklin Township,Neal Gale,U.S. Senate,,GRN,2
Huntingdon,0014 Franklin Township,Dale R Kerns Jr,U.S. Senate,,LIB,2
Huntingdon,0014 Franklin Township,Write In,U.S. Senate,,,0
Huntingdon,0014 Franklin Township,Wolf/Fetterman,Governor,,DEM,60
Huntingdon,0014 Franklin Township,Wagner/Bartos,Governor,,REP,150
Huntingdon,0014 Franklin Township,Glover/Bowser-Bostick,Governor,,GRN,3
Huntingdon,0014 Franklin Township,Krawchuk/Smith,Governor,,LIB,1
Huntingdon,0014 Franklin Township,Write In,Governor,,,0
Huntingdon,0014 Franklin Township,Brent Ottaway,U.S. House,13,DEM,45
Huntingdon,0014 Franklin Township,John Joyce,U.S. House,13,REP,168
Huntingdon,0014 Franklin Township,Write In,U.S. House,13,,0
Huntingdon,0014 Franklin Township,Emily Best,State Senate,30,DEM,45
Huntingdon,0014 Franklin Township,Judy Ward,State Senate,30,REP,168
Huntingdon,0014 Franklin Township,Write In,State Senate,30,,0
Huntingdon,0014 Franklin Township,Rick Rogers,State House,81,DEM,45
Huntingdon,0014 Franklin Township,Rich Irvin,State House,81,REP,165
Huntingdon,0014 Franklin Township,Joseph P Soloski,State House,81,LIB,4
Huntingdon,0014 Franklin Township,Write In,State House,81,,0
Huntingdon,0015 Henderson Township,,Registered Voters,,,719
Huntingdon,0015 Henderson Township,,Ballots Cast,,,407
Huntingdon,0015 Henderson Township,,Straight Party,,DEM,82
Huntingdon,0015 Henderson Township,,Straight Party,,REP,177
Huntingdon,0015 Henderson Township,,Straight Party,,GRN,1
Huntingdon,0015 Henderson Township,,Straight Party,,LIB,2
Huntingdon,0015 Henderson Township,Bob Casey Jr,U.S. Senate,,DEM,141
Huntingdon,0015 Henderson Township,Lou Barletta,U.S. Senate,,REP,260
Huntingdon,0015 Henderson Township,Neal Gale,U.S. Senate,,GRN,4
Huntingdon,0015 Henderson Township,Dale R Kerns Jr,U.S. Senate,,LIB,2
Huntingdon,0015 Henderson Township,Write In,U.S. Senate,,,0
Huntingdon,0015 Henderson Township,Wolf/Fetterman,Governor,,DEM,135
Huntingdon,0015 Henderson Township,Wagner/Bartos,Governor,,REP,260
Huntingdon,0015 Henderson Township,Glover/Bowser-Bostick,Governor,,GRN,5
Huntingdon,0015 Henderson Township,Krawchuk/Smith,Governor,,LIB,5
Huntingdon,0015 Henderson Township,Write In,Governor,,,0
Huntingdon,0015 Henderson Township,Brent Ottaway,U.S. House,13,DEM,115
Huntingdon,0015 Henderson Township,John Joyce,U.S. House,13,REP,289
Huntingdon,0015 Henderson Township,Write In,U.S. House,13,,0
Huntingdon,0015 Henderson Township,Ezra Nanes,State Senate,34,DEM,130
Huntingdon,0015 Henderson Township,Jacob D. Corman III,State Senate,34,REP,276
Huntingdon,0015 Henderson Township,Write In,State Senate,34,,0
Huntingdon,0015 Henderson Township,Rick Rogers,State House,81,DEM,129
Huntingdon,0015 Henderson Township,Rich Irvin,State House,81,REP,260
Huntingdon,0015 Henderson Township,Joseph P Soloski,State House,81,LIB,16
Huntingdon,0015 Henderson Township,Write In,State House,81,,0
Huntingdon,0016 Hopewell/Hopewell,,Registered Voters,,,286
Huntingdon,0016 Hopewell/Hopewell,,Ballots Cast,,,151
Huntingdon,0016 Hopewell/Hopewell,,Straight Party,,DEM,9
Huntingdon,0016 Hopewell/Hopewell,,Straight Party,,REP,86
Huntingdon,0016 Hopewell/Hopewell,,Straight Party,,GRN,0
Huntingdon,0016 Hopewell/Hopewell,,Straight Party,,LIB,0
Huntingdon,0016 Hopewell/Hopewell,Bob Casey Jr,U.S. Senate,,DEM,28
Huntingdon,0016 Hopewell/Hopewell,Lou Barletta,U.S. Senate,,REP,120
Huntingdon,0016 Hopewell/Hopewell,Neal Gale,U.S. Senate,,GRN,0
Huntingdon,0016 Hopewell/Hopewell,Dale R Kerns Jr,U.S. Senate,,LIB,2
Huntingdon,0016 Hopewell/Hopewell,Write In,U.S. Senate,,,0
Huntingdon,0016 Hopewell/Hopewell,Wolf/Fetterman,Governor,,DEM,34
Huntingdon,0016 Hopewell/Hopewell,Wagner/Bartos,Governor,,REP,114
Huntingdon,0016 Hopewell/Hopewell,Glover/Bowser-Bostick,Governor,,GRN,0
Huntingdon,0016 Hopewell/Hopewell,Krawchuk/Smith,Governor,,LIB,3
Huntingdon,0016 Hopewell/Hopewell,Write In,Governor,,,0
Huntingdon,0016 Hopewell/Hopewell,Brent Ottaway,U.S. House,13,DEM,21
Huntingdon,0016 Hopewell/Hopewell,John Joyce,U.S. House,13,REP,125
Huntingdon,0016 Hopewell/Hopewell,Write In,U.S. House,13,,1
Huntingdon,0016 Hopewell/Hopewell,Emily Best,State Senate,30,DEM,28
Huntingdon,0016 Hopewell/Hopewell,Judy Ward,State Senate,30,REP,117
Huntingdon,0016 Hopewell/Hopewell,Write In,State Senate,30,,0
Huntingdon,0016 Hopewell/Hopewell,Rick Rogers,State House,81,DEM,20
Huntingdon,0016 Hopewell/Hopewell,Rich Irvin,State House,81,REP,127
Huntingdon,0016 Hopewell/Hopewell,Joseph P Soloski,State House,81,LIB,2
Huntingdon,0016 Hopewell/Hopewell,Write In,State House,81,,1
Huntingdon,0017 Hopewell/Puttstown,,Registered Voters,,,80
Huntingdon,0017 Hopewell/Puttstown,,Ballots Cast,,,43
Huntingdon,0017 Hopewell/Puttstown,,Straight Party,,DEM,15
Huntingdon,0017 Hopewell/Puttstown,,Straight Party,,REP,10
Huntingdon,0017 Hopewell/Puttstown,,Straight Party,,GRN,0
Huntingdon,0017 Hopewell/Puttstown,,Straight Party,,LIB,0
Huntingdon,0017 Hopewell/Puttstown,Bob Casey Jr,U.S. Senate,,DEM,23
Huntingdon,0017 Hopewell/Puttstown,Lou Barletta,U.S. Senate,,REP,19
Huntingdon,0017 Hopewell/Puttstown,Neal Gale,U.S. Senate,,GRN,1
Huntingdon,0017 Hopewell/Puttstown,Dale R Kerns Jr,U.S. Senate,,LIB,0
Huntingdon,0017 Hopewell/Puttstown,Write In,U.S. Senate,,,0
Huntingdon,0017 Hopewell/Puttstown,Wolf/Fetterman,Governor,,DEM,15
Huntingdon,0017 Hopewell/Puttstown,Wagner/Bartos,Governor,,REP,26
Huntingdon,0017 Hopewell/Puttstown,Glover/Bowser-Bostick,Governor,,GRN,0
Huntingdon,0017 Hopewell/Puttstown,Krawchuk/Smith,Governor,,LIB,1
Huntingdon,0017 Hopewell/Puttstown,Write In,Governor,,,0
Huntingdon,0017 Hopewell/Puttstown,Brent Ottaway,U.S. House,13,DEM,18
Huntingdon,0017 Hopewell/Puttstown,John Joyce,U.S. House,13,REP,25
Huntingdon,0017 Hopewell/Puttstown,Write In,U.S. House,13,,0
Huntingdon,0017 Hopewell/Puttstown,Emily Best,State Senate,30,DEM,22
Huntingdon,0017 Hopewell/Puttstown,Judy Ward,State Senate,30,REP,21
Huntingdon,0017 Hopewell/Puttstown,Write In,State Senate,30,,0
Huntingdon,0017 Hopewell/Puttstown,Rick Rogers,State House,81,DEM,19
Huntingdon,0017 Hopewell/Puttstown,Rich Irvin,State House,81,REP,24
Huntingdon,0017 Hopewell/Puttstown,Joseph P Soloski,State House,81,LIB,0
Huntingdon,0017 Hopewell/Puttstown,Write In,State House,81,,0
Huntingdon,0018 Huntingdon/1st District,,Registered Voters,,,385
Huntingdon,0018 Huntingdon/1st District,,Ballots Cast,,,188
Huntingdon,0018 Huntingdon/1st District,,Straight Party,,DEM,47
Huntingdon,0018 Huntingdon/1st District,,Straight Party,,REP,49
Huntingdon,0018 Huntingdon/1st District,,Straight Party,,GRN,0
Huntingdon,0018 Huntingdon/1st District,,Straight Party,,LIB,0
Huntingdon,0018 Huntingdon/1st District,Bob Casey Jr,U.S. Senate,,DEM,102
Huntingdon,0018 Huntingdon/1st District,Lou Barletta,U.S. Senate,,REP,78
Huntingdon,0018 Huntingdon/1st District,Neal Gale,U.S. Senate,,GRN,4
Huntingdon,0018 Huntingdon/1st District,Dale R Kerns Jr,U.S. Senate,,LIB,2
Huntingdon,0018 Huntingdon/1st District,Write In,U.S. Senate,,,0
Huntingdon,0018 Huntingdon/1st District,Wolf/Fetterman,Governor,,DEM,103
Huntingdon,0018 Huntingdon/1st District,Wagner/Bartos,Governor,,REP,77
Huntingdon,0018 Huntingdon/1st District,Glover/Bowser-Bostick,Governor,,GRN,3
Huntingdon,0018 Huntingdon/1st District,Krawchuk/Smith,Governor,,LIB,5
Huntingdon,0018 Huntingdon/1st District,Write In,Governor,,,0
Huntingdon,0018 Huntingdon/1st District,Brent Ottaway,U.S. House,13,DEM,95
Huntingdon,0018 Huntingdon/1st District,John Joyce,U.S. House,13,REP,92
Huntingdon,0018 Huntingdon/1st District,Write In,U.S. House,13,,0
Huntingdon,0018 Huntingdon/1st District,Ezra Nanes,State Senate,34,DEM,99
Huntingdon,0018 Huntingdon/1st District,Jacob D. Corman III,State Senate,34,REP,89
Huntingdon,0018 Huntingdon/1st District,Write In,State Senate,34,,0
Huntingdon,0018 Huntingdon/1st District,Rick Rogers,State House,81,DEM,90
Huntingdon,0018 Huntingdon/1st District,Rich Irvin,State House,81,REP,88
Huntingdon,0018 Huntingdon/1st District,Joseph P Soloski,State House,81,LIB,9
Huntingdon,0018 Huntingdon/1st District,Write In,State House,81,,0
Huntingdon,0019 Huntingdon/2nd District,,Registered Voters,,,626
Huntingdon,0019 Huntingdon/2nd District,,Ballots Cast,,,260
Huntingdon,0019 Huntingdon/2nd District,,Straight Party,,DEM,65
Huntingdon,0019 Huntingdon/2nd District,,Straight Party,,REP,84
Huntingdon,0019 Huntingdon/2nd District,,Straight Party,,GRN,0
Huntingdon,0019 Huntingdon/2nd District,,Straight Party,,LIB,0
Huntingdon,0019 Huntingdon/2nd District,Bob Casey Jr,U.S. Senate,,DEM,132
Huntingdon,0019 Huntingdon/2nd District,Lou Barletta,U.S. Senate,,REP,123
Huntingdon,0019 Huntingdon/2nd District,Neal Gale,U.S. Senate,,GRN,1
Huntingdon,0019 Huntingdon/2nd District,Dale R Kerns Jr,U.S. Senate,,LIB,3
Huntingdon,0019 Huntingdon/2nd District,Write In,U.S. Senate,,,0
Huntingdon,0019 Huntingdon/2nd District,Wolf/Fetterman,Governor,,DEM,131
Huntingdon,0019 Huntingdon/2nd District,Wagner/Bartos,Governor,,REP,123
Huntingdon,0019 Huntingdon/2nd District,Glover/Bowser-Bostick,Governor,,GRN,1
Huntingdon,0019 Huntingdon/2nd District,Krawchuk/Smith,Governor,,LIB,3
Huntingdon,0019 Huntingdon/2nd District,Write In,Governor,,,0
Huntingdon,0019 Huntingdon/2nd District,Brent Ottaway,U.S. House,13,DEM,117
Huntingdon,0019 Huntingdon/2nd District,John Joyce,U.S. House,13,REP,142
Huntingdon,0019 Huntingdon/2nd District,Write In,U.S. House,13,,0
Huntingdon,0019 Huntingdon/2nd District,Ezra Nanes,State Senate,34,DEM,127
Huntingdon,0019 Huntingdon/2nd District,Jacob D. Corman III,State Senate,34,REP,132
Huntingdon,0019 Huntingdon/2nd District,Write In,State Senate,34,,0
Huntingdon,0019 Huntingdon/2nd District,Rick Rogers,State House,81,DEM,113
Huntingdon,0019 Huntingdon/2nd District,Rich Irvin,State House,81,REP,139
Huntingdon,0019 Huntingdon/2nd District,Joseph P Soloski,State House,81,LIB,5
Huntingdon,0019 Huntingdon/2nd District,Write In,State House,81,,1
Huntingdon,0020 Huntingdon/3rd District,,Registered Voters,,,666
Huntingdon,0020 Huntingdon/3rd District,,Ballots Cast,,,297
Huntingdon,0020 Huntingdon/3rd District,,Straight Party,,DEM,77
Huntingdon,0020 Huntingdon/3rd District,,Straight Party,,REP,116
Huntingdon,0020 Huntingdon/3rd District,,Straight Party,,GRN,0
Huntingdon,0020 Huntingdon/3rd District,,Straight Party,,LIB,1
Huntingdon,0020 Huntingdon/3rd District,Bob Casey Jr,U.S. Senate,,DEM,136
Huntingdon,0020 Huntingdon/3rd District,Lou Barletta,U.S. Senate,,REP,155
Huntingdon,0020 Huntingdon/3rd District,Neal Gale,U.S. Senate,,GRN,1
Huntingdon,0020 Huntingdon/3rd District,Dale R Kerns Jr,U.S. Senate,,LIB,5
Huntingdon,0020 Huntingdon/3rd District,Write In,U.S. Senate,,,0
Huntingdon,0020 Huntingdon/3rd District,Wolf/Fetterman,Governor,,DEM,133
Huntingdon,0020 Huntingdon/3rd District,Wagner/Bartos,Governor,,REP,157
Huntingdon,0020 Huntingdon/3rd District,Glover/Bowser-Bostick,Governor,,GRN,2
Huntingdon,0020 Huntingdon/3rd District,Krawchuk/Smith,Governor,,LIB,2
Huntingdon,0020 Huntingdon/3rd District,Write In,Governor,,,0
Huntingdon,0020 Huntingdon/3rd District,Brent Ottaway,U.S. House,13,DEM,131
Huntingdon,0020 Huntingdon/3rd District,John Joyce,U.S. House,13,REP,164
Huntingdon,0020 Huntingdon/3rd District,Write In,U.S. House,13,,1
Huntingdon,0020 Huntingdon/3rd District,Ezra Nanes,State Senate,34,DEM,128
Huntingdon,0020 Huntingdon/3rd District,Jacob D. Corman III,State Senate,34,REP,165
Huntingdon,0020 Huntingdon/3rd District,Write In,State Senate,34,,0
Huntingdon,0020 Huntingdon/3rd District,Rick Rogers,State House,81,DEM,125
Huntingdon,0020 Huntingdon/3rd District,Rich Irvin,State House,81,REP,161
Huntingdon,0020 Huntingdon/3rd District,Joseph P Soloski,State House,81,LIB,9
Huntingdon,0020 Huntingdon/3rd District,Write In,State House,81,,0
Huntingdon,0021 Huntingdon/4th District,,Registered Voters,,,664
Huntingdon,0021 Huntingdon/4th District,,Ballots Cast,,,319
Huntingdon,0021 Huntingdon/4th District,,Straight Party,,DEM,61
Huntingdon,0021 Huntingdon/4th District,,Straight Party,,REP,101
Huntingdon,0021 Huntingdon/4th District,,Straight Party,,GRN,0
Huntingdon,0021 Huntingdon/4th District,,Straight Party,,LIB,1
Huntingdon,0021 Huntingdon/4th District,Bob Casey Jr,U.S. Senate,,DEM,148
Huntingdon,0021 Huntingdon/4th District,Lou Barletta,U.S. Senate,,REP,163
Huntingdon,0021 Huntingdon/4th District,Neal Gale,U.S. Senate,,GRN,2
Huntingdon,0021 Huntingdon/4th District,Dale R Kerns Jr,U.S. Senate,,LIB,6
Huntingdon,0021 Huntingdon/4th District,Write In,U.S. Senate,,,0
Huntingdon,0021 Huntingdon/4th District,Wolf/Fetterman,Governor,,DEM,145
Huntingdon,0021 Huntingdon/4th District,Wagner/Bartos,Governor,,REP,162
Huntingdon,0021 Huntingdon/4th District,Glover/Bowser-Bostick,Governor,,GRN,1
Huntingdon,0021 Huntingdon/4th District,Krawchuk/Smith,Governor,,LIB,6
Huntingdon,0021 Huntingdon/4th District,Write In,Governor,,,1
Huntingdon,0021 Huntingdon/4th District,Brent Ottaway,U.S. House,13,DEM,121
Huntingdon,0021 Huntingdon/4th District,John Joyce,U.S. House,13,REP,193
Huntingdon,0021 Huntingdon/4th District,Write In,U.S. House,13,,0
Huntingdon,0021 Huntingdon/4th District,Ezra Nanes,State Senate,34,DEM,134
Huntingdon,0021 Huntingdon/4th District,Jacob D. Corman III,State Senate,34,REP,181
Huntingdon,0021 Huntingdon/4th District,Write In,State Senate,34,,1
Huntingdon,0021 Huntingdon/4th District,Rick Rogers,State House,81,DEM,121
Huntingdon,0021 Huntingdon/4th District,Rich Irvin,State House,81,REP,188
Huntingdon,0021 Huntingdon/4th District,Joseph P Soloski,State House,81,LIB,8
Huntingdon,0021 Huntingdon/4th District,Write In,State House,81,,0
Huntingdon,0022 Huntingdon/5th District,,Registered Voters,,,1820
Huntingdon,0022 Huntingdon/5th District,,Ballots Cast,,,685
Huntingdon,0022 Huntingdon/5th District,,Straight Party,,DEM,259
Huntingdon,0022 Huntingdon/5th District,,Straight Party,,REP,121
Huntingdon,0022 Huntingdon/5th District,,Straight Party,,GRN,3
Huntingdon,0022 Huntingdon/5th District,,Straight Party,,LIB,0
Huntingdon,0022 Huntingdon/5th District,Bob Casey Jr,U.S. Senate,,DEM,454
Huntingdon,0022 Huntingdon/5th District,Lou Barletta,U.S. Senate,,REP,190
Huntingdon,0022 Huntingdon/5th District,Neal Gale,U.S. Senate,,GRN,16
Huntingdon,0022 Huntingdon/5th District,Dale R Kerns Jr,U.S. Senate,,LIB,19
Huntingdon,0022 Huntingdon/5th District,Write In,U.S. Senate,,,1
Huntingdon,0022 Huntingdon/5th District,Wolf/Fetterman,Governor,,DEM,459
Huntingdon,0022 Huntingdon/5th District,Wagner/Bartos,Governor,,REP,180
Huntingdon,0022 Huntingdon/5th District,Glover/Bowser-Bostick,Governor,,GRN,21
Huntingdon,0022 Huntingdon/5th District,Krawchuk/Smith,Governor,,LIB,18
Huntingdon,0022 Huntingdon/5th District,Write In,Governor,,,2
Huntingdon,0022 Huntingdon/5th District,Brent Ottaway,U.S. House,13,DEM,457
Huntingdon,0022 Huntingdon/5th District,John Joyce,U.S. House,13,REP,218
Huntingdon,0022 Huntingdon/5th District,Write In,U.S. House,13,,3
Huntingdon,0022 Huntingdon/5th District,Ezra Nanes,State Senate,34,DEM,461
Huntingdon,0022 Huntingdon/5th District,Jacob D. Corman III,State Senate,34,REP,215
Huntingdon,0022 Huntingdon/5th District,Write In,State Senate,34,,1
Huntingdon,0022 Huntingdon/5th District,Rick Rogers,State House,81,DEM,445
Huntingdon,0022 Huntingdon/5th District,Rich Irvin,State House,81,REP,202
Huntingdon,0022 Huntingdon/5th District,Joseph P Soloski,State House,81,LIB,29
Huntingdon,0022 Huntingdon/5th District,Write In,State House,81,,2
Huntingdon,0023 Huntingdon/6th District,,Registered Voters,,,1342
Huntingdon,0023 Huntingdon/6th District,,Ballots Cast,,,793
Huntingdon,0023 Huntingdon/6th District,,Straight Party,,DEM,221
Huntingdon,0023 Huntingdon/6th District,,Straight Party,,REP,216
Huntingdon,0023 Huntingdon/6th District,,Straight Party,,GRN,0
Huntingdon,0023 Huntingdon/6th District,,Straight Party,,LIB,0
Huntingdon,0023 Huntingdon/6th District,Bob Casey Jr,U.S. Senate,,DEM,427
Huntingdon,0023 Huntingdon/6th District,Lou Barletta,U.S. Senate,,REP,350
Huntingdon,0023 Huntingdon/6th District,Neal Gale,U.S. Senate,,GRN,3
Huntingdon,0023 Huntingdon/6th District,Dale R Kerns Jr,U.S. Senate,,LIB,9
Huntingdon,0023 Huntingdon/6th District,Write In,U.S. Senate,,,1
Huntingdon,0023 Huntingdon/6th District,Wolf/Fetterman,Governor,,DEM,431
Huntingdon,0023 Huntingdon/6th District,Wagner/Bartos,Governor,,REP,349
Huntingdon,0023 Huntingdon/6th District,Glover/Bowser-Bostick,Governor,,GRN,2
Huntingdon,0023 Huntingdon/6th District,Krawchuk/Smith,Governor,,LIB,7
Huntingdon,0023 Huntingdon/6th District,Write In,Governor,,,0
Huntingdon,0023 Huntingdon/6th District,Brent Ottaway,U.S. House,13,DEM,372
Huntingdon,0023 Huntingdon/6th District,John Joyce,U.S. House,13,REP,411
Huntingdon,0023 Huntingdon/6th District,Write In,U.S. House,13,,1
Huntingdon,0023 Huntingdon/6th District,Ezra Nanes,State Senate,34,DEM,386
Huntingdon,0023 Huntingdon/6th District,Jacob D. Corman III,State Senate,34,REP,403
Huntingdon,0023 Huntingdon/6th District,Write In,State Senate,34,,0
Huntingdon,0023 Huntingdon/6th District,Rick Rogers,State House,81,DEM,386
Huntingdon,0023 Huntingdon/6th District,Rich Irvin,State House,81,REP,391
Huntingdon,0023 Huntingdon/6th District,Joseph P Soloski,State House,81,LIB,11
Huntingdon,0023 Huntingdon/6th District,Write In,State House,81,,1
Huntingdon,0024 Jackson Township,,Registered Voters,,,637
Huntingdon,0024 Jackson Township,,Ballots Cast,,,415
Huntingdon,0024 Jackson Township,,Straight Party,,DEM,42
Huntingdon,0024 Jackson Township,,Straight Party,,REP,203
Huntingdon,0024 Jackson Township,,Straight Party,,GRN,0
Huntingdon,0024 Jackson Township,,Straight Party,,LIB,0
Huntingdon,0024 Jackson Township,Bob Casey Jr,U.S. Senate,,DEM,115
Huntingdon,0024 Jackson Township,Lou Barletta,U.S. Senate,,REP,289
Huntingdon,0024 Jackson Township,Neal Gale,U.S. Senate,,GRN,3
Huntingdon,0024 Jackson Township,Dale R Kerns Jr,U.S. Senate,,LIB,6
Huntingdon,0024 Jackson Township,Write In,U.S. Senate,,,0
Huntingdon,0024 Jackson Township,Wolf/Fetterman,Governor,,DEM,111
Huntingdon,0024 Jackson Township,Wagner/Bartos,Governor,,REP,294
Huntingdon,0024 Jackson Township,Glover/Bowser-Bostick,Governor,,GRN,4
Huntingdon,0024 Jackson Township,Krawchuk/Smith,Governor,,LIB,6
Huntingdon,0024 Jackson Township,Write In,Governor,,,0
Huntingdon,0024 Jackson Township,Brent Ottaway,U.S. House,13,DEM,95
Huntingdon,0024 Jackson Township,John Joyce,U.S. House,13,REP,316
Huntingdon,0024 Jackson Township,Write In,U.S. House,13,,0
Huntingdon,0024 Jackson Township,Ezra Nanes,State Senate,34,DEM,96
Huntingdon,0024 Jackson Township,Jacob D. Corman III,State Senate,34,REP,315
Huntingdon,0024 Jackson Township,Write In,State Senate,34,,0
Huntingdon,0024 Jackson Township,Rick Rogers,State House,81,DEM,91
Huntingdon,0024 Jackson Township,Rich Irvin,State House,81,REP,301
Huntingdon,0024 Jackson Township,Joseph P Soloski,State House,81,LIB,19
Huntingdon,0024 Jackson Township,Write In,State House,81,,1
Huntingdon,0025 Juniata Township,,Registered Voters,,,375
Huntingdon,0025 Juniata Township,,Ballots Cast,,,230
Huntingdon,0025 Juniata Township,,Straight Party,,DEM,33
Huntingdon,0025 Juniata Township,,Straight Party,,REP,113
Huntingdon,0025 Juniata Township,,Straight Party,,GRN,0
Huntingdon,0025 Juniata Township,,Straight Party,,LIB,0
Huntingdon,0025 Juniata Township,Bob Casey Jr,U.S. Senate,,DEM,64
Huntingdon,0025 Juniata Township,Lou Barletta,U.S. Senate,,REP,161
Huntingdon,0025 Juniata Township,Neal Gale,U.S. Senate,,GRN,0
Huntingdon,0025 Juniata Township,Dale R Kerns Jr,U.S. Senate,,LIB,2
Huntingdon,0025 Juniata Township,Write In,U.S. Senate,,,0
Huntingdon,0025 Juniata Township,Wolf/Fetterman,Governor,,DEM,67
Huntingdon,0025 Juniata Township,Wagner/Bartos,Governor,,REP,157
Huntingdon,0025 Juniata Township,Glover/Bowser-Bostick,Governor,,GRN,2
Huntingdon,0025 Juniata Township,Krawchuk/Smith,Governor,,LIB,2
Huntingdon,0025 Juniata Township,Write In,Governor,,,0
Huntingdon,0025 Juniata Township,Brent Ottaway,U.S. House,13,DEM,54
Huntingdon,0025 Juniata Township,John Joyce,U.S. House,13,REP,175
Huntingdon,0025 Juniata Township,Write In,U.S. House,13,,0
Huntingdon,0025 Juniata Township,Emily Best,State Senate,30,DEM,54
Huntingdon,0025 Juniata Township,Judy Ward,State Senate,30,REP,173
Huntingdon,0025 Juniata Township,Write In,State Senate,30,,0
Huntingdon,0025 Juniata Township,Rick Rogers,State House,81,DEM,56
Huntingdon,0025 Juniata Township,Rich Irvin,State House,81,REP,171
Huntingdon,0025 Juniata Township,Joseph P Soloski,State House,81,LIB,1
Huntingdon,0025 Juniata Township,Write In,State House,81,,0
Huntingdon,0026 Lincoln Township,,Registered Voters,,,243
Huntingdon,0026 Lincoln Township,,Ballots Cast,,,147
Huntingdon,0026 Lincoln Township,,Straight Party,,DEM,2
Huntingdon,0026 Lincoln Township,,Straight Party,,REP,83
Huntingdon,0026 Lincoln Township,,Straight Party,,GRN,0
Huntingdon,0026 Lincoln Township,,Straight Party,,LIB,0
Huntingdon,0026 Lincoln Township,Bob Casey Jr,U.S. Senate,,DEM,26
Huntingdon,0026 Lincoln Township,Lou Barletta,U.S. Senate,,REP,119
Huntingdon,0026 Lincoln Township,Neal Gale,U.S. Senate,,GRN,1
Huntingdon,0026 Lincoln Township,Dale R Kerns Jr,U.S. Senate,,LIB,1
Huntingdon,0026 Lincoln Township,Write In,U.S. Senate,,,0
Huntingdon,0026 Lincoln Township,Wolf/Fetterman,Governor,,DEM,26
Huntingdon,0026 Lincoln Township,Wagner/Bartos,Governor,,REP,119
Huntingdon,0026 Lincoln Township,Glover/Bowser-Bostick,Governor,,GRN,1
Huntingdon,0026 Lincoln Township,Krawchuk/Smith,Governor,,LIB,0
Huntingdon,0026 Lincoln Township,Write In,Governor,,,0
Huntingdon,0026 Lincoln Township,Brent Ottaway,U.S. House,13,DEM,11
Huntingdon,0026 Lincoln Township,John Joyce,U.S. House,13,REP,133
Huntingdon,0026 Lincoln Township,Write In,U.S. House,13,,0
Huntingdon,0026 Lincoln Township,Emily Best,State Senate,30,DEM,20
Huntingdon,0026 Lincoln Township,Judy Ward,State Senate,30,REP,126
Huntingdon,0026 Lincoln Township,Write In,State Senate,30,,0
Huntingdon,0026 Lincoln Township,Rick Rogers,State House,81,DEM,12
Huntingdon,0026 Lincoln Township,Rich Irvin,State House,81,REP,132
Huntingdon,0026 Lincoln Township,Joseph P Soloski,State House,81,LIB,2
Huntingdon,0026 Lincoln Township,Write In,State House,81,,0
Huntingdon,0027 Logan Township,,Registered Voters,,,429
Huntingdon,0027 Logan Township,,Ballots Cast,,,262
Huntingdon,0027 Logan Township,,Straight Party,,DEM,25
Huntingdon,0027 Logan Township,,Straight Party,,REP,156
Huntingdon,0027 Logan Township,,Straight Party,,GRN,0
Huntingdon,0027 Logan Township,,Straight Party,,LIB,0
Huntingdon,0027 Logan Township,Bob Casey Jr,U.S. Senate,,DEM,59
Huntingdon,0027 Logan Township,Lou Barletta,U.S. Senate,,REP,198
Huntingdon,0027 Logan Township,Neal Gale,U.S. Senate,,GRN,2
Huntingdon,0027 Logan Township,Dale R Kerns Jr,U.S. Senate,,LIB,1
Huntingdon,0027 Logan Township,Write In,U.S. Senate,,,0
Huntingdon,0027 Logan Township,Wolf/Fetterman,Governor,,DEM,58
Huntingdon,0027 Logan Township,Wagner/Bartos,Governor,,REP,202
Huntingdon,0027 Logan Township,Glover/Bowser-Bostick,Governor,,GRN,0
Huntingdon,0027 Logan Township,Krawchuk/Smith,Governor,,LIB,2
Huntingdon,0027 Logan Township,Write In,Governor,,,0
Huntingdon,0027 Logan Township,Brent Ottaway,U.S. House,13,DEM,48
Huntingdon,0027 Logan Township,John Joyce,U.S. House,13,REP,212
Huntingdon,0027 Logan Township,Write In,U.S. House,13,,0
Huntingdon,0027 Logan Township,Ezra Nanes,State Senate,34,DEM,50
Huntingdon,0027 Logan Township,Jacob D. Corman III,State Senate,34,REP,211
Huntingdon,0027 Logan Township,Write In,State Senate,34,,0
Huntingdon,0027 Logan Township,Rick Rogers,State House,81,DEM,42
Huntingdon,0027 Logan Township,Rich Irvin,State House,81,REP,215
Huntingdon,0027 Logan Township,Joseph P Soloski,State House,81,LIB,2
Huntingdon,0027 Logan Township,Write In,State House,81,,0
Huntingdon,0028 Mapleton Borough,,Registered Voters,,,225
Huntingdon,0028 Mapleton Borough,,Ballots Cast,,,111
Huntingdon,0028 Mapleton Borough,,Straight Party,,DEM,12
Huntingdon,0028 Mapleton Borough,,Straight Party,,REP,46
Huntingdon,0028 Mapleton Borough,,Straight Party,,GRN,0
Huntingdon,0028 Mapleton Borough,,Straight Party,,LIB,0
Huntingdon,0028 Mapleton Borough,Bob Casey Jr,U.S. Senate,,DEM,37
Huntingdon,0028 Mapleton Borough,Lou Barletta,U.S. Senate,,REP,70
Huntingdon,0028 Mapleton Borough,Neal Gale,U.S. Senate,,GRN,0
Huntingdon,0028 Mapleton Borough,Dale R Kerns Jr,U.S. Senate,,LIB,2
Huntingdon,0028 Mapleton Borough,Write In,U.S. Senate,,,0
Huntingdon,0028 Mapleton Borough,Wolf/Fetterman,Governor,,DEM,37
Huntingdon,0028 Mapleton Borough,Wagner/Bartos,Governor,,REP,70
Huntingdon,0028 Mapleton Borough,Glover/Bowser-Bostick,Governor,,GRN,1
Huntingdon,0028 Mapleton Borough,Krawchuk/Smith,Governor,,LIB,2
Huntingdon,0028 Mapleton Borough,Write In,Governor,,,0
Huntingdon,0028 Mapleton Borough,Brent Ottaway,U.S. House,13,DEM,20
Huntingdon,0028 Mapleton Borough,John Joyce,U.S. House,13,REP,86
Huntingdon,0028 Mapleton Borough,Write In,U.S. House,13,,3
Huntingdon,0028 Mapleton Borough,Ezra Nanes,State Senate,34,DEM,28
Huntingdon,0028 Mapleton Borough,Jacob D. Corman III,State Senate,34,REP,83
Huntingdon,0028 Mapleton Borough,Write In,State Senate,34,,0
Huntingdon,0028 Mapleton Borough,Rick Rogers,State House,81,DEM,29
Huntingdon,0028 Mapleton Borough,Rich Irvin,State House,81,REP,77
Huntingdon,0028 Mapleton Borough,Joseph P Soloski,State House,81,LIB,5
Huntingdon,0028 Mapleton Borough,Write In,State House,81,,0
Huntingdon,0029 Marklesburg Borough,,Registered Voters,,,161
Huntingdon,0029 Marklesburg Borough,,Ballots Cast,,,94
Huntingdon,0029 Marklesburg Borough,,Straight Party,,DEM,10
Huntingdon,0029 Marklesburg Borough,,Straight Party,,REP,47
Huntingdon,0029 Marklesburg Borough,,Straight Party,,GRN,0
Huntingdon,0029 Marklesburg Borough,,Straight Party,,LIB,0
Huntingdon,0029 Marklesburg Borough,Bob Casey Jr,U.S. Senate,,DEM,25
Huntingdon,0029 Marklesburg Borough,Lou Barletta,U.S. Senate,,REP,67
Huntingdon,0029 Marklesburg Borough,Neal Gale,U.S. Senate,,GRN,2
Huntingdon,0029 Marklesburg Borough,Dale R Kerns Jr,U.S. Senate,,LIB,0
Huntingdon,0029 Marklesburg Borough,Write In,U.S. Senate,,,0
Huntingdon,0029 Marklesburg Borough,Wolf/Fetterman,Governor,,DEM,25
Huntingdon,0029 Marklesburg Borough,Wagner/Bartos,Governor,,REP,69
Huntingdon,0029 Marklesburg Borough,Glover/Bowser-Bostick,Governor,,GRN,0
Huntingdon,0029 Marklesburg Borough,Krawchuk/Smith,Governor,,LIB,0
Huntingdon,0029 Marklesburg Borough,Write In,Governor,,,0
Huntingdon,0029 Marklesburg Borough,Brent Ottaway,U.S. House,13,DEM,22
Huntingdon,0029 Marklesburg Borough,John Joyce,U.S. House,13,REP,71
Huntingdon,0029 Marklesburg Borough,Write In,U.S. House,13,,0
Huntingdon,0029 Marklesburg Borough,Emily Best,State Senate,30,DEM,27
Huntingdon,0029 Marklesburg Borough,Judy Ward,State Senate,30,REP,66
Huntingdon,0029 Marklesburg Borough,Write In,State Senate,30,,0
Huntingdon,0029 Marklesburg Borough,Rick Rogers,State House,81,DEM,26
Huntingdon,0029 Marklesburg Borough,Rich Irvin,State House,81,REP,66
Huntingdon,0029 Marklesburg Borough,Joseph P Soloski,State House,81,LIB,1
Huntingdon,0029 Marklesburg Borough,Write In,State House,81,,0
Huntingdon,0030 Mill Creek Borough,,Registered Voters,,,192
Huntingdon,0030 Mill Creek Borough,,Ballots Cast,,,91
Huntingdon,0030 Mill Creek Borough,,Straight Party,,DEM,5
Huntingdon,0030 Mill Creek Borough,,Straight Party,,REP,80
Huntingdon,0030 Mill Creek Borough,,Straight Party,,GRN,0
Huntingdon,0030 Mill Creek Borough,,Straight Party,,LIB,1
Huntingdon,0030 Mill Creek Borough,Bob Casey Jr,U.S. Senate,,DEM,23
Huntingdon,0030 Mill Creek Borough,Lou Barletta,U.S. Senate,,REP,67
Huntingdon,0030 Mill Creek Borough,Neal Gale,U.S. Senate,,GRN,0
Huntingdon,0030 Mill Creek Borough,Dale R Kerns Jr,U.S. Senate,,LIB,1
Huntingdon,0030 Mill Creek Borough,Write In,U.S. Senate,,,0
Huntingdon,0030 Mill Creek Borough,Wolf/Fetterman,Governor,,DEM,16
Huntingdon,0030 Mill Creek Borough,Wagner/Bartos,Governor,,REP,74
Huntingdon,0030 Mill Creek Borough,Glover/Bowser-Bostick,Governor,,GRN,0
Huntingdon,0030 Mill Creek Borough,Krawchuk/Smith,Governor,,LIB,1
Huntingdon,0030 Mill Creek Borough,Write In,Governor,,,0
Huntingdon,0030 Mill Creek Borough,Brent Ottaway,U.S. House,13,DEM,12
Huntingdon,0030 Mill Creek Borough,John Joyce,U.S. House,13,REP,79
Huntingdon,0030 Mill Creek Borough,Write In,U.S. House,13,,0
Huntingdon,0030 Mill Creek Borough,Emily Best,State Senate,30,DEM,15
Huntingdon,0030 Mill Creek Borough,Judy Ward,State Senate,30,REP,76
Huntingdon,0030 Mill Creek Borough,Write In,State Senate,30,,0
Huntingdon,0030 Mill Creek Borough,Rick Rogers,State House,81,DEM,13
Huntingdon,0030 Mill Creek Borough,Rich Irvin,State House,81,REP,76
Huntingdon,0030 Mill Creek Borough,Joseph P Soloski,State House,81,LIB,2
Huntingdon,0030 Mill Creek Borough,Write In,State House,81,,0
Huntingdon,0031 Miller Township,,Registered Voters,,,388
Huntingdon,0031 Miller Township,,Ballots Cast,,,241
Huntingdon,0031 Miller Township,,Straight Party,,DEM,32
Huntingdon,0031 Miller Township,,Straight Party,,REP,117
Huntingdon,0031 Miller Township,,Straight Party,,GRN,0
Huntingdon,0031 Miller Township,,Straight Party,,LIB,0
Huntingdon,0031 Miller Township,Bob Casey Jr,U.S. Senate,,DEM,66
Huntingdon,0031 Miller Township,Lou Barletta,U.S. Senate,,REP,164
Huntingdon,0031 Miller Township,Neal Gale,U.S. Senate,,GRN,0
Huntingdon,0031 Miller Township,Dale R Kerns Jr,U.S. Senate,,LIB,9
Huntingdon,0031 Miller Township,Write In,U.S. Senate,,,0
Huntingdon,0031 Miller Township,Wolf/Fetterman,Governor,,DEM,60
Huntingdon,0031 Miller Township,Wagner/Bartos,Governor,,REP,170
Huntingdon,0031 Miller Township,Glover/Bowser-Bostick,Governor,,GRN,2
Huntingdon,0031 Miller Township,Krawchuk/Smith,Governor,,LIB,8
Huntingdon,0031 Miller Township,Write In,Governor,,,0
Huntingdon,0031 Miller Township,Brent Ottaway,U.S. House,13,DEM,60
Huntingdon,0031 Miller Township,John Joyce,U.S. House,13,REP,179
Huntingdon,0031 Miller Township,Write In,U.S. House,13,,0
Huntingdon,0031 Miller Township,Ezra Nanes,State Senate,34,DEM,66
Huntingdon,0031 Miller Township,Jacob D. Corman III,State Senate,34,REP,174
Huntingdon,0031 Miller Township,Write In,State Senate,34,,0
Huntingdon,0031 Miller Township,Rick Rogers,State House,81,DEM,55
Huntingdon,0031 Miller Township,Rich Irvin,State House,81,REP,172
Huntingdon,0031 Miller Township,Joseph P Soloski,State House,81,LIB,13
Huntingdon,0031 Miller Township,Write In,State House,81,,0
Huntingdon,0032 Morris Township,,Registered Voters,,,301
Huntingdon,0032 Morris Township,,Ballots Cast,,,167
Huntingdon,0032 Morris Township,,Straight Party,,DEM,13
Huntingdon,0032 Morris Township,,Straight Party,,REP,80
Huntingdon,0032 Morris Township,,Straight Party,,GRN,0
Huntingdon,0032 Morris Township,,Straight Party,,LIB,0
Huntingdon,0032 Morris Township,Bob Casey Jr,U.S. Senate,,DEM,46
Huntingdon,0032 Morris Township,Lou Barletta,U.S. Senate,,REP,119
Huntingdon,0032 Morris Township,Neal Gale,U.S. Senate,,GRN,1
Huntingdon,0032 Morris Township,Dale R Kerns Jr,U.S. Senate,,LIB,1
Huntingdon,0032 Morris Township,Write In,U.S. Senate,,,1
Huntingdon,0032 Morris Township,Wolf/Fetterman,Governor,,DEM,47
Huntingdon,0032 Morris Township,Wagner/Bartos,Governor,,REP,118
Huntingdon,0032 Morris Township,Glover/Bowser-Bostick,Governor,,GRN,0
Huntingdon,0032 Morris Township,Krawchuk/Smith,Governor,,LIB,2
Huntingdon,0032 Morris Township,Write In,Governor,,,1
Huntingdon,0032 Morris Township,Brent Ottaway,U.S. House,13,DEM,37
Huntingdon,0032 Morris Township,John Joyce,U.S. House,13,REP,131
Huntingdon,0032 Morris Township,Write In,U.S. House,13,,0
Huntingdon,0032 Morris Township,Emily Best,State Senate,30,DEM,39
Huntingdon,0032 Morris Township,Judy Ward,State Senate,30,REP,126
Huntingdon,0032 Morris Township,Write In,State Senate,30,,0
Huntingdon,0032 Morris Township,Rick Rogers,State House,81,DEM,33
Huntingdon,0032 Morris Township,Rich Irvin,State House,81,REP,132
Huntingdon,0032 Morris Township,Joseph P Soloski,State House,81,LIB,3
Huntingdon,0032 Morris Township,Write In,State House,81,,0
Huntingdon,0033 Mount Union/1st Ward,,Registered Voters,,,477
Huntingdon,0033 Mount Union/1st Ward,,Ballots Cast,,,192
Huntingdon,0033 Mount Union/1st Ward,,Straight Party,,DEM,81
Huntingdon,0033 Mount Union/1st Ward,,Straight Party,,REP,53
Huntingdon,0033 Mount Union/1st Ward,,Straight Party,,GRN,0
Huntingdon,0033 Mount Union/1st Ward,,Straight Party,,LIB,0
Huntingdon,0033 Mount Union/1st Ward,Bob Casey Jr,U.S. Senate,,DEM,110
Huntingdon,0033 Mount Union/1st Ward,Lou Barletta,U.S. Senate,,REP,77
Huntingdon,0033 Mount Union/1st Ward,Neal Gale,U.S. Senate,,GRN,2
Huntingdon,0033 Mount Union/1st Ward,Dale R Kerns Jr,U.S. Senate,,LIB,0
Huntingdon,0033 Mount Union/1st Ward,Write In,U.S. Senate,,,0
Huntingdon,0033 Mount Union/1st Ward,Wolf/Fetterman,Governor,,DEM,106
Huntingdon,0033 Mount Union/1st Ward,Wagner/Bartos,Governor,,REP,82
Huntingdon,0033 Mount Union/1st Ward,Glover/Bowser-Bostick,Governor,,GRN,1
Huntingdon,0033 Mount Union/1st Ward,Krawchuk/Smith,Governor,,LIB,2
Huntingdon,0033 Mount Union/1st Ward,Write In,Governor,,,0
Huntingdon,0033 Mount Union/1st Ward,Brent Ottaway,U.S. House,13,DEM,95
Huntingdon,0033 Mount Union/1st Ward,John Joyce,U.S. House,13,REP,91
Huntingdon,0033 Mount Union/1st Ward,Write In,U.S. House,13,,0
Huntingdon,0033 Mount Union/1st Ward,Emily Best,State Senate,30,DEM,107
Huntingdon,0033 Mount Union/1st Ward,Judy Ward,State Senate,30,REP,82
Huntingdon,0033 Mount Union/1st Ward,Write In,State Senate,30,,0
Huntingdon,0033 Mount Union/1st Ward,Rick Rogers,State House,81,DEM,113
Huntingdon,0033 Mount Union/1st Ward,Rich Irvin,State House,81,REP,74
Huntingdon,0033 Mount Union/1st Ward,Joseph P Soloski,State House,81,LIB,1
Huntingdon,0033 Mount Union/1st Ward,Write In,State House,81,,1
Huntingdon,0034 Mount Union/2nd Ward,,Registered Voters,,,504
Huntingdon,0034 Mount Union/2nd Ward,,Ballots Cast,,,222
Huntingdon,0034 Mount Union/2nd Ward,,Straight Party,,DEM,35
Huntingdon,0034 Mount Union/2nd Ward,,Straight Party,,REP,100
Huntingdon,0034 Mount Union/2nd Ward,,Straight Party,,GRN,1
Huntingdon,0034 Mount Union/2nd Ward,,Straight Party,,LIB,0
Huntingdon,0034 Mount Union/2nd Ward,Bob Casey Jr,U.S. Senate,,DEM,74
Huntingdon,0034 Mount Union/2nd Ward,Lou Barletta,U.S. Senate,,REP,144
Huntingdon,0034 Mount Union/2nd Ward,Neal Gale,U.S. Senate,,GRN,2
Huntingdon,0034 Mount Union/2nd Ward,Dale R Kerns Jr,U.S. Senate,,LIB,2
Huntingdon,0034 Mount Union/2nd Ward,Write In,U.S. Senate,,,0
Huntingdon,0034 Mount Union/2nd Ward,Wolf/Fetterman,Governor,,DEM,71
Huntingdon,0034 Mount Union/2nd Ward,Wagner/Bartos,Governor,,REP,144
Huntingdon,0034 Mount Union/2nd Ward,Glover/Bowser-Bostick,Governor,,GRN,5
Huntingdon,0034 Mount Union/2nd Ward,Krawchuk/Smith,Governor,,LIB,2
Huntingdon,0034 Mount Union/2nd Ward,Write In,Governor,,,0
Huntingdon,0034 Mount Union/2nd Ward,Brent Ottaway,U.S. House,13,DEM,56
Huntingdon,0034 Mount Union/2nd Ward,John Joyce,U.S. House,13,REP,162
Huntingdon,0034 Mount Union/2nd Ward,Write In,U.S. House,13,,0
Huntingdon,0034 Mount Union/2nd Ward,Emily Best,State Senate,30,DEM,66
Huntingdon,0034 Mount Union/2nd Ward,Judy Ward,State Senate,30,REP,154
Huntingdon,0034 Mount Union/2nd Ward,Write In,State Senate,30,,0
Huntingdon,0034 Mount Union/2nd Ward,Rick Rogers,State House,81,DEM,70
Huntingdon,0034 Mount Union/2nd Ward,Rich Irvin,State House,81,REP,145
Huntingdon,0034 Mount Union/2nd Ward,Joseph P Soloski,State House,81,LIB,7
Huntingdon,0034 Mount Union/2nd Ward,Write In,State House,81,,0
Huntingdon,0035 Mount Union/3rd Ward,,Registered Voters,,,504
Huntingdon,0035 Mount Union/3rd Ward,,Ballots Cast,,,239
Huntingdon,0035 Mount Union/3rd Ward,,Straight Party,,DEM,48
Huntingdon,0035 Mount Union/3rd Ward,,Straight Party,,REP,97
Huntingdon,0035 Mount Union/3rd Ward,,Straight Party,,GRN,1
Huntingdon,0035 Mount Union/3rd Ward,,Straight Party,,LIB,0
Huntingdon,0035 Mount Union/3rd Ward,Bob Casey Jr,U.S. Senate,,DEM,80
Huntingdon,0035 Mount Union/3rd Ward,Lou Barletta,U.S. Senate,,REP,150
Huntingdon,0035 Mount Union/3rd Ward,Neal Gale,U.S. Senate,,GRN,4
Huntingdon,0035 Mount Union/3rd Ward,Dale R Kerns Jr,U.S. Senate,,LIB,5
Huntingdon,0035 Mount Union/3rd Ward,Write In,U.S. Senate,,,0
Huntingdon,0035 Mount Union/3rd Ward,Wolf/Fetterman,Governor,,DEM,78
Huntingdon,0035 Mount Union/3rd Ward,Wagner/Bartos,Governor,,REP,153
Huntingdon,0035 Mount Union/3rd Ward,Glover/Bowser-Bostick,Governor,,GRN,0
Huntingdon,0035 Mount Union/3rd Ward,Krawchuk/Smith,Governor,,LIB,4
Huntingdon,0035 Mount Union/3rd Ward,Write In,Governor,,,0
Huntingdon,0035 Mount Union/3rd Ward,Brent Ottaway,U.S. House,13,DEM,73
Huntingdon,0035 Mount Union/3rd Ward,John Joyce,U.S. House,13,REP,164
Huntingdon,0035 Mount Union/3rd Ward,Write In,U.S. House,13,,0
Huntingdon,0035 Mount Union/3rd Ward,Emily Best,State Senate,30,DEM,80
Huntingdon,0035 Mount Union/3rd Ward,Judy Ward,State Senate,30,REP,156
Huntingdon,0035 Mount Union/3rd Ward,Write In,State Senate,30,,0
Huntingdon,0035 Mount Union/3rd Ward,Rick Rogers,State House,81,DEM,90
Huntingdon,0035 Mount Union/3rd Ward,Rich Irvin,State House,81,REP,145
Huntingdon,0035 Mount Union/3rd Ward,Joseph P Soloski,State House,81,LIB,4
Huntingdon,0035 Mount Union/3rd Ward,Write In,State House,81,,0
Huntingdon,0036 Oneida Township,,Registered Voters,,,827
Huntingdon,0036 Oneida Township,,Ballots Cast,,,470
Huntingdon,0036 Oneida Township,,Straight Party,,DEM,67
Huntingdon,0036 Oneida Township,,Straight Party,,REP,179
Huntingdon,0036 Oneida Township,,Straight Party,,GRN,0
Huntingdon,0036 Oneida Township,,Straight Party,,LIB,0
Huntingdon,0036 Oneida Township,Bob Casey Jr,U.S. Senate,,DEM,185
Huntingdon,0036 Oneida Township,Lou Barletta,U.S. Senate,,REP,272
Huntingdon,0036 Oneida Township,Neal Gale,U.S. Senate,,GRN,3
Huntingdon,0036 Oneida Township,Dale R Kerns Jr,U.S. Senate,,LIB,10
Huntingdon,0036 Oneida Township,Write In,U.S. Senate,,,0
Huntingdon,0036 Oneida Township,Wolf/Fetterman,Governor,,DEM,190
Huntingdon,0036 Oneida Township,Wagner/Bartos,Governor,,REP,261
Huntingdon,0036 Oneida Township,Glover/Bowser-Bostick,Governor,,GRN,4
Huntingdon,0036 Oneida Township,Krawchuk/Smith,Governor,,LIB,15
Huntingdon,0036 Oneida Township,Write In,Governor,,,0
Huntingdon,0036 Oneida Township,Brent Ottaway,U.S. House,13,DEM,161
Huntingdon,0036 Oneida Township,John Joyce,U.S. House,13,REP,303
Huntingdon,0036 Oneida Township,Write In,U.S. House,13,,0
Huntingdon,0036 Oneida Township,Ezra Nanes,State Senate,34,DEM,174
Huntingdon,0036 Oneida Township,Jacob D. Corman III,State Senate,34,REP,293
Huntingdon,0036 Oneida Township,Write In,State Senate,34,,0
Huntingdon,0036 Oneida Township,Rick Rogers,State House,81,DEM,151
Huntingdon,0036 Oneida Township,Rich Irvin,State House,81,REP,289
Huntingdon,0036 Oneida Township,Joseph P Soloski,State House,81,LIB,22
Huntingdon,0036 Oneida Township,Write In,State House,81,,1
Huntingdon,0037 Orbisonia Borough,,Registered Voters,,,248
Huntingdon,0037 Orbisonia Borough,,Ballots Cast,,,137
Huntingdon,0037 Orbisonia Borough,,Straight Party,,DEM,20
Huntingdon,0037 Orbisonia Borough,,Straight Party,,REP,53
Huntingdon,0037 Orbisonia Borough,,Straight Party,,GRN,0
Huntingdon,0037 Orbisonia Borough,,Straight Party,,LIB,1
Huntingdon,0037 Orbisonia Borough,Bob Casey Jr,U.S. Senate,,DEM,46
Huntingdon,0037 Orbisonia Borough,Lou Barletta,U.S. Senate,,REP,86
Huntingdon,0037 Orbisonia Borough,Neal Gale,U.S. Senate,,GRN,1
Huntingdon,0037 Orbisonia Borough,Dale R Kerns Jr,U.S. Senate,,LIB,2
Huntingdon,0037 Orbisonia Borough,Write In,U.S. Senate,,,0
Huntingdon,0037 Orbisonia Borough,Wolf/Fetterman,Governor,,DEM,43
Huntingdon,0037 Orbisonia Borough,Wagner/Bartos,Governor,,REP,90
Huntingdon,0037 Orbisonia Borough,Glover/Bowser-Bostick,Governor,,GRN,1
Huntingdon,0037 Orbisonia Borough,Krawchuk/Smith,Governor,,LIB,1
Huntingdon,0037 Orbisonia Borough,Write In,Governor,,,0
Huntingdon,0037 Orbisonia Borough,Brent Ottaway,U.S. House,13,DEM,34
Huntingdon,0037 Orbisonia Borough,John Joyce,U.S. House,13,REP,99
Huntingdon,0037 Orbisonia Borough,Write In,U.S. House,13,,1
Huntingdon,0037 Orbisonia Borough,Emily Best,State Senate,30,DEM,38
Huntingdon,0037 Orbisonia Borough,Judy Ward,State Senate,30,REP,96
Huntingdon,0037 Orbisonia Borough,Write In,State Senate,30,,0
Huntingdon,0037 Orbisonia Borough,Rick Rogers,State House,81,DEM,44
Huntingdon,0037 Orbisonia Borough,Rich Irvin,State House,81,REP,86
Huntingdon,0037 Orbisonia Borough,Joseph P Soloski,State House,81,LIB,4
Huntingdon,0037 Orbisonia Borough,Write In,State House,81,,1
Huntingdon,0038 Penn Township,,Registered Voters,,,892
Huntingdon,0038 Penn Township,,Ballots Cast,,,538
Huntingdon,0038 Penn Township,,Straight Party,,DEM,40
Huntingdon,0038 Penn Township,,Straight Party,,REP,286
Huntingdon,0038 Penn Township,,Straight Party,,GRN,1
Huntingdon,0038 Penn Township,,Straight Party,,LIB,0
Huntingdon,0038 Penn Township,Bob Casey Jr,U.S. Senate,,DEM,108
Huntingdon,0038 Penn Township,Lou Barletta,U.S. Senate,,REP,420
Huntingdon,0038 Penn Township,Neal Gale,U.S. Senate,,GRN,5
Huntingdon,0038 Penn Township,Dale R Kerns Jr,U.S. Senate,,LIB,4
Huntingdon,0038 Penn Township,Write In,U.S. Senate,,,0
Huntingdon,0038 Penn Township,Wolf/Fetterman,Governor,,DEM,114
Huntingdon,0038 Penn Township,Wagner/Bartos,Governor,,REP,414
Huntingdon,0038 Penn Township,Glover/Bowser-Bostick,Governor,,GRN,7
Huntingdon,0038 Penn Township,Krawchuk/Smith,Governor,,LIB,2
Huntingdon,0038 Penn Township,Write In,Governor,,,0
Huntingdon,0038 Penn Township,Brent Ottaway,U.S. House,13,DEM,86
Huntingdon,0038 Penn Township,John Joyce,U.S. House,13,REP,448
Huntingdon,0038 Penn Township,Write In,U.S. House,13,,0
Huntingdon,0038 Penn Township,Emily Best,State Senate,30,DEM,97
Huntingdon,0038 Penn Township,Judy Ward,State Senate,30,REP,436
Huntingdon,0038 Penn Township,Write In,State Senate,30,,1
Huntingdon,0038 Penn Township,Rick Rogers,State House,81,DEM,84
Huntingdon,0038 Penn Township,Rich Irvin,State House,81,REP,437
Huntingdon,0038 Penn Township,Joseph P Soloski,State House,81,LIB,11
Huntingdon,0038 Penn Township,Write In,State House,81,,0
Huntingdon,0039 Petersburg Borough,,Registered Voters,,,275
Huntingdon,0039 Petersburg Borough,,Ballots Cast,,,119
Huntingdon,0039 Petersburg Borough,,Straight Party,,DEM,7
Huntingdon,0039 Petersburg Borough,,Straight Party,,REP,53
Huntingdon,0039 Petersburg Borough,,Straight Party,,GRN,0
Huntingdon,0039 Petersburg Borough,,Straight Party,,LIB,1
Huntingdon,0039 Petersburg Borough,Bob Casey Jr,U.S. Senate,,DEM,35
Huntingdon,0039 Petersburg Borough,Lou Barletta,U.S. Senate,,REP,81
Huntingdon,0039 Petersburg Borough,Neal Gale,U.S. Senate,,GRN,2
Huntingdon,0039 Petersburg Borough,Dale R Kerns Jr,U.S. Senate,,LIB,1
Huntingdon,0039 Petersburg Borough,Write In,U.S. Senate,,,0
Huntingdon,0039 Petersburg Borough,Wolf/Fetterman,Governor,,DEM,32
Huntingdon,0039 Petersburg Borough,Wagner/Bartos,Governor,,REP,82
Huntingdon,0039 Petersburg Borough,Glover/Bowser-Bostick,Governor,,GRN,4
Huntingdon,0039 Petersburg Borough,Krawchuk/Smith,Governor,,LIB,1
Huntingdon,0039 Petersburg Borough,Write In,Governor,,,0
Huntingdon,0039 Petersburg Borough,Brent Ottaway,U.S. House,13,DEM,26
Huntingdon,0039 Petersburg Borough,John Joyce,U.S. House,13,REP,93
Huntingdon,0039 Petersburg Borough,Write In,U.S. House,13,,0
Huntingdon,0039 Petersburg Borough,Ezra Nanes,State Senate,34,DEM,30
Huntingdon,0039 Petersburg Borough,Jacob D. Corman III,State Senate,34,REP,89
Huntingdon,0039 Petersburg Borough,Write In,State Senate,34,,0
Huntingdon,0039 Petersburg Borough,Rick Rogers,State House,81,DEM,17
Huntingdon,0039 Petersburg Borough,Rich Irvin,State House,81,REP,99
Huntingdon,0039 Petersburg Borough,Joseph P Soloski,State House,81,LIB,2
Huntingdon,0039 Petersburg Borough,Write In,State House,81,,0
Huntingdon,0040 Porter Township,,Registered Voters,,,1430
Huntingdon,0040 Porter Township,,Ballots Cast,,,876
Huntingdon,0040 Porter Township,,Straight Party,,DEM,111
Huntingdon,0040 Porter Township,,Straight Party,,REP,420
Huntingdon,0040 Porter Township,,Straight Party,,GRN,0
Huntingdon,0040 Porter Township,,Straight Party,,LIB,3
Huntingdon,0040 Porter Township,Bob Casey Jr,U.S. Senate,,DEM,247
Huntingdon,0040 Porter Township,Lou Barletta,U.S. Senate,,REP,613
Huntingdon,0040 Porter Township,Neal Gale,U.S. Senate,,GRN,4
Huntingdon,0040 Porter Township,Dale R Kerns Jr,U.S. Senate,,LIB,9
Huntingdon,0040 Porter Township,Write In,U.S. Senate,,,0
Huntingdon,0040 Porter Township,Wolf/Fetterman,Governor,,DEM,238
Huntingdon,0040 Porter Township,Wagner/Bartos,Governor,,REP,628
Huntingdon,0040 Porter Township,Glover/Bowser-Bostick,Governor,,GRN,3
Huntingdon,0040 Porter Township,Krawchuk/Smith,Governor,,LIB,4
Huntingdon,0040 Porter Township,Write In,Governor,,,0
Huntingdon,0040 Porter Township,Brent Ottaway,U.S. House,13,DEM,200
Huntingdon,0040 Porter Township,John Joyce,U.S. House,13,REP,671
Huntingdon,0040 Porter Township,Write In,U.S. House,13,,0
Huntingdon,0040 Porter Township,Emily Best,State Senate,30,DEM,235
Huntingdon,0040 Porter Township,Judy Ward,State Senate,30,REP,634
Huntingdon,0040 Porter Township,Write In,State Senate,30,,1
Huntingdon,0040 Porter Township,Rick Rogers,State House,81,DEM,195
Huntingdon,0040 Porter Township,Rich Irvin,State House,81,REP,671
Huntingdon,0040 Porter Township,Joseph P Soloski,State House,81,LIB,8
Huntingdon,0040 Porter Township,Write In,State House,81,,1
Huntingdon,0041 Rockhill Borough,,Registered Voters,,,232
Huntingdon,0041 Rockhill Borough,,Ballots Cast,,,115
Huntingdon,0041 Rockhill Borough,,Straight Party,,DEM,12
Huntingdon,0041 Rockhill Borough,,Straight Party,,REP,54
Huntingdon,0041 Rockhill Borough,,Straight Party,,GRN,1
Huntingdon,0041 Rockhill Borough,,Straight Party,,LIB,1
Huntingdon,0041 Rockhill Borough,Bob Casey Jr,U.S. Senate,,DEM,30
Huntingdon,0041 Rockhill Borough,Lou Barletta,U.S. Senate,,REP,80
Huntingdon,0041 Rockhill Borough,Neal Gale,U.S. Senate,,GRN,2
Huntingdon,0041 Rockhill Borough,Dale R Kerns Jr,U.S. Senate,,LIB,3
Huntingdon,0041 Rockhill Borough,Write In,U.S. Senate,,,0
Huntingdon,0041 Rockhill Borough,Wolf/Fetterman,Governor,,DEM,25
Huntingdon,0041 Rockhill Borough,Wagner/Bartos,Governor,,REP,85
Huntingdon,0041 Rockhill Borough,Glover/Bowser-Bostick,Governor,,GRN,3
Huntingdon,0041 Rockhill Borough,Krawchuk/Smith,Governor,,LIB,0
Huntingdon,0041 Rockhill Borough,Write In,Governor,,,1
Huntingdon,0041 Rockhill Borough,Brent Ottaway,U.S. House,13,DEM,23
Huntingdon,0041 Rockhill Borough,John Joyce,U.S. House,13,REP,89
Huntingdon,0041 Rockhill Borough,Write In,U.S. House,13,,0
Huntingdon,0041 Rockhill Borough,Emily Best,State Senate,30,DEM,26
Huntingdon,0041 Rockhill Borough,Judy Ward,State Senate,30,REP,84
Huntingdon,0041 Rockhill Borough,Write In,State Senate,30,,1
Huntingdon,0041 Rockhill Borough,Rick Rogers,State House,81,DEM,28
Huntingdon,0041 Rockhill Borough,Rich Irvin,State House,81,REP,84
Huntingdon,0041 Rockhill Borough,Joseph P Soloski,State House,81,LIB,2
Huntingdon,0041 Rockhill Borough,Write In,State House,81,,0
Huntingdon,0042 Saltillo Borough,,Registered Voters,,,184
Huntingdon,0042 Saltillo Borough,,Ballots Cast,,,110
Huntingdon,0042 Saltillo Borough,,Straight Party,,DEM,15
Huntingdon,0042 Saltillo Borough,,Straight Party,,REP,54
Huntingdon,0042 Saltillo Borough,,Straight Party,,GRN,0
Huntingdon,0042 Saltillo Borough,,Straight Party,,LIB,0
Huntingdon,0042 Saltillo Borough,Bob Casey Jr,U.S. Senate,,DEM,31
Huntingdon,0042 Saltillo Borough,Lou Barletta,U.S. Senate,,REP,78
Huntingdon,0042 Saltillo Borough,Neal Gale,U.S. Senate,,GRN,1
Huntingdon,0042 Saltillo Borough,Dale R Kerns Jr,U.S. Senate,,LIB,0
Huntingdon,0042 Saltillo Borough,Write In,U.S. Senate,,,0
Huntingdon,0042 Saltillo Borough,Wolf/Fetterman,Governor,,DEM,30
Huntingdon,0042 Saltillo Borough,Wagner/Bartos,Governor,,REP,79
Huntingdon,0042 Saltillo Borough,Glover/Bowser-Bostick,Governor,,GRN,1
Huntingdon,0042 Saltillo Borough,Krawchuk/Smith,Governor,,LIB,0
Huntingdon,0042 Saltillo Borough,Write In,Governor,,,0
Huntingdon,0042 Saltillo Borough,Brent Ottaway,U.S. House,13,DEM,21
Huntingdon,0042 Saltillo Borough,John Joyce,U.S. House,13,REP,84
Huntingdon,0042 Saltillo Borough,Write In,U.S. House,13,,0
Huntingdon,0042 Saltillo Borough,Emily Best,State Senate,30,DEM,24
Huntingdon,0042 Saltillo Borough,Judy Ward,State Senate,30,REP,82
Huntingdon,0042 Saltillo Borough,Write In,State Senate,30,,1
Huntingdon,0042 Saltillo Borough,Rick Rogers,State House,81,DEM,21
Huntingdon,0042 Saltillo Borough,Rich Irvin,State House,81,REP,86
Huntingdon,0042 Saltillo Borough,Joseph P Soloski,State House,81,LIB,2
Huntingdon,0042 Saltillo Borough,Write In,State House,81,,0
Huntingdon,0043 Shade Gap Borough,,Registered Voters,,,66
Huntingdon,0043 Shade Gap Borough,,Ballots Cast,,,25
Huntingdon,0043 Shade Gap Borough,,Straight Party,,DEM,4
Huntingdon,0043 Shade Gap Borough,,Straight Party,,REP,12
Huntingdon,0043 Shade Gap Borough,,Straight Party,,GRN,0
Huntingdon,0043 Shade Gap Borough,,Straight Party,,LIB,0
Huntingdon,0043 Shade Gap Borough,Bob Casey Jr,U.S. Senate,,DEM,6
Huntingdon,0043 Shade Gap Borough,Lou Barletta,U.S. Senate,,REP,19
Huntingdon,0043 Shade Gap Borough,Neal Gale,U.S. Senate,,GRN,0
Huntingdon,0043 Shade Gap Borough,Dale R Kerns Jr,U.S. Senate,,LIB,0
Huntingdon,0043 Shade Gap Borough,Write In,U.S. Senate,,,0
Huntingdon,0043 Shade Gap Borough,Wolf/Fetterman,Governor,,DEM,6
Huntingdon,0043 Shade Gap Borough,Wagner/Bartos,Governor,,REP,18
Huntingdon,0043 Shade Gap Borough,Glover/Bowser-Bostick,Governor,,GRN,0
Huntingdon,0043 Shade Gap Borough,Krawchuk/Smith,Governor,,LIB,1
Huntingdon,0043 Shade Gap Borough,Write In,Governor,,,0
Huntingdon,0043 Shade Gap Borough,Brent Ottaway,U.S. House,13,DEM,5
Huntingdon,0043 Shade Gap Borough,John Joyce,U.S. House,13,REP,20
Huntingdon,0043 Shade Gap Borough,Write In,U.S. House,13,,0
Huntingdon,0043 Shade Gap Borough,Emily Best,State Senate,30,DEM,5
Huntingdon,0043 Shade Gap Borough,Judy Ward,State Senate,30,REP,20
Huntingdon,0043 Shade Gap Borough,Write In,State Senate,30,,0
Huntingdon,0043 Shade Gap Borough,Rick Rogers,State House,81,DEM,5
Huntingdon,0043 Shade Gap Borough,Rich Irvin,State House,81,REP,17
Huntingdon,0043 Shade Gap Borough,Joseph P Soloski,State House,81,LIB,2
Huntingdon,0043 Shade Gap Borough,Write In,State House,81,,0
Huntingdon,0044 Shirley Twp/Mt Union,,Registered Voters,,,981
Huntingdon,0044 Shirley Twp/Mt Union,,Ballots Cast,,,459
Huntingdon,0044 Shirley Twp/Mt Union,,Straight Party,,DEM,51
Huntingdon,0044 Shirley Twp/Mt Union,,Straight Party,,REP,236
Huntingdon,0044 Shirley Twp/Mt Union,,Straight Party,,GRN,0
Huntingdon,0044 Shirley Twp/Mt Union,,Straight Party,,LIB,0
Huntingdon,0044 Shirley Twp/Mt Union,Bob Casey Jr,U.S. Senate,,DEM,111
Huntingdon,0044 Shirley Twp/Mt Union,Lou Barletta,U.S. Senate,,REP,337
Huntingdon,0044 Shirley Twp/Mt Union,Neal Gale,U.S. Senate,,GRN,2
Huntingdon,0044 Shirley Twp/Mt Union,Dale R Kerns Jr,U.S. Senate,,LIB,5
Huntingdon,0044 Shirley Twp/Mt Union,Write In,U.S. Senate,,,0
Huntingdon,0044 Shirley Twp/Mt Union,Wolf/Fetterman,Governor,,DEM,111
Huntingdon,0044 Shirley Twp/Mt Union,Wagner/Bartos,Governor,,REP,342
Huntingdon,0044 Shirley Twp/Mt Union,Glover/Bowser-Bostick,Governor,,GRN,1
Huntingdon,0044 Shirley Twp/Mt Union,Krawchuk/Smith,Governor,,LIB,2
Huntingdon,0044 Shirley Twp/Mt Union,Write In,Governor,,,0
Huntingdon,0044 Shirley Twp/Mt Union,Brent Ottaway,U.S. House,13,DEM,91
Huntingdon,0044 Shirley Twp/Mt Union,John Joyce,U.S. House,13,REP,364
Huntingdon,0044 Shirley Twp/Mt Union,Write In,U.S. House,13,,0
Huntingdon,0044 Shirley Twp/Mt Union,Emily Best,State Senate,30,DEM,108
Huntingdon,0044 Shirley Twp/Mt Union,Judy Ward,State Senate,30,REP,349
Huntingdon,0044 Shirley Twp/Mt Union,Write In,State Senate,30,,0
Huntingdon,0044 Shirley Twp/Mt Union,Rick Rogers,State House,81,DEM,110
Huntingdon,0044 Shirley Twp/Mt Union,Rich Irvin,State House,81,REP,338
Huntingdon,0044 Shirley Twp/Mt Union,Joseph P Soloski,State House,81,LIB,9
Huntingdon,0044 Shirley Twp/Mt Union,Write In,State House,81,,0
Huntingdon,0045 Shirley Twp/Shirley,,Registered Voters,,,491
Huntingdon,0045 Shirley Twp/Shirley,,Ballots Cast,,,269
Huntingdon,0045 Shirley Twp/Shirley,,Straight Party,,DEM,28
Huntingdon,0045 Shirley Twp/Shirley,,Straight Party,,REP,151
Huntingdon,0045 Shirley Twp/Shirley,,Straight Party,,GRN,0
Huntingdon,0045 Shirley Twp/Shirley,,Straight Party,,LIB,1
Huntingdon,0045 Shirley Twp/Shirley,Bob Casey Jr,U.S. Senate,,DEM,55
Huntingdon,0045 Shirley Twp/Shirley,Lou Barletta,U.S. Senate,,REP,207
Huntingdon,0045 Shirley Twp/Shirley,Neal Gale,U.S. Senate,,GRN,4
Huntingdon,0045 Shirley Twp/Shirley,Dale R Kerns Jr,U.S. Senate,,LIB,1
Huntingdon,0045 Shirley Twp/Shirley,Write In,U.S. Senate,,,0
Huntingdon,0045 Shirley Twp/Shirley,Wolf/Fetterman,Governor,,DEM,54
Huntingdon,0045 Shirley Twp/Shirley,Wagner/Bartos,Governor,,REP,213
Huntingdon,0045 Shirley Twp/Shirley,Glover/Bowser-Bostick,Governor,,GRN,1
Huntingdon,0045 Shirley Twp/Shirley,Krawchuk/Smith,Governor,,LIB,0
Huntingdon,0045 Shirley Twp/Shirley,Write In,Governor,,,0
Huntingdon,0045 Shirley Twp/Shirley,Brent Ottaway,U.S. House,13,DEM,43
Huntingdon,0045 Shirley Twp/Shirley,John Joyce,U.S. House,13,REP,225
Huntingdon,0045 Shirley Twp/Shirley,Write In,U.S. House,13,,0
Huntingdon,0045 Shirley Twp/Shirley,Emily Best,State Senate,30,DEM,51
Huntingdon,0045 Shirley Twp/Shirley,Judy Ward,State Senate,30,REP,216
Huntingdon,0045 Shirley Twp/Shirley,Write In,State Senate,30,,0
Huntingdon,0045 Shirley Twp/Shirley,Rick Rogers,State House,81,DEM,55
Huntingdon,0045 Shirley Twp/Shirley,Rich Irvin,State House,81,REP,211
Huntingdon,0045 Shirley Twp/Shirley,Joseph P Soloski,State House,81,LIB,3
Huntingdon,0045 Shirley Twp/Shirley,Write In,State House,81,,0
Huntingdon,0046 Shirley Twp/Valley PT,,Registered Voters,,,75
Huntingdon,0046 Shirley Twp/Valley PT,,Ballots Cast,,,40
Huntingdon,0046 Shirley Twp/Valley PT,,Straight Party,,DEM,0
Huntingdon,0046 Shirley Twp/Valley PT,,Straight Party,,REP,22
Huntingdon,0046 Shirley Twp/Valley PT,,Straight Party,,GRN,0
Huntingdon,0046 Shirley Twp/Valley PT,,Straight Party,,LIB,0
Huntingdon,0046 Shirley Twp/Valley PT,Bob Casey Jr,U.S. Senate,,DEM,3
Huntingdon,0046 Shirley Twp/Valley PT,Lou Barletta,U.S. Senate,,REP,36
Huntingdon,0046 Shirley Twp/Valley PT,Neal Gale,U.S. Senate,,GRN,1
Huntingdon,0046 Shirley Twp/Valley PT,Dale R Kerns Jr,U.S. Senate,,LIB,0
Huntingdon,0046 Shirley Twp/Valley PT,Write In,U.S. Senate,,,0
Huntingdon,0046 Shirley Twp/Valley PT,Wolf/Fetterman,Governor,,DEM,1
Huntingdon,0046 Shirley Twp/Valley PT,Wagner/Bartos,Governor,,REP,39
Huntingdon,0046 Shirley Twp/Valley PT,Glover/Bowser-Bostick,Governor,,GRN,0
Huntingdon,0046 Shirley Twp/Valley PT,Krawchuk/Smith,Governor,,LIB,0
Huntingdon,0046 Shirley Twp/Valley PT,Write In,Governor,,,0
Huntingdon,0046 Shirley Twp/Valley PT,Brent Ottaway,U.S. House,13,DEM,2
Huntingdon,0046 Shirley Twp/Valley PT,John Joyce,U.S. House,13,REP,38
Huntingdon,0046 Shirley Twp/Valley PT,Write In,U.S. House,13,,0
Huntingdon,0046 Shirley Twp/Valley PT,Emily Best,State Senate,30,DEM,2
Huntingdon,0046 Shirley Twp/Valley PT,Judy Ward,State Senate,30,REP,37
Huntingdon,0046 Shirley Twp/Valley PT,Write In,State Senate,30,,0
Huntingdon,0046 Shirley Twp/Valley PT,Rick Rogers,State House,81,DEM,2
Huntingdon,0046 Shirley Twp/Valley PT,Rich Irvin,State House,81,REP,37
Huntingdon,0046 Shirley Twp/Valley PT,Joseph P Soloski,State House,81,LIB,1
Huntingdon,0046 Shirley Twp/Valley PT,Write In,State House,81,,0
Huntingdon,0047 Shirleysburg Borough,,Registered Voters,,,92
Huntingdon,0047 Shirleysburg Borough,,Ballots Cast,,,48
Huntingdon,0047 Shirleysburg Borough,,Straight Party,,DEM,7
Huntingdon,0047 Shirleysburg Borough,,Straight Party,,REP,23
Huntingdon,0047 Shirleysburg Borough,,Straight Party,,GRN,0
Huntingdon,0047 Shirleysburg Borough,,Straight Party,,LIB,1
Huntingdon,0047 Shirleysburg Borough,Bob Casey Jr,U.S. Senate,,DEM,12
Huntingdon,0047 Shirleysburg Borough,Lou Barletta,U.S. Senate,,REP,34
Huntingdon,0047 Shirleysburg Borough,Neal Gale,U.S. Senate,,GRN,0
Huntingdon,0047 Shirleysburg Borough,Dale R Kerns Jr,U.S. Senate,,LIB,1
Huntingdon,0047 Shirleysburg Borough,Write In,U.S. Senate,,,0
Huntingdon,0047 Shirleysburg Borough,Wolf/Fetterman,Governor,,DEM,12
Huntingdon,0047 Shirleysburg Borough,Wagner/Bartos,Governor,,REP,34
Huntingdon,0047 Shirleysburg Borough,Glover/Bowser-Bostick,Governor,,GRN,0
Huntingdon,0047 Shirleysburg Borough,Krawchuk/Smith,Governor,,LIB,1
Huntingdon,0047 Shirleysburg Borough,Write In,Governor,,,0
Huntingdon,0047 Shirleysburg Borough,Brent Ottaway,U.S. House,13,DEM,12
Huntingdon,0047 Shirleysburg Borough,John Joyce,U.S. House,13,REP,36
Huntingdon,0047 Shirleysburg Borough,Write In,U.S. House,13,,0
Huntingdon,0047 Shirleysburg Borough,Emily Best,State Senate,30,DEM,15
Huntingdon,0047 Shirleysburg Borough,Judy Ward,State Senate,30,REP,33
Huntingdon,0047 Shirleysburg Borough,Write In,State Senate,30,,0
Huntingdon,0047 Shirleysburg Borough,Rick Rogers,State House,81,DEM,14
Huntingdon,0047 Shirleysburg Borough,Rich Irvin,State House,81,REP,33
Huntingdon,0047 Shirleysburg Borough,Joseph P Soloski,State House,81,LIB,1
Huntingdon,0047 Shirleysburg Borough,Write In,State House,81,,0
Huntingdon,0048 Smithfield Township,,Registered Voters,,,1016
Huntingdon,0048 Smithfield Township,,Ballots Cast,,,542
Huntingdon,0048 Smithfield Township,,Straight Party,,DEM,88
Huntingdon,0048 Smithfield Township,,Straight Party,,REP,238
Huntingdon,0048 Smithfield Township,,Straight Party,,GRN,0
Huntingdon,0048 Smithfield Township,,Straight Party,,LIB,0
Huntingdon,0048 Smithfield Township,Bob Casey Jr,U.S. Senate,,DEM,204
Huntingdon,0048 Smithfield Township,Lou Barletta,U.S. Senate,,REP,332
Huntingdon,0048 Smithfield Township,Neal Gale,U.S. Senate,,GRN,1
Huntingdon,0048 Smithfield Township,Dale R Kerns Jr,U.S. Senate,,LIB,3
Huntingdon,0048 Smithfield Township,Write In,U.S. Senate,,,2
Huntingdon,0048 Smithfield Township,Wolf/Fetterman,Governor,,DEM,194
Huntingdon,0048 Smithfield Township,Wagner/Bartos,Governor,,REP,338
Huntingdon,0048 Smithfield Township,Glover/Bowser-Bostick,Governor,,GRN,0
Huntingdon,0048 Smithfield Township,Krawchuk/Smith,Governor,,LIB,7
Huntingdon,0048 Smithfield Township,Write In,Governor,,,0
Huntingdon,0048 Smithfield Township,Brent Ottaway,U.S. House,13,DEM,161
Huntingdon,0048 Smithfield Township,John Joyce,U.S. House,13,REP,379
Huntingdon,0048 Smithfield Township,Write In,U.S. House,13,,0
Huntingdon,0048 Smithfield Township,Ezra Nanes,State Senate,34,DEM,167
Huntingdon,0048 Smithfield Township,Jacob D. Corman III,State Senate,34,REP,373
Huntingdon,0048 Smithfield Township,Write In,State Senate,34,,1
Huntingdon,0048 Smithfield Township,Rick Rogers,State House,81,DEM,166
Huntingdon,0048 Smithfield Township,Rich Irvin,State House,81,REP,364
Huntingdon,0048 Smithfield Township,Joseph P Soloski,State House,81,LIB,12
Huntingdon,0048 Smithfield Township,Write In,State House,81,,0
Huntingdon,0049 Springfield Township,,Registered Voters,,,466
Huntingdon,0049 Springfield Township,,Ballots Cast,,,273
Huntingdon,0049 Springfield Township,,Straight Party,,DEM,25
Huntingdon,0049 Springfield Township,,Straight Party,,REP,155
Huntingdon,0049 Springfield Township,,Straight Party,,GRN,0
Huntingdon,0049 Springfield Township,,Straight Party,,LIB,2
Huntingdon,0049 Springfield Township,Bob Casey Jr,U.S. Senate,,DEM,52
Huntingdon,0049 Springfield Township,Lou Barletta,U.S. Senate,,REP,216
Huntingdon,0049 Springfield Township,Neal Gale,U.S. Senate,,GRN,1
Huntingdon,0049 Springfield Township,Dale R Kerns Jr,U.S. Senate,,LIB,4
Huntingdon,0049 Springfield Township,Write In,U.S. Senate,,,0
Huntingdon,0049 Springfield Township,Wolf/Fetterman,Governor,,DEM,59
Huntingdon,0049 Springfield Township,Wagner/Bartos,Governor,,REP,211
Huntingdon,0049 Springfield Township,Glover/Bowser-Bostick,Governor,,GRN,1
Huntingdon,0049 Springfield Township,Krawchuk/Smith,Governor,,LIB,2
Huntingdon,0049 Springfield Township,Write In,Governor,,,0
Huntingdon,0049 Springfield Township,Brent Ottaway,U.S. House,13,DEM,46
Huntingdon,0049 Springfield Township,John Joyce,U.S. House,13,REP,226
Huntingdon,0049 Springfield Township,Write In,U.S. House,13,,0
Huntingdon,0049 Springfield Township,Emily Best,State Senate,30,DEM,49
Huntingdon,0049 Springfield Township,Judy Ward,State Senate,30,REP,222
Huntingdon,0049 Springfield Township,Write In,State Senate,30,,1
Huntingdon,0049 Springfield Township,Rick Rogers,State House,81,DEM,51
Huntingdon,0049 Springfield Township,Rich Irvin,State House,81,REP,214
Huntingdon,0049 Springfield Township,Joseph P Soloski,State House,81,LIB,7
Huntingdon,0049 Springfield Township,Write In,State House,81,,0
Huntingdon,0050 Spruce Creek Township,,Registered Voters,,,214
Huntingdon,0050 Spruce Creek Township,,Ballots Cast,,,138
Huntingdon,0050 Spruce Creek Township,,Straight Party,,DEM,15
Huntingdon,0050 Spruce Creek Township,,Straight Party,,REP,48
Huntingdon,0050 Spruce Creek Township,,Straight Party,,GRN,0
Huntingdon,0050 Spruce Creek Township,,Straight Party,,LIB,0
Huntingdon,0050 Spruce Creek Township,Bob Casey Jr,U.S. Senate,,DEM,46
Huntingdon,0050 Spruce Creek Township,Lou Barletta,U.S. Senate,,REP,88
Huntingdon,0050 Spruce Creek Township,Neal Gale,U.S. Senate,,GRN,1
Huntingdon,0050 Spruce Creek Township,Dale R Kerns Jr,U.S. Senate,,LIB,2
Huntingdon,0050 Spruce Creek Township,Write In,U.S. Senate,,,0
Huntingdon,0050 Spruce Creek Township,Wolf/Fetterman,Governor,,DEM,47
Huntingdon,0050 Spruce Creek Township,Wagner/Bartos,Governor,,REP,89
Huntingdon,0050 Spruce Creek Township,Glover/Bowser-Bostick,Governor,,GRN,0
Huntingdon,0050 Spruce Creek Township,Krawchuk/Smith,Governor,,LIB,2
Huntingdon,0050 Spruce Creek Township,Write In,Governor,,,0
Huntingdon,0050 Spruce Creek Township,Brent Ottaway,U.S. House,13,DEM,42
Huntingdon,0050 Spruce Creek Township,John Joyce,U.S. House,13,REP,96
Huntingdon,0050 Spruce Creek Township,Write In,U.S. House,13,,0
Huntingdon,0050 Spruce Creek Township,Emily Best,State Senate,30,DEM,48
Huntingdon,0050 Spruce Creek Township,Judy Ward,State Senate,30,REP,89
Huntingdon,0050 Spruce Creek Township,Write In,State Senate,30,,0
Huntingdon,0050 Spruce Creek Township,Rick Rogers,State House,81,DEM,37
Huntingdon,0050 Spruce Creek Township,Rich Irvin,State House,81,REP,94
Huntingdon,0050 Spruce Creek Township,Joseph P Soloski,State House,81,LIB,6
Huntingdon,0050 Spruce Creek Township,Write In,State House,81,,0
Huntingdon,0051 Tell Township,,Registered Voters,,,443
Huntingdon,0051 Tell Township,,Ballots Cast,,,233
Huntingdon,0051 Tell Township,,Straight Party,,DEM,31
Huntingdon,0051 Tell Township,,Straight Party,,REP,109
Huntingdon,0051 Tell Township,,Straight Party,,GRN,0
Huntingdon,0051 Tell Township,,Straight Party,,LIB,0
Huntingdon,0051 Tell Township,Bob Casey Jr,U.S. Senate,,DEM,72
Huntingdon,0051 Tell Township,Lou Barletta,U.S. Senate,,REP,157
Huntingdon,0051 Tell Township,Neal Gale,U.S. Senate,,GRN,0
Huntingdon,0051 Tell Township,Dale R Kerns Jr,U.S. Senate,,LIB,3
Huntingdon,0051 Tell Township,Write In,U.S. Senate,,,0
Huntingdon,0051 Tell Township,Wolf/Fetterman,Governor,,DEM,69
Huntingdon,0051 Tell Township,Wagner/Bartos,Governor,,REP,162
Huntingdon,0051 Tell Township,Glover/Bowser-Bostick,Governor,,GRN,0
Huntingdon,0051 Tell Township,Krawchuk/Smith,Governor,,LIB,2
Huntingdon,0051 Tell Township,Write In,Governor,,,0
Huntingdon,0051 Tell Township,Brent Ottaway,U.S. House,13,DEM,54
Huntingdon,0051 Tell Township,John Joyce,U.S. House,13,REP,175
Huntingdon,0051 Tell Township,Write In,U.S. House,13,,0
Huntingdon,0051 Tell Township,Emily Best,State Senate,30,DEM,61
Huntingdon,0051 Tell Township,Judy Ward,State Senate,30,REP,167
Huntingdon,0051 Tell Township,Write In,State Senate,30,,0
Huntingdon,0051 Tell Township,Rick Rogers,State House,81,DEM,56
Huntingdon,0051 Tell Township,Rich Irvin,State House,81,REP,165
Huntingdon,0051 Tell Township,Joseph P Soloski,State House,81,LIB,4
Huntingdon,0051 Tell Township,Write In,State House,81,,0
Huntingdon,0052 Three Springs Borough,,Registered Voters,,,311
Huntingdon,0052 Three Springs Borough,,Ballots Cast,,,159
Huntingdon,0052 Three Springs Borough,,Straight Party,,DEM,14
Huntingdon,0052 Three Springs Borough,,Straight Party,,REP,83
Huntingdon,0052 Three Springs Borough,,Straight Party,,GRN,0
Huntingdon,0052 Three Springs Borough,,Straight Party,,LIB,0
Huntingdon,0052 Three Springs Borough,Bob Casey Jr,U.S. Senate,,DEM,39
Huntingdon,0052 Three Springs Borough,Lou Barletta,U.S. Senate,,REP,117
Huntingdon,0052 Three Springs Borough,Neal Gale,U.S. Senate,,GRN,1
Huntingdon,0052 Three Springs Borough,Dale R Kerns Jr,U.S. Senate,,LIB,1
Huntingdon,0052 Three Springs Borough,Write In,U.S. Senate,,,0
Huntingdon,0052 Three Springs Borough,Wolf/Fetterman,Governor,,DEM,36
Huntingdon,0052 Three Springs Borough,Wagner/Bartos,Governor,,REP,118
Huntingdon,0052 Three Springs Borough,Glover/Bowser-Bostick,Governor,,GRN,2
Huntingdon,0052 Three Springs Borough,Krawchuk/Smith,Governor,,LIB,1
Huntingdon,0052 Three Springs Borough,Write In,Governor,,,0
Huntingdon,0052 Three Springs Borough,Brent Ottaway,U.S. House,13,DEM,30
Huntingdon,0052 Three Springs Borough,John Joyce,U.S. House,13,REP,124
Huntingdon,0052 Three Springs Borough,Write In,U.S. House,13,,0
Huntingdon,0052 Three Springs Borough,Emily Best,State Senate,30,DEM,33
Huntingdon,0052 Three Springs Borough,Judy Ward,State Senate,30,REP,122
Huntingdon,0052 Three Springs Borough,Write In,State Senate,30,,0
Huntingdon,0052 Three Springs Borough,Rick Rogers,State House,81,DEM,29
Huntingdon,0052 Three Springs Borough,Rich Irvin,State House,81,REP,128
Huntingdon,0052 Three Springs Borough,Joseph P Soloski,State House,81,LIB,1
Huntingdon,0052 Three Springs Borough,Write In,State House,81,,1
Huntingdon,0053 Todd Township,,Registered Voters,,,611
Huntingdon,0053 Todd Township,,Ballots Cast,,,351
Huntingdon,0053 Todd Township,,Straight Party,,DEM,36
Huntingdon,0053 Todd Township,,Straight Party,,REP,199
Huntingdon,0053 Todd Township,,Straight Party,,GRN,0
Huntingdon,0053 Todd Township,,Straight Party,,LIB,1
Huntingdon,0053 Todd Township,Bob Casey Jr,U.S. Senate,,DEM,79
Huntingdon,0053 Todd Township,Lou Barletta,U.S. Senate,,REP,269
Huntingdon,0053 Todd Township,Neal Gale,U.S. Senate,,GRN,0
Huntingdon,0053 Todd Township,Dale R Kerns Jr,U.S. Senate,,LIB,2
Huntingdon,0053 Todd Township,Write In,U.S. Senate,,,0
Huntingdon,0053 Todd Township,Wolf/Fetterman,Governor,,DEM,77
Huntingdon,0053 Todd Township,Wagner/Bartos,Governor,,REP,270
Huntingdon,0053 Todd Township,Glover/Bowser-Bostick,Governor,,GRN,2
Huntingdon,0053 Todd Township,Krawchuk/Smith,Governor,,LIB,1
Huntingdon,0053 Todd Township,Write In,Governor,,,0
Huntingdon,0053 Todd Township,Brent Ottaway,U.S. House,13,DEM,57
Huntingdon,0053 Todd Township,John Joyce,U.S. House,13,REP,290
Huntingdon,0053 Todd Township,Write In,U.S. House,13,,1
Huntingdon,0053 Todd Township,Emily Best,State Senate,30,DEM,68
Huntingdon,0053 Todd Township,Judy Ward,State Senate,30,REP,279
Huntingdon,0053 Todd Township,Write In,State Senate,30,,0
Huntingdon,0053 Todd Township,Rick Rogers,State House,81,DEM,57
Huntingdon,0053 Todd Township,Rich Irvin,State House,81,REP,286
Huntingdon,0053 Todd Township,Joseph P Soloski,State House,81,LIB,3
Huntingdon,0053 Todd Township,Write In,State House,81,,0
Huntingdon,0054 Union Township,,Registered Voters,,,688
Huntingdon,0054 Union Township,,Ballots Cast,,,400
Huntingdon,0054 Union Township,,Straight Party,,DEM,41
Huntingdon,0054 Union Township,,Straight Party,,REP,217
Huntingdon,0054 Union Township,,Straight Party,,GRN,0
Huntingdon,0054 Union Township,,Straight Party,,LIB,2
Huntingdon,0054 Union Township,Bob Casey Jr,U.S. Senate,,DEM,95
Huntingdon,0054 Union Township,Lou Barletta,U.S. Senate,,REP,293
Huntingdon,0054 Union Township,Neal Gale,U.S. Senate,,GRN,2
Huntingdon,0054 Union Township,Dale R Kerns Jr,U.S. Senate,,LIB,9
Huntingdon,0054 Union Township,Write In,U.S. Senate,,,1
Huntingdon,0054 Union Township,Wolf/Fetterman,Governor,,DEM,94
Huntingdon,0054 Union Township,Wagner/Bartos,Governor,,REP,298
Huntingdon,0054 Union Township,Glover/Bowser-Bostick,Governor,,GRN,2
Huntingdon,0054 Union Township,Krawchuk/Smith,Governor,,LIB,3
Huntingdon,0054 Union Township,Write In,Governor,,,0
Huntingdon,0054 Union Township,Brent Ottaway,U.S. House,13,DEM,77
Huntingdon,0054 Union Township,John Joyce,U.S. House,13,REP,320
Huntingdon,0054 Union Township,Write In,U.S. House,13,,1
Huntingdon,0054 Union Township,Emily Best,State Senate,30,DEM,84
Huntingdon,0054 Union Township,Judy Ward,State Senate,30,REP,313
Huntingdon,0054 Union Township,Write In,State Senate,30,,0
Huntingdon,0054 Union Township,Rick Rogers,State House,81,DEM,80
Huntingdon,0054 Union Township,Rich Irvin,State House,81,REP,309
Huntingdon,0054 Union Township,Joseph P Soloski,State House,81,LIB,9
Huntingdon,0054 Union Township,Write In,State House,81,,0
Huntingdon,0055 Walker Township,,Registered Voters,,,1514
Huntingdon,0055 Walker Township,,Ballots Cast,,,889
Huntingdon,0055 Walker Township,,Straight Party,,DEM,135
Huntingdon,0055 Walker Township,,Straight Party,,REP,375
Huntingdon,0055 Walker Township,,Straight Party,,GRN,0
Huntingdon,0055 Walker Township,,Straight Party,,LIB,2
Huntingdon,0055 Walker Township,Bob Casey Jr,U.S. Senate,,DEM,294
Huntingdon,0055 Walker Township,Lou Barletta,U.S. Senate,,REP,588
Huntingdon,0055 Walker Township,Neal Gale,U.S. Senate,,GRN,2
Huntingdon,0055 Walker Township,Dale R Kerns Jr,U.S. Senate,,LIB,3
Huntingdon,0055 Walker Township,Write In,U.S. Senate,,,0
Huntingdon,0055 Walker Township,Wolf/Fetterman,Governor,,DEM,285
Huntingdon,0055 Walker Township,Wagner/Bartos,Governor,,REP,577
Huntingdon,0055 Walker Township,Glover/Bowser-Bostick,Governor,,GRN,4
Huntingdon,0055 Walker Township,Krawchuk/Smith,Governor,,LIB,15
Huntingdon,0055 Walker Township,Write In,Governor,,,0
Huntingdon,0055 Walker Township,Brent Ottaway,U.S. House,13,DEM,240
Huntingdon,0055 Walker Township,John Joyce,U.S. House,13,REP,643
Huntingdon,0055 Walker Township,Write In,U.S. House,13,,2
Huntingdon,0055 Walker Township,Emily Best,State Senate,30,DEM,257
Huntingdon,0055 Walker Township,Judy Ward,State Senate,30,REP,626
Huntingdon,0055 Walker Township,Write In,State Senate,30,,1
Huntingdon,0055 Walker Township,Rick Rogers,State House,81,DEM,241
Huntingdon,0055 Walker Township,Rich Irvin,State House,81,REP,612
Huntingdon,0055 Walker Township,Joseph P Soloski,State House,81,LIB,29
Huntingdon,0055 Walker Township,Write In,State House,81,,2
Huntingdon,0056 Warriors Mark Twp,,Registered Voters,,,1463
Huntingdon,0056 Warriors Mark Twp,,Ballots Cast,,,827
Huntingdon,0056 Warriors Mark Twp,,Straight Party,,DEM,83
Huntingdon,0056 Warriors Mark Twp,,Straight Party,,REP,414
Huntingdon,0056 Warriors Mark Twp,,Straight Party,,GRN,0
Huntingdon,0056 Warriors Mark Twp,,Straight Party,,LIB,0
Huntingdon,0056 Warriors Mark Twp,Bob Casey Jr,U.S. Senate,,DEM,205
Huntingdon,0056 Warriors Mark Twp,Lou Barletta,U.S. Senate,,REP,603
Huntingdon,0056 Warriors Mark Twp,Neal Gale,U.S. Senate,,GRN,4
Huntingdon,0056 Warriors Mark Twp,Dale R Kerns Jr,U.S. Senate,,LIB,13
Huntingdon,0056 Warriors Mark Twp,Write In,U.S. Senate,,,0
Huntingdon,0056 Warriors Mark Twp,Wolf/Fetterman,Governor,,DEM,221
Huntingdon,0056 Warriors Mark Twp,Wagner/Bartos,Governor,,REP,595
Huntingdon,0056 Warriors Mark Twp,Glover/Bowser-Bostick,Governor,,GRN,2
Huntingdon,0056 Warriors Mark Twp,Krawchuk/Smith,Governor,,LIB,5
Huntingdon,0056 Warriors Mark Twp,Write In,Governor,,,0
Huntingdon,0056 Warriors Mark Twp,Brent Ottaway,U.S. House,13,DEM,168
Huntingdon,0056 Warriors Mark Twp,John Joyce,U.S. House,13,REP,654
Huntingdon,0056 Warriors Mark Twp,Write In,U.S. House,13,,0
Huntingdon,0056 Warriors Mark Twp,Emily Best,State Senate,30,DEM,175
Huntingdon,0056 Warriors Mark Twp,Judy Ward,State Senate,30,REP,651
Huntingdon,0056 Warriors Mark Twp,Write In,State Senate,30,,0
Huntingdon,0056 Warriors Mark Twp,Rick Rogers,State House,81,DEM,153
Huntingdon,0056 Warriors Mark Twp,Rich Irvin,State House,81,REP,659
Huntingdon,0056 Warriors Mark Twp,Joseph P Soloski,State House,81,LIB,14
Huntingdon,0056 Warriors Mark Twp,Write In,State House,81,,0
Huntingdon,0057 West Township,,Registered Voters,,,388
Huntingdon,0057 West Township,,Ballots Cast,,,233
Huntingdon,0057 West Township,,Straight Party,,DEM,28
Huntingdon,0057 West Township,,Straight Party,,REP,106
Huntingdon,0057 West Township,,Straight Party,,GRN,0
Huntingdon,0057 West Township,,Straight Party,,LIB,0
Huntingdon,0057 West Township,Bob Casey Jr,U.S. Senate,,DEM,75
Huntingdon,0057 West Township,Lou Barletta,U.S. Senate,,REP,152
Huntingdon,0057 West Township,Neal Gale,U.S. Senate,,GRN,1
Huntingdon,0057 West Township,Dale R Kerns Jr,U.S. Senate,,LIB,2
Huntingdon,0057 West Township,Write In,U.S. Senate,,,1
Huntingdon,0057 West Township,Wolf/Fetterman,Governor,,DEM,69
Huntingdon,0057 West Township,Wagner/Bartos,Governor,,REP,163
Huntingdon,0057 West Township,Glover/Bowser-Bostick,Governor,,GRN,0
Huntingdon,0057 West Township,Krawchuk/Smith,Governor,,LIB,1
Huntingdon,0057 West Township,Write In,Governor,,,0
Huntingdon,0057 West Township,Brent Ottaway,U.S. House,13,DEM,55
Huntingdon,0057 West Township,John Joyce,U.S. House,13,REP,172
Huntingdon,0057 West Township,Write In,U.S. House,13,,0
Huntingdon,0057 West Township,Ezra Nanes,State Senate,34,DEM,58
Huntingdon,0057 West Township,Jacob D. Corman III,State Senate,34,REP,173
Huntingdon,0057 West Township,Write In,State Senate,34,,0
Huntingdon,0057 West Township,Rick Rogers,State House,81,DEM,56
Huntingdon,0057 West Township,Rich Irvin,State House,81,REP,173
Huntingdon,0057 West Township,Joseph P Soloski,State House,81,LIB,3
Huntingdon,0057 West Township,Write In,State House,81,,0
Huntingdon,0058 Wood Township,,Registered Voters,,,389
Huntingdon,0058 Wood Township,,Ballots Cast,,,169
Huntingdon,0058 Wood Township,,Straight Party,,DEM,24
Huntingdon,0058 Wood Township,,Straight Party,,REP,69
Huntingdon,0058 Wood Township,,Straight Party,,GRN,0
Huntingdon,0058 Wood Township,,Straight Party,,LIB,0
Huntingdon,0058 Wood Township,Bob Casey Jr,U.S. Senate,,DEM,66
Huntingdon,0058 Wood Township,Lou Barletta,U.S. Senate,,REP,95
Huntingdon,0058 Wood Township,Neal Gale,U.S. Senate,,GRN,2
Huntingdon,0058 Wood Township,Dale R Kerns Jr,U.S. Senate,,LIB,2
Huntingdon,0058 Wood Township,Write In,U.S. Senate,,,0
Huntingdon,0058 Wood Township,Wolf/Fetterman,Governor,,DEM,59
Huntingdon,0058 Wood Township,Wagner/Bartos,Governor,,REP,106
Huntingdon,0058 Wood Township,Glover/Bowser-Bostick,Governor,,GRN,1
Huntingdon,0058 Wood Township,Krawchuk/Smith,Governor,,LIB,2
Huntingdon,0058 Wood Township,Write In,Governor,,,0
Huntingdon,0058 Wood Township,Brent Ottaway,U.S. House,13,DEM,42
Huntingdon,0058 Wood Township,John Joyce,U.S. House,13,REP,123
Huntingdon,0058 Wood Township,Write In,U.S. House,13,,0
Huntingdon,0058 Wood Township,Emily Best,State Senate,30,DEM,53
Huntingdon,0058 Wood Township,Judy Ward,State Senate,30,REP,111
Huntingdon,0058 Wood Township,Write In,State Senate,30,,0
Huntingdon,0058 Wood Township,Rick Rogers,State House,81,DEM,43
Huntingdon,0058 Wood Township,Rich Irvin,State House,81,REP,121
Huntingdon,0058 Wood Township,Joseph P Soloski,State House,81,LIB,1
Huntingdon,0058 Wood Township,Write In,State House,81,,0