county,precinct,candidate,office,district,party,votes
Northumberland,Coal Township 1,,Ballots Cast,,,239
Northumberland,Coal Township 1,,Straight Party,,DEM,49
Northumberland,Coal Township 1,,Straight Party,,REP,63
Northumberland,Coal Township 1,,Straight Party,,GRN,1
Northumberland,Coal Township 1,,Straight Party,,LIB,1
Northumberland,Coal Township 1,"BOB CASEY, JR",U.S. Senate,,DEM,98
Northumberland,Coal Township 1,LOU BARLETTA,U.S. Senate,,REP,133
Northumberland,Coal Township 1,NEAL GALE,U.S. Senate,,GRN,1
Northumberland,Coal Township 1,"DALE R KERNS, JR",U.S. Senate,,LIB,4
Northumberland,Coal Township 1,WRITE-IN,U.S. Senate,,,0
Northumberland,Coal Township 1,TOM WOLF,Governor,,DEM,121
Northumberland,Coal Township 1,SCOTT R WAGNER,Governor,,REP,111
Northumberland,Coal Township 1,PAUL GLOVER,Governor,,GRN,2
Northumberland,Coal Township 1,KEN V KRAWCHUK,Governor,,LIB,3
Northumberland,Coal Township 1,WRITE-IN,Governor,,,0
Northumberland,Coal Township 1,DENNY WOLFF,U.S. House,9.0,DEM,95
Northumberland,Coal Township 1,DAN MEUSER,U.S. House,9.0,REP,125
Northumberland,Coal Township 1,WRITE-IN,U.S. House,9.0,,0
Northumberland,Coal Township 1,SARAH DONNELLY,State House,107.0,DEM,92
Northumberland,Coal Township 1,KURT A. MASSER,State House,107.0,REP,137
Northumberland,Coal Township 1,WRITE-IN,State House,107.0,,0
Northumberland,Kulpmont Borough 2,,Ballots Cast,,,283
Northumberland,Kulpmont Borough 2,,Straight Party,,DEM,52
Northumberland,Kulpmont Borough 2,,Straight Party,,REP,59
Northumberland,Kulpmont Borough 2,,Straight Party,,GRN,0
Northumberland,Kulpmont Borough 2,,Straight Party,,LIB,0
Northumberland,Kulpmont Borough 2,"BOB CASEY, JR",U.S. Senate,,DEM,127
Northumberland,Kulpmont Borough 2,LOU BARLETTA,U.S. Senate,,REP,141
Northumberland,Kulpmont Borough 2,NEAL GALE,U.S. Senate,,GRN,3
Northumberland,Kulpmont Borough 2,"DALE R KERNS, JR",U.S. Senate,,LIB,2
Northumberland,Kulpmont Borough 2,WRITE-IN,U.S. Senate,,,0
Northumberland,Kulpmont Borough 2,TOM WOLF,Governor,,DEM,159
Northumberland,Kulpmont Borough 2,SCOTT R WAGNER,Governor,,REP,114
Northumberland,Kulpmont Borough 2,PAUL GLOVER,Governor,,GRN,0
Northumberland,Kulpmont Borough 2,KEN V KRAWCHUK,Governor,,LIB,3
Northumberland,Kulpmont Borough 2,WRITE-IN,Governor,,,2
Northumberland,Kulpmont Borough 2,DENNY WOLFF,U.S. House,9.0,DEM,125
Northumberland,Kulpmont Borough 2,DAN MEUSER,U.S. House,9.0,REP,144
Northumberland,Kulpmont Borough 2,WRITE-IN,U.S. House,9.0,,1
Northumberland,Kulpmont Borough 2,SARAH DONNELLY,State House,107.0,DEM,109
Northumberland,Kulpmont Borough 2,KURT A. MASSER,State House,107.0,REP,165
Northumberland,Kulpmont Borough 2,WRITE-IN,State House,107.0,,0
Northumberland,Kulpmont Borough 3,,Ballots Cast,,,317
Northumberland,Kulpmont Borough 3,,Straight Party,,DEM,56
Northumberland,Kulpmont Borough 3,,Straight Party,,REP,68
Northumberland,Kulpmont Borough 3,,Straight Party,,GRN,0
Northumberland,Kulpmont Borough 3,,Straight Party,,LIB,0
Northumberland,Kulpmont Borough 3,"BOB CASEY, JR",U.S. Senate,,DEM,157
Northumberland,Kulpmont Borough 3,LOU BARLETTA,U.S. Senate,,REP,156
Northumberland,Kulpmont Borough 3,NEAL GALE,U.S. Senate,,GRN,0
Northumberland,Kulpmont Borough 3,"DALE R KERNS, JR",U.S. Senate,,LIB,3
Northumberland,Kulpmont Borough 3,WRITE-IN,U.S. Senate,,,0
Northumberland,Kulpmont Borough 3,TOM WOLF,Governor,,DEM,171
Northumberland,Kulpmont Borough 3,SCOTT R WAGNER,Governor,,REP,137
Northumberland,Kulpmont Borough 3,PAUL GLOVER,Governor,,GRN,3
Northumberland,Kulpmont Borough 3,KEN V KRAWCHUK,Governor,,LIB,3
Northumberland,Kulpmont Borough 3,WRITE-IN,Governor,,,0
Northumberland,Kulpmont Borough 3,DENNY WOLFF,U.S. House,9.0,DEM,159
Northumberland,Kulpmont Borough 3,DAN MEUSER,U.S. House,9.0,REP,152
Northumberland,Kulpmont Borough 3,WRITE-IN,U.S. House,9.0,,0
Northumberland,Kulpmont Borough 3,SARAH DONNELLY,State House,107.0,DEM,128
Northumberland,Kulpmont Borough 3,KURT A. MASSER,State House,107.0,REP,183
Northumberland,Kulpmont Borough 3,WRITE-IN,State House,107.0,,0
Northumberland,Marion Heights Borough,,Ballots Cast,,,197
Northumberland,Marion Heights Borough,,Straight Party,,DEM,36
Northumberland,Marion Heights Borough,,Straight Party,,REP,47
Northumberland,Marion Heights Borough,,Straight Party,,GRN,0
Northumberland,Marion Heights Borough,,Straight Party,,LIB,0
Northumberland,Marion Heights Borough,"BOB CASEY, JR",U.S. Senate,,DEM,91
Northumberland,Marion Heights Borough,LOU BARLETTA,U.S. Senate,,REP,104
Northumberland,Marion Heights Borough,NEAL GALE,U.S. Senate,,GRN,0
Northumberland,Marion Heights Borough,"DALE R KERNS, JR",U.S. Senate,,LIB,1
Northumberland,Marion Heights Borough,WRITE-IN,U.S. Senate,,,0
Northumberland,Marion Heights Borough,TOM WOLF,Governor,,DEM,113
Northumberland,Marion Heights Borough,SCOTT R WAGNER,Governor,,REP,76
Northumberland,Marion Heights Borough,PAUL GLOVER,Governor,,GRN,2
Northumberland,Marion Heights Borough,KEN V KRAWCHUK,Governor,,LIB,2
Northumberland,Marion Heights Borough,WRITE-IN,Governor,,,0
Northumberland,Marion Heights Borough,DENNY WOLFF,U.S. House,9.0,DEM,88
Northumberland,Marion Heights Borough,DAN MEUSER,U.S. House,9.0,REP,99
Northumberland,Marion Heights Borough,WRITE-IN,U.S. House,9.0,,0
Northumberland,Marion Heights Borough,SARAH DONNELLY,State House,107.0,DEM,76
Northumberland,Marion Heights Borough,KURT A. MASSER,State House,107.0,REP,115
Northumberland,Marion Heights Borough,WRITE-IN,State House,107.0,,0
Northumberland,Mount Carmel Borough 1,,Ballots Cast,,,259
Northumberland,Mount Carmel Borough 1,,Straight Party,,DEM,58
Northumberland,Mount Carmel Borough 1,,Straight Party,,REP,59
Northumberland,Mount Carmel Borough 1,,Straight Party,,GRN,0
Northumberland,Mount Carmel Borough 1,,Straight Party,,LIB,1
Northumberland,Mount Carmel Borough 1,"BOB CASEY, JR",U.S. Senate,,DEM,128
Northumberland,Mount Carmel Borough 1,LOU BARLETTA,U.S. Senate,,REP,123
Northumberland,Mount Carmel Borough 1,NEAL GALE,U.S. Senate,,GRN,0
Northumberland,Mount Carmel Borough 1,"DALE R KERNS, JR",U.S. Senate,,LIB,3
Northumberland,Mount Carmel Borough 1,WRITE-IN,U.S. Senate,,,1
Northumberland,Mount Carmel Borough 1,TOM WOLF,Governor,,DEM,131
Northumberland,Mount Carmel Borough 1,SCOTT R WAGNER,Governor,,REP,111
Northumberland,Mount Carmel Borough 1,PAUL GLOVER,Governor,,GRN,2
Northumberland,Mount Carmel Borough 1,KEN V KRAWCHUK,Governor,,LIB,8
Northumberland,Mount Carmel Borough 1,WRITE-IN,Governor,,,1
Northumberland,Mount Carmel Borough 1,DENNY WOLFF,U.S. House,9.0,DEM,121
Northumberland,Mount Carmel Borough 1,DAN MEUSER,U.S. House,9.0,REP,127
Northumberland,Mount Carmel Borough 1,WRITE-IN,U.S. House,9.0,,1
Northumberland,Mount Carmel Borough 1,SARAH DONNELLY,State House,107.0,DEM,110
Northumberland,Mount Carmel Borough 1,KURT A. MASSER,State House,107.0,REP,141
Northumberland,Mount Carmel Borough 1,WRITE-IN,State House,107.0,,1
Northumberland,Mount Carmel Borough 2,,Ballots Cast,,,349
Northumberland,Mount Carmel Borough 2,,Straight Party,,DEM,74
Northumberland,Mount Carmel Borough 2,,Straight Party,,REP,72
Northumberland,Mount Carmel Borough 2,,Straight Party,,GRN,1
Northumberland,Mount Carmel Borough 2,,Straight Party,,LIB,1
Northumberland,Mount Carmel Borough 2,"BOB CASEY, JR",U.S. Senate,,DEM,157
Northumberland,Mount Carmel Borough 2,LOU BARLETTA,U.S. Senate,,REP,181
Northumberland,Mount Carmel Borough 2,NEAL GALE,U.S. Senate,,GRN,3
Northumberland,Mount Carmel Borough 2,"DALE R KERNS, JR",U.S. Senate,,LIB,1
Northumberland,Mount Carmel Borough 2,WRITE-IN,U.S. Senate,,,0
Northumberland,Mount Carmel Borough 2,TOM WOLF,Governor,,DEM,198
Northumberland,Mount Carmel Borough 2,SCOTT R WAGNER,Governor,,REP,136
Northumberland,Mount Carmel Borough 2,PAUL GLOVER,Governor,,GRN,4
Northumberland,Mount Carmel Borough 2,KEN V KRAWCHUK,Governor,,LIB,5
Northumberland,Mount Carmel Borough 2,WRITE-IN,Governor,,,0
Northumberland,Mount Carmel Borough 2,DENNY WOLFF,U.S. House,9.0,DEM,173
Northumberland,Mount Carmel Borough 2,DAN MEUSER,U.S. House,9.0,REP,159
Northumberland,Mount Carmel Borough 2,WRITE-IN,U.S. House,9.0,,0
Northumberland,Mount Carmel Borough 2,SARAH DONNELLY,State House,107.0,DEM,136
Northumberland,Mount Carmel Borough 2,KURT A. MASSER,State House,107.0,REP,201
Northumberland,Mount Carmel Borough 2,WRITE-IN,State House,107.0,,0
Northumberland,Mount Carmel Borough 3,,Ballots Cast,,,539
Northumberland,Mount Carmel Borough 3,,Straight Party,,DEM,92
Northumberland,Mount Carmel Borough 3,,Straight Party,,REP,133
Northumberland,Mount Carmel Borough 3,,Straight Party,,GRN,0
Northumberland,Mount Carmel Borough 3,,Straight Party,,LIB,0
Northumberland,Mount Carmel Borough 3,"BOB CASEY, JR",U.S. Senate,,DEM,232
Northumberland,Mount Carmel Borough 3,LOU BARLETTA,U.S. Senate,,REP,290
Northumberland,Mount Carmel Borough 3,NEAL GALE,U.S. Senate,,GRN,5
Northumberland,Mount Carmel Borough 3,"DALE R KERNS, JR",U.S. Senate,,LIB,5
Northumberland,Mount Carmel Borough 3,WRITE-IN,U.S. Senate,,,0
Northumberland,Mount Carmel Borough 3,TOM WOLF,Governor,,DEM,274
Northumberland,Mount Carmel Borough 3,SCOTT R WAGNER,Governor,,REP,242
Northumberland,Mount Carmel Borough 3,PAUL GLOVER,Governor,,GRN,4
Northumberland,Mount Carmel Borough 3,KEN V KRAWCHUK,Governor,,LIB,10
Northumberland,Mount Carmel Borough 3,WRITE-IN,Governor,,,0
Northumberland,Mount Carmel Borough 3,DENNY WOLFF,U.S. House,9.0,DEM,237
Northumberland,Mount Carmel Borough 3,DAN MEUSER,U.S. House,9.0,REP,276
Northumberland,Mount Carmel Borough 3,WRITE-IN,U.S. House,9.0,,0
Northumberland,Mount Carmel Borough 3,SARAH DONNELLY,State House,107.0,DEM,199
Northumberland,Mount Carmel Borough 3,KURT A. MASSER,State House,107.0,REP,327
Northumberland,Mount Carmel Borough 3,WRITE-IN,State House,107.0,,0
Northumberland,Mount Carmel Borough 4,,Ballots Cast,,,444
Northumberland,Mount Carmel Borough 4,,Straight Party,,DEM,104
Northumberland,Mount Carmel Borough 4,,Straight Party,,REP,109
Northumberland,Mount Carmel Borough 4,,Straight Party,,GRN,2
Northumberland,Mount Carmel Borough 4,,Straight Party,,LIB,0
Northumberland,Mount Carmel Borough 4,"BOB CASEY, JR",U.S. Senate,,DEM,212
Northumberland,Mount Carmel Borough 4,LOU BARLETTA,U.S. Senate,,REP,222
Northumberland,Mount Carmel Borough 4,NEAL GALE,U.S. Senate,,GRN,5
Northumberland,Mount Carmel Borough 4,"DALE R KERNS, JR",U.S. Senate,,LIB,3
Northumberland,Mount Carmel Borough 4,WRITE-IN,U.S. Senate,,,0
Northumberland,Mount Carmel Borough 4,TOM WOLF,Governor,,DEM,239
Northumberland,Mount Carmel Borough 4,SCOTT R WAGNER,Governor,,REP,178
Northumberland,Mount Carmel Borough 4,PAUL GLOVER,Governor,,GRN,7
Northumberland,Mount Carmel Borough 4,KEN V KRAWCHUK,Governor,,LIB,7
Northumberland,Mount Carmel Borough 4,WRITE-IN,Governor,,,0
Northumberland,Mount Carmel Borough 4,DENNY WOLFF,U.S. House,9.0,DEM,211
Northumberland,Mount Carmel Borough 4,DAN MEUSER,U.S. House,9.0,REP,217
Northumberland,Mount Carmel Borough 4,WRITE-IN,U.S. House,9.0,,0
Northumberland,Mount Carmel Borough 4,SARAH DONNELLY,State House,107.0,DEM,193
Northumberland,Mount Carmel Borough 4,KURT A. MASSER,State House,107.0,REP,242
Northumberland,Mount Carmel Borough 4,WRITE-IN,State House,107.0,,1
Northumberland,Mount Carmel Township - Diamond / Exchange,,Ballots Cast,,,303
Northumberland,Mount Carmel Township - Diamond / Exchange,,Straight Party,,DEM,62
Northumberland,Mount Carmel Township - Diamond / Exchange,,Straight Party,,REP,77
Northumberland,Mount Carmel Township - Diamond / Exchange,,Straight Party,,GRN,0
Northumberland,Mount Carmel Township - Diamond / Exchange,,Straight Party,,LIB,1
Northumberland,Mount Carmel Township - Diamond / Exchange,"BOB CASEY, JR",U.S. Senate,,DEM,133
Northumberland,Mount Carmel Township - Diamond / Exchange,LOU BARLETTA,U.S. Senate,,REP,163
Northumberland,Mount Carmel Township - Diamond / Exchange,NEAL GALE,U.S. Senate,,GRN,2
Northumberland,Mount Carmel Township - Diamond / Exchange,"DALE R KERNS, JR",U.S. Senate,,LIB,1
Northumberland,Mount Carmel Township - Diamond / Exchange,WRITE-IN,U.S. Senate,,,0
Northumberland,Mount Carmel Township - Diamond / Exchange,TOM WOLF,Governor,,DEM,158
Northumberland,Mount Carmel Township - Diamond / Exchange,SCOTT R WAGNER,Governor,,REP,132
Northumberland,Mount Carmel Township - Diamond / Exchange,PAUL GLOVER,Governor,,GRN,1
Northumberland,Mount Carmel Township - Diamond / Exchange,KEN V KRAWCHUK,Governor,,LIB,2
Northumberland,Mount Carmel Township - Diamond / Exchange,WRITE-IN,Governor,,,0
Northumberland,Mount Carmel Township - Diamond / Exchange,DENNY WOLFF,U.S. House,9.0,DEM,128
Northumberland,Mount Carmel Township - Diamond / Exchange,DAN MEUSER,U.S. House,9.0,REP,158
Northumberland,Mount Carmel Township - Diamond / Exchange,WRITE-IN,U.S. House,9.0,,0
Northumberland,Mount Carmel Township - Diamond / Exchange,SARAH DONNELLY,State House,107.0,DEM,109
Northumberland,Mount Carmel Township - Diamond / Exchange,KURT A. MASSER,State House,107.0,REP,182
Northumberland,Mount Carmel Township - Diamond / Exchange,WRITE-IN,State House,107.0,,0
Northumberland,Mount Carmel Township - Locust Gap,,Ballots Cast,,,104
Northumberland,Mount Carmel Township - Locust Gap,,Straight Party,,DEM,22
Northumberland,Mount Carmel Township - Locust Gap,,Straight Party,,REP,31
Northumberland,Mount Carmel Township - Locust Gap,,Straight Party,,GRN,0
Northumberland,Mount Carmel Township - Locust Gap,,Straight Party,,LIB,0
Northumberland,Mount Carmel Township - Locust Gap,"BOB CASEY, JR",U.S. Senate,,DEM,43
Northumberland,Mount Carmel Township - Locust Gap,LOU BARLETTA,U.S. Senate,,REP,59
Northumberland,Mount Carmel Township - Locust Gap,NEAL GALE,U.S. Senate,,GRN,0
Northumberland,Mount Carmel Township - Locust Gap,"DALE R KERNS, JR",U.S. Senate,,LIB,1
Northumberland,Mount Carmel Township - Locust Gap,WRITE-IN,U.S. Senate,,,0
Northumberland,Mount Carmel Township - Locust Gap,TOM WOLF,Governor,,DEM,45
Northumberland,Mount Carmel Township - Locust Gap,SCOTT R WAGNER,Governor,,REP,54
Northumberland,Mount Carmel Township - Locust Gap,PAUL GLOVER,Governor,,GRN,0
Northumberland,Mount Carmel Township - Locust Gap,KEN V KRAWCHUK,Governor,,LIB,1
Northumberland,Mount Carmel Township - Locust Gap,WRITE-IN,Governor,,,0
Northumberland,Mount Carmel Township - Locust Gap,DENNY WOLFF,U.S. House,9.0,DEM,38
Northumberland,Mount Carmel Township - Locust Gap,DAN MEUSER,U.S. House,9.0,REP,58
Northumberland,Mount Carmel Township - Locust Gap,WRITE-IN,U.S. House,9.0,,0
Northumberland,Mount Carmel Township - Locust Gap,SARAH DONNELLY,State House,107.0,DEM,34
Northumberland,Mount Carmel Township - Locust Gap,KURT A. MASSER,State House,107.0,REP,64
Northumberland,Mount Carmel Township - Locust Gap,WRITE-IN,State House,107.0,,1
Northumberland,Mount Carmel Township - Natalie / Strong,,Ballots Cast,,,197
Northumberland,Mount Carmel Township - Natalie / Strong,,Straight Party,,DEM,41
Northumberland,Mount Carmel Township - Natalie / Strong,,Straight Party,,REP,64
Northumberland,Mount Carmel Township - Natalie / Strong,,Straight Party,,GRN,0
Northumberland,Mount Carmel Township - Natalie / Strong,,Straight Party,,LIB,0
Northumberland,Mount Carmel Township - Natalie / Strong,"BOB CASEY, JR",U.S. Senate,,DEM,72
Northumberland,Mount Carmel Township - Natalie / Strong,LOU BARLETTA,U.S. Senate,,REP,115
Northumberland,Mount Carmel Township - Natalie / Strong,NEAL GALE,U.S. Senate,,GRN,1
Northumberland,Mount Carmel Township - Natalie / Strong,"DALE R KERNS, JR",U.S. Senate,,LIB,3
Northumberland,Mount Carmel Township - Natalie / Strong,WRITE-IN,U.S. Senate,,,0
Northumberland,Mount Carmel Township - Natalie / Strong,TOM WOLF,Governor,,DEM,88
Northumberland,Mount Carmel Township - Natalie / Strong,SCOTT R WAGNER,Governor,,REP,98
Northumberland,Mount Carmel Township - Natalie / Strong,PAUL GLOVER,Governor,,GRN,1
Northumberland,Mount Carmel Township - Natalie / Strong,KEN V KRAWCHUK,Governor,,LIB,2
Northumberland,Mount Carmel Township - Natalie / Strong,WRITE-IN,Governor,,,0
Northumberland,Mount Carmel Township - Natalie / Strong,DENNY WOLFF,U.S. House,9.0,DEM,68
Northumberland,Mount Carmel Township - Natalie / Strong,DAN MEUSER,U.S. House,9.0,REP,117
Northumberland,Mount Carmel Township - Natalie / Strong,WRITE-IN,U.S. House,9.0,,0
Northumberland,Mount Carmel Township - Natalie / Strong,SARAH DONNELLY,State House,107.0,DEM,71
Northumberland,Mount Carmel Township - Natalie / Strong,KURT A. MASSER,State House,107.0,REP,119
Northumberland,Mount Carmel Township - Natalie / Strong,WRITE-IN,State House,107.0,,0
Northumberland,Coal Township 2,,Ballots Cast,,,310
Northumberland,Coal Township 2,,Straight Party,,DEM,62
Northumberland,Coal Township 2,,Straight Party,,REP,70
Northumberland,Coal Township 2,,Straight Party,,GRN,0
Northumberland,Coal Township 2,,Straight Party,,LIB,0
Northumberland,Coal Township 2,"BOB CASEY, JR",U.S. Senate,,DEM,151
Northumberland,Coal Township 2,LOU BARLETTA,U.S. Senate,,REP,150
Northumberland,Coal Township 2,NEAL GALE,U.S. Senate,,GRN,1
Northumberland,Coal Township 2,"DALE R KERNS, JR",U.S. Senate,,LIB,3
Northumberland,Coal Township 2,WRITE-IN,U.S. Senate,,,0
Northumberland,Coal Township 2,TOM WOLF,Governor,,DEM,175
Northumberland,Coal Township 2,SCOTT R WAGNER,Governor,,REP,114
Northumberland,Coal Township 2,PAUL GLOVER,Governor,,GRN,5
Northumberland,Coal Township 2,KEN V KRAWCHUK,Governor,,LIB,6
Northumberland,Coal Township 2,WRITE-IN,Governor,,,0
Northumberland,Coal Township 2,DENNY WOLFF,U.S. House,9.0,DEM,140
Northumberland,Coal Township 2,DAN MEUSER,U.S. House,9.0,REP,153
Northumberland,Coal Township 2,WRITE-IN,U.S. House,9.0,,0
Northumberland,Coal Township 2,SARAH DONNELLY,State House,107.0,DEM,107
Northumberland,Coal Township 2,KURT A. MASSER,State House,107.0,REP,191
Northumberland,Coal Township 2,WRITE-IN,State House,107.0,,1
Northumberland,Mount Carmel Township - West,,Ballots Cast,,,313
Northumberland,Mount Carmel Township - West,,Straight Party,,DEM,53
Northumberland,Mount Carmel Township - West,,Straight Party,,REP,92
Northumberland,Mount Carmel Township - West,,Straight Party,,GRN,1
Northumberland,Mount Carmel Township - West,,Straight Party,,LIB,0
Northumberland,Mount Carmel Township - West,"BOB CASEY, JR",U.S. Senate,,DEM,128
Northumberland,Mount Carmel Township - West,LOU BARLETTA,U.S. Senate,,REP,179
Northumberland,Mount Carmel Township - West,NEAL GALE,U.S. Senate,,GRN,1
Northumberland,Mount Carmel Township - West,"DALE R KERNS, JR",U.S. Senate,,LIB,2
Northumberland,Mount Carmel Township - West,WRITE-IN,U.S. Senate,,,0
Northumberland,Mount Carmel Township - West,TOM WOLF,Governor,,DEM,154
Northumberland,Mount Carmel Township - West,SCOTT R WAGNER,Governor,,REP,147
Northumberland,Mount Carmel Township - West,PAUL GLOVER,Governor,,GRN,1
Northumberland,Mount Carmel Township - West,KEN V KRAWCHUK,Governor,,LIB,4
Northumberland,Mount Carmel Township - West,WRITE-IN,Governor,,,0
Northumberland,Mount Carmel Township - West,DENNY WOLFF,U.S. House,9.0,DEM,137
Northumberland,Mount Carmel Township - West,DAN MEUSER,U.S. House,9.0,REP,165
Northumberland,Mount Carmel Township - West,WRITE-IN,U.S. House,9.0,,0
Northumberland,Mount Carmel Township - West,SARAH DONNELLY,State House,107.0,DEM,113
Northumberland,Mount Carmel Township - West,KURT A. MASSER,State House,107.0,REP,196
Northumberland,Mount Carmel Township - West,WRITE-IN,State House,107.0,,0
Northumberland,Ralpho Township 1,,Ballots Cast,,,1506
Northumberland,Ralpho Township 1,,Straight Party,,DEM,184
Northumberland,Ralpho Township 1,,Straight Party,,REP,533
Northumberland,Ralpho Township 1,,Straight Party,,GRN,2
Northumberland,Ralpho Township 1,,Straight Party,,LIB,2
Northumberland,Ralpho Township 1,"BOB CASEY, JR",U.S. Senate,,DEM,488
Northumberland,Ralpho Township 1,LOU BARLETTA,U.S. Senate,,REP,992
Northumberland,Ralpho Township 1,NEAL GALE,U.S. Senate,,GRN,4
Northumberland,Ralpho Township 1,"DALE R KERNS, JR",U.S. Senate,,LIB,7
Northumberland,Ralpho Township 1,WRITE-IN,U.S. Senate,,,0
Northumberland,Ralpho Township 1,TOM WOLF,Governor,,DEM,591
Northumberland,Ralpho Township 1,SCOTT R WAGNER,Governor,,REP,868
Northumberland,Ralpho Township 1,PAUL GLOVER,Governor,,GRN,9
Northumberland,Ralpho Township 1,KEN V KRAWCHUK,Governor,,LIB,17
Northumberland,Ralpho Township 1,WRITE-IN,Governor,,,1
Northumberland,Ralpho Township 1,DENNY WOLFF,U.S. House,9.0,DEM,481
Northumberland,Ralpho Township 1,DAN MEUSER,U.S. House,9.0,REP,989
Northumberland,Ralpho Township 1,WRITE-IN,U.S. House,9.0,,0
Northumberland,Ralpho Township 1,SARAH DONNELLY,State House,107.0,DEM,359
Northumberland,Ralpho Township 1,KURT A. MASSER,State House,107.0,REP,1118
Northumberland,Ralpho Township 1,WRITE-IN,State House,107.0,,1
Northumberland,Ralpho Township 2,,Ballots Cast,,,353
Northumberland,Ralpho Township 2,,Straight Party,,DEM,40
Northumberland,Ralpho Township 2,,Straight Party,,REP,130
Northumberland,Ralpho Township 2,,Straight Party,,GRN,0
Northumberland,Ralpho Township 2,,Straight Party,,LIB,1
Northumberland,Ralpho Township 2,"BOB CASEY, JR",U.S. Senate,,DEM,109
Northumberland,Ralpho Township 2,LOU BARLETTA,U.S. Senate,,REP,236
Northumberland,Ralpho Township 2,NEAL GALE,U.S. Senate,,GRN,1
Northumberland,Ralpho Township 2,"DALE R KERNS, JR",U.S. Senate,,LIB,2
Northumberland,Ralpho Township 2,WRITE-IN,U.S. Senate,,,0
Northumberland,Ralpho Township 2,TOM WOLF,Governor,,DEM,142
Northumberland,Ralpho Township 2,SCOTT R WAGNER,Governor,,REP,194
Northumberland,Ralpho Township 2,PAUL GLOVER,Governor,,GRN,5
Northumberland,Ralpho Township 2,KEN V KRAWCHUK,Governor,,LIB,3
Northumberland,Ralpho Township 2,WRITE-IN,Governor,,,0
Northumberland,Ralpho Township 2,DENNY WOLFF,U.S. House,9.0,DEM,110
Northumberland,Ralpho Township 2,DAN MEUSER,U.S. House,9.0,REP,237
Northumberland,Ralpho Township 2,WRITE-IN,U.S. House,9.0,,0
Northumberland,Ralpho Township 2,SARAH DONNELLY,State House,107.0,DEM,87
Northumberland,Ralpho Township 2,KURT A. MASSER,State House,107.0,REP,261
Northumberland,Ralpho Township 2,WRITE-IN,State House,107.0,,0
Northumberland,Shamokin City 1,,Ballots Cast,,,309
Northumberland,Shamokin City 1,,Straight Party,,DEM,47
Northumberland,Shamokin City 1,,Straight Party,,REP,79
Northumberland,Shamokin City 1,,Straight Party,,GRN,0
Northumberland,Shamokin City 1,,Straight Party,,LIB,2
Northumberland,Shamokin City 1,"BOB CASEY, JR",U.S. Senate,,DEM,118
Northumberland,Shamokin City 1,LOU BARLETTA,U.S. Senate,,REP,178
Northumberland,Shamokin City 1,NEAL GALE,U.S. Senate,,GRN,2
Northumberland,Shamokin City 1,"DALE R KERNS, JR",U.S. Senate,,LIB,5
Northumberland,Shamokin City 1,WRITE-IN,U.S. Senate,,,0
Northumberland,Shamokin City 1,TOM WOLF,Governor,,DEM,146
Northumberland,Shamokin City 1,SCOTT R WAGNER,Governor,,REP,150
Northumberland,Shamokin City 1,PAUL GLOVER,Governor,,GRN,0
Northumberland,Shamokin City 1,KEN V KRAWCHUK,Governor,,LIB,6
Northumberland,Shamokin City 1,WRITE-IN,Governor,,,0
Northumberland,Shamokin City 1,DENNY WOLFF,U.S. House,9.0,DEM,120
Northumberland,Shamokin City 1,DAN MEUSER,U.S. House,9.0,REP,180
Northumberland,Shamokin City 1,WRITE-IN,U.S. House,9.0,,0
Northumberland,Shamokin City 1,SARAH DONNELLY,State House,107.0,DEM,102
Northumberland,Shamokin City 1,KURT A. MASSER,State House,107.0,REP,195
Northumberland,Shamokin City 1,WRITE-IN,State House,107.0,,1
Northumberland,Shamokin City 2,,Ballots Cast,,,176
Northumberland,Shamokin City 2,,Straight Party,,DEM,23
Northumberland,Shamokin City 2,,Straight Party,,REP,78
Northumberland,Shamokin City 2,,Straight Party,,GRN,0
Northumberland,Shamokin City 2,,Straight Party,,LIB,2
Northumberland,Shamokin City 2,"BOB CASEY, JR",U.S. Senate,,DEM,56
Northumberland,Shamokin City 2,LOU BARLETTA,U.S. Senate,,REP,114
Northumberland,Shamokin City 2,NEAL GALE,U.S. Senate,,GRN,1
Northumberland,Shamokin City 2,"DALE R KERNS, JR",U.S. Senate,,LIB,4
Northumberland,Shamokin City 2,WRITE-IN,U.S. Senate,,,0
Northumberland,Shamokin City 2,TOM WOLF,Governor,,DEM,65
Northumberland,Shamokin City 2,SCOTT R WAGNER,Governor,,REP,103
Northumberland,Shamokin City 2,PAUL GLOVER,Governor,,GRN,1
Northumberland,Shamokin City 2,KEN V KRAWCHUK,Governor,,LIB,3
Northumberland,Shamokin City 2,WRITE-IN,Governor,,,0
Northumberland,Shamokin City 2,DENNY WOLFF,U.S. House,9.0,DEM,53
Northumberland,Shamokin City 2,DAN MEUSER,U.S. House,9.0,REP,119
Northumberland,Shamokin City 2,WRITE-IN,U.S. House,9.0,,0
Northumberland,Shamokin City 2,SARAH DONNELLY,State House,107.0,DEM,46
Northumberland,Shamokin City 2,KURT A. MASSER,State House,107.0,REP,122
Northumberland,Shamokin City 2,WRITE-IN,State House,107.0,,1
Northumberland,Shamokin City 3,,Ballots Cast,,,119
Northumberland,Shamokin City 3,,Straight Party,,DEM,24
Northumberland,Shamokin City 3,,Straight Party,,REP,20
Northumberland,Shamokin City 3,,Straight Party,,GRN,0
Northumberland,Shamokin City 3,,Straight Party,,LIB,0
Northumberland,Shamokin City 3,"BOB CASEY, JR",U.S. Senate,,DEM,52
Northumberland,Shamokin City 3,LOU BARLETTA,U.S. Senate,,REP,63
Northumberland,Shamokin City 3,NEAL GALE,U.S. Senate,,GRN,2
Northumberland,Shamokin City 3,"DALE R KERNS, JR",U.S. Senate,,LIB,0
Northumberland,Shamokin City 3,WRITE-IN,U.S. Senate,,,0
Northumberland,Shamokin City 3,TOM WOLF,Governor,,DEM,69
Northumberland,Shamokin City 3,SCOTT R WAGNER,Governor,,REP,48
Northumberland,Shamokin City 3,PAUL GLOVER,Governor,,GRN,1
Northumberland,Shamokin City 3,KEN V KRAWCHUK,Governor,,LIB,0
Northumberland,Shamokin City 3,WRITE-IN,Governor,,,0
Northumberland,Shamokin City 3,DENNY WOLFF,U.S. House,9.0,DEM,48
Northumberland,Shamokin City 3,DAN MEUSER,U.S. House,9.0,REP,64
Northumberland,Shamokin City 3,WRITE-IN,U.S. House,9.0,,2
Northumberland,Shamokin City 3,SARAH DONNELLY,State House,107.0,DEM,41
Northumberland,Shamokin City 3,KURT A. MASSER,State House,107.0,REP,73
Northumberland,Shamokin City 3,WRITE-IN,State House,107.0,,0
Northumberland,Shamokin City 4,,Ballots Cast,,,309
Northumberland,Shamokin City 4,,Straight Party,,DEM,59
Northumberland,Shamokin City 4,,Straight Party,,REP,75
Northumberland,Shamokin City 4,,Straight Party,,GRN,0
Northumberland,Shamokin City 4,,Straight Party,,LIB,2
Northumberland,Shamokin City 4,"BOB CASEY, JR",U.S. Senate,,DEM,129
Northumberland,Shamokin City 4,LOU BARLETTA,U.S. Senate,,REP,157
Northumberland,Shamokin City 4,NEAL GALE,U.S. Senate,,GRN,3
Northumberland,Shamokin City 4,"DALE R KERNS, JR",U.S. Senate,,LIB,8
Northumberland,Shamokin City 4,WRITE-IN,U.S. Senate,,,0
Northumberland,Shamokin City 4,TOM WOLF,Governor,,DEM,154
Northumberland,Shamokin City 4,SCOTT R WAGNER,Governor,,REP,140
Northumberland,Shamokin City 4,PAUL GLOVER,Governor,,GRN,1
Northumberland,Shamokin City 4,KEN V KRAWCHUK,Governor,,LIB,4
Northumberland,Shamokin City 4,WRITE-IN,Governor,,,1
Northumberland,Shamokin City 4,DENNY WOLFF,U.S. House,9.0,DEM,120
Northumberland,Shamokin City 4,DAN MEUSER,U.S. House,9.0,REP,169
Northumberland,Shamokin City 4,WRITE-IN,U.S. House,9.0,,0
Northumberland,Shamokin City 4,SARAH DONNELLY,State House,107.0,DEM,109
Northumberland,Shamokin City 4,KURT A. MASSER,State House,107.0,REP,186
Northumberland,Shamokin City 4,WRITE-IN,State House,107.0,,2
Northumberland,Shamokin City 5,,Ballots Cast,,,226
Northumberland,Shamokin City 5,,Straight Party,,DEM,45
Northumberland,Shamokin City 5,,Straight Party,,REP,56
Northumberland,Shamokin City 5,,Straight Party,,GRN,0
Northumberland,Shamokin City 5,,Straight Party,,LIB,0
Northumberland,Shamokin City 5,"BOB CASEY, JR",U.S. Senate,,DEM,98
Northumberland,Shamokin City 5,LOU BARLETTA,U.S. Senate,,REP,120
Northumberland,Shamokin City 5,NEAL GALE,U.S. Senate,,GRN,2
Northumberland,Shamokin City 5,"DALE R KERNS, JR",U.S. Senate,,LIB,4
Northumberland,Shamokin City 5,WRITE-IN,U.S. Senate,,,0
Northumberland,Shamokin City 5,TOM WOLF,Governor,,DEM,111
Northumberland,Shamokin City 5,SCOTT R WAGNER,Governor,,REP,101
Northumberland,Shamokin City 5,PAUL GLOVER,Governor,,GRN,2
Northumberland,Shamokin City 5,KEN V KRAWCHUK,Governor,,LIB,2
Northumberland,Shamokin City 5,WRITE-IN,Governor,,,3
Northumberland,Shamokin City 5,DENNY WOLFF,U.S. House,9.0,DEM,97
Northumberland,Shamokin City 5,DAN MEUSER,U.S. House,9.0,REP,125
Northumberland,Shamokin City 5,WRITE-IN,U.S. House,9.0,,0
Northumberland,Shamokin City 5,SARAH DONNELLY,State House,107.0,DEM,84
Northumberland,Shamokin City 5,KURT A. MASSER,State House,107.0,REP,140
Northumberland,Shamokin City 5,WRITE-IN,State House,107.0,,0
Northumberland,Shamokin City 6,,Ballots Cast,,,153
Northumberland,Shamokin City 6,,Straight Party,,DEM,32
Northumberland,Shamokin City 6,,Straight Party,,REP,34
Northumberland,Shamokin City 6,,Straight Party,,GRN,0
Northumberland,Shamokin City 6,,Straight Party,,LIB,0
Northumberland,Shamokin City 6,"BOB CASEY, JR",U.S. Senate,,DEM,67
Northumberland,Shamokin City 6,LOU BARLETTA,U.S. Senate,,REP,82
Northumberland,Shamokin City 6,NEAL GALE,U.S. Senate,,GRN,1
Northumberland,Shamokin City 6,"DALE R KERNS, JR",U.S. Senate,,LIB,2
Northumberland,Shamokin City 6,WRITE-IN,U.S. Senate,,,0
Northumberland,Shamokin City 6,TOM WOLF,Governor,,DEM,78
Northumberland,Shamokin City 6,SCOTT R WAGNER,Governor,,REP,70
Northumberland,Shamokin City 6,PAUL GLOVER,Governor,,GRN,2
Northumberland,Shamokin City 6,KEN V KRAWCHUK,Governor,,LIB,1
Northumberland,Shamokin City 6,WRITE-IN,Governor,,,0
Northumberland,Shamokin City 6,DENNY WOLFF,U.S. House,9.0,DEM,66
Northumberland,Shamokin City 6,DAN MEUSER,U.S. House,9.0,REP,82
Northumberland,Shamokin City 6,WRITE-IN,U.S. House,9.0,,0
Northumberland,Shamokin City 6,SARAH DONNELLY,State House,107.0,DEM,60
Northumberland,Shamokin City 6,KURT A. MASSER,State House,107.0,REP,91
Northumberland,Shamokin City 6,WRITE-IN,State House,107.0,,0
Northumberland,Shamokin City 7,,Ballots Cast,,,176
Northumberland,Shamokin City 7,,Straight Party,,DEM,41
Northumberland,Shamokin City 7,,Straight Party,,REP,45
Northumberland,Shamokin City 7,,Straight Party,,GRN,0
Northumberland,Shamokin City 7,,Straight Party,,LIB,1
Northumberland,Shamokin City 7,"BOB CASEY, JR",U.S. Senate,,DEM,86
Northumberland,Shamokin City 7,LOU BARLETTA,U.S. Senate,,REP,82
Northumberland,Shamokin City 7,NEAL GALE,U.S. Senate,,GRN,3
Northumberland,Shamokin City 7,"DALE R KERNS, JR",U.S. Senate,,LIB,3
Northumberland,Shamokin City 7,WRITE-IN,U.S. Senate,,,0
Northumberland,Shamokin City 7,TOM WOLF,Governor,,DEM,99
Northumberland,Shamokin City 7,SCOTT R WAGNER,Governor,,REP,73
Northumberland,Shamokin City 7,PAUL GLOVER,Governor,,GRN,2
Northumberland,Shamokin City 7,KEN V KRAWCHUK,Governor,,LIB,1
Northumberland,Shamokin City 7,WRITE-IN,Governor,,,0
Northumberland,Shamokin City 7,DENNY WOLFF,U.S. House,9.0,DEM,85
Northumberland,Shamokin City 7,DAN MEUSER,U.S. House,9.0,REP,86
Northumberland,Shamokin City 7,WRITE-IN,U.S. House,9.0,,1
Northumberland,Shamokin City 7,SARAH DONNELLY,State House,107.0,DEM,78
Northumberland,Shamokin City 7,KURT A. MASSER,State House,107.0,REP,95
Northumberland,Shamokin City 7,WRITE-IN,State House,107.0,,1
Northumberland,Coal Township 3,,Ballots Cast,,,333
Northumberland,Coal Township 3,,Straight Party,,DEM,66
Northumberland,Coal Township 3,,Straight Party,,REP,92
Northumberland,Coal Township 3,,Straight Party,,GRN,1
Northumberland,Coal Township 3,,Straight Party,,LIB,0
Northumberland,Coal Township 3,"BOB CASEY, JR",U.S. Senate,,DEM,152
Northumberland,Coal Township 3,LOU BARLETTA,U.S. Senate,,REP,164
Northumberland,Coal Township 3,NEAL GALE,U.S. Senate,,GRN,3
Northumberland,Coal Township 3,"DALE R KERNS, JR",U.S. Senate,,LIB,4
Northumberland,Coal Township 3,WRITE-IN,U.S. Senate,,,0
Northumberland,Coal Township 3,TOM WOLF,Governor,,DEM,170
Northumberland,Coal Township 3,SCOTT R WAGNER,Governor,,REP,144
Northumberland,Coal Township 3,PAUL GLOVER,Governor,,GRN,3
Northumberland,Coal Township 3,KEN V KRAWCHUK,Governor,,LIB,8
Northumberland,Coal Township 3,WRITE-IN,Governor,,,1
Northumberland,Coal Township 3,DENNY WOLFF,U.S. House,9.0,DEM,160
Northumberland,Coal Township 3,DAN MEUSER,U.S. House,9.0,REP,155
Northumberland,Coal Township 3,WRITE-IN,U.S. House,9.0,,1
Northumberland,Coal Township 3,SARAH DONNELLY,State House,107.0,DEM,138
Northumberland,Coal Township 3,KURT A. MASSER,State House,107.0,REP,185
Northumberland,Coal Township 3,WRITE-IN,State House,107.0,,1
Northumberland,Shamokin City 8,,Ballots Cast,,,64
Northumberland,Shamokin City 8,,Straight Party,,DEM,13
Northumberland,Shamokin City 8,,Straight Party,,REP,13
Northumberland,Shamokin City 8,,Straight Party,,GRN,0
Northumberland,Shamokin City 8,,Straight Party,,LIB,0
Northumberland,Shamokin City 8,"BOB CASEY, JR",U.S. Senate,,DEM,33
Northumberland,Shamokin City 8,LOU BARLETTA,U.S. Senate,,REP,31
Northumberland,Shamokin City 8,NEAL GALE,U.S. Senate,,GRN,0
Northumberland,Shamokin City 8,"DALE R KERNS, JR",U.S. Senate,,LIB,0
Northumberland,Shamokin City 8,WRITE-IN,U.S. Senate,,,0
Northumberland,Shamokin City 8,TOM WOLF,Governor,,DEM,38
Northumberland,Shamokin City 8,SCOTT R WAGNER,Governor,,REP,24
Northumberland,Shamokin City 8,PAUL GLOVER,Governor,,GRN,0
Northumberland,Shamokin City 8,KEN V KRAWCHUK,Governor,,LIB,1
Northumberland,Shamokin City 8,WRITE-IN,Governor,,,0
Northumberland,Shamokin City 8,DENNY WOLFF,U.S. House,9.0,DEM,32
Northumberland,Shamokin City 8,DAN MEUSER,U.S. House,9.0,REP,31
Northumberland,Shamokin City 8,WRITE-IN,U.S. House,9.0,,0
Northumberland,Shamokin City 8,SARAH DONNELLY,State House,107.0,DEM,23
Northumberland,Shamokin City 8,KURT A. MASSER,State House,107.0,REP,41
Northumberland,Shamokin City 8,WRITE-IN,State House,107.0,,0
Northumberland,West Cameron Township,,Ballots Cast,,,166
Northumberland,West Cameron Township,,Straight Party,,DEM,6
Northumberland,West Cameron Township,,Straight Party,,REP,81
Northumberland,West Cameron Township,,Straight Party,,GRN,0
Northumberland,West Cameron Township,,Straight Party,,LIB,0
Northumberland,West Cameron Township,"BOB CASEY, JR",U.S. Senate,,DEM,25
Northumberland,West Cameron Township,LOU BARLETTA,U.S. Senate,,REP,139
Northumberland,West Cameron Township,NEAL GALE,U.S. Senate,,GRN,1
Northumberland,West Cameron Township,"DALE R KERNS, JR",U.S. Senate,,LIB,0
Northumberland,West Cameron Township,WRITE-IN,U.S. Senate,,,0
Northumberland,West Cameron Township,TOM WOLF,Governor,,DEM,25
Northumberland,West Cameron Township,SCOTT R WAGNER,Governor,,REP,137
Northumberland,West Cameron Township,PAUL GLOVER,Governor,,GRN,3
Northumberland,West Cameron Township,KEN V KRAWCHUK,Governor,,LIB,0
Northumberland,West Cameron Township,WRITE-IN,Governor,,,0
Northumberland,West Cameron Township,MARC FRIEDENBERG,U.S. House,12.0,DEM,19
Northumberland,West Cameron Township,TOM MARINO,U.S. House,12.0,REP,146
Northumberland,West Cameron Township,WRITE-IN,U.S. House,12.0,,0
Northumberland,West Cameron Township,SARAH DONNELLY,State House,107.0,DEM,22
Northumberland,West Cameron Township,KURT A. MASSER,State House,107.0,REP,141
Northumberland,West Cameron Township,WRITE-IN,State House,107.0,,0
Northumberland,Zerbe Township,,Ballots Cast,,,523
Northumberland,Zerbe Township,,Straight Party,,DEM,57
Northumberland,Zerbe Township,,Straight Party,,REP,206
Northumberland,Zerbe Township,,Straight Party,,GRN,0
Northumberland,Zerbe Township,,Straight Party,,LIB,5
Northumberland,Zerbe Township,"BOB CASEY, JR",U.S. Senate,,DEM,146
Northumberland,Zerbe Township,LOU BARLETTA,U.S. Senate,,REP,358
Northumberland,Zerbe Township,NEAL GALE,U.S. Senate,,GRN,2
Northumberland,Zerbe Township,"DALE R KERNS, JR",U.S. Senate,,LIB,5
Northumberland,Zerbe Township,WRITE-IN,U.S. Senate,,,0
Northumberland,Zerbe Township,TOM WOLF,Governor,,DEM,168
Northumberland,Zerbe Township,SCOTT R WAGNER,Governor,,REP,335
Northumberland,Zerbe Township,PAUL GLOVER,Governor,,GRN,3
Northumberland,Zerbe Township,KEN V KRAWCHUK,Governor,,LIB,9
Northumberland,Zerbe Township,WRITE-IN,Governor,,,1
Northumberland,Zerbe Township,MARC FRIEDENBERG,U.S. House,12.0,DEM,119
Northumberland,Zerbe Township,TOM MARINO,U.S. House,12.0,REP,387
Northumberland,Zerbe Township,WRITE-IN,U.S. House,12.0,,0
Northumberland,Zerbe Township,SARAH DONNELLY,State House,107.0,DEM,123
Northumberland,Zerbe Township,KURT A. MASSER,State House,107.0,REP,387
Northumberland,Zerbe Township,WRITE-IN,State House,107.0,,1
Northumberland,Delaware Township East,,Ballots Cast,,,412
Northumberland,Delaware Township East,,Straight Party,,DEM,27
Northumberland,Delaware Township East,,Straight Party,,REP,230
Northumberland,Delaware Township East,,Straight Party,,GRN,0
Northumberland,Delaware Township East,,Straight Party,,LIB,0
Northumberland,Delaware Township East,"BOB CASEY, JR",U.S. Senate,,DEM,80
Northumberland,Delaware Township East,LOU BARLETTA,U.S. Senate,,REP,327
Northumberland,Delaware Township East,NEAL GALE,U.S. Senate,,GRN,1
Northumberland,Delaware Township East,"DALE R KERNS, JR",U.S. Senate,,LIB,1
Northumberland,Delaware Township East,WRITE-IN,U.S. Senate,,,0
Northumberland,Delaware Township East,TOM WOLF,Governor,,DEM,90
Northumberland,Delaware Township East,SCOTT R WAGNER,Governor,,REP,312
Northumberland,Delaware Township East,PAUL GLOVER,Governor,,GRN,1
Northumberland,Delaware Township East,KEN V KRAWCHUK,Governor,,LIB,3
Northumberland,Delaware Township East,WRITE-IN,Governor,,,0
Northumberland,Delaware Township East,MARC FRIEDENBERG,U.S. House,12.0,DEM,70
Northumberland,Delaware Township East,TOM MARINO,U.S. House,12.0,REP,336
Northumberland,Delaware Township East,WRITE-IN,U.S. House,12.0,,0
Northumberland,Delaware Township East,LYNDA J. SCHLEGEL-CULVERLVER,State House,108.0,REP,364
Northumberland,Delaware Township East,WRITE-IN,State House,108.0,OTH,0
Northumberland,Delaware Township South,,Ballots Cast,,,389
Northumberland,Delaware Township South,,Straight Party,,DEM,36
Northumberland,Delaware Township South,,Straight Party,,REP,157
Northumberland,Delaware Township South,,Straight Party,,GRN,0
Northumberland,Delaware Township South,,Straight Party,,LIB,0
Northumberland,Delaware Township South,"BOB CASEY, JR",U.S. Senate,,DEM,120
Northumberland,Delaware Township South,LOU BARLETTA,U.S. Senate,,REP,259
Northumberland,Delaware Township South,NEAL GALE,U.S. Senate,,GRN,1
Northumberland,Delaware Township South,"DALE R KERNS, JR",U.S. Senate,,LIB,3
Northumberland,Delaware Township South,WRITE-IN,U.S. Senate,,,0
Northumberland,Delaware Township South,TOM WOLF,Governor,,DEM,148
Northumberland,Delaware Township South,SCOTT R WAGNER,Governor,,REP,230
Northumberland,Delaware Township South,PAUL GLOVER,Governor,,GRN,3
Northumberland,Delaware Township South,KEN V KRAWCHUK,Governor,,LIB,2
Northumberland,Delaware Township South,WRITE-IN,Governor,,,0
Northumberland,Delaware Township South,MARC FRIEDENBERG,U.S. House,12.0,DEM,102
Northumberland,Delaware Township South,TOM MARINO,U.S. House,12.0,REP,283
Northumberland,Delaware Township South,WRITE-IN,U.S. House,12.0,,0
Northumberland,Delaware Township South,LYNDA J. SCHLEGEL-CULVERLVER,State House,108.0,REP,332
Northumberland,Delaware Township South,WRITE-IN,State House,108.0,OTH,5
Northumberland,Delaware Township West,,Ballots Cast,,,711
Northumberland,Delaware Township West,,Straight Party,,DEM,77
Northumberland,Delaware Township West,,Straight Party,,REP,326
Northumberland,Delaware Township West,,Straight Party,,GRN,0
Northumberland,Delaware Township West,,Straight Party,,LIB,1
Northumberland,Delaware Township West,"BOB CASEY, JR",U.S. Senate,,DEM,214
Northumberland,Delaware Township West,LOU BARLETTA,U.S. Senate,,REP,479
Northumberland,Delaware Township West,NEAL GALE,U.S. Senate,,GRN,2
Northumberland,Delaware Township West,"DALE R KERNS, JR",U.S. Senate,,LIB,10
Northumberland,Delaware Township West,WRITE-IN,U.S. Senate,,,0
Northumberland,Delaware Township West,TOM WOLF,Governor,,DEM,245
Northumberland,Delaware Township West,SCOTT R WAGNER,Governor,,REP,445
Northumberland,Delaware Township West,PAUL GLOVER,Governor,,GRN,7
Northumberland,Delaware Township West,KEN V KRAWCHUK,Governor,,LIB,9
Northumberland,Delaware Township West,WRITE-IN,Governor,,,0
Northumberland,Delaware Township West,MARC FRIEDENBERG,U.S. House,12.0,DEM,165
Northumberland,Delaware Township West,TOM MARINO,U.S. House,12.0,REP,533
Northumberland,Delaware Township West,WRITE-IN,U.S. House,12.0,,0
Northumberland,Delaware Township West,LYNDA J. SCHLEGEL-CULVERLVER,State House,108.0,REP,613
Northumberland,Delaware Township West,WRITE-IN,State House,108.0,OTH,4
Northumberland,Chillisquaque Township,,Ballots Cast,,,243
Northumberland,Chillisquaque Township,,Straight Party,,DEM,18
Northumberland,Chillisquaque Township,,Straight Party,,REP,118
Northumberland,Chillisquaque Township,,Straight Party,,GRN,0
Northumberland,Chillisquaque Township,,Straight Party,,LIB,1
Northumberland,Chillisquaque Township,"BOB CASEY, JR",U.S. Senate,,DEM,53
Northumberland,Chillisquaque Township,LOU BARLETTA,U.S. Senate,,REP,184
Northumberland,Chillisquaque Township,NEAL GALE,U.S. Senate,,GRN,1
Northumberland,Chillisquaque Township,"DALE R KERNS, JR",U.S. Senate,,LIB,3
Northumberland,Chillisquaque Township,WRITE-IN,U.S. Senate,,,0
Northumberland,Chillisquaque Township,TOM WOLF,Governor,,DEM,63
Northumberland,Chillisquaque Township,SCOTT R WAGNER,Governor,,REP,173
Northumberland,Chillisquaque Township,PAUL GLOVER,Governor,,GRN,0
Northumberland,Chillisquaque Township,KEN V KRAWCHUK,Governor,,LIB,5
Northumberland,Chillisquaque Township,WRITE-IN,Governor,,,0
Northumberland,Chillisquaque Township,MARC FRIEDENBERG,U.S. House,12.0,DEM,40
Northumberland,Chillisquaque Township,TOM MARINO,U.S. House,12.0,REP,196
Northumberland,Chillisquaque Township,WRITE-IN,U.S. House,12.0,,1
Northumberland,Chillisquaque Township,LYNDA J. SCHLEGEL-CULVERLVER,State House,108.0,REP,216
Northumberland,Chillisquaque Township,WRITE-IN,State House,108.0,OTH,5
Northumberland,Herndon Borough,,Ballots Cast,,,103
Northumberland,Herndon Borough,,Straight Party,,DEM,12
Northumberland,Herndon Borough,,Straight Party,,REP,40
Northumberland,Herndon Borough,,Straight Party,,GRN,0
Northumberland,Herndon Borough,,Straight Party,,LIB,0
Northumberland,Herndon Borough,"BOB CASEY, JR",U.S. Senate,,DEM,33
Northumberland,Herndon Borough,LOU BARLETTA,U.S. Senate,,REP,67
Northumberland,Herndon Borough,NEAL GALE,U.S. Senate,,GRN,0
Northumberland,Herndon Borough,"DALE R KERNS, JR",U.S. Senate,,LIB,1
Northumberland,Herndon Borough,WRITE-IN,U.S. Senate,,,0
Northumberland,Herndon Borough,TOM WOLF,Governor,,DEM,35
Northumberland,Herndon Borough,SCOTT R WAGNER,Governor,,REP,66
Northumberland,Herndon Borough,PAUL GLOVER,Governor,,GRN,0
Northumberland,Herndon Borough,KEN V KRAWCHUK,Governor,,LIB,1
Northumberland,Herndon Borough,WRITE-IN,Governor,,,0
Northumberland,Herndon Borough,MARC FRIEDENBERG,U.S. House,12.0,DEM,25
Northumberland,Herndon Borough,TOM MARINO,U.S. House,12.0,REP,75
Northumberland,Herndon Borough,WRITE-IN,U.S. House,12.0,,0
Northumberland,Herndon Borough,LYNDA J. SCHLEGEL-CULVERLVER,State House,108.0,REP,86
Northumberland,Herndon Borough,WRITE-IN,State House,108.0,OTH,0
Northumberland,Jackson Township,,Ballots Cast,,,351
Northumberland,Jackson Township,,Straight Party,,DEM,24
Northumberland,Jackson Township,,Straight Party,,REP,171
Northumberland,Jackson Township,,Straight Party,,GRN,1
Northumberland,Jackson Township,,Straight Party,,LIB,1
Northumberland,Jackson Township,"BOB CASEY, JR",U.S. Senate,,DEM,67
Northumberland,Jackson Township,LOU BARLETTA,U.S. Senate,,REP,266
Northumberland,Jackson Township,NEAL GALE,U.S. Senate,,GRN,2
Northumberland,Jackson Township,"DALE R KERNS, JR",U.S. Senate,,LIB,4
Northumberland,Jackson Township,WRITE-IN,U.S. Senate,,,0
Northumberland,Jackson Township,TOM WOLF,Governor,,DEM,83
Northumberland,Jackson Township,SCOTT R WAGNER,Governor,,REP,261
Northumberland,Jackson Township,PAUL GLOVER,Governor,,GRN,2
Northumberland,Jackson Township,KEN V KRAWCHUK,Governor,,LIB,2
Northumberland,Jackson Township,WRITE-IN,Governor,,,0
Northumberland,Jackson Township,MARC FRIEDENBERG,U.S. House,12.0,DEM,56
Northumberland,Jackson Township,TOM MARINO,U.S. House,12.0,REP,287
Northumberland,Jackson Township,WRITE-IN,U.S. House,12.0,,0
Northumberland,Jackson Township,LYNDA J. SCHLEGEL-CULVERLVER,State House,108.0,REP,316
Northumberland,Jackson Township,WRITE-IN,State House,108.0,OTH,0
Northumberland,Jordan Township,,Ballots Cast,,,301
Northumberland,Jordan Township,,Straight Party,,DEM,19
Northumberland,Jordan Township,,Straight Party,,REP,137
Northumberland,Jordan Township,,Straight Party,,GRN,0
Northumberland,Jordan Township,,Straight Party,,LIB,0
Northumberland,Jordan Township,"BOB CASEY, JR",U.S. Senate,,DEM,56
Northumberland,Jordan Township,LOU BARLETTA,U.S. Senate,,REP,239
Northumberland,Jordan Township,NEAL GALE,U.S. Senate,,GRN,0
Northumberland,Jordan Township,"DALE R KERNS, JR",U.S. Senate,,LIB,1
Northumberland,Jordan Township,WRITE-IN,U.S. Senate,,,0
Northumberland,Jordan Township,TOM WOLF,Governor,,DEM,70
Northumberland,Jordan Township,SCOTT R WAGNER,Governor,,REP,219
Northumberland,Jordan Township,PAUL GLOVER,Governor,,GRN,1
Northumberland,Jordan Township,KEN V KRAWCHUK,Governor,,LIB,6
Northumberland,Jordan Township,WRITE-IN,Governor,,,0
Northumberland,Jordan Township,MARC FRIEDENBERG,U.S. House,12.0,DEM,46
Northumberland,Jordan Township,TOM MARINO,U.S. House,12.0,REP,242
Northumberland,Jordan Township,WRITE-IN,U.S. House,12.0,,0
Northumberland,Jordan Township,SARAH DONNELLY,State House,107.0,DEM,38
Northumberland,Jordan Township,KURT A. MASSER,State House,107.0,REP,254
Northumberland,Jordan Township,WRITE-IN,State House,107.0,,0
Northumberland,Coal Township 4-1,,Ballots Cast,,,174
Northumberland,Coal Township 4-1,,Straight Party,,DEM,26
Northumberland,Coal Township 4-1,,Straight Party,,REP,55
Northumberland,Coal Township 4-1,,Straight Party,,GRN,0
Northumberland,Coal Township 4-1,,Straight Party,,LIB,0
Northumberland,Coal Township 4-1,"BOB CASEY, JR",U.S. Senate,,DEM,63
Northumberland,Coal Township 4-1,LOU BARLETTA,U.S. Senate,,REP,106
Northumberland,Coal Township 4-1,NEAL GALE,U.S. Senate,,GRN,0
Northumberland,Coal Township 4-1,"DALE R KERNS, JR",U.S. Senate,,LIB,1
Northumberland,Coal Township 4-1,WRITE-IN,U.S. Senate,,,0
Northumberland,Coal Township 4-1,TOM WOLF,Governor,,DEM,75
Northumberland,Coal Township 4-1,SCOTT R WAGNER,Governor,,REP,93
Northumberland,Coal Township 4-1,PAUL GLOVER,Governor,,GRN,1
Northumberland,Coal Township 4-1,KEN V KRAWCHUK,Governor,,LIB,3
Northumberland,Coal Township 4-1,WRITE-IN,Governor,,,0
Northumberland,Coal Township 4-1,DENNY WOLFF,U.S. House,9.0,DEM,65
Northumberland,Coal Township 4-1,DAN MEUSER,U.S. House,9.0,REP,99
Northumberland,Coal Township 4-1,WRITE-IN,U.S. House,9.0,,0
Northumberland,Coal Township 4-1,SARAH DONNELLY,State House,107.0,DEM,46
Northumberland,Coal Township 4-1,KURT A. MASSER,State House,107.0,REP,126
Northumberland,Coal Township 4-1,WRITE-IN,State House,107.0,,0
Northumberland,Lewis Township,,Ballots Cast,,,653
Northumberland,Lewis Township,,Straight Party,,DEM,72
Northumberland,Lewis Township,,Straight Party,,REP,276
Northumberland,Lewis Township,,Straight Party,,GRN,0
Northumberland,Lewis Township,,Straight Party,,LIB,0
Northumberland,Lewis Township,"BOB CASEY, JR",U.S. Senate,,DEM,205
Northumberland,Lewis Township,LOU BARLETTA,U.S. Senate,,REP,427
Northumberland,Lewis Township,NEAL GALE,U.S. Senate,,GRN,4
Northumberland,Lewis Township,"DALE R KERNS, JR",U.S. Senate,,LIB,7
Northumberland,Lewis Township,WRITE-IN,U.S. Senate,,,0
Northumberland,Lewis Township,TOM WOLF,Governor,,DEM,212
Northumberland,Lewis Township,SCOTT R WAGNER,Governor,,REP,423
Northumberland,Lewis Township,PAUL GLOVER,Governor,,GRN,4
Northumberland,Lewis Township,KEN V KRAWCHUK,Governor,,LIB,7
Northumberland,Lewis Township,WRITE-IN,Governor,,,0
Northumberland,Lewis Township,MARC FRIEDENBERG,U.S. House,12.0,DEM,161
Northumberland,Lewis Township,TOM MARINO,U.S. House,12.0,REP,477
Northumberland,Lewis Township,WRITE-IN,U.S. House,12.0,,0
Northumberland,Lewis Township,LYNDA J. SCHLEGEL-CULVERLVER,State House,108.0,REP,560
Northumberland,Lewis Township,WRITE-IN,State House,108.0,OTH,2
Northumberland,Little Mahanoy Township,,Ballots Cast,,,146
Northumberland,Little Mahanoy Township,,Straight Party,,DEM,20
Northumberland,Little Mahanoy Township,,Straight Party,,REP,52
Northumberland,Little Mahanoy Township,,Straight Party,,GRN,0
Northumberland,Little Mahanoy Township,,Straight Party,,LIB,0
Northumberland,Little Mahanoy Township,"BOB CASEY, JR",U.S. Senate,,DEM,50
Northumberland,Little Mahanoy Township,LOU BARLETTA,U.S. Senate,,REP,91
Northumberland,Little Mahanoy Township,NEAL GALE,U.S. Senate,,GRN,1
Northumberland,Little Mahanoy Township,"DALE R KERNS, JR",U.S. Senate,,LIB,0
Northumberland,Little Mahanoy Township,WRITE-IN,U.S. Senate,,,0
Northumberland,Little Mahanoy Township,TOM WOLF,Governor,,DEM,58
Northumberland,Little Mahanoy Township,SCOTT R WAGNER,Governor,,REP,85
Northumberland,Little Mahanoy Township,PAUL GLOVER,Governor,,GRN,1
Northumberland,Little Mahanoy Township,KEN V KRAWCHUK,Governor,,LIB,0
Northumberland,Little Mahanoy Township,WRITE-IN,Governor,,,0
Northumberland,Little Mahanoy Township,MARC FRIEDENBERG,U.S. House,12.0,DEM,42
Northumberland,Little Mahanoy Township,TOM MARINO,U.S. House,12.0,REP,102
Northumberland,Little Mahanoy Township,WRITE-IN,U.S. House,12.0,,0
Northumberland,Little Mahanoy Township,LYNDA J. SCHLEGEL-CULVERLVER,State House,108.0,REP,120
Northumberland,Little Mahanoy Township,WRITE-IN,State House,108.0,OTH,1
Northumberland,Lower Augusta Township,,Ballots Cast,,,410
Northumberland,Lower Augusta Township,,Straight Party,,DEM,46
Northumberland,Lower Augusta Township,,Straight Party,,REP,160
Northumberland,Lower Augusta Township,,Straight Party,,GRN,1
Northumberland,Lower Augusta Township,,Straight Party,,LIB,1
Northumberland,Lower Augusta Township,"BOB CASEY, JR",U.S. Senate,,DEM,110
Northumberland,Lower Augusta Township,LOU BARLETTA,U.S. Senate,,REP,281
Northumberland,Lower Augusta Township,NEAL GALE,U.S. Senate,,GRN,5
Northumberland,Lower Augusta Township,"DALE R KERNS, JR",U.S. Senate,,LIB,6
Northumberland,Lower Augusta Township,WRITE-IN,U.S. Senate,,,1
Northumberland,Lower Augusta Township,TOM WOLF,Governor,,DEM,123
Northumberland,Lower Augusta Township,SCOTT R WAGNER,Governor,,REP,265
Northumberland,Lower Augusta Township,PAUL GLOVER,Governor,,GRN,2
Northumberland,Lower Augusta Township,KEN V KRAWCHUK,Governor,,LIB,8
Northumberland,Lower Augusta Township,WRITE-IN,Governor,,,0
Northumberland,Lower Augusta Township,MARC FRIEDENBERG,U.S. House,12.0,DEM,93
Northumberland,Lower Augusta Township,TOM MARINO,U.S. House,12.0,REP,298
Northumberland,Lower Augusta Township,WRITE-IN,U.S. House,12.0,,1
Northumberland,Lower Augusta Township,LYNDA J. SCHLEGEL-CULVERLVER,State House,108.0,REP,355
Northumberland,Lower Augusta Township,WRITE-IN,State House,108.0,OTH,3
Northumberland,Lower Mahanoy Township,,Ballots Cast,,,624
Northumberland,Lower Mahanoy Township,,Straight Party,,DEM,44
Northumberland,Lower Mahanoy Township,,Straight Party,,REP,291
Northumberland,Lower Mahanoy Township,,Straight Party,,GRN,0
Northumberland,Lower Mahanoy Township,,Straight Party,,LIB,0
Northumberland,Lower Mahanoy Township,"BOB CASEY, JR",U.S. Senate,,DEM,144
Northumberland,Lower Mahanoy Township,LOU BARLETTA,U.S. Senate,,REP,465
Northumberland,Lower Mahanoy Township,NEAL GALE,U.S. Senate,,GRN,2
Northumberland,Lower Mahanoy Township,"DALE R KERNS, JR",U.S. Senate,,LIB,1
Northumberland,Lower Mahanoy Township,WRITE-IN,U.S. Senate,,,0
Northumberland,Lower Mahanoy Township,TOM WOLF,Governor,,DEM,174
Northumberland,Lower Mahanoy Township,SCOTT R WAGNER,Governor,,REP,429
Northumberland,Lower Mahanoy Township,PAUL GLOVER,Governor,,GRN,4
Northumberland,Lower Mahanoy Township,KEN V KRAWCHUK,Governor,,LIB,3
Northumberland,Lower Mahanoy Township,WRITE-IN,Governor,,,2
Northumberland,Lower Mahanoy Township,MARC FRIEDENBERG,U.S. House,12.0,DEM,107
Northumberland,Lower Mahanoy Township,TOM MARINO,U.S. House,12.0,REP,502
Northumberland,Lower Mahanoy Township,WRITE-IN,U.S. House,12.0,,0
Northumberland,Lower Mahanoy Township,LYNDA J. SCHLEGEL-CULVERLVER,State House,108.0,REP,566
Northumberland,Lower Mahanoy Township,WRITE-IN,State House,108.0,OTH,1
Northumberland,McEwensville Borough,,Ballots Cast,,,102
Northumberland,McEwensville Borough,,Straight Party,,DEM,8
Northumberland,McEwensville Borough,,Straight Party,,REP,41
Northumberland,McEwensville Borough,,Straight Party,,GRN,1
Northumberland,McEwensville Borough,,Straight Party,,LIB,1
Northumberland,McEwensville Borough,"BOB CASEY, JR",U.S. Senate,,DEM,32
Northumberland,McEwensville Borough,LOU BARLETTA,U.S. Senate,,REP,64
Northumberland,McEwensville Borough,NEAL GALE,U.S. Senate,,GRN,0
Northumberland,McEwensville Borough,"DALE R KERNS, JR",U.S. Senate,,LIB,3
Northumberland,McEwensville Borough,WRITE-IN,U.S. Senate,,,0
Northumberland,McEwensville Borough,TOM WOLF,Governor,,DEM,31
Northumberland,McEwensville Borough,SCOTT R WAGNER,Governor,,REP,69
Northumberland,McEwensville Borough,PAUL GLOVER,Governor,,GRN,2
Northumberland,McEwensville Borough,KEN V KRAWCHUK,Governor,,LIB,0
Northumberland,McEwensville Borough,WRITE-IN,Governor,,,0
Northumberland,McEwensville Borough,MARC FRIEDENBERG,U.S. House,12.0,DEM,24
Northumberland,McEwensville Borough,TOM MARINO,U.S. House,12.0,REP,75
Northumberland,McEwensville Borough,WRITE-IN,U.S. House,12.0,,0
Northumberland,McEwensville Borough,LYNDA J. SCHLEGEL-CULVERLVER,State House,108.0,REP,93
Northumberland,McEwensville Borough,WRITE-IN,State House,108.0,OTH,1
Northumberland,Milton Borough 1,,Ballots Cast,,,408
Northumberland,Milton Borough 1,,Straight Party,,DEM,57
Northumberland,Milton Borough 1,,Straight Party,,REP,167
Northumberland,Milton Borough 1,,Straight Party,,GRN,1
Northumberland,Milton Borough 1,,Straight Party,,LIB,0
Northumberland,Milton Borough 1,"BOB CASEY, JR",U.S. Senate,,DEM,142
Northumberland,Milton Borough 1,LOU BARLETTA,U.S. Senate,,REP,257
Northumberland,Milton Borough 1,NEAL GALE,U.S. Senate,,GRN,3
Northumberland,Milton Borough 1,"DALE R KERNS, JR",U.S. Senate,,LIB,1
Northumberland,Milton Borough 1,WRITE-IN,U.S. Senate,,,0
Northumberland,Milton Borough 1,TOM WOLF,Governor,,DEM,169
Northumberland,Milton Borough 1,SCOTT R WAGNER,Governor,,REP,229
Northumberland,Milton Borough 1,PAUL GLOVER,Governor,,GRN,4
Northumberland,Milton Borough 1,KEN V KRAWCHUK,Governor,,LIB,1
Northumberland,Milton Borough 1,WRITE-IN,Governor,,,0
Northumberland,Milton Borough 1,MARC FRIEDENBERG,U.S. House,12.0,DEM,124
Northumberland,Milton Borough 1,TOM MARINO,U.S. House,12.0,REP,274
Northumberland,Milton Borough 1,WRITE-IN,U.S. House,12.0,,0
Northumberland,Milton Borough 1,LYNDA J. SCHLEGEL-CULVERLVER,State House,108.0,REP,334
Northumberland,Milton Borough 1,WRITE-IN,State House,108.0,OTH,6
Northumberland,Milton Borough 2,,Ballots Cast,,,415
Northumberland,Milton Borough 2,,Straight Party,,DEM,91
Northumberland,Milton Borough 2,,Straight Party,,REP,137
Northumberland,Milton Borough 2,,Straight Party,,GRN,1
Northumberland,Milton Borough 2,,Straight Party,,LIB,0
Northumberland,Milton Borough 2,"BOB CASEY, JR",U.S. Senate,,DEM,184
Northumberland,Milton Borough 2,LOU BARLETTA,U.S. Senate,,REP,221
Northumberland,Milton Borough 2,NEAL GALE,U.S. Senate,,GRN,1
Northumberland,Milton Borough 2,"DALE R KERNS, JR",U.S. Senate,,LIB,2
Northumberland,Milton Borough 2,WRITE-IN,U.S. Senate,,,1
Northumberland,Milton Borough 2,TOM WOLF,Governor,,DEM,196
Northumberland,Milton Borough 2,SCOTT R WAGNER,Governor,,REP,209
Northumberland,Milton Borough 2,PAUL GLOVER,Governor,,GRN,2
Northumberland,Milton Borough 2,KEN V KRAWCHUK,Governor,,LIB,3
Northumberland,Milton Borough 2,WRITE-IN,Governor,,,0
Northumberland,Milton Borough 2,MARC FRIEDENBERG,U.S. House,12.0,DEM,172
Northumberland,Milton Borough 2,TOM MARINO,U.S. House,12.0,REP,231
Northumberland,Milton Borough 2,WRITE-IN,U.S. House,12.0,,0
Northumberland,Milton Borough 2,LYNDA J. SCHLEGEL-CULVERLVER,State House,108.0,REP,299
Northumberland,Milton Borough 2,WRITE-IN,State House,108.0,OTH,5
Northumberland,Milton Borough 3,,Ballots Cast,,,409
Northumberland,Milton Borough 3,,Straight Party,,DEM,96
Northumberland,Milton Borough 3,,Straight Party,,REP,126
Northumberland,Milton Borough 3,,Straight Party,,GRN,2
Northumberland,Milton Borough 3,,Straight Party,,LIB,1
Northumberland,Milton Borough 3,"BOB CASEY, JR",U.S. Senate,,DEM,181
Northumberland,Milton Borough 3,LOU BARLETTA,U.S. Senate,,REP,212
Northumberland,Milton Borough 3,NEAL GALE,U.S. Senate,,GRN,5
Northumberland,Milton Borough 3,"DALE R KERNS, JR",U.S. Senate,,LIB,2
Northumberland,Milton Borough 3,WRITE-IN,U.S. Senate,,,0
Northumberland,Milton Borough 3,TOM WOLF,Governor,,DEM,207
Northumberland,Milton Borough 3,SCOTT R WAGNER,Governor,,REP,187
Northumberland,Milton Borough 3,PAUL GLOVER,Governor,,GRN,7
Northumberland,Milton Borough 3,KEN V KRAWCHUK,Governor,,LIB,3
Northumberland,Milton Borough 3,WRITE-IN,Governor,,,0
Northumberland,Milton Borough 3,MARC FRIEDENBERG,U.S. House,12.0,DEM,168
Northumberland,Milton Borough 3,TOM MARINO,U.S. House,12.0,REP,231
Northumberland,Milton Borough 3,WRITE-IN,U.S. House,12.0,,0
Northumberland,Milton Borough 3,LYNDA J. SCHLEGEL-CULVERLVER,State House,108.0,REP,307
Northumberland,Milton Borough 3,WRITE-IN,State House,108.0,OTH,6
Northumberland,Milton Borough 4,,Ballots Cast,,,257
Northumberland,Milton Borough 4,,Straight Party,,DEM,63
Northumberland,Milton Borough 4,,Straight Party,,REP,99
Northumberland,Milton Borough 4,,Straight Party,,GRN,0
Northumberland,Milton Borough 4,,Straight Party,,LIB,0
Northumberland,Milton Borough 4,"BOB CASEY, JR",U.S. Senate,,DEM,106
Northumberland,Milton Borough 4,LOU BARLETTA,U.S. Senate,,REP,139
Northumberland,Milton Borough 4,NEAL GALE,U.S. Senate,,GRN,2
Northumberland,Milton Borough 4,"DALE R KERNS, JR",U.S. Senate,,LIB,4
Northumberland,Milton Borough 4,WRITE-IN,U.S. Senate,,,1
Northumberland,Milton Borough 4,TOM WOLF,Governor,,DEM,118
Northumberland,Milton Borough 4,SCOTT R WAGNER,Governor,,REP,126
Northumberland,Milton Borough 4,PAUL GLOVER,Governor,,GRN,2
Northumberland,Milton Borough 4,KEN V KRAWCHUK,Governor,,LIB,7
Northumberland,Milton Borough 4,WRITE-IN,Governor,,,0
Northumberland,Milton Borough 4,MARC FRIEDENBERG,U.S. House,12.0,DEM,98
Northumberland,Milton Borough 4,TOM MARINO,U.S. House,12.0,REP,153
Northumberland,Milton Borough 4,WRITE-IN,U.S. House,12.0,,1
Northumberland,Milton Borough 4,LYNDA J. SCHLEGEL-CULVERLVER,State House,108.0,REP,190
Northumberland,Milton Borough 4,WRITE-IN,State House,108.0,OTH,1
Northumberland,Milton Borough 5,,Ballots Cast,,,498
Northumberland,Milton Borough 5,,Straight Party,,DEM,86
Northumberland,Milton Borough 5,,Straight Party,,REP,179
Northumberland,Milton Borough 5,,Straight Party,,GRN,0
Northumberland,Milton Borough 5,,Straight Party,,LIB,1
Northumberland,Milton Borough 5,"BOB CASEY, JR",U.S. Senate,,DEM,195
Northumberland,Milton Borough 5,LOU BARLETTA,U.S. Senate,,REP,285
Northumberland,Milton Borough 5,NEAL GALE,U.S. Senate,,GRN,3
Northumberland,Milton Borough 5,"DALE R KERNS, JR",U.S. Senate,,LIB,7
Northumberland,Milton Borough 5,WRITE-IN,U.S. Senate,,,0
Northumberland,Milton Borough 5,TOM WOLF,Governor,,DEM,208
Northumberland,Milton Borough 5,SCOTT R WAGNER,Governor,,REP,275
Northumberland,Milton Borough 5,PAUL GLOVER,Governor,,GRN,3
Northumberland,Milton Borough 5,KEN V KRAWCHUK,Governor,,LIB,6
Northumberland,Milton Borough 5,WRITE-IN,Governor,,,1
Northumberland,Milton Borough 5,MARC FRIEDENBERG,U.S. House,12.0,DEM,162
Northumberland,Milton Borough 5,TOM MARINO,U.S. House,12.0,REP,321
Northumberland,Milton Borough 5,WRITE-IN,U.S. House,12.0,,0
Northumberland,Milton Borough 5,LYNDA J. SCHLEGEL-CULVERLVER,State House,108.0,REP,390
Northumberland,Milton Borough 5,WRITE-IN,State House,108.0,OTH,5
Northumberland,Coal Township 4-2,,Ballots Cast,,,283
Northumberland,Coal Township 4-2,,Straight Party,,DEM,35
Northumberland,Coal Township 4-2,,Straight Party,,REP,64
Northumberland,Coal Township 4-2,,Straight Party,,GRN,0
Northumberland,Coal Township 4-2,,Straight Party,,LIB,0
Northumberland,Coal Township 4-2,"BOB CASEY, JR",U.S. Senate,,DEM,133
Northumberland,Coal Township 4-2,LOU BARLETTA,U.S. Senate,,REP,147
Northumberland,Coal Township 4-2,NEAL GALE,U.S. Senate,,GRN,1
Northumberland,Coal Township 4-2,"DALE R KERNS, JR",U.S. Senate,,LIB,1
Northumberland,Coal Township 4-2,WRITE-IN,U.S. Senate,,,0
Northumberland,Coal Township 4-2,TOM WOLF,Governor,,DEM,164
Northumberland,Coal Township 4-2,SCOTT R WAGNER,Governor,,REP,111
Northumberland,Coal Township 4-2,PAUL GLOVER,Governor,,GRN,2
Northumberland,Coal Township 4-2,KEN V KRAWCHUK,Governor,,LIB,1
Northumberland,Coal Township 4-2,WRITE-IN,Governor,,,0
Northumberland,Coal Township 4-2,DENNY WOLFF,U.S. House,9.0,DEM,124
Northumberland,Coal Township 4-2,DAN MEUSER,U.S. House,9.0,REP,149
Northumberland,Coal Township 4-2,WRITE-IN,U.S. House,9.0,,0
Northumberland,Coal Township 4-2,SARAH DONNELLY,State House,107.0,DEM,97
Northumberland,Coal Township 4-2,KURT A. MASSER,State House,107.0,REP,178
Northumberland,Coal Township 4-2,WRITE-IN,State House,107.0,,0
Northumberland,Northumberland Borough 1,,Ballots Cast,,,347
Northumberland,Northumberland Borough 1,,Straight Party,,DEM,60
Northumberland,Northumberland Borough 1,,Straight Party,,REP,98
Northumberland,Northumberland Borough 1,,Straight Party,,GRN,1
Northumberland,Northumberland Borough 1,,Straight Party,,LIB,1
Northumberland,Northumberland Borough 1,"BOB CASEY, JR",U.S. Senate,,DEM,145
Northumberland,Northumberland Borough 1,LOU BARLETTA,U.S. Senate,,REP,190
Northumberland,Northumberland Borough 1,NEAL GALE,U.S. Senate,,GRN,3
Northumberland,Northumberland Borough 1,"DALE R KERNS, JR",U.S. Senate,,LIB,6
Northumberland,Northumberland Borough 1,WRITE-IN,U.S. Senate,,,0
Northumberland,Northumberland Borough 1,TOM WOLF,Governor,,DEM,164
Northumberland,Northumberland Borough 1,SCOTT R WAGNER,Governor,,REP,170
Northumberland,Northumberland Borough 1,PAUL GLOVER,Governor,,GRN,3
Northumberland,Northumberland Borough 1,KEN V KRAWCHUK,Governor,,LIB,5
Northumberland,Northumberland Borough 1,WRITE-IN,Governor,,,0
Northumberland,Northumberland Borough 1,MARC FRIEDENBERG,U.S. House,12.0,DEM,131
Northumberland,Northumberland Borough 1,TOM MARINO,U.S. House,12.0,REP,201
Northumberland,Northumberland Borough 1,WRITE-IN,U.S. House,12.0,,1
Northumberland,Northumberland Borough 1,LYNDA J. SCHLEGEL-CULVERLVER,State House,108.0,REP,256
Northumberland,Northumberland Borough 1,WRITE-IN,State House,108.0,OTH,11
Northumberland,Northumberland Borough 2,,Ballots Cast,,,525
Northumberland,Northumberland Borough 2,,Straight Party,,DEM,103
Northumberland,Northumberland Borough 2,,Straight Party,,REP,171
Northumberland,Northumberland Borough 2,,Straight Party,,GRN,2
Northumberland,Northumberland Borough 2,,Straight Party,,LIB,2
Northumberland,Northumberland Borough 2,"BOB CASEY, JR",U.S. Senate,,DEM,232
Northumberland,Northumberland Borough 2,LOU BARLETTA,U.S. Senate,,REP,274
Northumberland,Northumberland Borough 2,NEAL GALE,U.S. Senate,,GRN,2
Northumberland,Northumberland Borough 2,"DALE R KERNS, JR",U.S. Senate,,LIB,7
Northumberland,Northumberland Borough 2,WRITE-IN,U.S. Senate,,,1
Northumberland,Northumberland Borough 2,TOM WOLF,Governor,,DEM,251
Northumberland,Northumberland Borough 2,SCOTT R WAGNER,Governor,,REP,251
Northumberland,Northumberland Borough 2,PAUL GLOVER,Governor,,GRN,4
Northumberland,Northumberland Borough 2,KEN V KRAWCHUK,Governor,,LIB,6
Northumberland,Northumberland Borough 2,WRITE-IN,Governor,,,3
Northumberland,Northumberland Borough 2,MARC FRIEDENBERG,U.S. House,12.0,DEM,216
Northumberland,Northumberland Borough 2,TOM MARINO,U.S. House,12.0,REP,295
Northumberland,Northumberland Borough 2,WRITE-IN,U.S. House,12.0,,1
Northumberland,Northumberland Borough 2,LYNDA J. SCHLEGEL-CULVERLVER,State House,108.0,REP,403
Northumberland,Northumberland Borough 2,WRITE-IN,State House,108.0,OTH,12
Northumberland,Northumberland Borough 3,,Ballots Cast,,,481
Northumberland,Northumberland Borough 3,,Straight Party,,DEM,70
Northumberland,Northumberland Borough 3,,Straight Party,,REP,164
Northumberland,Northumberland Borough 3,,Straight Party,,GRN,1
Northumberland,Northumberland Borough 3,,Straight Party,,LIB,1
Northumberland,Northumberland Borough 3,"BOB CASEY, JR",U.S. Senate,,DEM,196
Northumberland,Northumberland Borough 3,LOU BARLETTA,U.S. Senate,,REP,266
Northumberland,Northumberland Borough 3,NEAL GALE,U.S. Senate,,GRN,2
Northumberland,Northumberland Borough 3,"DALE R KERNS, JR",U.S. Senate,,LIB,12
Northumberland,Northumberland Borough 3,WRITE-IN,U.S. Senate,,,0
Northumberland,Northumberland Borough 3,TOM WOLF,Governor,,DEM,236
Northumberland,Northumberland Borough 3,SCOTT R WAGNER,Governor,,REP,232
Northumberland,Northumberland Borough 3,PAUL GLOVER,Governor,,GRN,6
Northumberland,Northumberland Borough 3,KEN V KRAWCHUK,Governor,,LIB,6
Northumberland,Northumberland Borough 3,WRITE-IN,Governor,,,0
Northumberland,Northumberland Borough 3,MARC FRIEDENBERG,U.S. House,12.0,DEM,173
Northumberland,Northumberland Borough 3,TOM MARINO,U.S. House,12.0,REP,294
Northumberland,Northumberland Borough 3,WRITE-IN,U.S. House,12.0,,4
Northumberland,Northumberland Borough 3,LYNDA J. SCHLEGEL-CULVERLVER,State House,108.0,REP,396
Northumberland,Northumberland Borough 3,WRITE-IN,State House,108.0,OTH,9
Northumberland,Point Township East,,Ballots Cast,,,579
Northumberland,Point Township East,,Straight Party,,DEM,65
Northumberland,Point Township East,,Straight Party,,REP,219
Northumberland,Point Township East,,Straight Party,,GRN,0
Northumberland,Point Township East,,Straight Party,,LIB,0
Northumberland,Point Township East,"BOB CASEY, JR",U.S. Senate,,DEM,210
Northumberland,Point Township East,LOU BARLETTA,U.S. Senate,,REP,356
Northumberland,Point Township East,NEAL GALE,U.S. Senate,,GRN,2
Northumberland,Point Township East,"DALE R KERNS, JR",U.S. Senate,,LIB,4
Northumberland,Point Township East,WRITE-IN,U.S. Senate,,,0
Northumberland,Point Township East,TOM WOLF,Governor,,DEM,231
Northumberland,Point Township East,SCOTT R WAGNER,Governor,,REP,336
Northumberland,Point Township East,PAUL GLOVER,Governor,,GRN,2
Northumberland,Point Township East,KEN V KRAWCHUK,Governor,,LIB,5
Northumberland,Point Township East,WRITE-IN,Governor,,,1
Northumberland,Point Township East,MARC FRIEDENBERG,U.S. House,12.0,DEM,175
Northumberland,Point Township East,TOM MARINO,U.S. House,12.0,REP,392
Northumberland,Point Township East,WRITE-IN,U.S. House,12.0,,0
Northumberland,Point Township East,LYNDA J. SCHLEGEL-CULVERLVER,State House,108.0,REP,501
Northumberland,Point Township East,WRITE-IN,State House,108.0,OTH,3
Northumberland,Point Township West,,Ballots Cast,,,919
Northumberland,Point Township West,,Straight Party,,DEM,98
Northumberland,Point Township West,,Straight Party,,REP,414
Northumberland,Point Township West,,Straight Party,,GRN,0
Northumberland,Point Township West,,Straight Party,,LIB,5
Northumberland,Point Township West,"BOB CASEY, JR",U.S. Senate,,DEM,271
Northumberland,Point Township West,LOU BARLETTA,U.S. Senate,,REP,626
Northumberland,Point Township West,NEAL GALE,U.S. Senate,,GRN,2
Northumberland,Point Township West,"DALE R KERNS, JR",U.S. Senate,,LIB,11
Northumberland,Point Township West,WRITE-IN,U.S. Senate,,,1
Northumberland,Point Township West,TOM WOLF,Governor,,DEM,320
Northumberland,Point Township West,SCOTT R WAGNER,Governor,,REP,566
Northumberland,Point Township West,PAUL GLOVER,Governor,,GRN,3
Northumberland,Point Township West,KEN V KRAWCHUK,Governor,,LIB,17
Northumberland,Point Township West,WRITE-IN,Governor,,,0
Northumberland,Point Township West,MARC FRIEDENBERG,U.S. House,12.0,DEM,227
Northumberland,Point Township West,TOM MARINO,U.S. House,12.0,REP,671
Northumberland,Point Township West,WRITE-IN,U.S. House,12.0,,1
Northumberland,Point Township West,LYNDA J. SCHLEGEL-CULVERLVER,State House,108.0,REP,810
Northumberland,Point Township West,WRITE-IN,State House,108.0,OTH,3
Northumberland,Riverside Borough,,Ballots Cast,,,835
Northumberland,Riverside Borough,,Straight Party,,DEM,170
Northumberland,Riverside Borough,,Straight Party,,REP,242
Northumberland,Riverside Borough,,Straight Party,,GRN,1
Northumberland,Riverside Borough,,Straight Party,,LIB,0
Northumberland,Riverside Borough,"BOB CASEY, JR",U.S. Senate,,DEM,385
Northumberland,Riverside Borough,LOU BARLETTA,U.S. Senate,,REP,443
Northumberland,Riverside Borough,NEAL GALE,U.S. Senate,,GRN,0
Northumberland,Riverside Borough,"DALE R KERNS, JR",U.S. Senate,,LIB,1
Northumberland,Riverside Borough,WRITE-IN,U.S. Senate,,,0
Northumberland,Riverside Borough,TOM WOLF,Governor,,DEM,409
Northumberland,Riverside Borough,SCOTT R WAGNER,Governor,,REP,408
Northumberland,Riverside Borough,PAUL GLOVER,Governor,,GRN,4
Northumberland,Riverside Borough,KEN V KRAWCHUK,Governor,,LIB,4
Northumberland,Riverside Borough,WRITE-IN,Governor,,,0
Northumberland,Riverside Borough,MARC FRIEDENBERG,U.S. House,12.0,DEM,336
Northumberland,Riverside Borough,TOM MARINO,U.S. House,12.0,REP,471
Northumberland,Riverside Borough,WRITE-IN,U.S. House,12.0,,1
Northumberland,Riverside Borough,LYNDA J. SCHLEGEL-CULVERLVER,State House,108.0,REP,607
Northumberland,Riverside Borough,WRITE-IN,State House,108.0,OTH,21
Northumberland,Rockefeller Township,,Ballots Cast,,,950
Northumberland,Rockefeller Township,,Straight Party,,DEM,74
Northumberland,Rockefeller Township,,Straight Party,,REP,380
Northumberland,Rockefeller Township,,Straight Party,,GRN,0
Northumberland,Rockefeller Township,,Straight Party,,LIB,1
Northumberland,Rockefeller Township,"BOB CASEY, JR",U.S. Senate,,DEM,244
Northumberland,Rockefeller Township,LOU BARLETTA,U.S. Senate,,REP,686
Northumberland,Rockefeller Township,NEAL GALE,U.S. Senate,,GRN,5
Northumberland,Rockefeller Township,"DALE R KERNS, JR",U.S. Senate,,LIB,5
Northumberland,Rockefeller Township,WRITE-IN,U.S. Senate,,,0
Northumberland,Rockefeller Township,TOM WOLF,Governor,,DEM,283
Northumberland,Rockefeller Township,SCOTT R WAGNER,Governor,,REP,634
Northumberland,Rockefeller Township,PAUL GLOVER,Governor,,GRN,3
Northumberland,Rockefeller Township,KEN V KRAWCHUK,Governor,,LIB,12
Northumberland,Rockefeller Township,WRITE-IN,Governor,,,1
Northumberland,Rockefeller Township,MARC FRIEDENBERG,U.S. House,12.0,DEM,195
Northumberland,Rockefeller Township,TOM MARINO,U.S. House,12.0,REP,729
Northumberland,Rockefeller Township,WRITE-IN,U.S. House,12.0,,1
Northumberland,Rockefeller Township,LYNDA J. SCHLEGEL-CULVERLVER,State House,108.0,REP,838
Northumberland,Rockefeller Township,WRITE-IN,State House,108.0,OTH,7
Northumberland,Rush Township,,Ballots Cast,,,461
Northumberland,Rush Township,,Straight Party,,DEM,47
Northumberland,Rush Township,,Straight Party,,REP,185
Northumberland,Rush Township,,Straight Party,,GRN,0
Northumberland,Rush Township,,Straight Party,,LIB,2
Northumberland,Rush Township,"BOB CASEY, JR",U.S. Senate,,DEM,142
Northumberland,Rush Township,LOU BARLETTA,U.S. Senate,,REP,306
Northumberland,Rush Township,NEAL GALE,U.S. Senate,,GRN,1
Northumberland,Rush Township,"DALE R KERNS, JR",U.S. Senate,,LIB,4
Northumberland,Rush Township,WRITE-IN,U.S. Senate,,,0
Northumberland,Rush Township,TOM WOLF,Governor,,DEM,165
Northumberland,Rush Township,SCOTT R WAGNER,Governor,,REP,282
Northumberland,Rush Township,PAUL GLOVER,Governor,,GRN,2
Northumberland,Rush Township,KEN V KRAWCHUK,Governor,,LIB,5
Northumberland,Rush Township,WRITE-IN,Governor,,,0
Northumberland,Rush Township,MARC FRIEDENBERG,U.S. House,12.0,DEM,116
Northumberland,Rush Township,TOM MARINO,U.S. House,12.0,REP,332
Northumberland,Rush Township,WRITE-IN,U.S. House,12.0,,0
Northumberland,Rush Township,LYNDA J. SCHLEGEL-CULVERLVER,State House,108.0,REP,396
Northumberland,Rush Township,WRITE-IN,State House,108.0,OTH,2
Northumberland,Shamokin Township,,Ballots Cast,,,993
Northumberland,Shamokin Township,,Straight Party,,DEM,93
Northumberland,Shamokin Township,,Straight Party,,REP,379
Northumberland,Shamokin Township,,Straight Party,,GRN,0
Northumberland,Shamokin Township,,Straight Party,,LIB,4
Northumberland,Shamokin Township,"BOB CASEY, JR",U.S. Senate,,DEM,281
Northumberland,Shamokin Township,LOU BARLETTA,U.S. Senate,,REP,675
Northumberland,Shamokin Township,NEAL GALE,U.S. Senate,,GRN,7
Northumberland,Shamokin Township,"DALE R KERNS, JR",U.S. Senate,,LIB,13
Northumberland,Shamokin Township,WRITE-IN,U.S. Senate,,,0
Northumberland,Shamokin Township,TOM WOLF,Governor,,DEM,349
Northumberland,Shamokin Township,SCOTT R WAGNER,Governor,,REP,609
Northumberland,Shamokin Township,PAUL GLOVER,Governor,,GRN,8
Northumberland,Shamokin Township,KEN V KRAWCHUK,Governor,,LIB,14
Northumberland,Shamokin Township,WRITE-IN,Governor,,,2
Northumberland,Shamokin Township,MARC FRIEDENBERG,U.S. House,12.0,DEM,243
Northumberland,Shamokin Township,TOM MARINO,U.S. House,12.0,REP,712
Northumberland,Shamokin Township,WRITE-IN,U.S. House,12.0,,0
Northumberland,Shamokin Township,SARAH DONNELLY,State House,107.0,DEM,227
Northumberland,Shamokin Township,KURT A. MASSER,State House,107.0,REP,748
Northumberland,Shamokin Township,WRITE-IN,State House,107.0,,2
Northumberland,Snydertown Borough,,Ballots Cast,,,135
Northumberland,Snydertown Borough,,Straight Party,,DEM,12
Northumberland,Snydertown Borough,,Straight Party,,REP,55
Northumberland,Snydertown Borough,,Straight Party,,GRN,0
Northumberland,Snydertown Borough,,Straight Party,,LIB,0
Northumberland,Snydertown Borough,"BOB CASEY, JR",U.S. Senate,,DEM,39
Northumberland,Snydertown Borough,LOU BARLETTA,U.S. Senate,,REP,94
Northumberland,Snydertown Borough,NEAL GALE,U.S. Senate,,GRN,0
Northumberland,Snydertown Borough,"DALE R KERNS, JR",U.S. Senate,,LIB,1
Northumberland,Snydertown Borough,WRITE-IN,U.S. Senate,,,0
Northumberland,Snydertown Borough,TOM WOLF,Governor,,DEM,45
Northumberland,Snydertown Borough,SCOTT R WAGNER,Governor,,REP,88
Northumberland,Snydertown Borough,PAUL GLOVER,Governor,,GRN,0
Northumberland,Snydertown Borough,KEN V KRAWCHUK,Governor,,LIB,2
Northumberland,Snydertown Borough,WRITE-IN,Governor,,,0
Northumberland,Snydertown Borough,MARC FRIEDENBERG,U.S. House,12.0,DEM,32
Northumberland,Snydertown Borough,TOM MARINO,U.S. House,12.0,REP,98
Northumberland,Snydertown Borough,WRITE-IN,U.S. House,12.0,,0
Northumberland,Snydertown Borough,LYNDA J. SCHLEGEL-CULVERLVER,State House,108.0,REP,122
Northumberland,Snydertown Borough,WRITE-IN,State House,108.0,OTH,0
Northumberland,Coal Township 5,,Ballots Cast,,,504
Northumberland,Coal Township 5,,Straight Party,,DEM,88
Northumberland,Coal Township 5,,Straight Party,,REP,145
Northumberland,Coal Township 5,,Straight Party,,GRN,0
Northumberland,Coal Township 5,,Straight Party,,LIB,0
Northumberland,Coal Township 5,"BOB CASEY, JR",U.S. Senate,,DEM,205
Northumberland,Coal Township 5,LOU BARLETTA,U.S. Senate,,REP,282
Northumberland,Coal Township 5,NEAL GALE,U.S. Senate,,GRN,0
Northumberland,Coal Township 5,"DALE R KERNS, JR",U.S. Senate,,LIB,4
Northumberland,Coal Township 5,WRITE-IN,U.S. Senate,,,0
Northumberland,Coal Township 5,TOM WOLF,Governor,,DEM,233
Northumberland,Coal Township 5,SCOTT R WAGNER,Governor,,REP,250
Northumberland,Coal Township 5,PAUL GLOVER,Governor,,GRN,4
Northumberland,Coal Township 5,KEN V KRAWCHUK,Governor,,LIB,8
Northumberland,Coal Township 5,WRITE-IN,Governor,,,1
Northumberland,Coal Township 5,DENNY WOLFF,U.S. House,9.0,DEM,185
Northumberland,Coal Township 5,DAN MEUSER,U.S. House,9.0,REP,294
Northumberland,Coal Township 5,WRITE-IN,U.S. House,9.0,,1
Northumberland,Coal Township 5,SARAH DONNELLY,State House,107.0,DEM,170
Northumberland,Coal Township 5,KURT A. MASSER,State House,107.0,REP,319
Northumberland,Coal Township 5,WRITE-IN,State House,107.0,,0
Northumberland,Sunbury City 1,,Ballots Cast,,,422
Northumberland,Sunbury City 1,,Straight Party,,DEM,101
Northumberland,Sunbury City 1,,Straight Party,,REP,137
Northumberland,Sunbury City 1,,Straight Party,,GRN,0
Northumberland,Sunbury City 1,,Straight Party,,LIB,4
Northumberland,Sunbury City 1,"BOB CASEY, JR",U.S. Senate,,DEM,202
Northumberland,Sunbury City 1,LOU BARLETTA,U.S. Senate,,REP,209
Northumberland,Sunbury City 1,NEAL GALE,U.S. Senate,,GRN,1
Northumberland,Sunbury City 1,"DALE R KERNS, JR",U.S. Senate,,LIB,4
Northumberland,Sunbury City 1,WRITE-IN,U.S. Senate,,,0
Northumberland,Sunbury City 1,TOM WOLF,Governor,,DEM,217
Northumberland,Sunbury City 1,SCOTT R WAGNER,Governor,,REP,193
Northumberland,Sunbury City 1,PAUL GLOVER,Governor,,GRN,2
Northumberland,Sunbury City 1,KEN V KRAWCHUK,Governor,,LIB,5
Northumberland,Sunbury City 1,WRITE-IN,Governor,,,1
Northumberland,Sunbury City 1,MARC FRIEDENBERG,U.S. House,12.0,DEM,179
Northumberland,Sunbury City 1,TOM MARINO,U.S. House,12.0,REP,229
Northumberland,Sunbury City 1,WRITE-IN,U.S. House,12.0,,0
Northumberland,Sunbury City 1,LYNDA J. SCHLEGEL-CULVERLVER,State House,108.0,REP,319
Northumberland,Sunbury City 1,WRITE-IN,State House,108.0,OTH,8
Northumberland,Sunbury City 2,,Ballots Cast,,,391
Northumberland,Sunbury City 2,,Straight Party,,DEM,83
Northumberland,Sunbury City 2,,Straight Party,,REP,113
Northumberland,Sunbury City 2,,Straight Party,,GRN,0
Northumberland,Sunbury City 2,,Straight Party,,LIB,3
Northumberland,Sunbury City 2,"BOB CASEY, JR",U.S. Senate,,DEM,173
Northumberland,Sunbury City 2,LOU BARLETTA,U.S. Senate,,REP,195
Northumberland,Sunbury City 2,NEAL GALE,U.S. Senate,,GRN,5
Northumberland,Sunbury City 2,"DALE R KERNS, JR",U.S. Senate,,LIB,12
Northumberland,Sunbury City 2,WRITE-IN,U.S. Senate,,,0
Northumberland,Sunbury City 2,TOM WOLF,Governor,,DEM,175
Northumberland,Sunbury City 2,SCOTT R WAGNER,Governor,,REP,197
Northumberland,Sunbury City 2,PAUL GLOVER,Governor,,GRN,5
Northumberland,Sunbury City 2,KEN V KRAWCHUK,Governor,,LIB,10
Northumberland,Sunbury City 2,WRITE-IN,Governor,,,0
Northumberland,Sunbury City 2,MARC FRIEDENBERG,U.S. House,12.0,DEM,155
Northumberland,Sunbury City 2,TOM MARINO,U.S. House,12.0,REP,226
Northumberland,Sunbury City 2,WRITE-IN,U.S. House,12.0,,1
Northumberland,Sunbury City 2,LYNDA J. SCHLEGEL-CULVERLVER,State House,108.0,REP,309
Northumberland,Sunbury City 2,WRITE-IN,State House,108.0,OTH,6
Northumberland,Sunbury City 5,,Ballots Cast,,,334
Northumberland,Sunbury City 5,,Straight Party,,DEM,77
Northumberland,Sunbury City 5,,Straight Party,,REP,94
Northumberland,Sunbury City 5,,Straight Party,,GRN,0
Northumberland,Sunbury City 5,,Straight Party,,LIB,2
Northumberland,Sunbury City 5,"BOB CASEY, JR",U.S. Senate,,DEM,158
Northumberland,Sunbury City 5,LOU BARLETTA,U.S. Senate,,REP,167
Northumberland,Sunbury City 5,NEAL GALE,U.S. Senate,,GRN,1
Northumberland,Sunbury City 5,"DALE R KERNS, JR",U.S. Senate,,LIB,2
Northumberland,Sunbury City 5,WRITE-IN,U.S. Senate,,,0
Northumberland,Sunbury City 5,TOM WOLF,Governor,,DEM,177
Northumberland,Sunbury City 5,SCOTT R WAGNER,Governor,,REP,150
Northumberland,Sunbury City 5,PAUL GLOVER,Governor,,GRN,1
Northumberland,Sunbury City 5,KEN V KRAWCHUK,Governor,,LIB,2
Northumberland,Sunbury City 5,WRITE-IN,Governor,,,0
Northumberland,Sunbury City 5,MARC FRIEDENBERG,U.S. House,12.0,DEM,142
Northumberland,Sunbury City 5,TOM MARINO,U.S. House,12.0,REP,184
Northumberland,Sunbury City 5,WRITE-IN,U.S. House,12.0,,0
Northumberland,Sunbury City 5,LYNDA J. SCHLEGEL-CULVERLVER,State House,108.0,REP,260
Northumberland,Sunbury City 5,WRITE-IN,State House,108.0,OTH,6
Northumberland,Sunbury City 6,,Ballots Cast,,,231
Northumberland,Sunbury City 6,,Straight Party,,DEM,52
Northumberland,Sunbury City 6,,Straight Party,,REP,57
Northumberland,Sunbury City 6,,Straight Party,,GRN,1
Northumberland,Sunbury City 6,,Straight Party,,LIB,1
Northumberland,Sunbury City 6,"BOB CASEY, JR",U.S. Senate,,DEM,101
Northumberland,Sunbury City 6,LOU BARLETTA,U.S. Senate,,REP,120
Northumberland,Sunbury City 6,NEAL GALE,U.S. Senate,,GRN,1
Northumberland,Sunbury City 6,"DALE R KERNS, JR",U.S. Senate,,LIB,5
Northumberland,Sunbury City 6,WRITE-IN,U.S. Senate,,,0
Northumberland,Sunbury City 6,TOM WOLF,Governor,,DEM,119
Northumberland,Sunbury City 6,SCOTT R WAGNER,Governor,,REP,102
Northumberland,Sunbury City 6,PAUL GLOVER,Governor,,GRN,2
Northumberland,Sunbury City 6,KEN V KRAWCHUK,Governor,,LIB,5
Northumberland,Sunbury City 6,WRITE-IN,Governor,,,0
Northumberland,Sunbury City 6,MARC FRIEDENBERG,U.S. House,12.0,DEM,93
Northumberland,Sunbury City 6,TOM MARINO,U.S. House,12.0,REP,124
Northumberland,Sunbury City 6,WRITE-IN,U.S. House,12.0,,2
Northumberland,Sunbury City 6,LYNDA J. SCHLEGEL-CULVERLVER,State House,108.0,REP,170
Northumberland,Sunbury City 6,WRITE-IN,State House,108.0,OTH,4
Northumberland,Sunbury City 4,,Ballots Cast,,,422
Northumberland,Sunbury City 4,,Straight Party,,DEM,59
Northumberland,Sunbury City 4,,Straight Party,,REP,116
Northumberland,Sunbury City 4,,Straight Party,,GRN,0
Northumberland,Sunbury City 4,,Straight Party,,LIB,0
Northumberland,Sunbury City 4,"BOB CASEY, JR",U.S. Senate,,DEM,176
Northumberland,Sunbury City 4,LOU BARLETTA,U.S. Senate,,REP,237
Northumberland,Sunbury City 4,NEAL GALE,U.S. Senate,,GRN,0
Northumberland,Sunbury City 4,"DALE R KERNS, JR",U.S. Senate,,LIB,2
Northumberland,Sunbury City 4,WRITE-IN,U.S. Senate,,,0
Northumberland,Sunbury City 4,TOM WOLF,Governor,,DEM,216
Northumberland,Sunbury City 4,SCOTT R WAGNER,Governor,,REP,194
Northumberland,Sunbury City 4,PAUL GLOVER,Governor,,GRN,6
Northumberland,Sunbury City 4,KEN V KRAWCHUK,Governor,,LIB,1
Northumberland,Sunbury City 4,WRITE-IN,Governor,,,0
Northumberland,Sunbury City 4,MARC FRIEDENBERG,U.S. House,12.0,DEM,158
Northumberland,Sunbury City 4,TOM MARINO,U.S. House,12.0,REP,248
Northumberland,Sunbury City 4,WRITE-IN,U.S. House,12.0,,0
Northumberland,Sunbury City 4,LYNDA J. SCHLEGEL-CULVERLVER,State House,108.0,REP,355
Northumberland,Sunbury City 4,WRITE-IN,State House,108.0,OTH,3
Northumberland,Turbot Township,,Ballots Cast,,,730
Northumberland,Turbot Township,,Straight Party,,DEM,118
Northumberland,Turbot Township,,Straight Party,,REP,295
Northumberland,Turbot Township,,Straight Party,,GRN,0
Northumberland,Turbot Township,,Straight Party,,LIB,1
Northumberland,Turbot Township,"BOB CASEY, JR",U.S. Senate,,DEM,245
Northumberland,Turbot Township,LOU BARLETTA,U.S. Senate,,REP,465
Northumberland,Turbot Township,NEAL GALE,U.S. Senate,,GRN,2
Northumberland,Turbot Township,"DALE R KERNS, JR",U.S. Senate,,LIB,5
Northumberland,Turbot Township,WRITE-IN,U.S. Senate,,,0
Northumberland,Turbot Township,TOM WOLF,Governor,,DEM,282
Northumberland,Turbot Township,SCOTT R WAGNER,Governor,,REP,431
Northumberland,Turbot Township,PAUL GLOVER,Governor,,GRN,1
Northumberland,Turbot Township,KEN V KRAWCHUK,Governor,,LIB,6
Northumberland,Turbot Township,WRITE-IN,Governor,,,0
Northumberland,Turbot Township,MARC FRIEDENBERG,U.S. House,12.0,DEM,213
Northumberland,Turbot Township,TOM MARINO,U.S. House,12.0,REP,506
Northumberland,Turbot Township,WRITE-IN,U.S. House,12.0,,0
Northumberland,Turbot Township,LYNDA J. SCHLEGEL-CULVERLVER,State House,108.0,REP,605
Northumberland,Turbot Township,WRITE-IN,State House,108.0,OTH,1
Northumberland,Turbotville Borough,,Ballots Cast,,,257
Northumberland,Turbotville Borough,,Straight Party,,DEM,48
Northumberland,Turbotville Borough,,Straight Party,,REP,86
Northumberland,Turbotville Borough,,Straight Party,,GRN,0
Northumberland,Turbotville Borough,,Straight Party,,LIB,1
Northumberland,Turbotville Borough,"BOB CASEY, JR",U.S. Senate,,DEM,100
Northumberland,Turbotville Borough,LOU BARLETTA,U.S. Senate,,REP,152
Northumberland,Turbotville Borough,NEAL GALE,U.S. Senate,,GRN,1
Northumberland,Turbotville Borough,"DALE R KERNS, JR",U.S. Senate,,LIB,2
Northumberland,Turbotville Borough,WRITE-IN,U.S. Senate,,,0
Northumberland,Turbotville Borough,TOM WOLF,Governor,,DEM,101
Northumberland,Turbotville Borough,SCOTT R WAGNER,Governor,,REP,146
Northumberland,Turbotville Borough,PAUL GLOVER,Governor,,GRN,3
Northumberland,Turbotville Borough,KEN V KRAWCHUK,Governor,,LIB,4
Northumberland,Turbotville Borough,WRITE-IN,Governor,,,1
Northumberland,Turbotville Borough,MARC FRIEDENBERG,U.S. House,12.0,DEM,80
Northumberland,Turbotville Borough,TOM MARINO,U.S. House,12.0,REP,173
Northumberland,Turbotville Borough,WRITE-IN,U.S. House,12.0,,0
Northumberland,Turbotville Borough,LYNDA J. SCHLEGEL-CULVERLVER,State House,108.0,REP,219
Northumberland,Turbotville Borough,WRITE-IN,State House,108.0,OTH,1
Northumberland,Upper Augusta Township Northeast,,Ballots Cast,,,606
Northumberland,Upper Augusta Township Northeast,,Straight Party,,DEM,65
Northumberland,Upper Augusta Township Northeast,,Straight Party,,REP,225
Northumberland,Upper Augusta Township Northeast,,Straight Party,,GRN,1
Northumberland,Upper Augusta Township Northeast,,Straight Party,,LIB,0
Northumberland,Upper Augusta Township Northeast,"BOB CASEY, JR",U.S. Senate,,DEM,213
Northumberland,Upper Augusta Township Northeast,LOU BARLETTA,U.S. Senate,,REP,381
Northumberland,Upper Augusta Township Northeast,NEAL GALE,U.S. Senate,,GRN,5
Northumberland,Upper Augusta Township Northeast,"DALE R KERNS, JR",U.S. Senate,,LIB,4
Northumberland,Upper Augusta Township Northeast,WRITE-IN,U.S. Senate,,,0
Northumberland,Upper Augusta Township Northeast,TOM WOLF,Governor,,DEM,244
Northumberland,Upper Augusta Township Northeast,SCOTT R WAGNER,Governor,,REP,346
Northumberland,Upper Augusta Township Northeast,PAUL GLOVER,Governor,,GRN,3
Northumberland,Upper Augusta Township Northeast,KEN V KRAWCHUK,Governor,,LIB,2
Northumberland,Upper Augusta Township Northeast,WRITE-IN,Governor,,,0
Northumberland,Upper Augusta Township Northeast,MARC FRIEDENBERG,U.S. House,12.0,DEM,178
Northumberland,Upper Augusta Township Northeast,TOM MARINO,U.S. House,12.0,REP,414
Northumberland,Upper Augusta Township Northeast,WRITE-IN,U.S. House,12.0,,1
Northumberland,Upper Augusta Township Northeast,LYNDA J. SCHLEGEL-CULVERLVER,State House,108.0,REP,525
Northumberland,Upper Augusta Township Northeast,WRITE-IN,State House,108.0,OTH,8
Northumberland,Upper Augusta Township Northwest,,Ballots Cast,,,456
Northumberland,Upper Augusta Township Northwest,,Straight Party,,DEM,50
Northumberland,Upper Augusta Township Northwest,,Straight Party,,REP,180
Northumberland,Upper Augusta Township Northwest,,Straight Party,,GRN,2
Northumberland,Upper Augusta Township Northwest,,Straight Party,,LIB,2
Northumberland,Upper Augusta Township Northwest,"BOB CASEY, JR",U.S. Senate,,DEM,140
Northumberland,Upper Augusta Township Northwest,LOU BARLETTA,U.S. Senate,,REP,300
Northumberland,Upper Augusta Township Northwest,NEAL GALE,U.S. Senate,,GRN,5
Northumberland,Upper Augusta Township Northwest,"DALE R KERNS, JR",U.S. Senate,,LIB,5
Northumberland,Upper Augusta Township Northwest,WRITE-IN,U.S. Senate,,,0
Northumberland,Upper Augusta Township Northwest,TOM WOLF,Governor,,DEM,164
Northumberland,Upper Augusta Township Northwest,SCOTT R WAGNER,Governor,,REP,273
Northumberland,Upper Augusta Township Northwest,PAUL GLOVER,Governor,,GRN,4
Northumberland,Upper Augusta Township Northwest,KEN V KRAWCHUK,Governor,,LIB,10
Northumberland,Upper Augusta Township Northwest,WRITE-IN,Governor,,,0
Northumberland,Upper Augusta Township Northwest,MARC FRIEDENBERG,U.S. House,12.0,DEM,127
Northumberland,Upper Augusta Township Northwest,TOM MARINO,U.S. House,12.0,REP,320
Northumberland,Upper Augusta Township Northwest,WRITE-IN,U.S. House,12.0,,0
Northumberland,Upper Augusta Township Northwest,LYNDA J. SCHLEGEL-CULVERLVER,State House,108.0,REP,396
Northumberland,Upper Augusta Township Northwest,WRITE-IN,State House,108.0,OTH,3
Northumberland,Coal Township 6,,Ballots Cast,,,548
Northumberland,Coal Township 6,,Straight Party,,DEM,80
Northumberland,Coal Township 6,,Straight Party,,REP,163
Northumberland,Coal Township 6,,Straight Party,,GRN,1
Northumberland,Coal Township 6,,Straight Party,,LIB,0
Northumberland,Coal Township 6,"BOB CASEY, JR",U.S. Senate,,DEM,212
Northumberland,Coal Township 6,LOU BARLETTA,U.S. Senate,,REP,324
Northumberland,Coal Township 6,NEAL GALE,U.S. Senate,,GRN,1
Northumberland,Coal Township 6,"DALE R KERNS, JR",U.S. Senate,,LIB,3
Northumberland,Coal Township 6,WRITE-IN,U.S. Senate,,,0
Northumberland,Coal Township 6,TOM WOLF,Governor,,DEM,255
Northumberland,Coal Township 6,SCOTT R WAGNER,Governor,,REP,266
Northumberland,Coal Township 6,PAUL GLOVER,Governor,,GRN,6
Northumberland,Coal Township 6,KEN V KRAWCHUK,Governor,,LIB,5
Northumberland,Coal Township 6,WRITE-IN,Governor,,,0
Northumberland,Coal Township 6,DENNY WOLFF,U.S. House,9.0,DEM,188
Northumberland,Coal Township 6,DAN MEUSER,U.S. House,9.0,REP,339
Northumberland,Coal Township 6,WRITE-IN,U.S. House,9.0,,0
Northumberland,Coal Township 6,SARAH DONNELLY,State House,107.0,DEM,170
Northumberland,Coal Township 6,KURT A. MASSER,State House,107.0,REP,366
Northumberland,Coal Township 6,WRITE-IN,State House,107.0,,0
Northumberland,Upper Mahanoy Township (12th District),,Ballots Cast,,,224
Northumberland,Upper Mahanoy Township (12th District),,Straight Party,,DEM,13
Northumberland,Upper Mahanoy Township (12th District),,Straight Party,,REP,92
Northumberland,Upper Mahanoy Township (12th District),,Straight Party,,GRN,0
Northumberland,Upper Mahanoy Township (12th District),,Straight Party,,LIB,0
Northumberland,Upper Mahanoy Township (12th District),"BOB CASEY, JR",U.S. Senate,,DEM,49
Northumberland,Upper Mahanoy Township (12th District),LOU BARLETTA,U.S. Senate,,REP,173
Northumberland,Upper Mahanoy Township (12th District),NEAL GALE,U.S. Senate,,GRN,1
Northumberland,Upper Mahanoy Township (12th District),"DALE R KERNS, JR",U.S. Senate,,LIB,0
Northumberland,Upper Mahanoy Township (12th District),WRITE-IN,U.S. Senate,,,0
Northumberland,Upper Mahanoy Township (12th District),TOM WOLF,Governor,,DEM,53
Northumberland,Upper Mahanoy Township (12th District),SCOTT R WAGNER,Governor,,REP,166
Northumberland,Upper Mahanoy Township (12th District),PAUL GLOVER,Governor,,GRN,2
Northumberland,Upper Mahanoy Township (12th District),KEN V KRAWCHUK,Governor,,LIB,1
Northumberland,Upper Mahanoy Township (12th District),WRITE-IN,Governor,,,0
Northumberland,Upper Mahanoy Township (12th District),MARC FRIEDENBERG,U.S. House,12.0,DEM,33
Northumberland,Upper Mahanoy Township (12th District),TOM MARINO,U.S. House,12.0,REP,186
Northumberland,Upper Mahanoy Township (12th District),WRITE-IN,U.S. House,12.0,,0
Northumberland,Upper Mahanoy Township (12th District),SARAH DONNELLY,State House,107.0,DEM,27
Northumberland,Upper Mahanoy Township (12th District),KURT A. MASSER,State House,107.0,REP,195
Northumberland,Upper Mahanoy Township (12th District),WRITE-IN,State House,107.0,,0
Northumberland,Washington Township,,Ballots Cast,,,275
Northumberland,Washington Township,,Straight Party,,DEM,20
Northumberland,Washington Township,,Straight Party,,REP,100
Northumberland,Washington Township,,Straight Party,,GRN,0
Northumberland,Washington Township,,Straight Party,,LIB,0
Northumberland,Washington Township,"BOB CASEY, JR",U.S. Senate,,DEM,70
Northumberland,Washington Township,LOU BARLETTA,U.S. Senate,,REP,202
Northumberland,Washington Township,NEAL GALE,U.S. Senate,,GRN,1
Northumberland,Washington Township,"DALE R KERNS, JR",U.S. Senate,,LIB,1
Northumberland,Washington Township,WRITE-IN,U.S. Senate,,,0
Northumberland,Washington Township,TOM WOLF,Governor,,DEM,82
Northumberland,Washington Township,SCOTT R WAGNER,Governor,,REP,187
Northumberland,Washington Township,PAUL GLOVER,Governor,,GRN,1
Northumberland,Washington Township,KEN V KRAWCHUK,Governor,,LIB,2
Northumberland,Washington Township,WRITE-IN,Governor,,,0
Northumberland,Washington Township,MARC FRIEDENBERG,U.S. House,12.0,DEM,50
Northumberland,Washington Township,TOM MARINO,U.S. House,12.0,REP,220
Northumberland,Washington Township,WRITE-IN,U.S. House,12.0,,0
Northumberland,Washington Township,SARAH DONNELLY,State House,107.0,DEM,45
Northumberland,Washington Township,KURT A. MASSER,State House,107.0,REP,223
Northumberland,Washington Township,WRITE-IN,State House,107.0,,0
Northumberland,Watsontown Borough 1,,Ballots Cast,,,218
Northumberland,Watsontown Borough 1,,Straight Party,,DEM,31
Northumberland,Watsontown Borough 1,,Straight Party,,REP,78
Northumberland,Watsontown Borough 1,,Straight Party,,GRN,0
Northumberland,Watsontown Borough 1,,Straight Party,,LIB,1
Northumberland,Watsontown Borough 1,"BOB CASEY, JR",U.S. Senate,,DEM,84
Northumberland,Watsontown Borough 1,LOU BARLETTA,U.S. Senate,,REP,126
Northumberland,Watsontown Borough 1,NEAL GALE,U.S. Senate,,GRN,1
Northumberland,Watsontown Borough 1,"DALE R KERNS, JR",U.S. Senate,,LIB,5
Northumberland,Watsontown Borough 1,WRITE-IN,U.S. Senate,,,0
Northumberland,Watsontown Borough 1,TOM WOLF,Governor,,DEM,91
Northumberland,Watsontown Borough 1,SCOTT R WAGNER,Governor,,REP,112
Northumberland,Watsontown Borough 1,PAUL GLOVER,Governor,,GRN,3
Northumberland,Watsontown Borough 1,KEN V KRAWCHUK,Governor,,LIB,7
Northumberland,Watsontown Borough 1,WRITE-IN,Governor,,,2
Northumberland,Watsontown Borough 1,MARC FRIEDENBERG,U.S. House,12.0,DEM,67
Northumberland,Watsontown Borough 1,TOM MARINO,U.S. House,12.0,REP,145
Northumberland,Watsontown Borough 1,WRITE-IN,U.S. House,12.0,,1
Northumberland,Watsontown Borough 1,LYNDA J. SCHLEGEL-CULVERLVER,State House,108.0,REP,180
Northumberland,Watsontown Borough 1,WRITE-IN,State House,108.0,OTH,3
Northumberland,Watsontown Borough 2,,Ballots Cast,,,461
Northumberland,Watsontown Borough 2,,Straight Party,,DEM,82
Northumberland,Watsontown Borough 2,,Straight Party,,REP,166
Northumberland,Watsontown Borough 2,,Straight Party,,GRN,0
Northumberland,Watsontown Borough 2,,Straight Party,,LIB,2
Northumberland,Watsontown Borough 2,"BOB CASEY, JR",U.S. Senate,,DEM,183
Northumberland,Watsontown Borough 2,LOU BARLETTA,U.S. Senate,,REP,265
Northumberland,Watsontown Borough 2,NEAL GALE,U.S. Senate,,GRN,4
Northumberland,Watsontown Borough 2,"DALE R KERNS, JR",U.S. Senate,,LIB,4
Northumberland,Watsontown Borough 2,WRITE-IN,U.S. Senate,,,1
Northumberland,Watsontown Borough 2,TOM WOLF,Governor,,DEM,192
Northumberland,Watsontown Borough 2,SCOTT R WAGNER,Governor,,REP,248
Northumberland,Watsontown Borough 2,PAUL GLOVER,Governor,,GRN,3
Northumberland,Watsontown Borough 2,KEN V KRAWCHUK,Governor,,LIB,9
Northumberland,Watsontown Borough 2,WRITE-IN,Governor,,,1
Northumberland,Watsontown Borough 2,MARC FRIEDENBERG,U.S. House,12.0,DEM,155
Northumberland,Watsontown Borough 2,TOM MARINO,U.S. House,12.0,REP,296
Northumberland,Watsontown Borough 2,WRITE-IN,U.S. House,12.0,,0
Northumberland,Watsontown Borough 2,LYNDA J. SCHLEGEL-CULVERLVER,State House,108.0,REP,377
Northumberland,Watsontown Borough 2,WRITE-IN,State House,108.0,OTH,5
Northumberland,West Chillisquaque Township,,Ballots Cast,,,790
Northumberland,West Chillisquaque Township,,Straight Party,,DEM,89
Northumberland,West Chillisquaque Township,,Straight Party,,REP,362
Northumberland,West Chillisquaque Township,,Straight Party,,GRN,1
Northumberland,West Chillisquaque Township,,Straight Party,,LIB,1
Northumberland,West Chillisquaque Township,"BOB CASEY, JR",U.S. Senate,,DEM,234
Northumberland,West Chillisquaque Township,LOU BARLETTA,U.S. Senate,,REP,530
Northumberland,West Chillisquaque Township,NEAL GALE,U.S. Senate,,GRN,4
Northumberland,West Chillisquaque Township,"DALE R KERNS, JR",U.S. Senate,,LIB,11
Northumberland,West Chillisquaque Township,WRITE-IN,U.S. Senate,,,0
Northumberland,West Chillisquaque Township,TOM WOLF,Governor,,DEM,269
Northumberland,West Chillisquaque Township,SCOTT R WAGNER,Governor,,REP,500
Northumberland,West Chillisquaque Township,PAUL GLOVER,Governor,,GRN,5
Northumberland,West Chillisquaque Township,KEN V KRAWCHUK,Governor,,LIB,7
Northumberland,West Chillisquaque Township,WRITE-IN,Governor,,,0
Northumberland,West Chillisquaque Township,MARC FRIEDENBERG,U.S. House,12.0,DEM,197
Northumberland,West Chillisquaque Township,TOM MARINO,U.S. House,12.0,REP,572
Northumberland,West Chillisquaque Township,WRITE-IN,U.S. House,12.0,,1
Northumberland,West Chillisquaque Township,LYNDA J. SCHLEGEL-CULVERLVER,State House,108.0,REP,668
Northumberland,West Chillisquaque Township,WRITE-IN,State House,108.0,OTH,11
Northumberland,East Cameron Township,,Ballots Cast,,,231
Northumberland,East Cameron Township,,Straight Party,,DEM,20
Northumberland,East Cameron Township,,Straight Party,,REP,93
Northumberland,East Cameron Township,,Straight Party,,GRN,0
Northumberland,East Cameron Township,,Straight Party,,LIB,1
Northumberland,East Cameron Township,"BOB CASEY, JR",U.S. Senate,,DEM,63
Northumberland,East Cameron Township,LOU BARLETTA,U.S. Senate,,REP,164
Northumberland,East Cameron Township,NEAL GALE,U.S. Senate,,GRN,0
Northumberland,East Cameron Township,"DALE R KERNS, JR",U.S. Senate,,LIB,4
Northumberland,East Cameron Township,WRITE-IN,U.S. Senate,,,0
Northumberland,East Cameron Township,TOM WOLF,Governor,,DEM,80
Northumberland,East Cameron Township,SCOTT R WAGNER,Governor,,REP,147
Northumberland,East Cameron Township,PAUL GLOVER,Governor,,GRN,0
Northumberland,East Cameron Township,KEN V KRAWCHUK,Governor,,LIB,2
Northumberland,East Cameron Township,WRITE-IN,Governor,,,0
Northumberland,East Cameron Township,DENNY WOLFF,U.S. House,9.0,DEM,66
Northumberland,East Cameron Township,DAN MEUSER,U.S. House,9.0,REP,160
Northumberland,East Cameron Township,WRITE-IN,U.S. House,9.0,,0
Northumberland,East Cameron Township,SARAH DONNELLY,State House,107.0,DEM,54
Northumberland,East Cameron Township,KURT A. MASSER,State House,107.0,REP,169
Northumberland,East Cameron Township,WRITE-IN,State House,107.0,,0
Northumberland,Kulpmont Borough 1,,Ballots Cast,,,296
Northumberland,Kulpmont Borough 1,,Straight Party,,DEM,65
Northumberland,Kulpmont Borough 1,,Straight Party,,REP,74
Northumberland,Kulpmont Borough 1,,Straight Party,,GRN,0
Northumberland,Kulpmont Borough 1,,Straight Party,,LIB,0
Northumberland,Kulpmont Borough 1,"BOB CASEY, JR",U.S. Senate,,DEM,125
Northumberland,Kulpmont Borough 1,LOU BARLETTA,U.S. Senate,,REP,166
Northumberland,Kulpmont Borough 1,NEAL GALE,U.S. Senate,,GRN,1
Northumberland,Kulpmont Borough 1,"DALE R KERNS, JR",U.S. Senate,,LIB,1
Northumberland,Kulpmont Borough 1,WRITE-IN,U.S. Senate,,,0
Northumberland,Kulpmont Borough 1,TOM WOLF,Governor,,DEM,156
Northumberland,Kulpmont Borough 1,SCOTT R WAGNER,Governor,,REP,127
Northumberland,Kulpmont Borough 1,PAUL GLOVER,Governor,,GRN,0
Northumberland,Kulpmont Borough 1,KEN V KRAWCHUK,Governor,,LIB,3
Northumberland,Kulpmont Borough 1,WRITE-IN,Governor,,,0
Northumberland,Kulpmont Borough 1,DENNY WOLFF,U.S. House,9.0,DEM,131
Northumberland,Kulpmont Borough 1,DAN MEUSER,U.S. House,9.0,REP,154
Northumberland,Kulpmont Borough 1,WRITE-IN,U.S. House,9.0,,0
Northumberland,Kulpmont Borough 1,SARAH DONNELLY,State House,107.0,DEM,120
Northumberland,Kulpmont Borough 1,KURT A. MASSER,State House,107.0,REP,169
Northumberland,Kulpmont Borough 1,WRITE-IN,State House,107.0,,0
Northumberland,Sunbury City 3,,Ballots Cast,,,501
Northumberland,Sunbury City 3,,Straight Party,,DEM,72
Northumberland,Sunbury City 3,,Straight Party,,REP,154
Northumberland,Sunbury City 3,,Straight Party,,GRN,2
Northumberland,Sunbury City 3,,Straight Party,,LIB,1
Northumberland,Sunbury City 3,"BOB CASEY, JR",U.S. Senate,,DEM,187
Northumberland,Sunbury City 3,LOU BARLETTA,U.S. Senate,,REP,293
Northumberland,Sunbury City 3,NEAL GALE,U.S. Senate,,GRN,5
Northumberland,Sunbury City 3,"DALE R KERNS, JR",U.S. Senate,,LIB,9
Northumberland,Sunbury City 3,WRITE-IN,U.S. Senate,,,1
Northumberland,Sunbury City 3,TOM WOLF,Governor,,DEM,221
Northumberland,Sunbury City 3,SCOTT R WAGNER,Governor,,REP,258
Northumberland,Sunbury City 3,PAUL GLOVER,Governor,,GRN,6
Northumberland,Sunbury City 3,KEN V KRAWCHUK,Governor,,LIB,13
Northumberland,Sunbury City 3,WRITE-IN,Governor,,,0
Northumberland,Sunbury City 3,MARC FRIEDENBERG,U.S. House,12.0,DEM,173
Northumberland,Sunbury City 3,TOM MARINO,U.S. House,12.0,REP,317
Northumberland,Sunbury City 3,WRITE-IN,U.S. House,12.0,,1
Northumberland,Sunbury City 3,LYNDA J. SCHLEGEL-CULVERLVER,State House,108.0,REP,417
Northumberland,Sunbury City 3,WRITE-IN,State House,108.0,OTH,15
