candidate,office,district,party,county,precinct,votes,election_day,absentee,provisional
,Registered Voters,,,Venango,Allegheny Twp,193,,,
,Ballots Cast,,,Venango,Allegheny Twp,128,126,2,0
,Straight Party,,DEM,Venango,Allegheny Twp,8,7,1,0
,Straight Party,,REP,Venango,Allegheny Twp,73,73,0,0
,Straight Party,,GRN,Venango,Allegheny Twp,0,0,0,0
,Straight Party,,LIB,Venango,Allegheny Twp,0,0,0,0
Bob Casey Jr,U.S. Senate,,DEM,Venango,Allegheny Twp,30,28,2,0
Lou Barletta,U.S. Senate,,REP,Venango,Allegheny Twp,93,93,0,0
Neal Gale,U.S. Senate,,GRN,Venango,Allegheny Twp,0,0,0,0
Dale R Kerns Jr,U.S. Senate,,LIB,Venango,Allegheny Twp,4,4,0,0
Write In,U.S. Senate,,,Venango,Allegheny Twp,0,0,0,0
Tom Wolf,Governor,,DEM,Venango,Allegheny Twp,33,31,2,0
Scott R Wagner,Governor,,REP,Venango,Allegheny Twp,93,93,0,0
Paul Glover,Governor,,GRN,Venango,Allegheny Twp,0,0,0,0
Ken V Krawchuk,Governor,,LIB,Venango,Allegheny Twp,2,2,0,0
Write In,Governor,,,Venango,Allegheny Twp,0,0,0,0
Susan Boser,U.S. House,15,DEM,Venango,Allegheny Twp,24,22,2,0
Glenn Gt Thompson,U.S. House,15,REP,Venango,Allegheny Twp,103,103,0,0
Write In,U.S. House,15,,Venango,Allegheny Twp,0,0,0,0
John Kluck,State House,64,DEM,Venango,Allegheny Twp,25,23,2,0
R Lee James,State House,64,REP,Venango,Allegheny Twp,102,102,0,0
Write In,State House,64,,Venango,Allegheny Twp,0,0,0,0
,Registered Voters,,,Venango,Barkeyville Boro,139,,,
,Ballots Cast,,,Venango,Barkeyville Boro,83,80,3,0
,Straight Party,,DEM,Venango,Barkeyville Boro,13,12,1,0
,Straight Party,,REP,Venango,Barkeyville Boro,26,24,2,0
,Straight Party,,GRN,Venango,Barkeyville Boro,0,0,0,0
,Straight Party,,LIB,Venango,Barkeyville Boro,0,0,0,0
Bob Casey Jr,U.S. Senate,,DEM,Venango,Barkeyville Boro,31,30,1,0
Lou Barletta,U.S. Senate,,REP,Venango,Barkeyville Boro,45,43,2,0
Neal Gale,U.S. Senate,,GRN,Venango,Barkeyville Boro,4,4,0,0
Dale R Kerns Jr,U.S. Senate,,LIB,Venango,Barkeyville Boro,2,2,0,0
Write In,U.S. Senate,,,Venango,Barkeyville Boro,0,0,0,0
Tom Wolf,Governor,,DEM,Venango,Barkeyville Boro,33,32,1,0
Scott R Wagner,Governor,,REP,Venango,Barkeyville Boro,43,41,2,0
Paul Glover,Governor,,GRN,Venango,Barkeyville Boro,3,3,0,0
Ken V Krawchuk,Governor,,LIB,Venango,Barkeyville Boro,2,2,0,0
Write In,Governor,,,Venango,Barkeyville Boro,0,0,0,0
Susan Boser,U.S. House,15,DEM,Venango,Barkeyville Boro,29,28,1,0
Glenn Gt Thompson,U.S. House,15,REP,Venango,Barkeyville Boro,53,51,2,0
Write In,U.S. House,15,,Venango,Barkeyville Boro,0,0,0,0
John Kluck,State House,64,DEM,Venango,Barkeyville Boro,33,32,1,0
R Lee James,State House,64,REP,Venango,Barkeyville Boro,50,48,2,0
Write In,State House,64,,Venango,Barkeyville Boro,0,0,0,0
,Registered Voters,,,Venango,Canal Twp,566,,,
,Ballots Cast,,,Venango,Canal Twp,363,347,15,1
,Straight Party,,DEM,Venango,Canal Twp,47,44,3,0
,Straight Party,,REP,Venango,Canal Twp,134,127,7,0
,Straight Party,,GRN,Venango,Canal Twp,0,0,0,0
,Straight Party,,LIB,Venango,Canal Twp,4,4,0,0
Bob Casey Jr,U.S. Senate,,DEM,Venango,Canal Twp,109,103,5,1
Lou Barletta,U.S. Senate,,REP,Venango,Canal Twp,236,226,10,0
Neal Gale,U.S. Senate,,GRN,Venango,Canal Twp,1,1,0,0
Dale R Kerns Jr,U.S. Senate,,LIB,Venango,Canal Twp,7,7,0,0
Write In,U.S. Senate,,,Venango,Canal Twp,0,0,0,0
Tom Wolf,Governor,,DEM,Venango,Canal Twp,109,103,5,1
Scott R Wagner,Governor,,REP,Venango,Canal Twp,244,234,10,0
Paul Glover,Governor,,GRN,Venango,Canal Twp,1,1,0,0
Ken V Krawchuk,Governor,,LIB,Venango,Canal Twp,5,5,0,0
Write In,Governor,,,Venango,Canal Twp,0,0,0,0
Susan Boser,U.S. House,15,DEM,Venango,Canal Twp,101,96,5,0
Glenn Gt Thompson,U.S. House,15,REP,Venango,Canal Twp,255,244,10,1
Write In,U.S. House,15,,Venango,Canal Twp,0,0,0,0
John Kluck,State House,64,DEM,Venango,Canal Twp,94,89,5,0
R Lee James,State House,64,REP,Venango,Canal Twp,264,253,10,1
Write In,State House,64,,Venango,Canal Twp,0,0,0,0
,Registered Voters,,,Venango,Cherrytree Twp,921,,,
,Ballots Cast,,,Venango,Cherrytree Twp,597,571,25,1
,Straight Party,,DEM,Venango,Cherrytree Twp,92,89,3,0
,Straight Party,,REP,Venango,Cherrytree Twp,271,259,11,1
,Straight Party,,GRN,Venango,Cherrytree Twp,0,0,0,0
,Straight Party,,LIB,Venango,Cherrytree Twp,1,1,0,0
Bob Casey Jr,U.S. Senate,,DEM,Venango,Cherrytree Twp,178,172,6,0
Lou Barletta,U.S. Senate,,REP,Venango,Cherrytree Twp,401,381,19,1
Neal Gale,U.S. Senate,,GRN,Venango,Cherrytree Twp,1,1,0,0
Dale R Kerns Jr,U.S. Senate,,LIB,Venango,Cherrytree Twp,3,3,0,0
Write In,U.S. Senate,,,Venango,Cherrytree Twp,1,1,0,0
Tom Wolf,Governor,,DEM,Venango,Cherrytree Twp,186,182,4,0
Scott R Wagner,Governor,,REP,Venango,Cherrytree Twp,395,374,20,1
Paul Glover,Governor,,GRN,Venango,Cherrytree Twp,1,1,0,0
Ken V Krawchuk,Governor,,LIB,Venango,Cherrytree Twp,5,5,0,0
Write In,Governor,,,Venango,Cherrytree Twp,1,1,0,0
Susan Boser,U.S. House,15,DEM,Venango,Cherrytree Twp,158,153,5,0
Glenn Gt Thompson,U.S. House,15,REP,Venango,Cherrytree Twp,432,411,20,1
Write In,U.S. House,15,,Venango,Cherrytree Twp,0,0,0,0
John Kluck,State House,64,DEM,Venango,Cherrytree Twp,172,163,9,0
R Lee James,State House,64,REP,Venango,Cherrytree Twp,417,401,15,1
Write In,State House,64,,Venango,Cherrytree Twp,1,1,0,0
,Registered Voters,,,Venango,Clinton Twp,461,,,
,Ballots Cast,,,Venango,Clinton Twp,265,259,6,0
,Straight Party,,DEM,Venango,Clinton Twp,41,40,1,0
,Straight Party,,REP,Venango,Clinton Twp,115,113,2,0
,Straight Party,,GRN,Venango,Clinton Twp,0,0,0,0
,Straight Party,,LIB,Venango,Clinton Twp,1,1,0,0
Bob Casey Jr,U.S. Senate,,DEM,Venango,Clinton Twp,80,78,2,0
Lou Barletta,U.S. Senate,,REP,Venango,Clinton Twp,174,170,4,0
Neal Gale,U.S. Senate,,GRN,Venango,Clinton Twp,2,2,0,0
Dale R Kerns Jr,U.S. Senate,,LIB,Venango,Clinton Twp,6,6,0,0
Write In,U.S. Senate,,,Venango,Clinton Twp,0,0,0,0
Tom Wolf,Governor,,DEM,Venango,Clinton Twp,79,78,1,0
Scott R Wagner,Governor,,REP,Venango,Clinton Twp,175,171,4,0
Paul Glover,Governor,,GRN,Venango,Clinton Twp,2,2,0,0
Ken V Krawchuk,Governor,,LIB,Venango,Clinton Twp,4,4,0,0
Write In,Governor,,,Venango,Clinton Twp,0,0,0,0
Susan Boser,U.S. House,15,DEM,Venango,Clinton Twp,75,73,2,0
Glenn Gt Thompson,U.S. House,15,REP,Venango,Clinton Twp,184,180,4,0
Write In,U.S. House,15,,Venango,Clinton Twp,2,2,0,0
John Kluck,State House,64,DEM,Venango,Clinton Twp,65,63,2,0
R Lee James,State House,64,REP,Venango,Clinton Twp,193,189,4,0
Write In,State House,64,,Venango,Clinton Twp,0,0,0,0
,Registered Voters,,,Venango,Clintonville Boro,261,,,
,Ballots Cast,,,Venango,Clintonville Boro,132,131,1,0
,Straight Party,,DEM,Venango,Clintonville Boro,14,13,1,0
,Straight Party,,REP,Venango,Clintonville Boro,59,59,0,0
,Straight Party,,GRN,Venango,Clintonville Boro,0,0,0,0
,Straight Party,,LIB,Venango,Clintonville Boro,0,0,0,0
Bob Casey Jr,U.S. Senate,,DEM,Venango,Clintonville Boro,37,36,1,0
Lou Barletta,U.S. Senate,,REP,Venango,Clintonville Boro,93,93,0,0
Neal Gale,U.S. Senate,,GRN,Venango,Clintonville Boro,0,0,0,0
Dale R Kerns Jr,U.S. Senate,,LIB,Venango,Clintonville Boro,1,1,0,0
Write In,U.S. Senate,,,Venango,Clintonville Boro,0,0,0,0
Tom Wolf,Governor,,DEM,Venango,Clintonville Boro,37,36,1,0
Scott R Wagner,Governor,,REP,Venango,Clintonville Boro,93,93,0,0
Paul Glover,Governor,,GRN,Venango,Clintonville Boro,0,0,0,0
Ken V Krawchuk,Governor,,LIB,Venango,Clintonville Boro,0,0,0,0
Write In,Governor,,,Venango,Clintonville Boro,0,0,0,0
Susan Boser,U.S. House,15,DEM,Venango,Clintonville Boro,29,28,1,0
Glenn Gt Thompson,U.S. House,15,REP,Venango,Clintonville Boro,102,102,0,0
Write In,U.S. House,15,,Venango,Clintonville Boro,0,0,0,0
John Kluck,State House,64,DEM,Venango,Clintonville Boro,28,27,1,0
R Lee James,State House,64,REP,Venango,Clintonville Boro,101,101,0,0
Write In,State House,64,,Venango,Clintonville Boro,0,0,0,0
,Registered Voters,,,Venango,Cooperstown Boro,266,,,
,Ballots Cast,,,Venango,Cooperstown Boro,172,164,8,0
,Straight Party,,DEM,Venango,Cooperstown Boro,20,20,0,0
,Straight Party,,REP,Venango,Cooperstown Boro,80,74,6,0
,Straight Party,,GRN,Venango,Cooperstown Boro,1,1,0,0
,Straight Party,,LIB,Venango,Cooperstown Boro,0,0,0,0
Bob Casey Jr,U.S. Senate,,DEM,Venango,Cooperstown Boro,44,44,0,0
Lou Barletta,U.S. Senate,,REP,Venango,Cooperstown Boro,120,112,8,0
Neal Gale,U.S. Senate,,GRN,Venango,Cooperstown Boro,2,2,0,0
Dale R Kerns Jr,U.S. Senate,,LIB,Venango,Cooperstown Boro,2,2,0,0
Write In,U.S. Senate,,,Venango,Cooperstown Boro,0,0,0,0
Tom Wolf,Governor,,DEM,Venango,Cooperstown Boro,50,50,0,0
Scott R Wagner,Governor,,REP,Venango,Cooperstown Boro,117,109,8,0
Paul Glover,Governor,,GRN,Venango,Cooperstown Boro,2,2,0,0
Ken V Krawchuk,Governor,,LIB,Venango,Cooperstown Boro,0,0,0,0
Write In,Governor,,,Venango,Cooperstown Boro,1,1,0,0
Susan Boser,U.S. House,15,DEM,Venango,Cooperstown Boro,36,36,0,0
Glenn Gt Thompson,U.S. House,15,REP,Venango,Cooperstown Boro,133,125,8,0
Write In,U.S. House,15,,Venango,Cooperstown Boro,0,0,0,0
John Kluck,State House,64,DEM,Venango,Cooperstown Boro,40,39,1,0
R Lee James,State House,64,REP,Venango,Cooperstown Boro,129,122,7,0
Write In,State House,64,,Venango,Cooperstown Boro,0,0,0,0
,Registered Voters,,,Venango,Cornplanter Twp,1511,,,
,Ballots Cast,,,Venango,Cornplanter Twp,949,918,28,3
,Straight Party,,DEM,Venango,Cornplanter Twp,134,129,4,1
,Straight Party,,REP,Venango,Cornplanter Twp,309,294,15,0
,Straight Party,,GRN,Venango,Cornplanter Twp,2,2,0,0
,Straight Party,,LIB,Venango,Cornplanter Twp,0,0,0,0
Bob Casey Jr,U.S. Senate,,DEM,Venango,Cornplanter Twp,374,365,7,2
Lou Barletta,U.S. Senate,,REP,Venango,Cornplanter Twp,538,516,21,1
Neal Gale,U.S. Senate,,GRN,Venango,Cornplanter Twp,10,10,0,0
Dale R Kerns Jr,U.S. Senate,,LIB,Venango,Cornplanter Twp,11,11,0,0
Write In,U.S. Senate,,,Venango,Cornplanter Twp,1,1,0,0
Tom Wolf,Governor,,DEM,Venango,Cornplanter Twp,409,398,8,3
Scott R Wagner,Governor,,REP,Venango,Cornplanter Twp,518,499,19,0
Paul Glover,Governor,,GRN,Venango,Cornplanter Twp,4,4,0,0
Ken V Krawchuk,Governor,,LIB,Venango,Cornplanter Twp,12,11,1,0
Write In,Governor,,,Venango,Cornplanter Twp,0,0,0,0
Susan Boser,U.S. House,15,DEM,Venango,Cornplanter Twp,328,321,6,1
Glenn Gt Thompson,U.S. House,15,REP,Venango,Cornplanter Twp,605,581,22,2
Write In,U.S. House,15,,Venango,Cornplanter Twp,0,0,0,0
John Kluck,State House,64,DEM,Venango,Cornplanter Twp,354,344,8,2
R Lee James,State House,64,REP,Venango,Cornplanter Twp,88,567,20,1
Write In,State House,64,,Venango,Cornplanter Twp,2,2,0,0
,Registered Voters,,,Venango,Cranberry Twp 1,1005,,,
,Ballots Cast,,,Venango,Cranberry Twp 1,589,553,33,0
,Straight Party,,DEM,Venango,Cranberry Twp 1,66,59,7,0
,Straight Party,,REP,Venango,Cranberry Twp 1,228,216,12,0
,Straight Party,,GRN,Venango,Cranberry Twp 1,1,1,0,0
,Straight Party,,LIB,Venango,Cranberry Twp 1,3,3,0,0
Bob Casey Jr,U.S. Senate,,DEM,Venango,Cranberry Twp 1,176,161,15,0
Lou Barletta,U.S. Senate,,REP,Venango,Cranberry Twp 1,394,376,18,0
Neal Gale,U.S. Senate,,GRN,Venango,Cranberry Twp 1,2,2,0,0
Dale R Kerns Jr,U.S. Senate,,LIB,Venango,Cranberry Twp 1,8,8,0,0
Write In,U.S. Senate,,,Venango,Cranberry Twp 1,0,0,0,0
Tom Wolf,Governor,,DEM,Venango,Cranberry Twp 1,196,181,15,0
Scott R Wagner,Governor,,REP,Venango,Cranberry Twp 1,378,360,18,0
Paul Glover,Governor,,GRN,Venango,Cranberry Twp 1,2,2,0,0
Ken V Krawchuk,Governor,,LIB,Venango,Cranberry Twp 1,9,9,0,0
Write In,Governor,,,Venango,Cranberry Twp 1,0,0,0,0
Susan Boser,U.S. House,15,DEM,Venango,Cranberry Twp 1,149,137,12,0
Glenn Gt Thompson,U.S. House,15,REP,Venango,Cranberry Twp 1,423,402,21,0
Write In,U.S. House,15,,Venango,Cranberry Twp 1,0,0,0,0
John Kluck,State House,64,DEM,Venango,Cranberry Twp 1,153,144,9,0
R Lee James,State House,64,REP,Venango,Cranberry Twp 1,420,397,23,0
Write In,State House,64,,Venango,Cranberry Twp 1,4,3,1,0
,Registered Voters,,,Venango,Cranberry Twp 2,1113,,,
,Ballots Cast,,,Venango,Cranberry Twp 2,655,630,23,2
,Straight Party,,DEM,Venango,Cranberry Twp 2,83,80,3,0
,Straight Party,,REP,Venango,Cranberry Twp 2,261,248,11,2
,Straight Party,,GRN,Venango,Cranberry Twp 2,2,2,0,0
,Straight Party,,LIB,Venango,Cranberry Twp 2,1,1,0,0
Bob Casey Jr,U.S. Senate,,DEM,Venango,Cranberry Twp 2,205,200,5,0
Lou Barletta,U.S. Senate,,REP,Venango,Cranberry Twp 2,424,405,18,1
Neal Gale,U.S. Senate,,GRN,Venango,Cranberry Twp 2,5,5,0,0
Dale R Kerns Jr,U.S. Senate,,LIB,Venango,Cranberry Twp 2,10,9,0,1
Write In,U.S. Senate,,,Venango,Cranberry Twp 2,1,1,0,0
Tom Wolf,Governor,,DEM,Venango,Cranberry Twp 2,231,222,9,0
Scott R Wagner,Governor,,REP,Venango,Cranberry Twp 2,409,393,14,2
Paul Glover,Governor,,GRN,Venango,Cranberry Twp 2,5,5,0,0
Ken V Krawchuk,Governor,,LIB,Venango,Cranberry Twp 2,4,4,0,0
Write In,Governor,,,Venango,Cranberry Twp 2,2,2,0,0
Susan Boser,U.S. House,15,DEM,Venango,Cranberry Twp 2,182,174,8,0
Glenn Gt Thompson,U.S. House,15,REP,Venango,Cranberry Twp 2,463,446,15,2
Write In,U.S. House,15,,Venango,Cranberry Twp 2,0,0,0,0
John Kluck,State House,64,DEM,Venango,Cranberry Twp 2,200,195,5,0
R Lee James,State House,64,REP,Venango,Cranberry Twp 2,443,423,18,2
Write In,State House,64,,Venango,Cranberry Twp 2,5,5,0,0
,Registered Voters,,,Venango,Cranberry Twp 3,590,0,0,0
,Ballots Cast,,,Venango,Cranberry Twp 3,344,320,24,0
,Straight Party,,DEM,Venango,Cranberry Twp 3,45,39,6,0
,Straight Party,,REP,Venango,Cranberry Twp 3,109,98,11,0
,Straight Party,,GRN,Venango,Cranberry Twp 3,0,0,0,0
,Straight Party,,LIB,Venango,Cranberry Twp 3,2,2,0,0
Bob Casey Jr,U.S. Senate,,DEM,Venango,Cranberry Twp 3,135,124,11,0
Lou Barletta,U.S. Senate,,REP,Venango,Cranberry Twp 3,193,181,12,0
Neal Gale,U.S. Senate,,GRN,Venango,Cranberry Twp 3,4,3,1,0
Dale R Kerns Jr,U.S. Senate,,LIB,Venango,Cranberry Twp 3,6,6,0,0
Write In,U.S. Senate,,,Venango,Cranberry Twp 3,0,0,0,0
Tom Wolf,Governor,,DEM,Venango,Cranberry Twp 3,160,150,10,0
Scott R Wagner,Governor,,REP,Venango,Cranberry Twp 3,174,162,12,0
Paul Glover,Governor,,GRN,Venango,Cranberry Twp 3,2,1,1,0
Ken V Krawchuk,Governor,,LIB,Venango,Cranberry Twp 3,5,4,1,0
Write In,Governor,,,Venango,Cranberry Twp 3,0,0,0,0
Susan Boser,U.S. House,15,DEM,Venango,Cranberry Twp 3,102,92,10,0
Glenn Gt Thompson,U.S. House,15,REP,Venango,Cranberry Twp 3,230,216,14,0
Write In,U.S. House,15,,Venango,Cranberry Twp 3,0,0,0,0
John Kluck,State House,64,DEM,Venango,Cranberry Twp 3,124,114,10,0
R Lee James,State House,64,REP,Venango,Cranberry Twp 3,214,200,14,0
Write In,State House,64,,Venango,Cranberry Twp 3,1,1,0,0
,Registered Voters,,,Venango,Cranberry Twp 4,1361,,,
,Ballots Cast,,,Venango,Cranberry Twp 4,873,837,33,3
,Straight Party,,DEM,Venango,Cranberry Twp 4,117,114,2,1
,Straight Party,,REP,Venango,Cranberry Twp 4,350,331,18,1
,Straight Party,,GRN,Venango,Cranberry Twp 4,0,0,0,0
,Straight Party,,LIB,Venango,Cranberry Twp 4,0,0,0,0
Bob Casey Jr,U.S. Senate,,DEM,Venango,Cranberry Twp 4,311,301,8,2
Lou Barletta,U.S. Senate,,REP,Venango,Cranberry Twp 4,542,516,25,1
Neal Gale,U.S. Senate,,GRN,Venango,Cranberry Twp 4,4,4,0,0
Dale R Kerns Jr,U.S. Senate,,LIB,Venango,Cranberry Twp 4,9,9,0,0
Write In,U.S. Senate,,,Venango,Cranberry Twp 4,0,0,0,0
Tom Wolf,Governor,,DEM,Venango,Cranberry Twp 4,321,307,12,2
Scott R Wagner,Governor,,REP,Venango,Cranberry Twp 4,530,509,20,1
Paul Glover,Governor,,GRN,Venango,Cranberry Twp 4,3,3,0,0
Ken V Krawchuk,Governor,,LIB,Venango,Cranberry Twp 4,11,10,1,0
Write In,Governor,,,Venango,Cranberry Twp 4,0,0,0,0
Susan Boser,U.S. House,15,DEM,Venango,Cranberry Twp 4,221,214,6,1
Glenn Gt Thompson,U.S. House,15,REP,Venango,Cranberry Twp 4,636,608,26,2
Write In,U.S. House,15,,Venango,Cranberry Twp 4,0,0,0,0
John Kluck,State House,64,DEM,Venango,Cranberry Twp 4,246,238,6,2
R Lee James,State House,64,REP,Venango,Cranberry Twp 4,621,594,26,1
Write In,State House,64,,Venango,Cranberry Twp 4,1,0,1,0
,Registered Voters,,,Venango,Emlenton Boro,447,,,
,Ballots Cast,,,Venango,Emlenton Boro,263,249,14,0
,Straight Party,,DEM,Venango,Emlenton Boro,56,51,5,0
,Straight Party,,REP,Venango,Emlenton Boro,75,69,6,0
,Straight Party,,GRN,Venango,Emlenton Boro,2,2,0,0
,Straight Party,,LIB,Venango,Emlenton Boro,1,1,0,0
Bob Casey Jr,U.S. Senate,,DEM,Venango,Emlenton Boro,126,118,8,0
Lou Barletta,U.S. Senate,,REP,Venango,Emlenton Boro,125,119,6,0
Neal Gale,U.S. Senate,,GRN,Venango,Emlenton Boro,3,3,0,0
Dale R Kerns Jr,U.S. Senate,,LIB,Venango,Emlenton Boro,3,3,0,0
Write In,U.S. Senate,,,Venango,Emlenton Boro,0,0,0,0
Tom Wolf,Governor,,DEM,Venango,Emlenton Boro,134,126,8,0
Scott R Wagner,Governor,,REP,Venango,Emlenton Boro,122,116,6,0
Paul Glover,Governor,,GRN,Venango,Emlenton Boro,1,1,0,0
Ken V Krawchuk,Governor,,LIB,Venango,Emlenton Boro,5,5,0,0
Write In,Governor,,,Venango,Emlenton Boro,0,0,0,0
Susan Boser,U.S. House,15,DEM,Venango,Emlenton Boro,117,109,8,0
Glenn Gt Thompson,U.S. House,15,REP,Venango,Emlenton Boro,144,138,6,0
Write In,U.S. House,15,,Venango,Emlenton Boro,0,0,0,0
John Kluck,State House,64,DEM,Venango,Emlenton Boro,112,105,7,0
R Lee James,State House,64,REP,Venango,Emlenton Boro,149,142,7,0
Write In,State House,64,,Venango,Emlenton Boro,0,0,0,0
,Registered Voters,,,Venango,Franklin 1,1304,,,
,Ballots Cast,,,Venango,Franklin 1,724,681,43,0
,Straight Party,,DEM,Venango,Franklin 1,176,160,16,0
,Straight Party,,REP,Venango,Franklin 1,215,207,8,0
,Straight Party,,GRN,Venango,Franklin 1,0,0,0,0
,Straight Party,,LIB,Venango,Franklin 1,2,2,0,0
Bob Casey Jr,U.S. Senate,,DEM,Venango,Franklin 1,354,328,26,0
Lou Barletta,U.S. Senate,,REP,Venango,Franklin 1,345,330,15,0
Neal Gale,U.S. Senate,,GRN,Venango,Franklin 1,4,3,1,0
Dale R Kerns Jr,U.S. Senate,,LIB,Venango,Franklin 1,9,8,1,0
Write In,U.S. Senate,,,Venango,Franklin 1,0,0,0,0
Tom Wolf,Governor,,DEM,Venango,Franklin 1,372,347,25,0
Scott R Wagner,Governor,,REP,Venango,Franklin 1,338,320,18,0
Paul Glover,Governor,,GRN,Venango,Franklin 1,3,3,0,0
Ken V Krawchuk,Governor,,LIB,Venango,Franklin 1,5,5,0,0
Write In,Governor,,,Venango,Franklin 1,1,1,0,0
Susan Boser,U.S. House,15,DEM,Venango,Franklin 1,329,301,28,0
Glenn Gt Thompson,U.S. House,15,REP,Venango,Franklin 1,383,368,15,0
Write In,U.S. House,15,,Venango,Franklin 1,1,1,0,0
John Kluck,State House,64,DEM,Venango,Franklin 1,337,310,27,0
R Lee James,State House,64,REP,Venango,Franklin 1,375,259,16,0
Write In,State House,64,,Venango,Franklin 1,3,3,0,0
,Registered Voters,,,Venango,Franklin 2,1338,,,
,Ballots Cast,,,Venango,Franklin 2,788,748,40,0
,Straight Party,,DEM,Venango,Franklin 2,147,132,15,0
,Straight Party,,REP,Venango,Franklin 2,256,247,9,0
,Straight Party,,GRN,Venango,Franklin 2,0,0,0,0
,Straight Party,,LIB,Venango,Franklin 2,1,1,0,0
Bob Casey Jr,U.S. Senate,,DEM,Venango,Franklin 2,340,314,26,0
Lou Barletta,U.S. Senate,,REP,Venango,Franklin 2,432,420,12,0
Neal Gale,U.S. Senate,,GRN,Venango,Franklin 2,2,2,0,0
Dale R Kerns Jr,U.S. Senate,,LIB,Venango,Franklin 2,5,4,1,0
Write In,U.S. Senate,,,Venango,Franklin 2,0,0,0,0
Tom Wolf,Governor,,DEM,Venango,Franklin 2,357,333,24,0
Scott R Wagner,Governor,,REP,Venango,Franklin 2,412,397,15,0
Paul Glover,Governor,,GRN,Venango,Franklin 2,2,2,0,0
Ken V Krawchuk,Governor,,LIB,Venango,Franklin 2,12,12,0,0
Write In,Governor,,,Venango,Franklin 2,2,2,0,0
Susan Boser,U.S. House,15,DEM,Venango,Franklin 2,302,281,21,0
Glenn Gt Thompson,U.S. House,15,REP,Venango,Franklin 2,471,454,17,0
Write In,U.S. House,15,,Venango,Franklin 2,0,0,0,0
John Kluck,State House,64,DEM,Venango,Franklin 2,307,288,19,0
R Lee James,State House,64,REP,Venango,Franklin 2,477,457,20,0
Write In,State House,64,,Venango,Franklin 2,1,1,0,0
,Registered Voters,,,Venango,Franklin 3,968,,,
,Ballots Cast,,,Venango,Franklin 3,464,436,27,1
,Straight Party,,DEM,Venango,Franklin 3,131,123,8,0
,Straight Party,,REP,Venango,Franklin 3,143,135,8,0
,Straight Party,,GRN,Venango,Franklin 3,1,1,0,0
,Straight Party,,LIB,Venango,Franklin 3,1,1,0,0
Bob Casey Jr,U.S. Senate,,DEM,Venango,Franklin 3,224,209,14,1
Lou Barletta,U.S. Senate,,REP,Venango,Franklin 3,225,212,13,0
Neal Gale,U.S. Senate,,GRN,Venango,Franklin 3,3,3,0,0
Dale R Kerns Jr,U.S. Senate,,LIB,Venango,Franklin 3,5,5,0,0
Write In,U.S. Senate,,,Venango,Franklin 3,0,0,0,0
Tom Wolf,Governor,,DEM,Venango,Franklin 3,232,217,14,1
Scott R Wagner,Governor,,REP,Venango,Franklin 3,219,207,12,0
Paul Glover,Governor,,GRN,Venango,Franklin 3,2,2,0,0
Ken V Krawchuk,Governor,,LIB,Venango,Franklin 3,6,6,0,0
Write In,Governor,,,Venango,Franklin 3,0,0,0,0
Susan Boser,U.S. House,15,DEM,Venango,Franklin 3,200,188,12,0
Glenn Gt Thompson,U.S. House,15,REP,Venango,Franklin 3,256,240,15,1
Write In,U.S. House,15,,Venango,Franklin 3,1,1,0,0
John Kluck,State House,64,DEM,Venango,Franklin 3,202,190,12,0
R Lee James,State House,64,REP,Venango,Franklin 3,259,243,15,1
Write In,State House,64,,Venango,Franklin 3,1,1,0,0
,Registered Voters,,,Venango,Frenchcreek Twp,967,,,
,Ballots Cast,,,Venango,Frenchcreek Twp,610,578,32,0
,Straight Party,,DEM,Venango,Frenchcreek Twp,88,81,7,0
,Straight Party,,REP,Venango,Frenchcreek Twp,210,196,14,0
,Straight Party,,GRN,Venango,Frenchcreek Twp,1,1,0,0
,Straight Party,,LIB,Venango,Frenchcreek Twp,2,2,0,0
Bob Casey Jr,U.S. Senate,,DEM,Venango,Frenchcreek Twp,244,231,13,0
Lou Barletta,U.S. Senate,,REP,Venango,Frenchcreek Twp,343,324,19,0
Neal Gale,U.S. Senate,,GRN,Venango,Frenchcreek Twp,5,5,0,0
Dale R Kerns Jr,U.S. Senate,,LIB,Venango,Frenchcreek Twp,6,6,0,0
Write In,U.S. Senate,,,Venango,Frenchcreek Twp,0,0,0,0
Tom Wolf,Governor,,DEM,Venango,Frenchcreek Twp,261,249,12,0
Scott R Wagner,Governor,,REP,Venango,Frenchcreek Twp,333,313,20,0
Paul Glover,Governor,,GRN,Venango,Frenchcreek Twp,3,3,0,0
Ken V Krawchuk,Governor,,LIB,Venango,Frenchcreek Twp,11,11,0,0
Write In,Governor,,,Venango,Frenchcreek Twp,1,1,0,0
Susan Boser,U.S. House,15,DEM,Venango,Frenchcreek Twp,196,185,11,0
Glenn Gt Thompson,U.S. House,15,REP,Venango,Frenchcreek Twp,407,386,21,0
Write In,U.S. House,15,,Venango,Frenchcreek Twp,0,0,0,0
John Kluck,State House,64,DEM,Venango,Frenchcreek Twp,202,190,12,0
R Lee James,State House,64,REP,Venango,Frenchcreek Twp,398,378,20,0
Write In,State House,64,,Venango,Frenchcreek Twp,4,4,0,0
,Registered Voters,,,Venango,Irwin Twp,776,,,
,Ballots Cast,,,Venango,Irwin Twp,488,466,22,0
,Straight Party,,DEM,Venango,Irwin Twp,45,40,5,0
,Straight Party,,REP,Venango,Irwin Twp,244,233,11,0
,Straight Party,,GRN,Venango,Irwin Twp,1,1,0,0
,Straight Party,,LIB,Venango,Irwin Twp,2,2,0,0
Bob Casey Jr,U.S. Senate,,DEM,Venango,Irwin Twp,125,118,7,0
Lou Barletta,U.S. Senate,,REP,Venango,Irwin Twp,346,332,14,0
Neal Gale,U.S. Senate,,GRN,Venango,Irwin Twp,5,4,1,0
Dale R Kerns Jr,U.S. Senate,,LIB,Venango,Irwin Twp,9,9,0,0
Write In,U.S. Senate,,,Venango,Irwin Twp,0,0,0,0
Tom Wolf,Governor,,DEM,Venango,Irwin Twp,131,124,7,0
Scott R Wagner,Governor,,REP,Venango,Irwin Twp,340,326,14,0
Paul Glover,Governor,,GRN,Venango,Irwin Twp,2,1,1,0
Ken V Krawchuk,Governor,,LIB,Venango,Irwin Twp,9,9,0,0
Write In,Governor,,,Venango,Irwin Twp,0,0,0,0
Susan Boser,U.S. House,15,DEM,Venango,Irwin Twp,99,92,7,0
Glenn Gt Thompson,U.S. House,15,REP,Venango,Irwin Twp,378,363,15,0
Write In,U.S. House,15,,Venango,Irwin Twp,0,0,0,0
John Kluck,State House,64,DEM,Venango,Irwin Twp,105,98,7,0
R Lee James,State House,64,REP,Venango,Irwin Twp,375,360,15,0
Write In,State House,64,,Venango,Irwin Twp,0,0,0,0
,Registered Voters,,,Venango,Jackson Twp,632,,,
,Ballots Cast,,,Venango,Jackson Twp,385,364,20,1
,Straight Party,,DEM,Venango,Jackson Twp,40,36,4,0
,Straight Party,,REP,Venango,Jackson Twp,194,184,9,1
,Straight Party,,GRN,Venango,Jackson Twp,0,0,0,0
,Straight Party,,LIB,Venango,Jackson Twp,0,0,0,0
Bob Casey Jr,U.S. Senate,,DEM,Venango,Jackson Twp,81,76,5,0
Lou Barletta,U.S. Senate,,REP,Venango,Jackson Twp,288,274,13,10
Neal Gale,U.S. Senate,,GRN,Venango,Jackson Twp,0,0,0,0
Dale R Kerns Jr,U.S. Senate,,LIB,Venango,Jackson Twp,10,8,2,0
Write In,U.S. Senate,,,Venango,Jackson Twp,1,1,0,0
Tom Wolf,Governor,,DEM,Venango,Jackson Twp,99,93,6,0
Scott R Wagner,Governor,,REP,Venango,Jackson Twp,272,259,12,1
Paul Glover,Governor,,GRN,Venango,Jackson Twp,2,2,0,0
Ken V Krawchuk,Governor,,LIB,Venango,Jackson Twp,10,8,2,0
Write In,Governor,,,Venango,Jackson Twp,0,0,0,0
Susan Boser,U.S. House,15,DEM,Venango,Jackson Twp,65,61,4,0
Glenn Gt Thompson,U.S. House,15,REP,Venango,Jackson Twp,317,300,16,1
Write In,U.S. House,15,,Venango,Jackson Twp,0,0,0,0
John Kluck,State House,64,DEM,Venango,Jackson Twp,68,64,4,0
R Lee James,State House,64,REP,Venango,Jackson Twp,314,297,16,1
Write In,State House,64,,Venango,Jackson Twp,2,2,0,0
,Registered Voters,,,Venango,Mineral Twp,336,,,
,Ballots Cast,,,Venango,Mineral Twp,235,227,8,0
,Straight Party,,DEM,Venango,Mineral Twp,32,31,1,0
,Straight Party,,REP,Venango,Mineral Twp,88,83,5,0
,Straight Party,,GRN,Venango,Mineral Twp,0,0,0,0
,Straight Party,,LIB,Venango,Mineral Twp,0,0,0,0
Bob Casey Jr,U.S. Senate,,DEM,Venango,Mineral Twp,72,71,1,0
Lou Barletta,U.S. Senate,,REP,Venango,Mineral Twp,157,150,7,0
Neal Gale,U.S. Senate,,GRN,Venango,Mineral Twp,1,1,0,0
Dale R Kerns Jr,U.S. Senate,,LIB,Venango,Mineral Twp,2,2,0,0
Write In,U.S. Senate,,,Venango,Mineral Twp,0,0,0,0
Tom Wolf,Governor,,DEM,Venango,Mineral Twp,84,83,1,0
Scott R Wagner,Governor,,REP,Venango,Mineral Twp,143,136,7,0
Paul Glover,Governor,,GRN,Venango,Mineral Twp,2,2,0,0
Ken V Krawchuk,Governor,,LIB,Venango,Mineral Twp,2,2,0,0
Write In,Governor,,,Venango,Mineral Twp,1,1,0,0
Susan Boser,U.S. House,15,DEM,Venango,Mineral Twp,57,56,1,0
Glenn Gt Thompson,U.S. House,15,REP,Venango,Mineral Twp,171,164,7,0
Write In,U.S. House,15,,Venango,Mineral Twp,0,0,0,0
John Kluck,State House,64,DEM,Venango,Mineral Twp,63,62,1,0
R Lee James,State House,64,REP,Venango,Mineral Twp,170,163,7,0
Write In,State House,64,,Venango,Mineral Twp,0,0,0,0
,Registered Voters,,,Venango,Oakland Twp,947,,,
,Ballots Cast,,,Venango,Oakland Twp,650,637,13,0
,Straight Party,,DEM,Venango,Oakland Twp,78,76,2,0
,Straight Party,,REP,Venango,Oakland Twp,237,232,5,0
,Straight Party,,GRN,Venango,Oakland Twp,0,0,0,0
,Straight Party,,LIB,Venango,Oakland Twp,1,1,0,0
Bob Casey Jr,U.S. Senate,,DEM,Venango,Oakland Twp,197,194,3,0
Lou Barletta,U.S. Senate,,REP,Venango,Oakland Twp,430,420,10,0
Neal Gale,U.S. Senate,,GRN,Venango,Oakland Twp,2,2,0,0
Dale R Kerns Jr,U.S. Senate,,LIB,Venango,Oakland Twp,5,5,0,0
Write In,U.S. Senate,,,Venango,Oakland Twp,1,1,0,0
Tom Wolf,Governor,,DEM,Venango,Oakland Twp,208,203,5,0
Scott R Wagner,Governor,,REP,Venango,Oakland Twp,427,419,8,0
Paul Glover,Governor,,GRN,Venango,Oakland Twp,3,3,0,0
Ken V Krawchuk,Governor,,LIB,Venango,Oakland Twp,6,6,0,0
Write In,Governor,,,Venango,Oakland Twp,1,1,0,0
Susan Boser,U.S. House,15,DEM,Venango,Oakland Twp,160,156,4,0
Glenn Gt Thompson,U.S. House,15,REP,Venango,Oakland Twp,474,465,9,0
Write In,U.S. House,15,,Venango,Oakland Twp,0,0,0,0
John Kluck,State House,64,DEM,Venango,Oakland Twp,186,182,4,0
R Lee James,State House,64,REP,Venango,Oakland Twp,459,450,9,0
Write In,State House,64,,Venango,Oakland Twp,2,2,0,0
,Registered Voters,,,Venango,Oil City 1,1026,,,
,Ballots Cast,,,Venango,Oil City 1,591,557,34,0
,Straight Party,,DEM,Venango,Oil City 1,114,105,9,0
,Straight Party,,REP,Venango,Oil City 1,178,164,14,0
,Straight Party,,GRN,Venango,Oil City 1,0,0,0,0
,Straight Party,,LIB,Venango,Oil City 1,1,1,0,0
Bob Casey Jr,U.S. Senate,,DEM,Venango,Oil City 1,269,253,16,0
Lou Barletta,U.S. Senate,,REP,Venango,Oil City 1,299,282,17,0
Neal Gale,U.S. Senate,,GRN,Venango,Oil City 1,5,5,0,0
Dale R Kerns Jr,U.S. Senate,,LIB,Venango,Oil City 1,7,6,1,0
Write In,U.S. Senate,,,Venango,Oil City 1,1,1,0,0
Tom Wolf,Governor,,DEM,Venango,Oil City 1,291,276,15,0
Scott R Wagner,Governor,,REP,Venango,Oil City 1,280,263,17,0
Paul Glover,Governor,,GRN,Venango,Oil City 1,5,4,1,0
Ken V Krawchuk,Governor,,LIB,Venango,Oil City 1,9,8,1,0
Write In,Governor,,,Venango,Oil City 1,1,1,0,0
Susan Boser,U.S. House,15,DEM,Venango,Oil City 1,234,222,12,0
Glenn Gt Thompson,U.S. House,15,REP,Venango,Oil City 1,351,329,22,0
Write In,U.S. House,15,,Venango,Oil City 1,1,1,0,0
John Kluck,State House,64,DEM,Venango,Oil City 1,249,235,14,0
R Lee James,State House,64,REP,Venango,Oil City 1,337,317,20,0
Write In,State House,64,,Venango,Oil City 1,2,2,0,0
,Registered Voters,,,Venango,Oil City 2,693,,,
,Ballots Cast,,,Venango,Oil City 2,318,310,7,1
,Straight Party,,DEM,Venango,Oil City 2,56,50,6,0
,Straight Party,,REP,Venango,Oil City 2,90,89,0,1
,Straight Party,,GRN,Venango,Oil City 2,1,1,0,0
,Straight Party,,LIB,Venango,Oil City 2,1,1,0,0
Bob Casey Jr,U.S. Senate,,DEM,Venango,Oil City 2,145,139,6,0
Lou Barletta,U.S. Senate,,REP,Venango,Oil City 2,156,154,1,1
Neal Gale,U.S. Senate,,GRN,Venango,Oil City 2,2,2,0,0
Dale R Kerns Jr,U.S. Senate,,LIB,Venango,Oil City 2,12,12,0,0
Write In,U.S. Senate,,,Venango,Oil City 2,0,0,0,0
Tom Wolf,Governor,,DEM,Venango,Oil City 2,158,152,6,0
Scott R Wagner,Governor,,REP,Venango,Oil City 2,148,146,1,1
Paul Glover,Governor,,GRN,Venango,Oil City 2,2,2,0,0
Ken V Krawchuk,Governor,,LIB,Venango,Oil City 2,7,7,0,0
Write In,Governor,,,Venango,Oil City 2,0,0,0,0
Susan Boser,U.S. House,15,DEM,Venango,Oil City 2,131,125,6,0
Glenn Gt Thompson,U.S. House,15,REP,Venango,Oil City 2,179,177,1,1
Write In,U.S. House,15,,Venango,Oil City 2,1,1,0,0
John Kluck,State House,64,DEM,Venango,Oil City 2,138,132,6,0
R Lee James,State House,64,REP,Venango,Oil City 2,176,174,1,1
Write In,State House,64,,Venango,Oil City 2,0,0,0,0
,Registered Voters,,,Venango,Oil City 3,952,,,
,Ballots Cast,,,Venango,Oil City 3,400,381,18,1
,Straight Party,,DEM,Venango,Oil City 3,97,93,3,1
,Straight Party,,REP,Venango,Oil City 3,134,125,9,0
,Straight Party,,GRN,Venango,Oil City 3,2,2,0,0
,Straight Party,,LIB,Venango,Oil City 3,1,1,0,0
Bob Casey Jr,U.S. Senate,,DEM,Venango,Oil City 3,181,172,8,1
Lou Barletta,U.S. Senate,,REP,Venango,Oil City 3,204,194,10,0
Neal Gale,U.S. Senate,,GRN,Venango,Oil City 3,4,4,0,0
Dale R Kerns Jr,U.S. Senate,,LIB,Venango,Oil City 3,3,3,0,0
Write In,U.S. Senate,,,Venango,Oil City 3,0,0,0,0
Tom Wolf,Governor,,DEM,Venango,Oil City 3,187,178,8,1
Scott R Wagner,Governor,,REP,Venango,Oil City 3,203,193,10,0
Paul Glover,Governor,,GRN,Venango,Oil City 3,3,3,0,0
Ken V Krawchuk,Governor,,LIB,Venango,Oil City 3,3,3,0,0
Write In,Governor,,,Venango,Oil City 3,0,0,0,0
Susan Boser,U.S. House,15,DEM,Venango,Oil City 3,167,160,6,1
Glenn Gt Thompson,U.S. House,15,REP,Venango,Oil City 3,223,211,12,0
Write In,U.S. House,15,,Venango,Oil City 3,2,2,0,0
John Kluck,State House,64,DEM,Venango,Oil City 3,177,168,8,1
R Lee James,State House,64,REP,Venango,Oil City 3,218,208,10,0
Write In,State House,64,,Venango,Oil City 3,1,1,0,0
,Registered Voters,,,Venango,Oil City 4,770,,,
,Ballots Cast,,,Venango,Oil City 4,361,350,11,0
,Straight Party,,DEM,Venango,Oil City 4,68,63,5,0
,Straight Party,,REP,Venango,Oil City 4,93,92,1,0
,Straight Party,,GRN,Venango,Oil City 4,1,1,0,0
,Straight Party,,LIB,Venango,Oil City 4,0,0,0,0
Bob Casey Jr,U.S. Senate,,DEM,Venango,Oil City 4,181,174,7,0
Lou Barletta,U.S. Senate,,REP,Venango,Oil City 4,167,165,2,0
Neal Gale,U.S. Senate,,GRN,Venango,Oil City 4,4,4,0,0
Dale R Kerns Jr,U.S. Senate,,LIB,Venango,Oil City 4,6,4,2,0
Write In,U.S. Senate,,,Venango,Oil City 4,0,0,0,0
Tom Wolf,Governor,,DEM,Venango,Oil City 4,191,183,8,0
Scott R Wagner,Governor,,REP,Venango,Oil City 4,159,158,1,0
Paul Glover,Governor,,GRN,Venango,Oil City 4,1,1,0,0
Ken V Krawchuk,Governor,,LIB,Venango,Oil City 4,9,7,2,0
Write In,Governor,,,Venango,Oil City 4,0,0,0,0
Susan Boser,U.S. House,15,DEM,Venango,Oil City 4,168,162,6,0
Glenn Gt Thompson,U.S. House,15,REP,Venango,Oil City 4,189,184,5,0
Write In,U.S. House,15,,Venango,Oil City 4,1,1,0,0
John Kluck,State House,64,DEM,Venango,Oil City 4,154,149,5,0
R Lee James,State House,64,REP,Venango,Oil City 4,201,195,6,0
Write In,State House,64,,Venango,Oil City 4,1,1,0,0
,Registered Voters,,,Venango,Oil City 5,673,,,
,Ballots Cast,,,Venango,Oil City 5,435,413,21,1
,Straight Party,,DEM,Venango,Oil City 5,70,63,6,1
,Straight Party,,REP,Venango,Oil City 5,129,123,6,0
,Straight Party,,GRN,Venango,Oil City 5,0,0,0,0
,Straight Party,,LIB,Venango,Oil City 5,1,1,0,0
Bob Casey Jr,U.S. Senate,,DEM,Venango,Oil City 5,190,177,12,1
Lou Barletta,U.S. Senate,,REP,Venango,Oil City 5,229,220,9,0
Neal Gale,U.S. Senate,,GRN,Venango,Oil City 5,6,6,0,0
Dale R Kerns Jr,U.S. Senate,,LIB,Venango,Oil City 5,9,9,0,0
Write In,U.S. Senate,,,Venango,Oil City 5,0,0,0,0
Tom Wolf,Governor,,DEM,Venango,Oil City 5,209,196,12,1
Scott R Wagner,Governor,,REP,Venango,Oil City 5,214,205,9,0
Paul Glover,Governor,,GRN,Venango,Oil City 5,3,3,0,0
Ken V Krawchuk,Governor,,LIB,Venango,Oil City 5,7,7,0,0
Write In,Governor,,,Venango,Oil City 5,0,0,0,0
Susan Boser,U.S. House,15,DEM,Venango,Oil City 5,172,161,10,1
Glenn Gt Thompson,U.S. House,15,REP,Venango,Oil City 5,258,247,11,0
Write In,U.S. House,15,,Venango,Oil City 5,1,1,0,0
John Kluck,State House,64,DEM,Venango,Oil City 5,176,165,10,1
R Lee James,State House,64,REP,Venango,Oil City 5,250,239,11,0
Write In,State House,64,,Venango,Oil City 5,5,5,0,0
,Registered Voters,,,Venango,Oil City 6,852,,,
,Ballots Cast,,,Venango,Oil City 6,440,418,20,2
,Straight Party,,DEM,Venango,Oil City 6,113,108,5,0
,Straight Party,,REP,Venango,Oil City 6,116,109,5,2
,Straight Party,,GRN,Venango,Oil City 6,0,0,0,0
,Straight Party,,LIB,Venango,Oil City 6,1,1,0,0
Bob Casey Jr,U.S. Senate,,DEM,Venango,Oil City 6,225,213,12,0
Lou Barletta,U.S. Senate,,REP,Venango,Oil City 6,204,195,7,2
Neal Gale,U.S. Senate,,GRN,Venango,Oil City 6,1,1,0,0
Dale R Kerns Jr,U.S. Senate,,LIB,Venango,Oil City 6,5,5,0,0
Write In,U.S. Senate,,,Venango,Oil City 6,0,0,0,0
Tom Wolf,Governor,,DEM,Venango,Oil City 6,222,210,12,0
Scott R Wagner,Governor,,REP,Venango,Oil City 6,207,197,8,2
Paul Glover,Governor,,GRN,Venango,Oil City 6,1,1,0,0
Ken V Krawchuk,Governor,,LIB,Venango,Oil City 6,4,4,0,0
Write In,Governor,,,Venango,Oil City 6,2,2,0,0
Susan Boser,U.S. House,15,DEM,Venango,Oil City 6,204,191,13,0
Glenn Gt Thompson,U.S. House,15,REP,Venango,Oil City 6,231,222,7,2
Write In,U.S. House,15,,Venango,Oil City 6,1,1,0,0
John Kluck,State House,64,DEM,Venango,Oil City 6,210,200,10,0
R Lee James,State House,64,REP,Venango,Oil City 6,225,213,10,2
Write In,State House,64,,Venango,Oil City 6,1,1,0,0
,Registered Voters,,,Venango,Oil City 7,569,,,
,Ballots Cast,,,Venango,Oil City 7,356,340,16,0
,Straight Party,,DEM,Venango,Oil City 7,66,61,5,0
,Straight Party,,REP,Venango,Oil City 7,92,84,8,0
,Straight Party,,GRN,Venango,Oil City 7,2,2,0,0
,Straight Party,,LIB,Venango,Oil City 7,3,3,0,0
Bob Casey Jr,U.S. Senate,,DEM,Venango,Oil City 7,182,176,6,0
Lou Barletta,U.S. Senate,,REP,Venango,Oil City 7,165,155,10,0
Neal Gale,U.S. Senate,,GRN,Venango,Oil City 7,2,2,0,0
Dale R Kerns Jr,U.S. Senate,,LIB,Venango,Oil City 7,5,5,0,0
Write In,U.S. Senate,,,Venango,Oil City 7,0,0,0,0
Tom Wolf,Governor,,DEM,Venango,Oil City 7,201,194,7,0
Scott R Wagner,Governor,,REP,Venango,Oil City 7,150,141,9,0
Paul Glover,Governor,,GRN,Venango,Oil City 7,2,2,0,0
Ken V Krawchuk,Governor,,LIB,Venango,Oil City 7,2,2,0,0
Write In,Governor,,,Venango,Oil City 7,0,0,0,0
Susan Boser,U.S. House,15,DEM,Venango,Oil City 7,167,161,6,0
Glenn Gt Thompson,U.S. House,15,REP,Venango,Oil City 7,186,176,10,0
Write In,U.S. House,15,,Venango,Oil City 7,0,0,0,0
John Kluck,State House,64,DEM,Venango,Oil City 7,175,169,6,0
R Lee James,State House,64,REP,Venango,Oil City 7,179,169,10,0
Write In,State House,64,,Venango,Oil City 7,1,1,0,0
,Registered Voters,,,Venango,Oilcreek Twp,503,,,
,Ballots Cast,,,Venango,Oilcreek Twp,334,327,7,0
,Straight Party,,DEM,Venango,Oilcreek Twp,34,34,0,0
,Straight Party,,REP,Venango,Oilcreek Twp,156,155,1,0
,Straight Party,,GRN,Venango,Oilcreek Twp,0,0,0,0
,Straight Party,,LIB,Venango,Oilcreek Twp,0,0,0,0
Bob Casey Jr,U.S. Senate,,DEM,Venango,Oilcreek Twp,86,86,0,0
Lou Barletta,U.S. Senate,,REP,Venango,Oilcreek Twp,240,233,7,0
Neal Gale,U.S. Senate,,GRN,Venango,Oilcreek Twp,0,0,0,0
Dale R Kerns Jr,U.S. Senate,,LIB,Venango,Oilcreek Twp,2,2,0,0
Write In,U.S. Senate,,,Venango,Oilcreek Twp,0,0,0,0
Tom Wolf,Governor,,DEM,Venango,Oilcreek Twp,95,91,4,0
Scott R Wagner,Governor,,REP,Venango,Oilcreek Twp,230,227,3,0
Paul Glover,Governor,,GRN,Venango,Oilcreek Twp,1,1,0,0
Ken V Krawchuk,Governor,,LIB,Venango,Oilcreek Twp,2,2,0,0
Write In,Governor,,,Venango,Oilcreek Twp,0,0,0,0
Susan Boser,U.S. House,15,DEM,Venango,Oilcreek Twp,64,64,0,0
Glenn Gt Thompson,U.S. House,15,REP,Venango,Oilcreek Twp,264,258,6,0
Write In,U.S. House,15,,Venango,Oilcreek Twp,0,0,0,0
John Kluck,State House,64,DEM,Venango,Oilcreek Twp,71,69,2,0
R Lee James,State House,64,REP,Venango,Oilcreek Twp,259,255,4,0
Write In,State House,64,,Venango,Oilcreek Twp,0,0,0,0
,Registered Voters,,,Venango,Pinegrove Twp,803,,,
,Ballots Cast,,,Venango,Pinegrove Twp,527,510,17,0
,Straight Party,,DEM,Venango,Pinegrove Twp,41,37,4,0
,Straight Party,,REP,Venango,Pinegrove Twp,234,225,9,0
,Straight Party,,GRN,Venango,Pinegrove Twp,2,2,0,0
,Straight Party,,LIB,Venango,Pinegrove Twp,1,1,0,0
Bob Casey Jr,U.S. Senate,,DEM,Venango,Pinegrove Twp,138,132,6,0
Lou Barletta,U.S. Senate,,REP,Venango,Pinegrove Twp,369,358,11,0
Neal Gale,U.S. Senate,,GRN,Venango,Pinegrove Twp,5,5,0,0
Dale R Kerns Jr,U.S. Senate,,LIB,Venango,Pinegrove Twp,9,9,0,0
Write In,U.S. Senate,,,Venango,Pinegrove Twp,0,0,0,0
Tom Wolf,Governor,,DEM,Venango,Pinegrove Twp,160,154,6,0
Scott R Wagner,Governor,,REP,Venango,Pinegrove Twp,346,335,11,0
Paul Glover,Governor,,GRN,Venango,Pinegrove Twp,6,6,0,0
Ken V Krawchuk,Governor,,LIB,Venango,Pinegrove Twp,12,12,0,0
Write In,Governor,,,Venango,Pinegrove Twp,0,0,0,0
Susan Boser,U.S. House,15,DEM,Venango,Pinegrove Twp,113,109,4,0
Glenn Gt Thompson,U.S. House,15,REP,Venango,Pinegrove Twp,405,392,13,0
Write In,U.S. House,15,,Venango,Pinegrove Twp,0,0,0,0
John Kluck,State House,64,DEM,Venango,Pinegrove Twp,115,111,4,0
R Lee James,State House,64,REP,Venango,Pinegrove Twp,409,396,13,0
Write In,State House,64,,Venango,Pinegrove Twp,0,0,0,0
,Registered Voters,,,Venango,Pleasantville Boro,532,,,
,Ballots Cast,,,Venango,Pleasantville Boro,331,318,13,0
,Straight Party,,DEM,Venango,Pleasantville Boro,53,51,2,0
,Straight Party,,REP,Venango,Pleasantville Boro,147,140,7,0
,Straight Party,,GRN,Venango,Pleasantville Boro,0,0,0,0
,Straight Party,,LIB,Venango,Pleasantville Boro,0,0,0,0
Bob Casey Jr,U.S. Senate,,DEM,Venango,Pleasantville Boro,103,99,4,0
Lou Barletta,U.S. Senate,,REP,Venango,Pleasantville Boro,219,210,9,0
Neal Gale,U.S. Senate,,GRN,Venango,Pleasantville Boro,1,1,0,0
Dale R Kerns Jr,U.S. Senate,,LIB,Venango,Pleasantville Boro,3,3,0,0
Write In,U.S. Senate,,,Venango,Pleasantville Boro,1,1,0,0
Tom Wolf,Governor,,DEM,Venango,Pleasantville Boro,109,107,2,0
Scott R Wagner,Governor,,REP,Venango,Pleasantville Boro,209,200,9,0
Paul Glover,Governor,,GRN,Venango,Pleasantville Boro,2,2,0,0
Ken V Krawchuk,Governor,,LIB,Venango,Pleasantville Boro,4,4,0,0
Write In,Governor,,,Venango,Pleasantville Boro,1,1,0,0
Susan Boser,U.S. House,15,DEM,Venango,Pleasantville Boro,90,85,5,0
Glenn Gt Thompson,U.S. House,15,REP,Venango,Pleasantville Boro,237,229,8,0
Write In,U.S. House,15,,Venango,Pleasantville Boro,1,1,0,0
John Kluck,State House,64,DEM,Venango,Pleasantville Boro,98,95,3,0
R Lee James,State House,64,REP,Venango,Pleasantville Boro,228,220,8,0
Write In,State House,64,,Venango,Pleasantville Boro,0,0,0,0
,Registered Voters,,,Venango,Plum Twp,586,,,
,Ballots Cast,,,Venango,Plum Twp,374,365,9,0
,Straight Party,,DEM,Venango,Plum Twp,35,32,3,0
,Straight Party,,REP,Venango,Plum Twp,154,150,4,0
,Straight Party,,GRN,Venango,Plum Twp,0,0,0,0
,Straight Party,,LIB,Venango,Plum Twp,0,0,0,0
Bob Casey Jr,U.S. Senate,,DEM,Venango,Plum Twp,118,113,5,0
Lou Barletta,U.S. Senate,,REP,Venango,Plum Twp,244,240,4,0
Neal Gale,U.S. Senate,,GRN,Venango,Plum Twp,0,0,0,0
Dale R Kerns Jr,U.S. Senate,,LIB,Venango,Plum Twp,4,4,0,0
Write In,U.S. Senate,,,Venango,Plum Twp,0,0,0,0
Tom Wolf,Governor,,DEM,Venango,Plum Twp,119,116,3,0
Scott R Wagner,Governor,,REP,Venango,Plum Twp,243,238,5,0
Paul Glover,Governor,,GRN,Venango,Plum Twp,3,3,0,0
Ken V Krawchuk,Governor,,LIB,Venango,Plum Twp,6,5,1,0
Write In,Governor,,,Venango,Plum Twp,0,0,0,0
Susan Boser,U.S. House,15,DEM,Venango,Plum Twp,91,87,4,0
Glenn Gt Thompson,U.S. House,15,REP,Venango,Plum Twp,279,274,5,0
Write In,U.S. House,15,,Venango,Plum Twp,0,0,0,0
John Kluck,State House,64,DEM,Venango,Plum Twp,92,88,4,0
R Lee James,State House,64,REP,Venango,Plum Twp,281,276,5,0
Write In,State House,64,,Venango,Plum Twp,0,0,0,0
,Registered Voters,,,Venango,Polk Boro,286,,,
,Ballots Cast,,,Venango,Polk Boro,157,154,3,0
,Straight Party,,DEM,Venango,Polk Boro,31,31,0,0
,Straight Party,,REP,Venango,Polk Boro,54,52,2,0
,Straight Party,,GRN,Venango,Polk Boro,2,2,0,0
,Straight Party,,LIB,Venango,Polk Boro,2,2,0,0
Bob Casey Jr,U.S. Senate,,DEM,Venango,Polk Boro,60,60,0,0
Lou Barletta,U.S. Senate,,REP,Venango,Polk Boro,89,86,3,0
Neal Gale,U.S. Senate,,GRN,Venango,Polk Boro,3,3,0,0
Dale R Kerns Jr,U.S. Senate,,LIB,Venango,Polk Boro,4,4,0,0
Write In,U.S. Senate,,,Venango,Polk Boro,0,0,0,0
Tom Wolf,Governor,,DEM,Venango,Polk Boro,63,63,0,0
Scott R Wagner,Governor,,REP,Venango,Polk Boro,86,83,3,0
Paul Glover,Governor,,GRN,Venango,Polk Boro,4,4,0,0
Ken V Krawchuk,Governor,,LIB,Venango,Polk Boro,4,4,0,0
Write In,Governor,,,Venango,Polk Boro,0,0,0,0
Susan Boser,U.S. House,15,DEM,Venango,Polk Boro,52,52,0,0
Glenn Gt Thompson,U.S. House,15,REP,Venango,Polk Boro,102,99,3,0
Write In,U.S. House,15,,Venango,Polk Boro,0,0,0,0
John Kluck,State House,64,DEM,Venango,Polk Boro,47,47,0,0
R Lee James,State House,64,REP,Venango,Polk Boro,109,106,3,0
Write In,State House,64,,Venango,Polk Boro,0,0,0,0
,Registered Voters,,,Venango,President Twp,363,,,
,Ballots Cast,,,Venango,President Twp,234,209,22,3
,Straight Party,,DEM,Venango,President Twp,45,38,6,1
,Straight Party,,REP,Venango,President Twp,71,60,10,1
,Straight Party,,GRN,Venango,President Twp,0,0,0,0
,Straight Party,,LIB,Venango,President Twp,1,1,0,0
Bob Casey Jr,U.S. Senate,,DEM,Venango,President Twp,92,84,6,2
Lou Barletta,U.S. Senate,,REP,Venango,President Twp,133,116,16,1
Neal Gale,U.S. Senate,,GRN,Venango,President Twp,2,2,0,0
Dale R Kerns Jr,U.S. Senate,,LIB,Venango,President Twp,3,3,0,0
Write In,U.S. Senate,,,Venango,President Twp,0,0,0,0
Tom Wolf,Governor,,DEM,Venango,President Twp,98,90,6,2
Scott R Wagner,Governor,,REP,Venango,President Twp,127,110,16,1
Paul Glover,Governor,,GRN,Venango,President Twp,4,4,0,0
Ken V Krawchuk,Governor,,LIB,Venango,President Twp,3,3,0,0
Write In,Governor,,,Venango,President Twp,0,0,0,0
Susan Boser,U.S. House,15,DEM,Venango,President Twp,84,76,6,2
Glenn Gt Thompson,U.S. House,15,REP,Venango,President Twp,146,129,16,1
Write In,U.S. House,15,,Venango,President Twp,0,0,0,0
John Kluck,State House,64,DEM,Venango,President Twp,94,84,7,3
R Lee James,State House,64,REP,Venango,President Twp,139,124,15,0
Write In,State House,64,,Venango,President Twp,0,0,0,0
,Registered Voters,,,Venango,Richland Twp,455,,,
,Ballots Cast,,,Venango,Richland Twp,320,311,9,0
,Straight Party,,DEM,Venango,Richland Twp,20,20,0,0
,Straight Party,,REP,Venango,Richland Twp,129,124,5,0
,Straight Party,,GRN,Venango,Richland Twp,0,0,0,0
,Straight Party,,LIB,Venango,Richland Twp,0,0,0,0
Bob Casey Jr,U.S. Senate,,DEM,Venango,Richland Twp,82,81,1,0
Lou Barletta,U.S. Senate,,REP,Venango,Richland Twp,228,221,7,0
Neal Gale,U.S. Senate,,GRN,Venango,Richland Twp,2,1,1,0
Dale R Kerns Jr,U.S. Senate,,LIB,Venango,Richland Twp,2,2,0,0
Write In,U.S. Senate,,,Venango,Richland Twp,0,0,0,0
Tom Wolf,Governor,,DEM,Venango,Richland Twp,94,92,2,0
Scott R Wagner,Governor,,REP,Venango,Richland Twp,222,215,7,0
Paul Glover,Governor,,GRN,Venango,Richland Twp,0,0,0,0
Ken V Krawchuk,Governor,,LIB,Venango,Richland Twp,2,2,0,0
Write In,Governor,,,Venango,Richland Twp,0,0,0,0
Susan Boser,U.S. House,15,DEM,Venango,Richland Twp,60,58,2,0
Glenn Gt Thompson,U.S. House,15,REP,Venango,Richland Twp,258,251,7,0
Write In,U.S. House,15,,Venango,Richland Twp,0,0,0,0
John Kluck,State House,64,DEM,Venango,Richland Twp,63,61,2,0
R Lee James,State House,64,REP,Venango,Richland Twp,256,249,7,0
Write In,State House,64,,Venango,Richland Twp,0,0,0,0
,Registered Voters,,,Venango,Rockland Twp 1,706,,,
,Ballots Cast,,,Venango,Rockland Twp 1,456,420,36,0
,Straight Party,,DEM,Venango,Rockland Twp 1,60,55,5,0
,Straight Party,,REP,Venango,Rockland Twp 1,176,164,12,0
,Straight Party,,GRN,Venango,Rockland Twp 1,1,1,0,0
,Straight Party,,LIB,Venango,Rockland Twp 1,0,0,0,0
Bob Casey Jr,U.S. Senate,,DEM,Venango,Rockland Twp 1,161,147,14,0
Lou Barletta,U.S. Senate,,REP,Venango,Rockland Twp 1,283,263,20,0
Neal Gale,U.S. Senate,,GRN,Venango,Rockland Twp 1,5,3,2,0
Dale R Kerns Jr,U.S. Senate,,LIB,Venango,Rockland Twp 1,3,3,0,0
Write In,U.S. Senate,,,Venango,Rockland Twp 1,0,0,0,0
Tom Wolf,Governor,,DEM,Venango,Rockland Twp 1,165,150,15,0
Scott R Wagner,Governor,,REP,Venango,Rockland Twp 1,281,163,18,0
Paul Glover,Governor,,GRN,Venango,Rockland Twp 1,3,2,1,0
Ken V Krawchuk,Governor,,LIB,Venango,Rockland Twp 1,1,1,0,0
Write In,Governor,,,Venango,Rockland Twp 1,0,0,0,0
Susan Boser,U.S. House,15,DEM,Venango,Rockland Twp 1,136,123,13,0
Glenn Gt Thompson,U.S. House,15,REP,Venango,Rockland Twp 1,312,289,23,0
Write In,U.S. House,15,,Venango,Rockland Twp 1,0,0,0,0
John Kluck,State House,64,DEM,Venango,Rockland Twp 1,150,136,14,0
R Lee James,State House,64,REP,Venango,Rockland Twp 1,301,281,20,0
Write In,State House,64,,Venango,Rockland Twp 1,0,0,0,0
,Registered Voters,,,Venango,Rockland Twp 2,158,,,
,Ballots Cast,,,Venango,Rockland Twp 2,93,91,2,0
,Straight Party,,DEM,Venango,Rockland Twp 2,10,9,1,0
,Straight Party,,REP,Venango,Rockland Twp 2,36,35,1,0
,Straight Party,,GRN,Venango,Rockland Twp 2,0,0,0,0
,Straight Party,,LIB,Venango,Rockland Twp 2,0,0,0,0
Bob Casey Jr,U.S. Senate,,DEM,Venango,Rockland Twp 2,33,32,1,0
Lou Barletta,U.S. Senate,,REP,Venango,Rockland Twp 2,58,57,1,0
Neal Gale,U.S. Senate,,GRN,Venango,Rockland Twp 2,0,0,0,0
Dale R Kerns Jr,U.S. Senate,,LIB,Venango,Rockland Twp 2,0,0,0,0
Write In,U.S. Senate,,,Venango,Rockland Twp 2,0,0,0,0
Tom Wolf,Governor,,DEM,Venango,Rockland Twp 2,38,37,1,0
Scott R Wagner,Governor,,REP,Venango,Rockland Twp 2,55,54,1,0
Paul Glover,Governor,,GRN,Venango,Rockland Twp 2,0,0,0,0
Ken V Krawchuk,Governor,,LIB,Venango,Rockland Twp 2,0,0,0,0
Write In,Governor,,,Venango,Rockland Twp 2,0,0,0,0
Susan Boser,U.S. House,15,DEM,Venango,Rockland Twp 2,19,18,1,0
Glenn Gt Thompson,U.S. House,15,REP,Venango,Rockland Twp 2,70,69,1,0
Write In,U.S. House,15,,Venango,Rockland Twp 2,0,0,0,0
John Kluck,State House,64,DEM,Venango,Rockland Twp 2,20,19,1,0
R Lee James,State House,64,REP,Venango,Rockland Twp 2,73,72,1,0
Write In,State House,64,,Venango,Rockland Twp 2,0,0,0,0
,Registered Voters,,,Venango,Rouseville Boro,282,,,
,Ballots Cast,,,Venango,Rouseville Boro,155,148,7,0
,Straight Party,,DEM,Venango,Rouseville Boro,30,27,3,0
,Straight Party,,REP,Venango,Rouseville Boro,51,49,2,0
,Straight Party,,GRN,Venango,Rouseville Boro,0,0,0,0
,Straight Party,,LIB,Venango,Rouseville Boro,0,0,0,0
Bob Casey Jr,U.S. Senate,,DEM,Venango,Rouseville Boro,63,58,5,0
Lou Barletta,U.S. Senate,,REP,Venango,Rouseville Boro,91,89,2,0
Neal Gale,U.S. Senate,,GRN,Venango,Rouseville Boro,0,0,0,0
Dale R Kerns Jr,U.S. Senate,,LIB,Venango,Rouseville Boro,0,0,0,0
Write In,U.S. Senate,,,Venango,Rouseville Boro,0,0,0,0
Tom Wolf,Governor,,DEM,Venango,Rouseville Boro,64,59,5,0
Scott R Wagner,Governor,,REP,Venango,Rouseville Boro,89,87,2,0
Paul Glover,Governor,,GRN,Venango,Rouseville Boro,0,0,0,0
Ken V Krawchuk,Governor,,LIB,Venango,Rouseville Boro,0,0,0,0
Write In,Governor,,,Venango,Rouseville Boro,0,0,0,0
Susan Boser,U.S. House,15,DEM,Venango,Rouseville Boro,56,52,4,0
Glenn Gt Thompson,U.S. House,15,REP,Venango,Rouseville Boro,94,92,2,0
Write In,U.S. House,15,,Venango,Rouseville Boro,1,1,0,0
John Kluck,State House,64,DEM,Venango,Rouseville Boro,63,59,4,0
R Lee James,State House,64,REP,Venango,Rouseville Boro,85,83,2,0
Write In,State House,64,,Venango,Rouseville Boro,0,0,0,0
,Registered Voters,,,Venango,Sandycreek Twp,1418,,,
,Ballots Cast,,,Venango,Sandycreek Twp,909,883,26,0
,Straight Party,,DEM,Venango,Sandycreek Twp,140,135,5,0
,Straight Party,,REP,Venango,Sandycreek Twp,319,310,9,0
,Straight Party,,GRN,Venango,Sandycreek Twp,0,0,0,0
,Straight Party,,LIB,Venango,Sandycreek Twp,4,4,0,0
Bob Casey Jr,U.S. Senate,,DEM,Venango,Sandycreek Twp,352,340,12,0
Lou Barletta,U.S. Senate,,REP,Venango,Sandycreek Twp,531,517,14,0
Neal Gale,U.S. Senate,,GRN,Venango,Sandycreek Twp,3,3,0,0
Dale R Kerns Jr,U.S. Senate,,LIB,Venango,Sandycreek Twp,13,13,0,0
Write In,U.S. Senate,,,Venango,Sandycreek Twp,0,0,0,0
Tom Wolf,Governor,,DEM,Venango,Sandycreek Twp,389,376,13,0
Scott R Wagner,Governor,,REP,Venango,Sandycreek Twp,502,489,13,0
Paul Glover,Governor,,GRN,Venango,Sandycreek Twp,2,2,0,0
Ken V Krawchuk,Governor,,LIB,Venango,Sandycreek Twp,11,11,0,0
Write In,Governor,,,Venango,Sandycreek Twp,1,1,0,0
Susan Boser,U.S. House,15,DEM,Venango,Sandycreek Twp,294,283,11,0
Glenn Gt Thompson,U.S. House,15,REP,Venango,Sandycreek Twp,597,583,14,0
Write In,U.S. House,15,,Venango,Sandycreek Twp,2,2,0,0
John Kluck,State House,64,DEM,Venango,Sandycreek Twp,312,302,10,0
R Lee James,State House,64,REP,Venango,Sandycreek Twp,591,576,15,0
Write In,State House,64,,Venango,Sandycreek Twp,0,0,0,0
,Registered Voters,,,Venango,Scrubgrass Twp,467,,,
,Ballots Cast,,,Venango,Scrubgrass Twp,301,289,12,0
,Straight Party,,DEM,Venango,Scrubgrass Twp,36,34,2,0
,Straight Party,,REP,Venango,Scrubgrass Twp,154,148,6,0
,Straight Party,,GRN,Venango,Scrubgrass Twp,0,0,0,0
,Straight Party,,LIB,Venango,Scrubgrass Twp,0,0,0,0
Bob Casey Jr,U.S. Senate,,DEM,Venango,Scrubgrass Twp,80,77,3,0
Lou Barletta,U.S. Senate,,REP,Venango,Scrubgrass Twp,214,205,9,0
Neal Gale,U.S. Senate,,GRN,Venango,Scrubgrass Twp,2,2,0,0
Dale R Kerns Jr,U.S. Senate,,LIB,Venango,Scrubgrass Twp,1,1,0,0
Write In,U.S. Senate,,,Venango,Scrubgrass Twp,0,0,0,0
Tom Wolf,Governor,,DEM,Venango,Scrubgrass Twp,77,74,3,0
Scott R Wagner,Governor,,REP,Venango,Scrubgrass Twp,220,211,9,0
Paul Glover,Governor,,GRN,Venango,Scrubgrass Twp,3,3,0,0
Ken V Krawchuk,Governor,,LIB,Venango,Scrubgrass Twp,1,1,0,0
Write In,Governor,,,Venango,Scrubgrass Twp,0,0,0,0
Susan Boser,U.S. House,15,DEM,Venango,Scrubgrass Twp,67,64,3,0
Glenn Gt Thompson,U.S. House,15,REP,Venango,Scrubgrass Twp,232,223,9,0
Write In,U.S. House,15,,Venango,Scrubgrass Twp,0,0,0,0
John Kluck,State House,64,DEM,Venango,Scrubgrass Twp,70,67,3,0
R Lee James,State House,64,REP,Venango,Scrubgrass Twp,229,221,8,0
Write In,State House,64,,Venango,Scrubgrass Twp,0,0,0,0
,Registered Voters,,,Venango,Sugarcreek Boro 1,1071,,,
,Ballots Cast,,,Venango,Sugarcreek Boro 1,606,576,29,1
,Straight Party,,DEM,Venango,Sugarcreek Boro 1,97,93,4,0
,Straight Party,,REP,Venango,Sugarcreek Boro 1,196,181,15,0
,Straight Party,,GRN,Venango,Sugarcreek Boro 1,1,1,0,0
,Straight Party,,LIB,Venango,Sugarcreek Boro 1,2,2,0,0
Bob Casey Jr,U.S. Senate,,DEM,Venango,Sugarcreek Boro 1,262,250,11,1
Lou Barletta,U.S. Senate,,REP,Venango,Sugarcreek Boro 1,321,303,18,0
Neal Gale,U.S. Senate,,GRN,Venango,Sugarcreek Boro 1,5,5,0,0
Dale R Kerns Jr,U.S. Senate,,LIB,Venango,Sugarcreek Boro 1,7,7,0,0
Write In,U.S. Senate,,,Venango,Sugarcreek Boro 1,0,0,0,0
Tom Wolf,Governor,,DEM,Venango,Sugarcreek Boro 1,279,267,11,1
Scott R Wagner,Governor,,REP,Venango,Sugarcreek Boro 1,314,296,18,0
Paul Glover,Governor,,GRN,Venango,Sugarcreek Boro 1,2,2,0,0
Ken V Krawchuk,Governor,,LIB,Venango,Sugarcreek Boro 1,7,7,0,0
Write In,Governor,,,Venango,Sugarcreek Boro 1,1,1,0,0
Susan Boser,U.S. House,15,DEM,Venango,Sugarcreek Boro 1,207,198,9,0
Glenn Gt Thompson,U.S. House,15,REP,Venango,Sugarcreek Boro 1,391,370,20,1
Write In,U.S. House,15,,Venango,Sugarcreek Boro 1,0,0,0,0
John Kluck,State House,64,DEM,Venango,Sugarcreek Boro 1,218,209,9,0
R Lee James,State House,64,REP,Venango,Sugarcreek Boro 1,382,361,20,1
Write In,State House,64,,Venango,Sugarcreek Boro 1,0,0,0,0
,Registered Voters,,,Venango,Sugarcreek Boro 2,448,,,
,Ballots Cast,,,Venango,Sugarcreek Boro 2,276,265,11,0
,Straight Party,,DEM,Venango,Sugarcreek Boro 2,39,38,1,0
,Straight Party,,REP,Venango,Sugarcreek Boro 2,93,91,2,0
,Straight Party,,GRN,Venango,Sugarcreek Boro 2,0,0,0,0
,Straight Party,,LIB,Venango,Sugarcreek Boro 2,2,2,0,0
Bob Casey Jr,U.S. Senate,,DEM,Venango,Sugarcreek Boro 2,107,100,7,0
Lou Barletta,U.S. Senate,,REP,Venango,Sugarcreek Boro 2,160,156,4,0
Neal Gale,U.S. Senate,,GRN,Venango,Sugarcreek Boro 2,0,0,0,0
Dale R Kerns Jr,U.S. Senate,,LIB,Venango,Sugarcreek Boro 2,6,6,0,0
Write In,U.S. Senate,,,Venango,Sugarcreek Boro 2,0,0,0,0
Tom Wolf,Governor,,DEM,Venango,Sugarcreek Boro 2,115,107,8,0
Scott R Wagner,Governor,,REP,Venango,Sugarcreek Boro 2,153,150,3,0
Paul Glover,Governor,,GRN,Venango,Sugarcreek Boro 2,0,0,0,0
Ken V Krawchuk,Governor,,LIB,Venango,Sugarcreek Boro 2,7,7,0,0
Write In,Governor,,,Venango,Sugarcreek Boro 2,0,0,0,0
Susan Boser,U.S. House,15,DEM,Venango,Sugarcreek Boro 2,85,78,7,0
Glenn Gt Thompson,U.S. House,15,REP,Venango,Sugarcreek Boro 2,185,181,4,0
Write In,U.S. House,15,,Venango,Sugarcreek Boro 2,0,0,0,0
John Kluck,State House,64,DEM,Venango,Sugarcreek Boro 2,85,83,2,0
R Lee James,State House,64,REP,Venango,Sugarcreek Boro 2,189,180,9,0
Write In,State House,64,,Venango,Sugarcreek Boro 2,0,0,0,0
,Registered Voters,,,Venango,Sugarcreek Boro 3,622,,,
,Ballots Cast,,,Venango,Sugarcreek Boro 3,380,359,21,0
,Straight Party,,DEM,Venango,Sugarcreek Boro 3,47,45,2,0
,Straight Party,,REP,Venango,Sugarcreek Boro 3,135,126,9,0
,Straight Party,,GRN,Venango,Sugarcreek Boro 3,0,0,0,0
,Straight Party,,LIB,Venango,Sugarcreek Boro 3,0,0,0,0
Bob Casey Jr,U.S. Senate,,DEM,Venango,Sugarcreek Boro 3,139,131,8,0
Lou Barletta,U.S. Senate,,REP,Venango,Sugarcreek Boro 3,226,213,13,0
Neal Gale,U.S. Senate,,GRN,Venango,Sugarcreek Boro 3,4,4,0,0
Dale R Kerns Jr,U.S. Senate,,LIB,Venango,Sugarcreek Boro 3,2,2,0,0
Write In,U.S. Senate,,,Venango,Sugarcreek Boro 3,0,0,0,0
Tom Wolf,Governor,,DEM,Venango,Sugarcreek Boro 3,148,140,8,0
Scott R Wagner,Governor,,REP,Venango,Sugarcreek Boro 3,221,209,12,0
Paul Glover,Governor,,GRN,Venango,Sugarcreek Boro 3,0,0,0,0
Ken V Krawchuk,Governor,,LIB,Venango,Sugarcreek Boro 3,5,4,1,0
Write In,Governor,,,Venango,Sugarcreek Boro 3,0,0,0,0
Susan Boser,U.S. House,15,DEM,Venango,Sugarcreek Boro 3,125,118,7,0
Glenn Gt Thompson,U.S. House,15,REP,Venango,Sugarcreek Boro 3,250,236,14,0
Write In,U.S. House,15,,Venango,Sugarcreek Boro 3,0,0,0,0
John Kluck,State House,64,DEM,Venango,Sugarcreek Boro 3,128,121,7,0
R Lee James,State House,64,REP,Venango,Sugarcreek Boro 3,248,234,14,0
Write In,State House,64,,Venango,Sugarcreek Boro 3,0,0,0,0
,Registered Voters,,,Venango,Sugarcreek Boro 5,758,,,
,Ballots Cast,,,Venango,Sugarcreek Boro 5,462,440,22,0
,Straight Party,,DEM,Venango,Sugarcreek Boro 5,60,53,7,0
,Straight Party,,REP,Venango,Sugarcreek Boro 5,177,171,6,0
,Straight Party,,GRN,Venango,Sugarcreek Boro 5,1,1,0,0
,Straight Party,,LIB,Venango,Sugarcreek Boro 5,0,0,0,0
Bob Casey Jr,U.S. Senate,,DEM,Venango,Sugarcreek Boro 5,151,140,11,0
Lou Barletta,U.S. Senate,,REP,Venango,Sugarcreek Boro 5,297,287,10,0
Neal Gale,U.S. Senate,,GRN,Venango,Sugarcreek Boro 5,3,3,0,0
Dale R Kerns Jr,U.S. Senate,,LIB,Venango,Sugarcreek Boro 5,3,3,0,0
Write In,U.S. Senate,,,Venango,Sugarcreek Boro 5,0,0,0,0
Tom Wolf,Governor,,DEM,Venango,Sugarcreek Boro 5,163,150,13,0
Scott R Wagner,Governor,,REP,Venango,Sugarcreek Boro 5,283,276,7,0
Paul Glover,Governor,,GRN,Venango,Sugarcreek Boro 5,3,3,0,0
Ken V Krawchuk,Governor,,LIB,Venango,Sugarcreek Boro 5,6,6,0,0
Write In,Governor,,,Venango,Sugarcreek Boro 5,3,2,1,0
Susan Boser,U.S. House,15,DEM,Venango,Sugarcreek Boro 5,130,119,11,0
Glenn Gt Thompson,U.S. House,15,REP,Venango,Sugarcreek Boro 5,327,316,11,0
Write In,U.S. House,15,,Venango,Sugarcreek Boro 5,1,1,0,0
John Kluck,State House,64,DEM,Venango,Sugarcreek Boro 5,131,123,8,0
R Lee James,State House,64,REP,Venango,Sugarcreek Boro 5,323,310,13,0
Write In,State House,64,,Venango,Sugarcreek Boro 5,0,0,0,0
,Registered Voters,,,Venango,Utica Boro,108,,,
,Ballots Cast,,,Venango,Utica Boro,77,73,4,0
,Straight Party,,DEM,Venango,Utica Boro,14,14,0,0
,Straight Party,,REP,Venango,Utica Boro,25,25,0,0
,Straight Party,,GRN,Venango,Utica Boro,0,0,0,0
,Straight Party,,LIB,Venango,Utica Boro,0,0,0,0
Bob Casey Jr,U.S. Senate,,DEM,Venango,Utica Boro,28,27,1,0
Lou Barletta,U.S. Senate,,REP,Venango,Utica Boro,45,44,1,0
Neal Gale,U.S. Senate,,GRN,Venango,Utica Boro,1,1,0,0
Dale R Kerns Jr,U.S. Senate,,LIB,Venango,Utica Boro,0,0,0,0
Write In,U.S. Senate,,,Venango,Utica Boro,0,0,0,0
Tom Wolf,Governor,,DEM,Venango,Utica Boro,29,25,4,0
Scott R Wagner,Governor,,REP,Venango,Utica Boro,44,44,0,0
Paul Glover,Governor,,GRN,Venango,Utica Boro,1,1,0,0
Ken V Krawchuk,Governor,,LIB,Venango,Utica Boro,1,1,0,0
Write In,Governor,,,Venango,Utica Boro,0,0,0,0
Susan Boser,U.S. House,15,DEM,Venango,Utica Boro,25,23,2,0
Glenn Gt Thompson,U.S. House,15,REP,Venango,Utica Boro,49,47,2,0
Write In,U.S. House,15,,Venango,Utica Boro,0,0,0,0
John Kluck,State House,64,DEM,Venango,Utica Boro,28,26,2,0
R Lee James,State House,64,REP,Venango,Utica Boro,47,46,1,0
Write In,State House,64,,Venango,Utica Boro,0,0,0,0
,Registered Voters,,,Venango,Victory Twp,232,,,
,Ballots Cast,,,Venango,Victory Twp,148,143,5,0
,Straight Party,,DEM,Venango,Victory Twp,21,20,1,0
,Straight Party,,REP,Venango,Victory Twp,64,61,3,0
,Straight Party,,GRN,Venango,Victory Twp,1,1,0,0
,Straight Party,,LIB,Venango,Victory Twp,0,0,0,0
Bob Casey Jr,U.S. Senate,,DEM,Venango,Victory Twp,44,42,2,0
Lou Barletta,U.S. Senate,,REP,Venango,Victory Twp,94,91,3,0
Neal Gale,U.S. Senate,,GRN,Venango,Victory Twp,2,2,0,0
Dale R Kerns Jr,U.S. Senate,,LIB,Venango,Victory Twp,3,3,0,0
Write In,U.S. Senate,,,Venango,Victory Twp,0,0,0,0
Tom Wolf,Governor,,DEM,Venango,Victory Twp,45,44,1,0
Scott R Wagner,Governor,,REP,Venango,Victory Twp,95,91,4,0
Paul Glover,Governor,,GRN,Venango,Victory Twp,0,0,0,0
Ken V Krawchuk,Governor,,LIB,Venango,Victory Twp,4,4,0,0
Write In,Governor,,,Venango,Victory Twp,0,0,0,0
Susan Boser,U.S. House,15,DEM,Venango,Victory Twp,35,34,1,0
Glenn Gt Thompson,U.S. House,15,REP,Venango,Victory Twp,109,105,4,0
Write In,U.S. House,15,,Venango,Victory Twp,0,0,0,0
John Kluck,State House,64,DEM,Venango,Victory Twp,33,32,1,0
R Lee James,State House,64,REP,Venango,Victory Twp,111,107,4,0
Write In,State House,64,,Venango,Victory Twp,0,0,0,0
