county,precinct,office,district,party,candidate,votes,election_day,absentee
McKean,0001 ANNIN TOWNSHIP,Registered Voters,NA,NA,NA,412,NA,NA
McKean,0001 ANNIN TOWNSHIP,Ballots Cast,NA,NA,NA,237,230,7
McKean,0001 ANNIN TOWNSHIP,Straight Party,NA,DEM,DEMOCRATIC,17,17,0
McKean,0001 ANNIN TOWNSHIP,Straight Party,NA,REP,REPUBLICAN,137,137,0
McKean,0001 ANNIN TOWNSHIP,Straight Party,NA,GRN,GREEN,0,0,0
McKean,0001 ANNIN TOWNSHIP,Straight Party,NA,LIB,LIBERTARIAN,0,0,0
McKean,0001 ANNIN TOWNSHIP,U.S. Senate,NA,DEM,BOB CASEY JR,51,50,1
McKean,0001 ANNIN TOWNSHIP,U.S. Senate,NA,REP,LOU BARLETTA,179,173,6
McKean,0001 ANNIN TOWNSHIP,U.S. Senate,NA,GRN,NEAL GALE,2,2,0
McKean,0001 ANNIN TOWNSHIP,U.S. Senate,NA,LIB,DALE R KERNS JR,2,2,0
McKean,0001 ANNIN TOWNSHIP,U.S. Senate,NA,NA,Write-ins,0,0,0
McKean,0001 ANNIN TOWNSHIP,Governor,NA,DEM,TOM WOLF,49,48,1
McKean,0001 ANNIN TOWNSHIP,Governor,NA,REP,SCOTT R WAGNER,184,178,6
McKean,0001 ANNIN TOWNSHIP,Governor,NA,GRN,PAUL GLOVER,3,3,0
McKean,0001 ANNIN TOWNSHIP,Governor,NA,LIB,KEN V KRAWCHUK,0,0,0
McKean,0001 ANNIN TOWNSHIP,Governor,NA,NA,Write-ins,0,0,0
McKean,0001 ANNIN TOWNSHIP,U.S. House,15,DEM,SUSAN BOSER,37,36,1
McKean,0001 ANNIN TOWNSHIP,U.S. House,15,REP,GLENN GT THOMPSON,198,192,6
McKean,0001 ANNIN TOWNSHIP,U.S. House,15,NA,Write-ins,0,0,0
McKean,0001 ANNIN TOWNSHIP,State House,67,DEM,MARYANNE COLE,27,26,1
McKean,0001 ANNIN TOWNSHIP,State House,67,REP,MARTIN T CAUSER,207,201,6
McKean,0001 ANNIN TOWNSHIP,State House,67,NA,Write-ins,0,0,0
McKean,0002 BRADFORD CITY-1ST WARD,Registered Voters,NA,NA,NA,313,NA,NA
McKean,0002 BRADFORD CITY-1ST WARD,Ballots Cast,NA,NA,NA,96,96,0
McKean,0002 BRADFORD CITY-1ST WARD,Straight Party,NA,DEM,DEMOCRATIC,28,28,0
McKean,0002 BRADFORD CITY-1ST WARD,Straight Party,NA,REP,REPUBLICAN,36,36,0
McKean,0002 BRADFORD CITY-1ST WARD,Straight Party,NA,GRN,GREEN,1,1,0
McKean,0002 BRADFORD CITY-1ST WARD,Straight Party,NA,LIB,LIBERTARIAN,0,0,0
McKean,0002 BRADFORD CITY-1ST WARD,U.S. Senate,NA,DEM,BOB CASEY JR,46,46,0
McKean,0002 BRADFORD CITY-1ST WARD,U.S. Senate,NA,REP,LOU BARLETTA,42,42,0
McKean,0002 BRADFORD CITY-1ST WARD,U.S. Senate,NA,GRN,NEAL GALE,2,2,0
McKean,0002 BRADFORD CITY-1ST WARD,U.S. Senate,NA,LIB,DALE R KERNS JR,1,1,0
McKean,0002 BRADFORD CITY-1ST WARD,U.S. Senate,NA,NA,Write-ins,0,0,0
McKean,0002 BRADFORD CITY-1ST WARD,Governor,NA,DEM,TOM WOLF,46,46,0
McKean,0002 BRADFORD CITY-1ST WARD,Governor,NA,REP,SCOTT R WAGNER,43,43,0
McKean,0002 BRADFORD CITY-1ST WARD,Governor,NA,GRN,PAUL GLOVER,2,2,0
McKean,0002 BRADFORD CITY-1ST WARD,Governor,NA,LIB,KEN V KRAWCHUK,2,2,0
McKean,0002 BRADFORD CITY-1ST WARD,Governor,NA,NA,Write-ins,0,0,0
McKean,0002 BRADFORD CITY-1ST WARD,U.S. House,15,DEM,SUSAN BOSER,49,49,0
McKean,0002 BRADFORD CITY-1ST WARD,U.S. House,15,REP,GLENN GT THOMPSON,44,44,0
McKean,0002 BRADFORD CITY-1ST WARD,U.S. House,15,NA,Write-ins,1,1,0
McKean,0002 BRADFORD CITY-1ST WARD,State House,67,DEM,MARYANNE COLE,38,38,0
McKean,0002 BRADFORD CITY-1ST WARD,State House,67,REP,MARTIN T CAUSER,56,56,0
McKean,0002 BRADFORD CITY-1ST WARD,State House,67,NA,Write-ins,0,0,0
McKean,0003 BRADFORD CITY-2ND WARD,Registered Voters,NA,NA,NA,699,NA,NA
McKean,0003 BRADFORD CITY-2ND WARD,Ballots Cast,NA,NA,NA,283,278,5
McKean,0003 BRADFORD CITY-2ND WARD,Straight Party,NA,DEM,DEMOCRATIC,72,72,0
McKean,0003 BRADFORD CITY-2ND WARD,Straight Party,NA,REP,REPUBLICAN,128,128,0
McKean,0003 BRADFORD CITY-2ND WARD,Straight Party,NA,GRN,GREEN,0,0,0
McKean,0003 BRADFORD CITY-2ND WARD,Straight Party,NA,LIB,LIBERTARIAN,1,1,0
McKean,0003 BRADFORD CITY-2ND WARD,U.S. Senate,NA,DEM,BOB CASEY JR,120,116,4
McKean,0003 BRADFORD CITY-2ND WARD,U.S. Senate,NA,REP,LOU BARLETTA,153,153,0
McKean,0003 BRADFORD CITY-2ND WARD,U.S. Senate,NA,GRN,NEAL GALE,1,1,0
McKean,0003 BRADFORD CITY-2ND WARD,U.S. Senate,NA,LIB,DALE R KERNS JR,6,5,1
McKean,0003 BRADFORD CITY-2ND WARD,U.S. Senate,NA,NA,Write-ins,0,0,0
McKean,0003 BRADFORD CITY-2ND WARD,Governor,NA,DEM,TOM WOLF,115,111,4
McKean,0003 BRADFORD CITY-2ND WARD,Governor,NA,REP,SCOTT R WAGNER,164,164,0
McKean,0003 BRADFORD CITY-2ND WARD,Governor,NA,GRN,PAUL GLOVER,0,0,0
McKean,0003 BRADFORD CITY-2ND WARD,Governor,NA,LIB,KEN V KRAWCHUK,2,1,1
McKean,0003 BRADFORD CITY-2ND WARD,Governor,NA,NA,Write-ins,0,0,0
McKean,0003 BRADFORD CITY-2ND WARD,U.S. House,15,DEM,SUSAN BOSER,111,107,4
McKean,0003 BRADFORD CITY-2ND WARD,U.S. House,15,REP,GLENN GT THOMPSON,168,167,1
McKean,0003 BRADFORD CITY-2ND WARD,U.S. House,15,NA,Write-ins,0,0,0
McKean,0003 BRADFORD CITY-2ND WARD,State House,67,DEM,MARYANNE COLE,87,84,3
McKean,0003 BRADFORD CITY-2ND WARD,State House,67,REP,MARTIN T CAUSER,193,191,2
McKean,0003 BRADFORD CITY-2ND WARD,State House,67,NA,Write-ins,0,0,0
McKean,0004 BRADFORD CITY-3 WD-1 DST,Registered Voters,NA,NA,NA,464,NA,NA
McKean,0004 BRADFORD CITY-3 WD-1 DST,Ballots Cast,NA,NA,NA,201,199,2
McKean,0004 BRADFORD CITY-3 WD-1 DST,Straight Party,NA,DEM,DEMOCRATIC,43,43,0
McKean,0004 BRADFORD CITY-3 WD-1 DST,Straight Party,NA,REP,REPUBLICAN,85,85,0
McKean,0004 BRADFORD CITY-3 WD-1 DST,Straight Party,NA,GRN,GREEN,1,1,0
McKean,0004 BRADFORD CITY-3 WD-1 DST,Straight Party,NA,LIB,LIBERTARIAN,0,0,0
McKean,0004 BRADFORD CITY-3 WD-1 DST,U.S. Senate,NA,DEM,BOB CASEY JR,88,88,0
McKean,0004 BRADFORD CITY-3 WD-1 DST,U.S. Senate,NA,REP,LOU BARLETTA,102,101,1
McKean,0004 BRADFORD CITY-3 WD-1 DST,U.S. Senate,NA,GRN,NEAL GALE,4,4,0
McKean,0004 BRADFORD CITY-3 WD-1 DST,U.S. Senate,NA,LIB,DALE R KERNS JR,1,1,0
McKean,0004 BRADFORD CITY-3 WD-1 DST,U.S. Senate,NA,NA,Write-ins,0,0,0
McKean,0004 BRADFORD CITY-3 WD-1 DST,Governor,NA,DEM,TOM WOLF,84,84,0
McKean,0004 BRADFORD CITY-3 WD-1 DST,Governor,NA,REP,SCOTT R WAGNER,112,111,1
McKean,0004 BRADFORD CITY-3 WD-1 DST,Governor,NA,GRN,PAUL GLOVER,3,3,0
McKean,0004 BRADFORD CITY-3 WD-1 DST,Governor,NA,LIB,KEN V KRAWCHUK,1,1,0
McKean,0004 BRADFORD CITY-3 WD-1 DST,Governor,NA,NA,Write-ins,0,0,0
McKean,0004 BRADFORD CITY-3 WD-1 DST,U.S. House,15,DEM,SUSAN BOSER,86,85,1
McKean,0004 BRADFORD CITY-3 WD-1 DST,U.S. House,15,REP,GLENN GT THOMPSON,114,114,0
McKean,0004 BRADFORD CITY-3 WD-1 DST,U.S. House,15,NA,Write-ins,0,0,0
McKean,0004 BRADFORD CITY-3 WD-1 DST,State House,67,DEM,MARYANNE COLE,60,59,1
McKean,0004 BRADFORD CITY-3 WD-1 DST,State House,67,REP,MARTIN T CAUSER,140,139,1
McKean,0004 BRADFORD CITY-3 WD-1 DST,State House,67,NA,Write-ins,0,0,0
McKean,0005 BRADFORD CITY-3 WD-2 DST,Registered Voters,NA,NA,NA,572,NA,NA
McKean,0005 BRADFORD CITY-3 WD-2 DST,Ballots Cast,NA,NA,NA,270,259,11
McKean,0005 BRADFORD CITY-3 WD-2 DST,Straight Party,NA,DEM,DEMOCRATIC,57,57,0
McKean,0005 BRADFORD CITY-3 WD-2 DST,Straight Party,NA,REP,REPUBLICAN,111,111,0
McKean,0005 BRADFORD CITY-3 WD-2 DST,Straight Party,NA,GRN,GREEN,1,1,0
McKean,0005 BRADFORD CITY-3 WD-2 DST,Straight Party,NA,LIB,LIBERTARIAN,0,0,0
McKean,0005 BRADFORD CITY-3 WD-2 DST,U.S. Senate,NA,DEM,BOB CASEY JR,116,111,5
McKean,0005 BRADFORD CITY-3 WD-2 DST,U.S. Senate,NA,REP,LOU BARLETTA,146,140,6
McKean,0005 BRADFORD CITY-3 WD-2 DST,U.S. Senate,NA,GRN,NEAL GALE,2,2,0
McKean,0005 BRADFORD CITY-3 WD-2 DST,U.S. Senate,NA,LIB,DALE R KERNS JR,2,2,0
McKean,0005 BRADFORD CITY-3 WD-2 DST,U.S. Senate,NA,NA,Write-ins,0,0,0
McKean,0005 BRADFORD CITY-3 WD-2 DST,Governor,NA,DEM,TOM WOLF,108,103,5
McKean,0005 BRADFORD CITY-3 WD-2 DST,Governor,NA,REP,SCOTT R WAGNER,155,149,6
McKean,0005 BRADFORD CITY-3 WD-2 DST,Governor,NA,GRN,PAUL GLOVER,4,4,0
McKean,0005 BRADFORD CITY-3 WD-2 DST,Governor,NA,LIB,KEN V KRAWCHUK,2,2,0
McKean,0005 BRADFORD CITY-3 WD-2 DST,Governor,NA,NA,Write-ins,0,0,0
McKean,0005 BRADFORD CITY-3 WD-2 DST,U.S. House,15,DEM,SUSAN BOSER,100,94,6
McKean,0005 BRADFORD CITY-3 WD-2 DST,U.S. House,15,REP,GLENN GT THOMPSON,169,164,5
McKean,0005 BRADFORD CITY-3 WD-2 DST,U.S. House,15,NA,Write-ins,0,0,0
McKean,0005 BRADFORD CITY-3 WD-2 DST,State House,67,DEM,MARYANNE COLE,73,70,3
McKean,0005 BRADFORD CITY-3 WD-2 DST,State House,67,REP,MARTIN T CAUSER,197,189,8
McKean,0005 BRADFORD CITY-3 WD-2 DST,State House,67,NA,Write-ins,0,0,0
McKean,0006 BRADFORD CITY-4TH WARD,Registered Voters,NA,NA,NA,670,NA,NA
McKean,0006 BRADFORD CITY-4TH WARD,Ballots Cast,NA,NA,NA,315,307,8
McKean,0006 BRADFORD CITY-4TH WARD,Straight Party,NA,DEM,DEMOCRATIC,50,50,0
McKean,0006 BRADFORD CITY-4TH WARD,Straight Party,NA,REP,REPUBLICAN,126,126,0
McKean,0006 BRADFORD CITY-4TH WARD,Straight Party,NA,GRN,GREEN,0,0,0
McKean,0006 BRADFORD CITY-4TH WARD,Straight Party,NA,LIB,LIBERTARIAN,2,2,0
McKean,0006 BRADFORD CITY-4TH WARD,U.S. Senate,NA,DEM,BOB CASEY JR,132,127,5
McKean,0006 BRADFORD CITY-4TH WARD,U.S. Senate,NA,REP,LOU BARLETTA,173,170,3
McKean,0006 BRADFORD CITY-4TH WARD,U.S. Senate,NA,GRN,NEAL GALE,1,1,0
McKean,0006 BRADFORD CITY-4TH WARD,U.S. Senate,NA,LIB,DALE R KERNS JR,7,7,0
McKean,0006 BRADFORD CITY-4TH WARD,U.S. Senate,NA,NA,Write-ins,0,0,0
McKean,0006 BRADFORD CITY-4TH WARD,Governor,NA,DEM,TOM WOLF,129,124,5
McKean,0006 BRADFORD CITY-4TH WARD,Governor,NA,REP,SCOTT R WAGNER,181,178,3
McKean,0006 BRADFORD CITY-4TH WARD,Governor,NA,GRN,PAUL GLOVER,1,1,0
McKean,0006 BRADFORD CITY-4TH WARD,Governor,NA,LIB,KEN V KRAWCHUK,4,4,0
McKean,0006 BRADFORD CITY-4TH WARD,Governor,NA,NA,Write-ins,0,0,0
McKean,0006 BRADFORD CITY-4TH WARD,U.S. House,15,DEM,SUSAN BOSER,123,119,4
McKean,0006 BRADFORD CITY-4TH WARD,U.S. House,15,REP,GLENN GT THOMPSON,188,185,3
McKean,0006 BRADFORD CITY-4TH WARD,U.S. House,15,NA,Write-ins,0,0,0
McKean,0006 BRADFORD CITY-4TH WARD,State House,67,DEM,MARYANNE COLE,101,98,3
McKean,0006 BRADFORD CITY-4TH WARD,State House,67,REP,MARTIN T CAUSER,209,205,4
McKean,0006 BRADFORD CITY-4TH WARD,State House,67,NA,Write-ins,0,0,0
McKean,0007 BRADFORD CITY-5TH WARD,Registered Voters,NA,NA,NA,259,NA,NA
McKean,0007 BRADFORD CITY-5TH WARD,Ballots Cast,NA,NA,NA,85,82,3
McKean,0007 BRADFORD CITY-5TH WARD,Straight Party,NA,DEM,DEMOCRATIC,15,15,0
McKean,0007 BRADFORD CITY-5TH WARD,Straight Party,NA,REP,REPUBLICAN,38,38,0
McKean,0007 BRADFORD CITY-5TH WARD,Straight Party,NA,GRN,GREEN,0,0,0
McKean,0007 BRADFORD CITY-5TH WARD,Straight Party,NA,LIB,LIBERTARIAN,1,1,0
McKean,0007 BRADFORD CITY-5TH WARD,U.S. Senate,NA,DEM,BOB CASEY JR,34,34,0
McKean,0007 BRADFORD CITY-5TH WARD,U.S. Senate,NA,REP,LOU BARLETTA,48,45,3
McKean,0007 BRADFORD CITY-5TH WARD,U.S. Senate,NA,GRN,NEAL GALE,0,0,0
McKean,0007 BRADFORD CITY-5TH WARD,U.S. Senate,NA,LIB,DALE R KERNS JR,2,2,0
McKean,0007 BRADFORD CITY-5TH WARD,U.S. Senate,NA,NA,Write-ins,0,0,0
McKean,0007 BRADFORD CITY-5TH WARD,Governor,NA,DEM,TOM WOLF,30,29,1
McKean,0007 BRADFORD CITY-5TH WARD,Governor,NA,REP,SCOTT R WAGNER,50,48,2
McKean,0007 BRADFORD CITY-5TH WARD,Governor,NA,GRN,PAUL GLOVER,0,0,0
McKean,0007 BRADFORD CITY-5TH WARD,Governor,NA,LIB,KEN V KRAWCHUK,4,4,0
McKean,0007 BRADFORD CITY-5TH WARD,Governor,NA,NA,Write-ins,0,0,0
McKean,0007 BRADFORD CITY-5TH WARD,U.S. House,15,DEM,SUSAN BOSER,31,31,0
McKean,0007 BRADFORD CITY-5TH WARD,U.S. House,15,REP,GLENN GT THOMPSON,53,51,2
McKean,0007 BRADFORD CITY-5TH WARD,U.S. House,15,NA,Write-ins,0,0,0
McKean,0007 BRADFORD CITY-5TH WARD,State House,67,DEM,MARYANNE COLE,26,26,0
McKean,0007 BRADFORD CITY-5TH WARD,State House,67,REP,MARTIN T CAUSER,59,56,3
McKean,0007 BRADFORD CITY-5TH WARD,State House,67,NA,Write-ins,0,0,0
McKean,0008 BRADFORD CITY-6 WD-1 DST,Registered Voters,NA,NA,NA,623,NA,NA
McKean,0008 BRADFORD CITY-6 WD-1 DST,Ballots Cast,NA,NA,NA,304,290,14
McKean,0008 BRADFORD CITY-6 WD-1 DST,Straight Party,NA,DEM,DEMOCRATIC,52,52,0
McKean,0008 BRADFORD CITY-6 WD-1 DST,Straight Party,NA,REP,REPUBLICAN,111,111,0
McKean,0008 BRADFORD CITY-6 WD-1 DST,Straight Party,NA,GRN,GREEN,0,0,0
McKean,0008 BRADFORD CITY-6 WD-1 DST,Straight Party,NA,LIB,LIBERTARIAN,0,0,0
McKean,0008 BRADFORD CITY-6 WD-1 DST,U.S. Senate,NA,DEM,BOB CASEY JR,130,125,5
McKean,0008 BRADFORD CITY-6 WD-1 DST,U.S. Senate,NA,REP,LOU BARLETTA,165,156,9
McKean,0008 BRADFORD CITY-6 WD-1 DST,U.S. Senate,NA,GRN,NEAL GALE,1,1,0
McKean,0008 BRADFORD CITY-6 WD-1 DST,U.S. Senate,NA,LIB,DALE R KERNS JR,3,3,0
McKean,0008 BRADFORD CITY-6 WD-1 DST,U.S. Senate,NA,NA,Write-ins,0,0,0
McKean,0008 BRADFORD CITY-6 WD-1 DST,Governor,NA,DEM,TOM WOLF,124,120,4
McKean,0008 BRADFORD CITY-6 WD-1 DST,Governor,NA,REP,SCOTT R WAGNER,174,166,8
McKean,0008 BRADFORD CITY-6 WD-1 DST,Governor,NA,GRN,PAUL GLOVER,3,2,1
McKean,0008 BRADFORD CITY-6 WD-1 DST,Governor,NA,LIB,KEN V KRAWCHUK,3,2,1
McKean,0008 BRADFORD CITY-6 WD-1 DST,Governor,NA,NA,Write-ins,0,0,0
McKean,0008 BRADFORD CITY-6 WD-1 DST,U.S. House,15,DEM,SUSAN BOSER,105,100,5
McKean,0008 BRADFORD CITY-6 WD-1 DST,U.S. House,15,REP,GLENN GT THOMPSON,195,187,8
McKean,0008 BRADFORD CITY-6 WD-1 DST,U.S. House,15,NA,Write-ins,0,0,0
McKean,0008 BRADFORD CITY-6 WD-1 DST,State House,67,DEM,MARYANNE COLE,86,81,5
McKean,0008 BRADFORD CITY-6 WD-1 DST,State House,67,REP,MARTIN T CAUSER,213,205,8
McKean,0008 BRADFORD CITY-6 WD-1 DST,State House,67,NA,Write-ins,0,0,0
McKean,0009 BRADFORD CITY-6 WD-2 DST,Registered Voters,NA,NA,NA,623,NA,NA
McKean,0009 BRADFORD CITY-6 WD-2 DST,Ballots Cast,NA,NA,NA,276,268,7
McKean,0009 BRADFORD CITY-6 WD-2 DST,Straight Party,NA,DEM,DEMOCRATIC,55,55,0
McKean,0009 BRADFORD CITY-6 WD-2 DST,Straight Party,NA,REP,REPUBLICAN,97,97,0
McKean,0009 BRADFORD CITY-6 WD-2 DST,Straight Party,NA,GRN,GREEN,0,0,0
McKean,0009 BRADFORD CITY-6 WD-2 DST,Straight Party,NA,LIB,LIBERTARIAN,0,0,0
McKean,0009 BRADFORD CITY-6 WD-2 DST,U.S. Senate,NA,DEM,BOB CASEY JR,126,125,1
McKean,0009 BRADFORD CITY-6 WD-2 DST,U.S. Senate,NA,REP,LOU BARLETTA,141,135,6
McKean,0009 BRADFORD CITY-6 WD-2 DST,U.S. Senate,NA,GRN,NEAL GALE,1,1,0
McKean,0009 BRADFORD CITY-6 WD-2 DST,U.S. Senate,NA,LIB,DALE R KERNS JR,2,1,0
McKean,0009 BRADFORD CITY-6 WD-2 DST,U.S. Senate,NA,NA,Write-ins,0,0,0
McKean,0009 BRADFORD CITY-6 WD-2 DST,Governor,NA,DEM,TOM WOLF,121,121,0
McKean,0009 BRADFORD CITY-6 WD-2 DST,Governor,NA,REP,SCOTT R WAGNER,149,141,7
McKean,0009 BRADFORD CITY-6 WD-2 DST,Governor,NA,GRN,PAUL GLOVER,1,1,0
McKean,0009 BRADFORD CITY-6 WD-2 DST,Governor,NA,LIB,KEN V KRAWCHUK,1,1,0
McKean,0009 BRADFORD CITY-6 WD-2 DST,Governor,NA,NA,Write-ins,0,0,0
McKean,0009 BRADFORD CITY-6 WD-2 DST,U.S. House,15,DEM,SUSAN BOSER,112,112,0
McKean,0009 BRADFORD CITY-6 WD-2 DST,U.S. House,15,REP,GLENN GT THOMPSON,163,155,7
McKean,0009 BRADFORD CITY-6 WD-2 DST,U.S. House,15,NA,Write-ins,0,0,0
McKean,0009 BRADFORD CITY-6 WD-2 DST,State House,67,DEM,MARYANNE COLE,97,96,1
McKean,0009 BRADFORD CITY-6 WD-2 DST,State House,67,REP,MARTIN T CAUSER,173,166,6
McKean,0009 BRADFORD CITY-6 WD-2 DST,State House,67,NA,Write-ins,0,0,0
McKean,0010 BRADFORD TWNSHIP-1ST DIS,Registered Voters,NA,NA,NA,820,NA,NA
McKean,0010 BRADFORD TWNSHIP-1ST DIS,Ballots Cast,NA,NA,NA,458,442,16
McKean,0010 BRADFORD TWNSHIP-1ST DIS,Straight Party,NA,DEM,DEMOCRATIC,73,73,0
McKean,0010 BRADFORD TWNSHIP-1ST DIS,Straight Party,NA,REP,REPUBLICAN,200,200,0
McKean,0010 BRADFORD TWNSHIP-1ST DIS,Straight Party,NA,GRN,GREEN,0,0,0
McKean,0010 BRADFORD TWNSHIP-1ST DIS,Straight Party,NA,LIB,LIBERTARIAN,0,0,0
McKean,0010 BRADFORD TWNSHIP-1ST DIS,U.S. Senate,NA,DEM,BOB CASEY JR,146,145,1
McKean,0010 BRADFORD TWNSHIP-1ST DIS,U.S. Senate,NA,REP,LOU BARLETTA,304,289,15
McKean,0010 BRADFORD TWNSHIP-1ST DIS,U.S. Senate,NA,GRN,NEAL GALE,0,0,0
McKean,0010 BRADFORD TWNSHIP-1ST DIS,U.S. Senate,NA,LIB,DALE R KERNS JR,2,2,0
McKean,0010 BRADFORD TWNSHIP-1ST DIS,U.S. Senate,NA,NA,Write-ins,0,0,0
McKean,0010 BRADFORD TWNSHIP-1ST DIS,Governor,NA,DEM,TOM WOLF,144,143,1
McKean,0010 BRADFORD TWNSHIP-1ST DIS,Governor,NA,REP,SCOTT R WAGNER,310,295,15
McKean,0010 BRADFORD TWNSHIP-1ST DIS,Governor,NA,GRN,PAUL GLOVER,0,0,0
McKean,0010 BRADFORD TWNSHIP-1ST DIS,Governor,NA,LIB,KEN V KRAWCHUK,3,3,0
McKean,0010 BRADFORD TWNSHIP-1ST DIS,Governor,NA,NA,Write-ins,0,0,0
McKean,0010 BRADFORD TWNSHIP-1ST DIS,U.S. House,15,DEM,SUSAN BOSER,133,132,1
McKean,0010 BRADFORD TWNSHIP-1ST DIS,U.S. House,15,REP,GLENN GT THOMPSON,322,307,15
McKean,0010 BRADFORD TWNSHIP-1ST DIS,U.S. House,15,NA,Write-ins,0,0,0
McKean,0010 BRADFORD TWNSHIP-1ST DIS,State House,67,DEM,MARYANNE COLE,111,110,1
McKean,0010 BRADFORD TWNSHIP-1ST DIS,State House,67,REP,MARTIN T CAUSER,343,328,15
McKean,0010 BRADFORD TWNSHIP-1ST DIS,State House,67,NA,Write-ins,0,0,0
McKean,0011 BRADFORD TWNSHIP-2ND DIST,Registered Voters,NA,NA,NA,1608,NA,NA
McKean,0011 BRADFORD TWNSHIP-2ND DIST,Ballots Cast,NA,NA,NA,804,781,23
McKean,0011 BRADFORD TWNSHIP-2ND DIST,Straight Party,NA,DEM,DEMOCRATIC,123,123,0
McKean,0011 BRADFORD TWNSHIP-2ND DIST,Straight Party,NA,REP,REPUBLICAN,380,380,0
McKean,0011 BRADFORD TWNSHIP-2ND DIST,Straight Party,NA,GRN,GREEN,2,2,0
McKean,0011 BRADFORD TWNSHIP-2ND DIST,Straight Party,NA,LIB,LIBERTARIAN,1,1,0
McKean,0011 BRADFORD TWNSHIP-2ND DIST,U.S. Senate,NA,DEM,BOB CASEY JR,289,279,10
McKean,0011 BRADFORD TWNSHIP-2ND DIST,U.S. Senate,NA,REP,LOU BARLETTA,490,477,13
McKean,0011 BRADFORD TWNSHIP-2ND DIST,U.S. Senate,NA,GRN,NEAL GALE,5,5,0
McKean,0011 BRADFORD TWNSHIP-2ND DIST,U.S. Senate,NA,LIB,DALE R KERNS JR,7,7,0
McKean,0011 BRADFORD TWNSHIP-2ND DIST,U.S. Senate,NA,NA,Write-ins,0,0,0
McKean,0011 BRADFORD TWNSHIP-2ND DIST,Governor,NA,DEM,TOM WOLF,274,264,10
McKean,0011 BRADFORD TWNSHIP-2ND DIST,Governor,NA,REP,SCOTT R WAGNER,514,501,13
McKean,0011 BRADFORD TWNSHIP-2ND DIST,Governor,NA,GRN,PAUL GLOVER,6,6,0
McKean,0011 BRADFORD TWNSHIP-2ND DIST,Governor,NA,LIB,KEN V KRAWCHUK,4,4,0
McKean,0011 BRADFORD TWNSHIP-2ND DIST,Governor,NA,NA,Write-ins,0,0,0
McKean,0011 BRADFORD TWNSHIP-2ND DIST,U.S. House,15,DEM,SUSAN BOSER,258,248,10
McKean,0011 BRADFORD TWNSHIP-2ND DIST,U.S. House,15,REP,GLENN GT THOMPSON,539,526,13
McKean,0011 BRADFORD TWNSHIP-2ND DIST,U.S. House,15,NA,Write-ins,0,0,0
McKean,0011 BRADFORD TWNSHIP-2ND DIST,State House,67,DEM,MARYANNE COLE,209,199,10
McKean,0011 BRADFORD TWNSHIP-2ND DIST,State House,67,REP,MARTIN T CAUSER,588,575,13
McKean,0011 BRADFORD TWNSHIP-2ND DIST,State House,67,NA,Write-ins,0,0,0
McKean,0012 BRADFORD TWNSHIP-3RD DIST,Registered Voters,NA,NA,NA,496,NA,NA
McKean,0012 BRADFORD TWNSHIP-3RD DIST,Ballots Cast,NA,NA,NA,294,282,12
McKean,0012 BRADFORD TWNSHIP-3RD DIST,Straight Party,NA,DEM,DEMOCRATIC,44,44,0
McKean,0012 BRADFORD TWNSHIP-3RD DIST,Straight Party,NA,REP,REPUBLICAN,135,135,0
McKean,0012 BRADFORD TWNSHIP-3RD DIST,Straight Party,NA,GRN,GREEN,0,0,0
McKean,0012 BRADFORD TWNSHIP-3RD DIST,Straight Party,NA,LIB,LIBERTARIAN,0,0,0
McKean,0012 BRADFORD TWNSHIP-3RD DIST,U.S. Senate,NA,DEM,BOB CASEY JR,102,99,3
McKean,0012 BRADFORD TWNSHIP-3RD DIST,U.S. Senate,NA,REP,LOU BARLETTA,179,170,9
McKean,0012 BRADFORD TWNSHIP-3RD DIST,U.S. Senate,NA,GRN,NEAL GALE,1,1,0
McKean,0012 BRADFORD TWNSHIP-3RD DIST,U.S. Senate,NA,LIB,DALE R KERNS JR,2,2,0
McKean,0012 BRADFORD TWNSHIP-3RD DIST,U.S. Senate,NA,NA,Write-ins,1,1,0
McKean,0012 BRADFORD TWNSHIP-3RD DIST,Governor,NA,DEM,TOM WOLF,95,92,3
McKean,0012 BRADFORD TWNSHIP-3RD DIST,Governor,NA,REP,SCOTT R WAGNER,190,181,9
McKean,0012 BRADFORD TWNSHIP-3RD DIST,Governor,NA,GRN,PAUL GLOVER,1,1,0
McKean,0012 BRADFORD TWNSHIP-3RD DIST,Governor,NA,LIB,KEN V KRAWCHUK,3,3,0
McKean,0012 BRADFORD TWNSHIP-3RD DIST,Governor,NA,NA,Write-ins,0,0,0
McKean,0012 BRADFORD TWNSHIP-3RD DIST,U.S. House,15,DEM,SUSAN BOSER,90,87,3
McKean,0012 BRADFORD TWNSHIP-3RD DIST,U.S. House,15,REP,GLENN GT THOMPSON,198,189,9
McKean,0012 BRADFORD TWNSHIP-3RD DIST,U.S. House,15,NA,Write-ins,0,0,0
McKean,0012 BRADFORD TWNSHIP-3RD DIST,State House,67,DEM,MARYANNE COLE,65,62,3
McKean,0012 BRADFORD TWNSHIP-3RD DIST,State House,67,REP,MARTIN T CAUSER,225,216,9
McKean,0012 BRADFORD TWNSHIP-3RD DIST,State House,67,NA,Write-ins,0,0,0
McKean,0013 CERES TOWNSHIP,Registered Voters,NA,NA,NA,561,NA,NA
McKean,0013 CERES TOWNSHIP,Ballots Cast,NA,NA,NA,310,300,10
McKean,0013 CERES TOWNSHIP,Straight Party,NA,DEM,DEMOCRATIC,16,16,0
McKean,0013 CERES TOWNSHIP,Straight Party,NA,REP,REPUBLICAN,209,209,0
McKean,0013 CERES TOWNSHIP,Straight Party,NA,GRN,GREEN,0,0,0
McKean,0013 CERES TOWNSHIP,Straight Party,NA,LIB,LIBERTARIAN,2,2,0
McKean,0013 CERES TOWNSHIP,U.S. Senate,NA,DEM,BOB CASEY JR,45,45,0
McKean,0013 CERES TOWNSHIP,U.S. Senate,NA,REP,LOU BARLETTA,260,250,10
McKean,0013 CERES TOWNSHIP,U.S. Senate,NA,GRN,NEAL GALE,0,0,0
McKean,0013 CERES TOWNSHIP,U.S. Senate,NA,LIB,DALE R KERNS JR,2,2,0
McKean,0013 CERES TOWNSHIP,U.S. Senate,NA,NA,Write-ins,0,0,0
McKean,0013 CERES TOWNSHIP,Governor,NA,DEM,TOM WOLF,44,44,0
McKean,0013 CERES TOWNSHIP,Governor,NA,REP,SCOTT R WAGNER,263,253,10
McKean,0013 CERES TOWNSHIP,Governor,NA,GRN,PAUL GLOVER,2,2,0
McKean,0013 CERES TOWNSHIP,Governor,NA,LIB,KEN V KRAWCHUK,1,1,0
McKean,0013 CERES TOWNSHIP,Governor,NA,NA,Write-ins,0,0,0
McKean,0013 CERES TOWNSHIP,U.S. House,15,DEM,SUSAN BOSER,43,43,0
McKean,0013 CERES TOWNSHIP,U.S. House,15,REP,GLENN GT THOMPSON,266,256,10
McKean,0013 CERES TOWNSHIP,U.S. House,15,NA,Write-ins,0,0,0
McKean,0013 CERES TOWNSHIP,State House,67,DEM,MARYANNE COLE,33,33,0
McKean,0013 CERES TOWNSHIP,State House,67,REP,MARTIN T CAUSER,276,266,10
McKean,0013 CERES TOWNSHIP,State House,67,NA,Write-ins,0,0,0
McKean,0014 CORYDON TOWNSHIP,Registered Voters,NA,NA,NA,209,NA,NA
McKean,0014 CORYDON TOWNSHIP,Ballots Cast,NA,NA,NA,122,116,6
McKean,0014 CORYDON TOWNSHIP,Straight Party,NA,DEM,DEMOCRATIC,14,14,0
McKean,0014 CORYDON TOWNSHIP,Straight Party,NA,REP,REPUBLICAN,47,47,0
McKean,0014 CORYDON TOWNSHIP,Straight Party,NA,GRN,GREEN,0,0,0
McKean,0014 CORYDON TOWNSHIP,Straight Party,NA,LIB,LIBERTARIAN,0,0,0
McKean,0014 CORYDON TOWNSHIP,U.S. Senate,NA,DEM,BOB CASEY JR,41,39,2
McKean,0014 CORYDON TOWNSHIP,U.S. Senate,NA,REP,LOU BARLETTA,75,71,4
McKean,0014 CORYDON TOWNSHIP,U.S. Senate,NA,GRN,NEAL GALE,1,1,0
McKean,0014 CORYDON TOWNSHIP,U.S. Senate,NA,LIB,DALE R KERNS JR,3,3,0
McKean,0014 CORYDON TOWNSHIP,U.S. Senate,NA,NA,Write-ins,0,0,0
McKean,0014 CORYDON TOWNSHIP,Governor,NA,DEM,TOM WOLF,36,35,1
McKean,0014 CORYDON TOWNSHIP,Governor,NA,REP,SCOTT R WAGNER,83,78,5
McKean,0014 CORYDON TOWNSHIP,Governor,NA,GRN,PAUL GLOVER,1,1,0
McKean,0014 CORYDON TOWNSHIP,Governor,NA,LIB,KEN V KRAWCHUK,2,2,0
McKean,0014 CORYDON TOWNSHIP,Governor,NA,NA,Write-ins,0,0,0
McKean,0014 CORYDON TOWNSHIP,U.S. House,15,DEM,SUSAN BOSER,42,41,1
McKean,0014 CORYDON TOWNSHIP,U.S. House,15,REP,GLENN GT THOMPSON,80,75,5
McKean,0014 CORYDON TOWNSHIP,U.S. House,15,NA,Write-ins,0,0,0
McKean,0014 CORYDON TOWNSHIP,State House,67,DEM,MARYANNE COLE,27,27,0
McKean,0014 CORYDON TOWNSHIP,State House,67,REP,MARTIN T CAUSER,94,88,6
McKean,0014 CORYDON TOWNSHIP,State House,67,NA,Write-ins,0,0,0
McKean,0015 ELDRED BOROUGH,Registered Voters,NA,NA,NA,445,NA,NA
McKean,0015 ELDRED BOROUGH,Ballots Cast,NA,NA,NA,223,214,9
McKean,0015 ELDRED BOROUGH,Straight Party,NA,DEM,DEMOCRATIC,27,27,0
McKean,0015 ELDRED BOROUGH,Straight Party,NA,REP,REPUBLICAN,111,111,0
McKean,0015 ELDRED BOROUGH,Straight Party,NA,GRN,GREEN,0,0,0
McKean,0015 ELDRED BOROUGH,Straight Party,NA,LIB,LIBERTARIAN,0,0,0
McKean,0015 ELDRED BOROUGH,U.S. Senate,NA,DEM,BOB CASEY JR,60,55,5
McKean,0015 ELDRED BOROUGH,U.S. Senate,NA,REP,LOU BARLETTA,154,150,4
McKean,0015 ELDRED BOROUGH,U.S. Senate,NA,GRN,NEAL GALE,0,0,0
McKean,0015 ELDRED BOROUGH,U.S. Senate,NA,LIB,DALE R KERNS JR,3,3,0
McKean,0015 ELDRED BOROUGH,U.S. Senate,NA,NA,Write-ins,0,0,0
McKean,0015 ELDRED BOROUGH,Governor,NA,DEM,TOM WOLF,60,55,5
McKean,0015 ELDRED BOROUGH,Governor,NA,REP,SCOTT R WAGNER,155,151,4
McKean,0015 ELDRED BOROUGH,Governor,NA,GRN,PAUL GLOVER,0,0,0
McKean,0015 ELDRED BOROUGH,Governor,NA,LIB,KEN V KRAWCHUK,3,3,0
McKean,0015 ELDRED BOROUGH,Governor,NA,NA,Write-ins,0,0,0
McKean,0015 ELDRED BOROUGH,U.S. House,15,DEM,SUSAN BOSER,61,56,5
McKean,0015 ELDRED BOROUGH,U.S. House,15,REP,GLENN GT THOMPSON,159,155,4
McKean,0015 ELDRED BOROUGH,U.S. House,15,NA,Write-ins,0,0,0
McKean,0015 ELDRED BOROUGH,State House,67,DEM,MARYANNE COLE,47,44,3
McKean,0015 ELDRED BOROUGH,State House,67,REP,MARTIN T CAUSER,172,167,5
McKean,0015 ELDRED BOROUGH,State House,67,NA,Write-ins,0,0,0
McKean,0016 ELDRED TOWNSHIP,Registered Voters,NA,NA,NA,937,NA,NA
McKean,0016 ELDRED TOWNSHIP,Ballots Cast,NA,NA,NA,540,531,9
McKean,0016 ELDRED TOWNSHIP,Straight Party,NA,DEM,DEMOCRATIC,43,43,0
McKean,0016 ELDRED TOWNSHIP,Straight Party,NA,REP,REPUBLICAN,335,335,0
McKean,0016 ELDRED TOWNSHIP,Straight Party,NA,GRN,GREEN,0,0,0
McKean,0016 ELDRED TOWNSHIP,Straight Party,NA,LIB,LIBERTARIAN,2,2,0
McKean,0016 ELDRED TOWNSHIP,U.S. Senate,NA,DEM,BOB CASEY JR,105,104,1
McKean,0016 ELDRED TOWNSHIP,U.S. Senate,NA,REP,LOU BARLETTA,420,412,8
McKean,0016 ELDRED TOWNSHIP,U.S. Senate,NA,GRN,NEAL GALE,0,0,0
McKean,0016 ELDRED TOWNSHIP,U.S. Senate,NA,LIB,DALE R KERNS JR,4,4,0
McKean,0016 ELDRED TOWNSHIP,U.S. Senate,NA,NA,Write-ins,0,0,0
McKean,0016 ELDRED TOWNSHIP,Governor,NA,DEM,TOM WOLF,100,99,1
McKean,0016 ELDRED TOWNSHIP,Governor,NA,REP,SCOTT R WAGNER,427,420,7
McKean,0016 ELDRED TOWNSHIP,Governor,NA,GRN,PAUL GLOVER,3,2,1
McKean,0016 ELDRED TOWNSHIP,Governor,NA,LIB,KEN V KRAWCHUK,6,6,0
McKean,0016 ELDRED TOWNSHIP,Governor,NA,NA,Write-ins,0,0,0
McKean,0016 ELDRED TOWNSHIP,U.S. House,15,DEM,SUSAN BOSER,94,93,1
McKean,0016 ELDRED TOWNSHIP,U.S. House,15,REP,GLENN GT THOMPSON,440,432,8
McKean,0016 ELDRED TOWNSHIP,U.S. House,15,NA,Write-ins,0,0,0
McKean,0016 ELDRED TOWNSHIP,State House,67,DEM,MARYANNE COLE,77,76,1
McKean,0016 ELDRED TOWNSHIP,State House,67,REP,MARTIN T CAUSER,457,449,8
McKean,0016 ELDRED TOWNSHIP,State House,67,NA,Write-ins,0,0,0
McKean,0017 FOSTER TOWNSHIP-1ST DIST,Registered Voters,NA,NA,NA,568,NA,NA
McKean,0017 FOSTER TOWNSHIP-1ST DIST,Ballots Cast,NA,NA,NA,328,318,10
McKean,0017 FOSTER TOWNSHIP-1ST DIST,Straight Party,NA,DEM,DEMOCRATIC,42,42,0
McKean,0017 FOSTER TOWNSHIP-1ST DIST,Straight Party,NA,REP,REPUBLICAN,171,171,0
McKean,0017 FOSTER TOWNSHIP-1ST DIST,Straight Party,NA,GRN,GREEN,0,0,0
McKean,0017 FOSTER TOWNSHIP-1ST DIST,Straight Party,NA,LIB,LIBERTARIAN,0,0,0
McKean,0017 FOSTER TOWNSHIP-1ST DIST,U.S. Senate,NA,DEM,BOB CASEY JR,94,89,5
McKean,0017 FOSTER TOWNSHIP-1ST DIST,U.S. Senate,NA,REP,LOU BARLETTA,228,223,5
McKean,0017 FOSTER TOWNSHIP-1ST DIST,U.S. Senate,NA,GRN,NEAL GALE,1,1,0
McKean,0017 FOSTER TOWNSHIP-1ST DIST,U.S. Senate,NA,LIB,DALE R KERNS JR,2,2,0
McKean,0017 FOSTER TOWNSHIP-1ST DIST,U.S. Senate,NA,NA,Write-ins,0,0,0
McKean,0017 FOSTER TOWNSHIP-1ST DIST,Governor,NA,DEM,TOM WOLF,93,87,6
McKean,0017 FOSTER TOWNSHIP-1ST DIST,Governor,NA,REP,SCOTT R WAGNER,232,228,4
McKean,0017 FOSTER TOWNSHIP-1ST DIST,Governor,NA,GRN,PAUL GLOVER,2,2,0
McKean,0017 FOSTER TOWNSHIP-1ST DIST,Governor,NA,LIB,KEN V KRAWCHUK,1,1,0
McKean,0017 FOSTER TOWNSHIP-1ST DIST,Governor,NA,NA,Write-ins,0,0,0
McKean,0017 FOSTER TOWNSHIP-1ST DIST,U.S. House,15,DEM,SUSAN BOSER,89,83,6
McKean,0017 FOSTER TOWNSHIP-1ST DIST,U.S. House,15,REP,GLENN GT THOMPSON,238,234,4
McKean,0017 FOSTER TOWNSHIP-1ST DIST,U.S. House,15,NA,Write-ins,0,0,0
McKean,0017 FOSTER TOWNSHIP-1ST DIST,State House,67,DEM,MARYANNE COLE,63,58,5
McKean,0017 FOSTER TOWNSHIP-1ST DIST,State House,67,REP,MARTIN T CAUSER,264,259,5
McKean,0017 FOSTER TOWNSHIP-1ST DIST,State House,67,NA,Write-ins,0,0,0
McKean,0018 FOSTER TOWNSHIP-2ND DIST,Registered Voters,NA,NA,NA,391,NA,NA
McKean,0018 FOSTER TOWNSHIP-2ND DIST,Ballots Cast,NA,NA,NA,233,228,4
McKean,0018 FOSTER TOWNSHIP-2ND DIST,Straight Party,NA,DEM,DEMOCRATIC,21,21,0
McKean,0018 FOSTER TOWNSHIP-2ND DIST,Straight Party,NA,REP,REPUBLICAN,122,122,0
McKean,0018 FOSTER TOWNSHIP-2ND DIST,Straight Party,NA,GRN,GREEN,1,1,0
McKean,0018 FOSTER TOWNSHIP-2ND DIST,Straight Party,NA,LIB,LIBERTARIAN,1,1,0
McKean,0018 FOSTER TOWNSHIP-2ND DIST,U.S. Senate,NA,DEM,BOB CASEY JR,49,48,1
McKean,0018 FOSTER TOWNSHIP-2ND DIST,U.S. Senate,NA,REP,LOU BARLETTA,174,170,3
McKean,0018 FOSTER TOWNSHIP-2ND DIST,U.S. Senate,NA,GRN,NEAL GALE,0,0,0
McKean,0018 FOSTER TOWNSHIP-2ND DIST,U.S. Senate,NA,LIB,DALE R KERNS JR,2,2,0
McKean,0018 FOSTER TOWNSHIP-2ND DIST,U.S. Senate,NA,NA,Write-ins,0,0,0
McKean,0018 FOSTER TOWNSHIP-2ND DIST,Governor,NA,DEM,TOM WOLF,48,47,1
McKean,0018 FOSTER TOWNSHIP-2ND DIST,Governor,NA,REP,SCOTT R WAGNER,183,179,3
McKean,0018 FOSTER TOWNSHIP-2ND DIST,Governor,NA,GRN,PAUL GLOVER,1,1,0
McKean,0018 FOSTER TOWNSHIP-2ND DIST,Governor,NA,LIB,KEN V KRAWCHUK,1,1,0
McKean,0018 FOSTER TOWNSHIP-2ND DIST,Governor,NA,NA,Write-ins,0,0,0
McKean,0018 FOSTER TOWNSHIP-2ND DIST,U.S. House,15,DEM,SUSAN BOSER,47,46,1
McKean,0018 FOSTER TOWNSHIP-2ND DIST,U.S. House,15,REP,GLENN GT THOMPSON,185,181,3
McKean,0018 FOSTER TOWNSHIP-2ND DIST,U.S. House,15,NA,Write-ins,0,0,0
McKean,0018 FOSTER TOWNSHIP-2ND DIST,State House,67,DEM,MARYANNE COLE,41,40,1
McKean,0018 FOSTER TOWNSHIP-2ND DIST,State House,67,REP,MARTIN T CAUSER,189,185,3
McKean,0018 FOSTER TOWNSHIP-2ND DIST,State House,67,NA,Write-ins,0,0,0
McKean,0019 FOSTER TOWNSHIP-3RD DIST,Registered Voters,NA,NA,NA,1473,NA,NA
McKean,0019 FOSTER TOWNSHIP-3RD DIST,Ballots Cast,NA,NA,NA,768,747,21
McKean,0019 FOSTER TOWNSHIP-3RD DIST,Straight Party,NA,DEM,DEMOCRATIC,119,119,0
McKean,0019 FOSTER TOWNSHIP-3RD DIST,Straight Party,NA,REP,REPUBLICAN,407,407,0
McKean,0019 FOSTER TOWNSHIP-3RD DIST,Straight Party,NA,GRN,GREEN,0,0,0
McKean,0019 FOSTER TOWNSHIP-3RD DIST,Straight Party,NA,LIB,LIBERTARIAN,1,1,0
McKean,0019 FOSTER TOWNSHIP-3RD DIST,U.S. Senate,NA,DEM,BOB CASEY JR,236,230,6
McKean,0019 FOSTER TOWNSHIP-3RD DIST,U.S. Senate,NA,REP,LOU BARLETTA,510,495,15
McKean,0019 FOSTER TOWNSHIP-3RD DIST,U.S. Senate,NA,GRN,NEAL GALE,1,1,0
McKean,0019 FOSTER TOWNSHIP-3RD DIST,U.S. Senate,NA,LIB,DALE R KERNS JR,7,7,0
McKean,0019 FOSTER TOWNSHIP-3RD DIST,U.S. Senate,NA,NA,Write-ins,0,0,0
McKean,0019 FOSTER TOWNSHIP-3RD DIST,Governor,NA,DEM,TOM WOLF,235,229,6
McKean,0019 FOSTER TOWNSHIP-3RD DIST,Governor,NA,REP,SCOTT R WAGNER,522,507,15
McKean,0019 FOSTER TOWNSHIP-3RD DIST,Governor,NA,GRN,PAUL GLOVER,2,2,0
McKean,0019 FOSTER TOWNSHIP-3RD DIST,Governor,NA,LIB,KEN V KRAWCHUK,6,6,0
McKean,0019 FOSTER TOWNSHIP-3RD DIST,Governor,NA,NA,Write-ins,0,0,0
McKean,0019 FOSTER TOWNSHIP-3RD DIST,U.S. House,15,DEM,SUSAN BOSER,217,212,5
McKean,0019 FOSTER TOWNSHIP-3RD DIST,U.S. House,15,REP,GLENN GT THOMPSON,547,531,16
McKean,0019 FOSTER TOWNSHIP-3RD DIST,U.S. House,15,NA,Write-ins,0,0,0
McKean,0019 FOSTER TOWNSHIP-3RD DIST,State House,67,DEM,MARYANNE COLE,165,161,4
McKean,0019 FOSTER TOWNSHIP-3RD DIST,State House,67,REP,MARTIN T CAUSER,596,579,17
McKean,0019 FOSTER TOWNSHIP-3RD DIST,State House,67,NA,Write-ins,2,2,0
McKean,0020 FOSTER TOWNSHIP-4TH DISTR,Registered Voters,NA,NA,NA,196,NA,NA
McKean,0020 FOSTER TOWNSHIP-4TH DISTR,Ballots Cast,NA,NA,NA,109,109,0
McKean,0020 FOSTER TOWNSHIP-4TH DISTR,Straight Party,NA,DEM,DEMOCRATIC,12,12,0
McKean,0020 FOSTER TOWNSHIP-4TH DISTR,Straight Party,NA,REP,REPUBLICAN,56,56,0
McKean,0020 FOSTER TOWNSHIP-4TH DISTR,Straight Party,NA,GRN,GREEN,0,0,0
McKean,0020 FOSTER TOWNSHIP-4TH DISTR,Straight Party,NA,LIB,LIBERTARIAN,0,0,0
McKean,0020 FOSTER TOWNSHIP-4TH DISTR,U.S. Senate,NA,DEM,BOB CASEY JR,26,26,0
McKean,0020 FOSTER TOWNSHIP-4TH DISTR,U.S. Senate,NA,REP,LOU BARLETTA,81,81,0
McKean,0020 FOSTER TOWNSHIP-4TH DISTR,U.S. Senate,NA,GRN,NEAL GALE,0,0,0
McKean,0020 FOSTER TOWNSHIP-4TH DISTR,U.S. Senate,NA,LIB,DALE R KERNS JR,0,0,0
McKean,0020 FOSTER TOWNSHIP-4TH DISTR,U.S. Senate,NA,NA,Write-ins,0,0,0
McKean,0020 FOSTER TOWNSHIP-4TH DISTR,Governor,NA,DEM,TOM WOLF,23,23,0
McKean,0020 FOSTER TOWNSHIP-4TH DISTR,Governor,NA,REP,SCOTT R WAGNER,84,84,0
McKean,0020 FOSTER TOWNSHIP-4TH DISTR,Governor,NA,GRN,PAUL GLOVER,0,0,0
McKean,0020 FOSTER TOWNSHIP-4TH DISTR,Governor,NA,LIB,KEN V KRAWCHUK,2,2,0
McKean,0020 FOSTER TOWNSHIP-4TH DISTR,Governor,NA,NA,Write-ins,0,0,0
McKean,0020 FOSTER TOWNSHIP-4TH DISTR,U.S. House,15,DEM,SUSAN BOSER,22,22,0
McKean,0020 FOSTER TOWNSHIP-4TH DISTR,U.S. House,15,REP,GLENN GT THOMPSON,87,87,0
McKean,0020 FOSTER TOWNSHIP-4TH DISTR,U.S. House,15,NA,Write-ins,0,0,0
McKean,0020 FOSTER TOWNSHIP-4TH DISTR,State House,67,DEM,MARYANNE COLE,17,17,0
McKean,0020 FOSTER TOWNSHIP-4TH DISTR,State House,67,REP,MARTIN T CAUSER,92,92,0
McKean,0020 FOSTER TOWNSHIP-4TH DISTR,State House,67,NA,Write-ins,0,0,0
McKean,0021 HAMILTON TOWNSHIP,Registered Voters,NA,NA,NA,357,NA,NA
McKean,0021 HAMILTON TOWNSHIP,Ballots Cast,NA,NA,NA,225,220,5
McKean,0021 HAMILTON TOWNSHIP,Straight Party,NA,DEM,DEMOCRATIC,40,40,0
McKean,0021 HAMILTON TOWNSHIP,Straight Party,NA,REP,REPUBLICAN,111,111,0
McKean,0021 HAMILTON TOWNSHIP,Straight Party,NA,GRN,GREEN,0,0,0
McKean,0021 HAMILTON TOWNSHIP,Straight Party,NA,LIB,LIBERTARIAN,0,0,0
McKean,0021 HAMILTON TOWNSHIP,U.S. Senate,NA,DEM,BOB CASEY JR,72,71,1
McKean,0021 HAMILTON TOWNSHIP,U.S. Senate,NA,REP,LOU BARLETTA,149,145,4
McKean,0021 HAMILTON TOWNSHIP,U.S. Senate,NA,GRN,NEAL GALE,0,0,0
McKean,0021 HAMILTON TOWNSHIP,U.S. Senate,NA,LIB,DALE R KERNS JR,0,0,0
McKean,0021 HAMILTON TOWNSHIP,U.S. Senate,NA,NA,Write-ins,0,0,0
McKean,0021 HAMILTON TOWNSHIP,Governor,NA,DEM,TOM WOLF,71,70,1
McKean,0021 HAMILTON TOWNSHIP,Governor,NA,REP,SCOTT R WAGNER,150,146,4
McKean,0021 HAMILTON TOWNSHIP,Governor,NA,GRN,PAUL GLOVER,0,0,0
McKean,0021 HAMILTON TOWNSHIP,Governor,NA,LIB,KEN V KRAWCHUK,0,0,0
McKean,0021 HAMILTON TOWNSHIP,Governor,NA,NA,Write-ins,0,0,0
McKean,0021 HAMILTON TOWNSHIP,U.S. House,15,DEM,SUSAN BOSER,58,57,1
McKean,0021 HAMILTON TOWNSHIP,U.S. House,15,REP,GLENN GT THOMPSON,164,160,4
McKean,0021 HAMILTON TOWNSHIP,U.S. House,15,NA,Write-ins,0,0,0
McKean,0021 HAMILTON TOWNSHIP,State House,67,DEM,MARYANNE COLE,54,53,1
McKean,0021 HAMILTON TOWNSHIP,State House,67,REP,MARTIN T CAUSER,168,164,4
McKean,0021 HAMILTON TOWNSHIP,State House,67,NA,Write-ins,0,0,0
McKean,0022 HAMLIN TOWNSHIP-1ST DIST,Registered Voters,NA,NA,NA,234,NA,NA
McKean,0022 HAMLIN TOWNSHIP-1ST DIST,Ballots Cast,NA,NA,NA,135,133,2
McKean,0022 HAMLIN TOWNSHIP-1ST DIST,Straight Party,NA,DEM,DEMOCRATIC,10,10,0
McKean,0022 HAMLIN TOWNSHIP-1ST DIST,Straight Party,NA,REP,REPUBLICAN,80,80,0
McKean,0022 HAMLIN TOWNSHIP-1ST DIST,Straight Party,NA,GRN,GREEN,0,0,0
McKean,0022 HAMLIN TOWNSHIP-1ST DIST,Straight Party,NA,LIB,LIBERTARIAN,0,0,0
McKean,0022 HAMLIN TOWNSHIP-1ST DIST,U.S. Senate,NA,DEM,BOB CASEY JR,35,33,2
McKean,0022 HAMLIN TOWNSHIP-1ST DIST,U.S. Senate,NA,REP,LOU BARLETTA,95,95,0
McKean,0022 HAMLIN TOWNSHIP-1ST DIST,U.S. Senate,NA,GRN,NEAL GALE,3,3,0
McKean,0022 HAMLIN TOWNSHIP-1ST DIST,U.S. Senate,NA,LIB,DALE R KERNS JR,1,1,0
McKean,0022 HAMLIN TOWNSHIP-1ST DIST,U.S. Senate,NA,NA,Write-ins,0,0,0
McKean,0022 HAMLIN TOWNSHIP-1ST DIST,Governor,NA,DEM,TOM WOLF,28,26,2
McKean,0022 HAMLIN TOWNSHIP-1ST DIST,Governor,NA,REP,SCOTT R WAGNER,106,106,0
McKean,0022 HAMLIN TOWNSHIP-1ST DIST,Governor,NA,GRN,PAUL GLOVER,1,1,0
McKean,0022 HAMLIN TOWNSHIP-1ST DIST,Governor,NA,LIB,KEN V KRAWCHUK,0,0,0
McKean,0022 HAMLIN TOWNSHIP-1ST DIST,Governor,NA,NA,Write-ins,0,0,0
McKean,0022 HAMLIN TOWNSHIP-1ST DIST,U.S. House,15,DEM,SUSAN BOSER,29,27,2
McKean,0022 HAMLIN TOWNSHIP-1ST DIST,U.S. House,15,REP,GLENN GT THOMPSON,106,106,0
McKean,0022 HAMLIN TOWNSHIP-1ST DIST,U.S. House,15,NA,Write-ins,0,0,0
McKean,0022 HAMLIN TOWNSHIP-1ST DIST,State House,67,DEM,MARYANNE COLE,23,21,2
McKean,0022 HAMLIN TOWNSHIP-1ST DIST,State House,67,REP,MARTIN T CAUSER,112,112,0
McKean,0022 HAMLIN TOWNSHIP-1ST DIST,State House,67,NA,Write-ins,0,0,0
McKean,0023 HAMLIN TOWNSHIP-2ND DIST,Registered Voters,NA,NA,NA,208,NA,NA
McKean,0023 HAMLIN TOWNSHIP-2ND DIST,Ballots Cast,NA,NA,NA,124,124,0
McKean,0023 HAMLIN TOWNSHIP-2ND DIST,Straight Party,NA,DEM,DEMOCRATIC,17,17,0
McKean,0023 HAMLIN TOWNSHIP-2ND DIST,Straight Party,NA,REP,REPUBLICAN,53,53,0
McKean,0023 HAMLIN TOWNSHIP-2ND DIST,Straight Party,NA,GRN,GREEN,0,0,0
McKean,0023 HAMLIN TOWNSHIP-2ND DIST,Straight Party,NA,LIB,LIBERTARIAN,0,0,0
McKean,0023 HAMLIN TOWNSHIP-2ND DIST,U.S. Senate,NA,DEM,BOB CASEY JR,47,47,0
McKean,0023 HAMLIN TOWNSHIP-2ND DIST,U.S. Senate,NA,REP,LOU BARLETTA,75,75,0
McKean,0023 HAMLIN TOWNSHIP-2ND DIST,U.S. Senate,NA,GRN,NEAL GALE,0,0,0
McKean,0023 HAMLIN TOWNSHIP-2ND DIST,U.S. Senate,NA,LIB,DALE R KERNS JR,2,2,0
McKean,0023 HAMLIN TOWNSHIP-2ND DIST,U.S. Senate,NA,NA,Write-ins,0,0,0
McKean,0023 HAMLIN TOWNSHIP-2ND DIST,Governor,NA,DEM,TOM WOLF,48,48,0
McKean,0023 HAMLIN TOWNSHIP-2ND DIST,Governor,NA,REP,SCOTT R WAGNER,76,76,0
McKean,0023 HAMLIN TOWNSHIP-2ND DIST,Governor,NA,GRN,PAUL GLOVER,0,0,0
McKean,0023 HAMLIN TOWNSHIP-2ND DIST,Governor,NA,LIB,KEN V KRAWCHUK,0,0,0
McKean,0023 HAMLIN TOWNSHIP-2ND DIST,Governor,NA,NA,Write-ins,0,0,0
McKean,0023 HAMLIN TOWNSHIP-2ND DIST,U.S. House,15,DEM,SUSAN BOSER,40,40,0
McKean,0023 HAMLIN TOWNSHIP-2ND DIST,U.S. House,15,REP,GLENN GT THOMPSON,83,83,0
McKean,0023 HAMLIN TOWNSHIP-2ND DIST,U.S. House,15,NA,Write-ins,0,0,0
McKean,0023 HAMLIN TOWNSHIP-2ND DIST,State House,67,DEM,MARYANNE COLE,32,32,0
McKean,0023 HAMLIN TOWNSHIP-2ND DIST,State House,67,REP,MARTIN T CAUSER,92,92,0
McKean,0023 HAMLIN TOWNSHIP-2ND DIST,State House,67,NA,Write-ins,0,0,0
McKean,0024 KANE BOROUGH-1ST WARD,Registered Voters,NA,NA,NA,635,NA,NA
McKean,0024 KANE BOROUGH-1ST WARD,Ballots Cast,NA,NA,NA,339,328,11
McKean,0024 KANE BOROUGH-1ST WARD,Straight Party,NA,DEM,DEMOCRATIC,58,58,0
McKean,0024 KANE BOROUGH-1ST WARD,Straight Party,NA,REP,REPUBLICAN,100,100,0
McKean,0024 KANE BOROUGH-1ST WARD,Straight Party,NA,GRN,GREEN,2,2,0
McKean,0024 KANE BOROUGH-1ST WARD,Straight Party,NA,LIB,LIBERTARIAN,2,2,0
McKean,0024 KANE BOROUGH-1ST WARD,U.S. Senate,NA,DEM,BOB CASEY JR,147,142,5
McKean,0024 KANE BOROUGH-1ST WARD,U.S. Senate,NA,REP,LOU BARLETTA,177,171,6
McKean,0024 KANE BOROUGH-1ST WARD,U.S. Senate,NA,GRN,NEAL GALE,3,3,0
McKean,0024 KANE BOROUGH-1ST WARD,U.S. Senate,NA,LIB,DALE R KERNS JR,5,5,0
McKean,0024 KANE BOROUGH-1ST WARD,U.S. Senate,NA,NA,Write-ins,0,0,0
McKean,0024 KANE BOROUGH-1ST WARD,Governor,NA,DEM,TOM WOLF,150,146,4
McKean,0024 KANE BOROUGH-1ST WARD,Governor,NA,REP,SCOTT R WAGNER,178,171,7
McKean,0024 KANE BOROUGH-1ST WARD,Governor,NA,GRN,PAUL GLOVER,4,4,0
McKean,0024 KANE BOROUGH-1ST WARD,Governor,NA,LIB,KEN V KRAWCHUK,6,6,0
McKean,0024 KANE BOROUGH-1ST WARD,Governor,NA,NA,Write-ins,0,0,0
McKean,0024 KANE BOROUGH-1ST WARD,U.S. House,15,DEM,SUSAN BOSER,108,102,6
McKean,0024 KANE BOROUGH-1ST WARD,U.S. House,15,REP,GLENN GT THOMPSON,225,221,4
McKean,0024 KANE BOROUGH-1ST WARD,U.S. House,15,NA,Write-ins,1,1,0
McKean,0024 KANE BOROUGH-1ST WARD,State House,67,DEM,MARYANNE COLE,102,97,5
McKean,0024 KANE BOROUGH-1ST WARD,State House,67,REP,MARTIN T CAUSER,232,227,5
McKean,0024 KANE BOROUGH-1ST WARD,State House,67,NA,Write-ins,0,0,0
McKean,0025 KANE BOROUGH-2ND WARD,Registered Voters,NA,NA,NA,336,NA,NA
McKean,0025 KANE BOROUGH-2ND WARD,Ballots Cast,NA,NA,NA,159,157,2
McKean,0025 KANE BOROUGH-2ND WARD,Straight Party,NA,DEM,DEMOCRATIC,32,32,0
McKean,0025 KANE BOROUGH-2ND WARD,Straight Party,NA,REP,REPUBLICAN,60,60,0
McKean,0025 KANE BOROUGH-2ND WARD,Straight Party,NA,GRN,GREEN,0,0,0
McKean,0025 KANE BOROUGH-2ND WARD,Straight Party,NA,LIB,LIBERTARIAN,1,1,0
McKean,0025 KANE BOROUGH-2ND WARD,U.S. Senate,NA,DEM,BOB CASEY JR,63,62,1
McKean,0025 KANE BOROUGH-2ND WARD,U.S. Senate,NA,REP,LOU BARLETTA,83,82,1
McKean,0025 KANE BOROUGH-2ND WARD,U.S. Senate,NA,GRN,NEAL GALE,1,1,0
McKean,0025 KANE BOROUGH-2ND WARD,U.S. Senate,NA,LIB,DALE R KERNS JR,7,7,0
McKean,0025 KANE BOROUGH-2ND WARD,U.S. Senate,NA,NA,Write-ins,0,0,0
McKean,0025 KANE BOROUGH-2ND WARD,Governor,NA,DEM,TOM WOLF,64,63,1
McKean,0025 KANE BOROUGH-2ND WARD,Governor,NA,REP,SCOTT R WAGNER,88,87,1
McKean,0025 KANE BOROUGH-2ND WARD,Governor,NA,GRN,PAUL GLOVER,1,1,0
McKean,0025 KANE BOROUGH-2ND WARD,Governor,NA,LIB,KEN V KRAWCHUK,4,4,0
McKean,0025 KANE BOROUGH-2ND WARD,Governor,NA,NA,Write-ins,0,0,0
McKean,0025 KANE BOROUGH-2ND WARD,U.S. House,15,DEM,SUSAN BOSER,60,59,1
McKean,0025 KANE BOROUGH-2ND WARD,U.S. House,15,REP,GLENN GT THOMPSON,97,96,1
McKean,0025 KANE BOROUGH-2ND WARD,U.S. House,15,NA,Write-ins,0,0,0
McKean,0025 KANE BOROUGH-2ND WARD,State House,67,DEM,MARYANNE COLE,55,54,1
McKean,0025 KANE BOROUGH-2ND WARD,State House,67,REP,MARTIN T CAUSER,101,100,1
McKean,0025 KANE BOROUGH-2ND WARD,State House,67,NA,Write-ins,1,1,0
McKean,0026 KANE BOROUGH-3RD WARD,Registered Voters,NA,NA,NA,644,NA,NA
McKean,0026 KANE BOROUGH-3RD WARD,Ballots Cast,NA,NA,NA,352,342,9
McKean,0026 KANE BOROUGH-3RD WARD,Straight Party,NA,DEM,DEMOCRATIC,51,51,0
McKean,0026 KANE BOROUGH-3RD WARD,Straight Party,NA,REP,REPUBLICAN,141,141,0
McKean,0026 KANE BOROUGH-3RD WARD,Straight Party,NA,GRN,GREEN,1,1,0
McKean,0026 KANE BOROUGH-3RD WARD,Straight Party,NA,LIB,LIBERTARIAN,0,0,0
McKean,0026 KANE BOROUGH-3RD WARD,U.S. Senate,NA,DEM,BOB CASEY JR,138,133,5
McKean,0026 KANE BOROUGH-3RD WARD,U.S. Senate,NA,REP,LOU BARLETTA,204,200,3
McKean,0026 KANE BOROUGH-3RD WARD,U.S. Senate,NA,GRN,NEAL GALE,4,3,1
McKean,0026 KANE BOROUGH-3RD WARD,U.S. Senate,NA,LIB,DALE R KERNS JR,3,3,0
McKean,0026 KANE BOROUGH-3RD WARD,U.S. Senate,NA,NA,Write-ins,0,0,0
McKean,0026 KANE BOROUGH-3RD WARD,Governor,NA,DEM,TOM WOLF,135,129,5
McKean,0026 KANE BOROUGH-3RD WARD,Governor,NA,REP,SCOTT R WAGNER,206,203,3
McKean,0026 KANE BOROUGH-3RD WARD,Governor,NA,GRN,PAUL GLOVER,5,5,0
McKean,0026 KANE BOROUGH-3RD WARD,Governor,NA,LIB,KEN V KRAWCHUK,3,3,0
McKean,0026 KANE BOROUGH-3RD WARD,Governor,NA,NA,Write-ins,0,0,0
McKean,0026 KANE BOROUGH-3RD WARD,U.S. House,15,DEM,SUSAN BOSER,110,105,5
McKean,0026 KANE BOROUGH-3RD WARD,U.S. House,15,REP,GLENN GT THOMPSON,236,232,3
McKean,0026 KANE BOROUGH-3RD WARD,U.S. House,15,NA,Write-ins,0,0,0
McKean,0026 KANE BOROUGH-3RD WARD,State House,67,DEM,MARYANNE COLE,93,89,4
McKean,0026 KANE BOROUGH-3RD WARD,State House,67,REP,MARTIN T CAUSER,255,251,3
McKean,0026 KANE BOROUGH-3RD WARD,State House,67,NA,Write-ins,0,0,0
McKean,0027 KANE BOROUGH-4TH WARD,Registered Voters,NA,NA,NA,453,NA,NA
McKean,0027 KANE BOROUGH-4TH WARD,Ballots Cast,NA,NA,NA,228,223,5
McKean,0027 KANE BOROUGH-4TH WARD,Straight Party,NA,DEM,DEMOCRATIC,57,57,0
McKean,0027 KANE BOROUGH-4TH WARD,Straight Party,NA,REP,REPUBLICAN,73,73,0
McKean,0027 KANE BOROUGH-4TH WARD,Straight Party,NA,GRN,GREEN,0,0,0
McKean,0027 KANE BOROUGH-4TH WARD,Straight Party,NA,LIB,LIBERTARIAN,2,2,0
McKean,0027 KANE BOROUGH-4TH WARD,U.S. Senate,NA,DEM,BOB CASEY JR,103,103,0
McKean,0027 KANE BOROUGH-4TH WARD,U.S. Senate,NA,REP,LOU BARLETTA,113,108,5
McKean,0027 KANE BOROUGH-4TH WARD,U.S. Senate,NA,GRN,NEAL GALE,4,4,0
McKean,0027 KANE BOROUGH-4TH WARD,U.S. Senate,NA,LIB,DALE R KERNS JR,5,5,0
McKean,0027 KANE BOROUGH-4TH WARD,U.S. Senate,NA,NA,Write-ins,0,0,0
McKean,0027 KANE BOROUGH-4TH WARD,Governor,NA,DEM,TOM WOLF,108,108,0
McKean,0027 KANE BOROUGH-4TH WARD,Governor,NA,REP,SCOTT R WAGNER,113,108,5
McKean,0027 KANE BOROUGH-4TH WARD,Governor,NA,GRN,PAUL GLOVER,2,2,0
McKean,0027 KANE BOROUGH-4TH WARD,Governor,NA,LIB,KEN V KRAWCHUK,3,3,0
McKean,0027 KANE BOROUGH-4TH WARD,Governor,NA,NA,Write-ins,0,0,0
McKean,0027 KANE BOROUGH-4TH WARD,U.S. House,15,DEM,SUSAN BOSER,90,90,0
McKean,0027 KANE BOROUGH-4TH WARD,U.S. House,15,REP,GLENN GT THOMPSON,136,131,5
McKean,0027 KANE BOROUGH-4TH WARD,U.S. House,15,NA,Write-ins,0,0,0
McKean,0027 KANE BOROUGH-4TH WARD,State House,67,DEM,MARYANNE COLE,89,89,0
McKean,0027 KANE BOROUGH-4TH WARD,State House,67,REP,MARTIN T CAUSER,136,131,5
McKean,0027 KANE BOROUGH-4TH WARD,State House,67,NA,Write-ins,0,0,0
McKean,0028 KEATING TOWNSHIP-1ST DIST,Registered Voters,NA,NA,NA,635,NA,NA
McKean,0028 KEATING TOWNSHIP-1ST DIST,Ballots Cast,NA,NA,NA,385,367,18
McKean,0028 KEATING TOWNSHIP-1ST DIST,Straight Party,NA,DEM,DEMOCRATIC,28,28,0
McKean,0028 KEATING TOWNSHIP-1ST DIST,Straight Party,NA,REP,REPUBLICAN,194,194,0
McKean,0028 KEATING TOWNSHIP-1ST DIST,Straight Party,NA,GRN,GREEN,0,0,0
McKean,0028 KEATING TOWNSHIP-1ST DIST,Straight Party,NA,LIB,LIBERTARIAN,0,0,0
McKean,0028 KEATING TOWNSHIP-1ST DIST,U.S. Senate,NA,DEM,BOB CASEY JR,66,63,3
McKean,0028 KEATING TOWNSHIP-1ST DIST,U.S. Senate,NA,REP,LOU BARLETTA,304,289,15
McKean,0028 KEATING TOWNSHIP-1ST DIST,U.S. Senate,NA,GRN,NEAL GALE,2,2,0
McKean,0028 KEATING TOWNSHIP-1ST DIST,U.S. Senate,NA,LIB,DALE R KERNS JR,5,5,0
McKean,0028 KEATING TOWNSHIP-1ST DIST,U.S. Senate,NA,NA,Write-ins,0,0,0
McKean,0028 KEATING TOWNSHIP-1ST DIST,Governor,NA,DEM,TOM WOLF,65,62,3
McKean,0028 KEATING TOWNSHIP-1ST DIST,Governor,NA,REP,SCOTT R WAGNER,311,296,15
McKean,0028 KEATING TOWNSHIP-1ST DIST,Governor,NA,GRN,PAUL GLOVER,0,0,0
McKean,0028 KEATING TOWNSHIP-1ST DIST,Governor,NA,LIB,KEN V KRAWCHUK,5,5,0
McKean,0028 KEATING TOWNSHIP-1ST DIST,Governor,NA,NA,Write-ins,0,0,0
McKean,0028 KEATING TOWNSHIP-1ST DIST,U.S. House,15,DEM,SUSAN BOSER,54,52,2
McKean,0028 KEATING TOWNSHIP-1ST DIST,U.S. House,15,REP,GLENN GT THOMPSON,327,311,16
McKean,0028 KEATING TOWNSHIP-1ST DIST,U.S. House,15,NA,Write-ins,0,0,0
McKean,0028 KEATING TOWNSHIP-1ST DIST,State House,67,DEM,MARYANNE COLE,49,46,3
McKean,0028 KEATING TOWNSHIP-1ST DIST,State House,67,REP,MARTIN T CAUSER,332,317,15
McKean,0028 KEATING TOWNSHIP-1ST DIST,State House,67,NA,Write-ins,0,0,0
McKean,0029 KEATING TOWNSHIP-2ND DIST,Registered Voters,NA,NA,NA,504,NA,NA
McKean,0029 KEATING TOWNSHIP-2ND DIST,Ballots Cast,NA,NA,NA,282,267,15
McKean,0029 KEATING TOWNSHIP-2ND DIST,Straight Party,NA,DEM,DEMOCRATIC,30,30,0
McKean,0029 KEATING TOWNSHIP-2ND DIST,Straight Party,NA,REP,REPUBLICAN,157,157,0
McKean,0029 KEATING TOWNSHIP-2ND DIST,Straight Party,NA,GRN,GREEN,1,1,0
McKean,0029 KEATING TOWNSHIP-2ND DIST,Straight Party,NA,LIB,LIBERTARIAN,1,1,0
McKean,0029 KEATING TOWNSHIP-2ND DIST,U.S. Senate,NA,DEM,BOB CASEY JR,58,57,1
McKean,0029 KEATING TOWNSHIP-2ND DIST,U.S. Senate,NA,REP,LOU BARLETTA,212,200,12
McKean,0029 KEATING TOWNSHIP-2ND DIST,U.S. Senate,NA,GRN,NEAL GALE,5,3,2
McKean,0029 KEATING TOWNSHIP-2ND DIST,U.S. Senate,NA,LIB,DALE R KERNS JR,2,2,0
McKean,0029 KEATING TOWNSHIP-2ND DIST,U.S. Senate,NA,NA,Write-ins,0,0,0
McKean,0029 KEATING TOWNSHIP-2ND DIST,Governor,NA,DEM,TOM WOLF,54,51,3
McKean,0029 KEATING TOWNSHIP-2ND DIST,Governor,NA,REP,SCOTT R WAGNER,220,208,12
McKean,0029 KEATING TOWNSHIP-2ND DIST,Governor,NA,GRN,PAUL GLOVER,3,3,0
McKean,0029 KEATING TOWNSHIP-2ND DIST,Governor,NA,LIB,KEN V KRAWCHUK,2,2,0
McKean,0029 KEATING TOWNSHIP-2ND DIST,Governor,NA,NA,Write-ins,0,0,0
McKean,0029 KEATING TOWNSHIP-2ND DIST,U.S. House,15,DEM,SUSAN BOSER,53,52,1
McKean,0029 KEATING TOWNSHIP-2ND DIST,U.S. House,15,REP,GLENN GT THOMPSON,224,210,14
McKean,0029 KEATING TOWNSHIP-2ND DIST,U.S. House,15,NA,Write-ins,0,0,0
McKean,0029 KEATING TOWNSHIP-2ND DIST,State House,67,DEM,MARYANNE COLE,48,46,2
McKean,0029 KEATING TOWNSHIP-2ND DIST,State House,67,REP,MARTIN T CAUSER,227,215,12
McKean,0029 KEATING TOWNSHIP-2ND DIST,State House,67,NA,Write-ins,0,0,0
McKean,0030 KEATING TOWNSHIP-3RD DIST,Registered Voters,NA,NA,NA,520,NA,NA
McKean,0030 KEATING TOWNSHIP-3RD DIST,Ballots Cast,NA,NA,NA,277,276,1
McKean,0030 KEATING TOWNSHIP-3RD DIST,Straight Party,NA,DEM,DEMOCRATIC,28,28,0
McKean,0030 KEATING TOWNSHIP-3RD DIST,Straight Party,NA,REP,REPUBLICAN,161,161,0
McKean,0030 KEATING TOWNSHIP-3RD DIST,Straight Party,NA,GRN,GREEN,0,0,0
McKean,0030 KEATING TOWNSHIP-3RD DIST,Straight Party,NA,LIB,LIBERTARIAN,0,0,0
McKean,0030 KEATING TOWNSHIP-3RD DIST,U.S. Senate,NA,DEM,BOB CASEY JR,55,54,1
McKean,0030 KEATING TOWNSHIP-3RD DIST,U.S. Senate,NA,REP,LOU BARLETTA,210,210,0
McKean,0030 KEATING TOWNSHIP-3RD DIST,U.S. Senate,NA,GRN,NEAL GALE,3,3,0
McKean,0030 KEATING TOWNSHIP-3RD DIST,U.S. Senate,NA,LIB,DALE R KERNS JR,0,0,0
McKean,0030 KEATING TOWNSHIP-3RD DIST,U.S. Senate,NA,NA,Write-ins,1,1,0
McKean,0030 KEATING TOWNSHIP-3RD DIST,Governor,NA,DEM,TOM WOLF,63,62,1
McKean,0030 KEATING TOWNSHIP-3RD DIST,Governor,NA,REP,SCOTT R WAGNER,209,209,0
McKean,0030 KEATING TOWNSHIP-3RD DIST,Governor,NA,GRN,PAUL GLOVER,1,1,0
McKean,0030 KEATING TOWNSHIP-3RD DIST,Governor,NA,LIB,KEN V KRAWCHUK,1,1,0
McKean,0030 KEATING TOWNSHIP-3RD DIST,Governor,NA,NA,Write-ins,0,0,0
McKean,0030 KEATING TOWNSHIP-3RD DIST,U.S. House,15,DEM,SUSAN BOSER,53,52,1
McKean,0030 KEATING TOWNSHIP-3RD DIST,U.S. House,15,REP,GLENN GT THOMPSON,220,220,0
McKean,0030 KEATING TOWNSHIP-3RD DIST,U.S. House,15,NA,Write-ins,0,0,0
McKean,0030 KEATING TOWNSHIP-3RD DIST,State House,67,DEM,MARYANNE COLE,40,39,1
McKean,0030 KEATING TOWNSHIP-3RD DIST,State House,67,REP,MARTIN T CAUSER,234,234,0
McKean,0030 KEATING TOWNSHIP-3RD DIST,State House,67,NA,Write-ins,0,0,0
McKean,0031 LAFAYETTE TOWNSHIP,Registered Voters,NA,NA,NA,651,NA,NA
McKean,0031 LAFAYETTE TOWNSHIP,Ballots Cast,NA,NA,NA,358,340,18
McKean,0031 LAFAYETTE TOWNSHIP,Straight Party,NA,DEM,DEMOCRATIC,52,52,0
McKean,0031 LAFAYETTE TOWNSHIP,Straight Party,NA,REP,REPUBLICAN,194,194,0
McKean,0031 LAFAYETTE TOWNSHIP,Straight Party,NA,GRN,GREEN,0,0,0
McKean,0031 LAFAYETTE TOWNSHIP,Straight Party,NA,LIB,LIBERTARIAN,1,1,0
McKean,0031 LAFAYETTE TOWNSHIP,U.S. Senate,NA,DEM,BOB CASEY JR,110,100,10
McKean,0031 LAFAYETTE TOWNSHIP,U.S. Senate,NA,REP,LOU BARLETTA,240,232,8
McKean,0031 LAFAYETTE TOWNSHIP,U.S. Senate,NA,GRN,NEAL GALE,2,2,0
McKean,0031 LAFAYETTE TOWNSHIP,U.S. Senate,NA,LIB,DALE R KERNS JR,2,2,0
McKean,0031 LAFAYETTE TOWNSHIP,U.S. Senate,NA,NA,Write-ins,0,0,0
McKean,0031 LAFAYETTE TOWNSHIP,Governor,NA,DEM,TOM WOLF,110,100,10
McKean,0031 LAFAYETTE TOWNSHIP,Governor,NA,REP,SCOTT R WAGNER,242,234,8
McKean,0031 LAFAYETTE TOWNSHIP,Governor,NA,GRN,PAUL GLOVER,3,3,0
McKean,0031 LAFAYETTE TOWNSHIP,Governor,NA,LIB,KEN V KRAWCHUK,2,2,0
McKean,0031 LAFAYETTE TOWNSHIP,Governor,NA,NA,Write-ins,0,0,0
McKean,0031 LAFAYETTE TOWNSHIP,U.S. House,15,DEM,SUSAN BOSER,92,85,7
McKean,0031 LAFAYETTE TOWNSHIP,U.S. House,15,REP,GLENN GT THOMPSON,263,252,11
McKean,0031 LAFAYETTE TOWNSHIP,U.S. House,15,NA,Write-ins,0,0,0
McKean,0031 LAFAYETTE TOWNSHIP,State House,67,DEM,MARYANNE COLE,86,80,6
McKean,0031 LAFAYETTE TOWNSHIP,State House,67,REP,MARTIN T CAUSER,271,259,12
McKean,0031 LAFAYETTE TOWNSHIP,State House,67,NA,Write-ins,0,0,0
McKean,0032 LEWIS RUN BOROUGH,Registered Voters,NA,NA,NA,353,NA,NA
McKean,0032 LEWIS RUN BOROUGH,Ballots Cast,NA,NA,NA,182,176,6
McKean,0032 LEWIS RUN BOROUGH,Straight Party,NA,DEM,DEMOCRATIC,28,28,0
McKean,0032 LEWIS RUN BOROUGH,Straight Party,NA,REP,REPUBLICAN,86,86,0
McKean,0032 LEWIS RUN BOROUGH,Straight Party,NA,GRN,GREEN,0,0,0
McKean,0032 LEWIS RUN BOROUGH,Straight Party,NA,LIB,LIBERTARIAN,0,0,0
McKean,0032 LEWIS RUN BOROUGH,U.S. Senate,NA,DEM,BOB CASEY JR,52,50,2
McKean,0032 LEWIS RUN BOROUGH,U.S. Senate,NA,REP,LOU BARLETTA,119,115,4
McKean,0032 LEWIS RUN BOROUGH,U.S. Senate,NA,GRN,NEAL GALE,2,2,0
McKean,0032 LEWIS RUN BOROUGH,U.S. Senate,NA,LIB,DALE R KERNS JR,3,3,0
McKean,0032 LEWIS RUN BOROUGH,U.S. Senate,NA,NA,Write-ins,0,0,0
McKean,0032 LEWIS RUN BOROUGH,Governor,NA,DEM,TOM WOLF,44,42,2
McKean,0032 LEWIS RUN BOROUGH,Governor,NA,REP,SCOTT R WAGNER,130,126,4
McKean,0032 LEWIS RUN BOROUGH,Governor,NA,GRN,PAUL GLOVER,1,1,0
McKean,0032 LEWIS RUN BOROUGH,Governor,NA,LIB,KEN V KRAWCHUK,3,3,0
McKean,0032 LEWIS RUN BOROUGH,Governor,NA,NA,Write-ins,0,0,0
McKean,0032 LEWIS RUN BOROUGH,U.S. House,15,DEM,SUSAN BOSER,47,45,2
McKean,0032 LEWIS RUN BOROUGH,U.S. House,15,REP,GLENN GT THOMPSON,131,127,4
McKean,0032 LEWIS RUN BOROUGH,U.S. House,15,NA,Write-ins,0,0,0
McKean,0032 LEWIS RUN BOROUGH,State House,67,DEM,MARYANNE COLE,36,34,2
McKean,0032 LEWIS RUN BOROUGH,State House,67,REP,MARTIN T CAUSER,142,138,4
McKean,0032 LEWIS RUN BOROUGH,State House,67,NA,Write-ins,0,0,0
McKean,0033 LIBERTY TOWNSHIP,Registered Voters,NA,NA,NA,948,NA,NA
McKean,0033 LIBERTY TOWNSHIP,Ballots Cast,NA,NA,NA,535,515,20
McKean,0033 LIBERTY TOWNSHIP,Straight Party,NA,DEM,DEMOCRATIC,63,63,0
McKean,0033 LIBERTY TOWNSHIP,Straight Party,NA,REP,REPUBLICAN,307,307,0
McKean,0033 LIBERTY TOWNSHIP,Straight Party,NA,GRN,GREEN,1,1,0
McKean,0033 LIBERTY TOWNSHIP,Straight Party,NA,LIB,LIBERTARIAN,2,2,0
McKean,0033 LIBERTY TOWNSHIP,U.S. Senate,NA,DEM,BOB CASEY JR,129,124,5
McKean,0033 LIBERTY TOWNSHIP,U.S. Senate,NA,REP,LOU BARLETTA,387,372,15
McKean,0033 LIBERTY TOWNSHIP,U.S. Senate,NA,GRN,NEAL GALE,1,1,0
McKean,0033 LIBERTY TOWNSHIP,U.S. Senate,NA,LIB,DALE R KERNS JR,8,8,0
McKean,0033 LIBERTY TOWNSHIP,U.S. Senate,NA,NA,Write-ins,0,0,0
McKean,0033 LIBERTY TOWNSHIP,Governor,NA,DEM,TOM WOLF,130,125,5
McKean,0033 LIBERTY TOWNSHIP,Governor,NA,REP,SCOTT R WAGNER,396,381,15
McKean,0033 LIBERTY TOWNSHIP,Governor,NA,GRN,PAUL GLOVER,4,4,0
McKean,0033 LIBERTY TOWNSHIP,Governor,NA,LIB,KEN V KRAWCHUK,4,4,0
McKean,0033 LIBERTY TOWNSHIP,Governor,NA,NA,Write-ins,0,0,0
McKean,0033 LIBERTY TOWNSHIP,U.S. House,15,DEM,SUSAN BOSER,119,114,5
McKean,0033 LIBERTY TOWNSHIP,U.S. House,15,REP,GLENN GT THOMPSON,414,399,15
McKean,0033 LIBERTY TOWNSHIP,U.S. House,15,NA,Write-ins,0,0,0
McKean,0033 LIBERTY TOWNSHIP,State House,67,DEM,MARYANNE COLE,97,92,5
McKean,0033 LIBERTY TOWNSHIP,State House,67,REP,MARTIN T CAUSER,431,416,15
McKean,0033 LIBERTY TOWNSHIP,State House,67,NA,Write-ins,2,2,0
McKean,0034 MOUNT JEWETT BOROUGH,Registered Voters,NA,NA,NA,531,NA,NA
McKean,0034 MOUNT JEWETT BOROUGH,Ballots Cast,NA,NA,NA,289,278,11
McKean,0034 MOUNT JEWETT BOROUGH,Straight Party,NA,DEM,DEMOCRATIC,33,33,0
McKean,0034 MOUNT JEWETT BOROUGH,Straight Party,NA,REP,REPUBLICAN,137,137,0
McKean,0034 MOUNT JEWETT BOROUGH,Straight Party,NA,GRN,GREEN,1,1,0
McKean,0034 MOUNT JEWETT BOROUGH,Straight Party,NA,LIB,LIBERTARIAN,0,0,0
McKean,0034 MOUNT JEWETT BOROUGH,U.S. Senate,NA,DEM,BOB CASEY JR,86,84,2
McKean,0034 MOUNT JEWETT BOROUGH,U.S. Senate,NA,REP,LOU BARLETTA,198,189,9
McKean,0034 MOUNT JEWETT BOROUGH,U.S. Senate,NA,GRN,NEAL GALE,0,0,0
McKean,0034 MOUNT JEWETT BOROUGH,U.S. Senate,NA,LIB,DALE R KERNS JR,1,1,0
McKean,0034 MOUNT JEWETT BOROUGH,U.S. Senate,NA,NA,Write-ins,0,0,0
McKean,0034 MOUNT JEWETT BOROUGH,Governor,NA,DEM,TOM WOLF,84,82,2
McKean,0034 MOUNT JEWETT BOROUGH,Governor,NA,REP,SCOTT R WAGNER,202,193,9
McKean,0034 MOUNT JEWETT BOROUGH,Governor,NA,GRN,PAUL GLOVER,0,0,0
McKean,0034 MOUNT JEWETT BOROUGH,Governor,NA,LIB,KEN V KRAWCHUK,2,2,0
McKean,0034 MOUNT JEWETT BOROUGH,Governor,NA,NA,Write-ins,0,0,0
McKean,0034 MOUNT JEWETT BOROUGH,U.S. House,15,DEM,SUSAN BOSER,69,67,2
McKean,0034 MOUNT JEWETT BOROUGH,U.S. House,15,REP,GLENN GT THOMPSON,219,210,9
McKean,0034 MOUNT JEWETT BOROUGH,U.S. House,15,NA,Write-ins,0,0,0
McKean,0034 MOUNT JEWETT BOROUGH,State House,67,DEM,MARYANNE COLE,61,59,2
McKean,0034 MOUNT JEWETT BOROUGH,State House,67,REP,MARTIN T CAUSER,224,215,9
McKean,0034 MOUNT JEWETT BOROUGH,State House,67,NA,Write-ins,0,0,0
McKean,0035 NORWICH TOWNSHIP,Registered Voters,NA,NA,NA,319,NA,NA
McKean,0035 NORWICH TOWNSHIP,Ballots Cast,NA,NA,NA,179,176,3
McKean,0035 NORWICH TOWNSHIP,Straight Party,NA,DEM,DEMOCRATIC,19,19,0
McKean,0035 NORWICH TOWNSHIP,Straight Party,NA,REP,REPUBLICAN,75,75,0
McKean,0035 NORWICH TOWNSHIP,Straight Party,NA,GRN,GREEN,0,0,0
McKean,0035 NORWICH TOWNSHIP,Straight Party,NA,LIB,LIBERTARIAN,0,0,0
McKean,0035 NORWICH TOWNSHIP,U.S. Senate,NA,DEM,BOB CASEY JR,53,53,0
McKean,0035 NORWICH TOWNSHIP,U.S. Senate,NA,REP,LOU BARLETTA,119,116,3
McKean,0035 NORWICH TOWNSHIP,U.S. Senate,NA,GRN,NEAL GALE,0,0,0
McKean,0035 NORWICH TOWNSHIP,U.S. Senate,NA,LIB,DALE R KERNS JR,4,4,0
McKean,0035 NORWICH TOWNSHIP,U.S. Senate,NA,NA,Write-ins,0,0,0
McKean,0035 NORWICH TOWNSHIP,Governor,NA,DEM,TOM WOLF,52,51,1
McKean,0035 NORWICH TOWNSHIP,Governor,NA,REP,SCOTT R WAGNER,124,122,2
McKean,0035 NORWICH TOWNSHIP,Governor,NA,GRN,PAUL GLOVER,3,3,0
McKean,0035 NORWICH TOWNSHIP,Governor,NA,LIB,KEN V KRAWCHUK,0,0,0
McKean,0035 NORWICH TOWNSHIP,Governor,NA,NA,Write-ins,0,0,0
McKean,0035 NORWICH TOWNSHIP,U.S. House,15,DEM,SUSAN BOSER,45,45,0
McKean,0035 NORWICH TOWNSHIP,U.S. House,15,REP,GLENN GT THOMPSON,133,130,3
McKean,0035 NORWICH TOWNSHIP,U.S. House,15,NA,Write-ins,0,0,0
McKean,0035 NORWICH TOWNSHIP,State House,67,DEM,MARYANNE COLE,29,29,0
McKean,0035 NORWICH TOWNSHIP,State House,67,REP,MARTIN T CAUSER,150,147,3
McKean,0035 NORWICH TOWNSHIP,State House,67,NA,Write-ins,0,0,0
McKean,0036 OTTO TOWNSHIP-1ST DST,Registered Voters,NA,NA,NA,531,NA,NA
McKean,0036 OTTO TOWNSHIP-1ST DST,Ballots Cast,NA,NA,NA,316,307,9
McKean,0036 OTTO TOWNSHIP-1ST DST,Straight Party,NA,DEM,DEMOCRATIC,26,26,0
McKean,0036 OTTO TOWNSHIP-1ST DST,Straight Party,NA,REP,REPUBLICAN,184,184,0
McKean,0036 OTTO TOWNSHIP-1ST DST,Straight Party,NA,GRN,GREEN,0,0,0
McKean,0036 OTTO TOWNSHIP-1ST DST,Straight Party,NA,LIB,LIBERTARIAN,1,1,0
McKean,0036 OTTO TOWNSHIP-1ST DST,U.S. Senate,NA,DEM,BOB CASEY JR,61,59,2
McKean,0036 OTTO TOWNSHIP-1ST DST,U.S. Senate,NA,REP,LOU BARLETTA,248,241,7
McKean,0036 OTTO TOWNSHIP-1ST DST,U.S. Senate,NA,GRN,NEAL GALE,0,0,0
McKean,0036 OTTO TOWNSHIP-1ST DST,U.S. Senate,NA,LIB,DALE R KERNS JR,3,3,0
McKean,0036 OTTO TOWNSHIP-1ST DST,U.S. Senate,NA,NA,Write-ins,0,0,0
McKean,0036 OTTO TOWNSHIP-1ST DST,Governor,NA,DEM,TOM WOLF,58,56,2
McKean,0036 OTTO TOWNSHIP-1ST DST,Governor,NA,REP,SCOTT R WAGNER,252,245,7
McKean,0036 OTTO TOWNSHIP-1ST DST,Governor,NA,GRN,PAUL GLOVER,1,1,0
McKean,0036 OTTO TOWNSHIP-1ST DST,Governor,NA,LIB,KEN V KRAWCHUK,3,3,0
McKean,0036 OTTO TOWNSHIP-1ST DST,Governor,NA,NA,Write-ins,0,0,0
McKean,0036 OTTO TOWNSHIP-1ST DST,U.S. House,15,DEM,SUSAN BOSER,54,53,1
McKean,0036 OTTO TOWNSHIP-1ST DST,U.S. House,15,REP,GLENN GT THOMPSON,260,252,8
McKean,0036 OTTO TOWNSHIP-1ST DST,U.S. House,15,NA,Write-ins,0,0,0
McKean,0036 OTTO TOWNSHIP-1ST DST,State House,67,DEM,MARYANNE COLE,44,42,2
McKean,0036 OTTO TOWNSHIP-1ST DST,State House,67,REP,MARTIN T CAUSER,267,260,7
McKean,0036 OTTO TOWNSHIP-1ST DST,State House,67,NA,Write-ins,0,0,0
McKean,0037 OTTO TOWNSHIP-2ND DIST,Registered Voters,NA,NA,NA,377,NA,NA
McKean,0037 OTTO TOWNSHIP-2ND DIST,Ballots Cast,NA,NA,NA,197,190,7
McKean,0037 OTTO TOWNSHIP-2ND DIST,Straight Party,NA,DEM,DEMOCRATIC,12,12,0
McKean,0037 OTTO TOWNSHIP-2ND DIST,Straight Party,NA,REP,REPUBLICAN,122,122,0
McKean,0037 OTTO TOWNSHIP-2ND DIST,Straight Party,NA,GRN,GREEN,0,0,0
McKean,0037 OTTO TOWNSHIP-2ND DIST,Straight Party,NA,LIB,LIBERTARIAN,0,0,0
McKean,0037 OTTO TOWNSHIP-2ND DIST,U.S. Senate,NA,DEM,BOB CASEY JR,35,33,2
McKean,0037 OTTO TOWNSHIP-2ND DIST,U.S. Senate,NA,REP,LOU BARLETTA,156,151,5
McKean,0037 OTTO TOWNSHIP-2ND DIST,U.S. Senate,NA,GRN,NEAL GALE,1,1,0
McKean,0037 OTTO TOWNSHIP-2ND DIST,U.S. Senate,NA,LIB,DALE R KERNS JR,2,2,0
McKean,0037 OTTO TOWNSHIP-2ND DIST,U.S. Senate,NA,NA,Write-ins,0,0,0
McKean,0037 OTTO TOWNSHIP-2ND DIST,Governor,NA,DEM,TOM WOLF,39,37,2
McKean,0037 OTTO TOWNSHIP-2ND DIST,Governor,NA,REP,SCOTT R WAGNER,156,151,5
McKean,0037 OTTO TOWNSHIP-2ND DIST,Governor,NA,GRN,PAUL GLOVER,1,1,0
McKean,0037 OTTO TOWNSHIP-2ND DIST,Governor,NA,LIB,KEN V KRAWCHUK,0,0,0
McKean,0037 OTTO TOWNSHIP-2ND DIST,Governor,NA,NA,Write-ins,0,0,0
McKean,0037 OTTO TOWNSHIP-2ND DIST,U.S. House,15,DEM,SUSAN BOSER,27,25,2
McKean,0037 OTTO TOWNSHIP-2ND DIST,U.S. House,15,REP,GLENN GT THOMPSON,169,164,5
McKean,0037 OTTO TOWNSHIP-2ND DIST,U.S. House,15,NA,Write-ins,0,0,0
McKean,0037 OTTO TOWNSHIP-2ND DIST,State House,67,DEM,MARYANNE COLE,24,22,2
McKean,0037 OTTO TOWNSHIP-2ND DIST,State House,67,REP,MARTIN T CAUSER,171,166,5
McKean,0037 OTTO TOWNSHIP-2ND DIST,State House,67,NA,Write-ins,0,0,0
McKean,0038 PORT ALLEGANY BORO-1 DIST,Registered Voters,NA,NA,NA,667,NA,NA
McKean,0038 PORT ALLEGANY BORO-1 DIST,Ballots Cast,NA,NA,NA,345,330,15
McKean,0038 PORT ALLEGANY BORO-1 DIST,Straight Party,NA,DEM,DEMOCRATIC,45,45,0
McKean,0038 PORT ALLEGANY BORO-1 DIST,Straight Party,NA,REP,REPUBLICAN,139,139,0
McKean,0038 PORT ALLEGANY BORO-1 DIST,Straight Party,NA,GRN,GREEN,0,0,0
McKean,0038 PORT ALLEGANY BORO-1 DIST,Straight Party,NA,LIB,LIBERTARIAN,0,0,0
McKean,0038 PORT ALLEGANY BORO-1 DIST,U.S. Senate,NA,DEM,BOB CASEY JR,137,131,6
McKean,0038 PORT ALLEGANY BORO-1 DIST,U.S. Senate,NA,REP,LOU BARLETTA,194,185,9
McKean,0038 PORT ALLEGANY BORO-1 DIST,U.S. Senate,NA,GRN,NEAL GALE,7,7,0
McKean,0038 PORT ALLEGANY BORO-1 DIST,U.S. Senate,NA,LIB,DALE R KERNS JR,2,2,0
McKean,0038 PORT ALLEGANY BORO-1 DIST,U.S. Senate,NA,NA,Write-ins,0,0,0
McKean,0038 PORT ALLEGANY BORO-1 DIST,Governor,NA,DEM,TOM WOLF,141,134,7
McKean,0038 PORT ALLEGANY BORO-1 DIST,Governor,NA,REP,SCOTT R WAGNER,197,189,8
McKean,0038 PORT ALLEGANY BORO-1 DIST,Governor,NA,GRN,PAUL GLOVER,3,3,0
McKean,0038 PORT ALLEGANY BORO-1 DIST,Governor,NA,LIB,KEN V KRAWCHUK,4,4,0
McKean,0038 PORT ALLEGANY BORO-1 DIST,Governor,NA,NA,Write-ins,0,0,0
McKean,0038 PORT ALLEGANY BORO-1 DIST,U.S. House,15,DEM,SUSAN BOSER,113,110,3
McKean,0038 PORT ALLEGANY BORO-1 DIST,U.S. House,15,REP,GLENN GT THOMPSON,228,216,12
McKean,0038 PORT ALLEGANY BORO-1 DIST,U.S. House,15,NA,Write-ins,0,0,0
McKean,0038 PORT ALLEGANY BORO-1 DIST,State House,67,DEM,MARYANNE COLE,93,90,3
McKean,0038 PORT ALLEGANY BORO-1 DIST,State House,67,REP,MARTIN T CAUSER,247,236,11
McKean,0038 PORT ALLEGANY BORO-1 DIST,State House,67,NA,Write-ins,0,0,0
McKean,0039 PORT ALLEGANY BORO-2 DIST,Registered Voters,NA,NA,NA,444,NA,NA
McKean,0039 PORT ALLEGANY BORO-2 DIST,Ballots Cast,NA,NA,NA,247,237,10
McKean,0039 PORT ALLEGANY BORO-2 DIST,Straight Party,NA,DEM,DEMOCRATIC,38,38,0
McKean,0039 PORT ALLEGANY BORO-2 DIST,Straight Party,NA,REP,REPUBLICAN,94,94,0
McKean,0039 PORT ALLEGANY BORO-2 DIST,Straight Party,NA,GRN,GREEN,0,0,0
McKean,0039 PORT ALLEGANY BORO-2 DIST,Straight Party,NA,LIB,LIBERTARIAN,1,1,0
McKean,0039 PORT ALLEGANY BORO-2 DIST,U.S. Senate,NA,DEM,BOB CASEY JR,89,87,2
McKean,0039 PORT ALLEGANY BORO-2 DIST,U.S. Senate,NA,REP,LOU BARLETTA,146,138,8
McKean,0039 PORT ALLEGANY BORO-2 DIST,U.S. Senate,NA,GRN,NEAL GALE,1,1,0
McKean,0039 PORT ALLEGANY BORO-2 DIST,U.S. Senate,NA,LIB,DALE R KERNS JR,5,5,0
McKean,0039 PORT ALLEGANY BORO-2 DIST,U.S. Senate,NA,NA,Write-ins,0,0,0
McKean,0039 PORT ALLEGANY BORO-2 DIST,Governor,NA,DEM,TOM WOLF,94,93,1
McKean,0039 PORT ALLEGANY BORO-2 DIST,Governor,NA,REP,SCOTT R WAGNER,147,138,9
McKean,0039 PORT ALLEGANY BORO-2 DIST,Governor,NA,GRN,PAUL GLOVER,2,2,0
McKean,0039 PORT ALLEGANY BORO-2 DIST,Governor,NA,LIB,KEN V KRAWCHUK,2,2,0
McKean,0039 PORT ALLEGANY BORO-2 DIST,Governor,NA,NA,Write-ins,0,0,0
McKean,0039 PORT ALLEGANY BORO-2 DIST,U.S. House,15,DEM,SUSAN BOSER,81,80,1
McKean,0039 PORT ALLEGANY BORO-2 DIST,U.S. House,15,REP,GLENN GT THOMPSON,163,154,9
McKean,0039 PORT ALLEGANY BORO-2 DIST,U.S. House,15,NA,Write-ins,0,0,0
McKean,0039 PORT ALLEGANY BORO-2 DIST,State House,67,DEM,MARYANNE COLE,64,62,2
McKean,0039 PORT ALLEGANY BORO-2 DIST,State House,67,REP,MARTIN T CAUSER,182,174,8
McKean,0039 PORT ALLEGANY BORO-2 DIST,State House,67,NA,Write-ins,0,0,0
McKean,0040 SERGEANT TOWNSHIP,Registered Voters,NA,NA,NA,82,NA,NA
McKean,0040 SERGEANT TOWNSHIP,Ballots Cast,NA,NA,NA,48,46,2
McKean,0040 SERGEANT TOWNSHIP,Straight Party,NA,DEM,DEMOCRATIC,9,9,0
McKean,0040 SERGEANT TOWNSHIP,Straight Party,NA,REP,REPUBLICAN,19,19,0
McKean,0040 SERGEANT TOWNSHIP,Straight Party,NA,GRN,GREEN,0,0,0
McKean,0040 SERGEANT TOWNSHIP,Straight Party,NA,LIB,LIBERTARIAN,0,0,0
McKean,0040 SERGEANT TOWNSHIP,U.S. Senate,NA,DEM,BOB CASEY JR,18,17,1
McKean,0040 SERGEANT TOWNSHIP,U.S. Senate,NA,REP,LOU BARLETTA,30,29,1
McKean,0040 SERGEANT TOWNSHIP,U.S. Senate,NA,GRN,NEAL GALE,0,0,0
McKean,0040 SERGEANT TOWNSHIP,U.S. Senate,NA,LIB,DALE R KERNS JR,0,0,0
McKean,0040 SERGEANT TOWNSHIP,U.S. Senate,NA,NA,Write-ins,0,0,0
McKean,0040 SERGEANT TOWNSHIP,Governor,NA,DEM,TOM WOLF,17,16,1
McKean,0040 SERGEANT TOWNSHIP,Governor,NA,REP,SCOTT R WAGNER,31,30,1
McKean,0040 SERGEANT TOWNSHIP,Governor,NA,GRN,PAUL GLOVER,0,0,0
McKean,0040 SERGEANT TOWNSHIP,Governor,NA,LIB,KEN V KRAWCHUK,0,0,0
McKean,0040 SERGEANT TOWNSHIP,Governor,NA,NA,Write-ins,0,0,0
McKean,0040 SERGEANT TOWNSHIP,U.S. House,15,DEM,SUSAN BOSER,19,18,1
McKean,0040 SERGEANT TOWNSHIP,U.S. House,15,REP,GLENN GT THOMPSON,29,28,1
McKean,0040 SERGEANT TOWNSHIP,U.S. House,15,NA,Write-ins,0,0,0
McKean,0040 SERGEANT TOWNSHIP,State House,67,DEM,MARYANNE COLE,15,15,0
McKean,0040 SERGEANT TOWNSHIP,State House,67,REP,MARTIN T CAUSER,33,31,2
McKean,0040 SERGEANT TOWNSHIP,State House,67,NA,Write-ins,0,0,0
McKean,0041 SMETHPORT BOROUGH,Registered Voters,NA,NA,NA,958,NA,NA
McKean,0041 SMETHPORT BOROUGH,Ballots Cast,NA,NA,NA,538,504,34
McKean,0041 SMETHPORT BOROUGH,Straight Party,NA,DEM,DEMOCRATIC,59,59,0
McKean,0041 SMETHPORT BOROUGH,Straight Party,NA,REP,REPUBLICAN,248,248,0
McKean,0041 SMETHPORT BOROUGH,Straight Party,NA,GRN,GREEN,0,0,0
McKean,0041 SMETHPORT BOROUGH,Straight Party,NA,LIB,LIBERTARIAN,2,2,0
McKean,0041 SMETHPORT BOROUGH,U.S. Senate,NA,DEM,BOB CASEY JR,163,148,15
McKean,0041 SMETHPORT BOROUGH,U.S. Senate,NA,REP,LOU BARLETTA,362,344,18
McKean,0041 SMETHPORT BOROUGH,U.S. Senate,NA,GRN,NEAL GALE,1,1,0
McKean,0041 SMETHPORT BOROUGH,U.S. Senate,NA,LIB,DALE R KERNS JR,4,3,1
McKean,0041 SMETHPORT BOROUGH,U.S. Senate,NA,NA,Write-ins,0,0,0
McKean,0041 SMETHPORT BOROUGH,Governor,NA,DEM,TOM WOLF,173,155,18
McKean,0041 SMETHPORT BOROUGH,Governor,NA,REP,SCOTT R WAGNER,352,336,16
McKean,0041 SMETHPORT BOROUGH,Governor,NA,GRN,PAUL GLOVER,5,5,0
McKean,0041 SMETHPORT BOROUGH,Governor,NA,LIB,KEN V KRAWCHUK,4,4,0
McKean,0041 SMETHPORT BOROUGH,Governor,NA,NA,Write-ins,0,0,0
McKean,0041 SMETHPORT BOROUGH,U.S. House,15,DEM,SUSAN BOSER,141,125,16
McKean,0041 SMETHPORT BOROUGH,U.S. House,15,REP,GLENN GT THOMPSON,389,371,18
McKean,0041 SMETHPORT BOROUGH,U.S. House,15,NA,Write-ins,0,0,0
McKean,0041 SMETHPORT BOROUGH,State House,67,DEM,MARYANNE COLE,119,106,13
McKean,0041 SMETHPORT BOROUGH,State House,67,REP,MARTIN T CAUSER,413,393,20
McKean,0041 SMETHPORT BOROUGH,State House,67,NA,Write-ins,0,0,0
McKean,0042 WETMORE TOWNSHIP,Registered Voters,NA,NA,NA,1126,NA,NA
McKean,0042 WETMORE TOWNSHIP,Ballots Cast,NA,NA,NA,676,658,18
McKean,0042 WETMORE TOWNSHIP,Straight Party,NA,DEM,DEMOCRATIC,95,95,0
McKean,0042 WETMORE TOWNSHIP,Straight Party,NA,REP,REPUBLICAN,317,317,0
McKean,0042 WETMORE TOWNSHIP,Straight Party,NA,GRN,GREEN,1,1,0
McKean,0042 WETMORE TOWNSHIP,Straight Party,NA,LIB,LIBERTARIAN,0,0,0
McKean,0042 WETMORE TOWNSHIP,U.S. Senate,NA,DEM,BOB CASEY JR,219,218,1
McKean,0042 WETMORE TOWNSHIP,U.S. Senate,NA,REP,LOU BARLETTA,440,424,16
McKean,0042 WETMORE TOWNSHIP,U.S. Senate,NA,GRN,NEAL GALE,1,1,0
McKean,0042 WETMORE TOWNSHIP,U.S. Senate,NA,LIB,DALE R KERNS JR,9,8,1
McKean,0042 WETMORE TOWNSHIP,U.S. Senate,NA,NA,Write-ins,0,0,0
McKean,0042 WETMORE TOWNSHIP,Governor,NA,DEM,TOM WOLF,213,212,1
McKean,0042 WETMORE TOWNSHIP,Governor,NA,REP,SCOTT R WAGNER,451,436,15
McKean,0042 WETMORE TOWNSHIP,Governor,NA,GRN,PAUL GLOVER,3,3,0
McKean,0042 WETMORE TOWNSHIP,Governor,NA,LIB,KEN V KRAWCHUK,5,4,1
McKean,0042 WETMORE TOWNSHIP,Governor,NA,NA,Write-ins,0,0,0
McKean,0042 WETMORE TOWNSHIP,U.S. House,15,DEM,SUSAN BOSER,177,175,2
McKean,0042 WETMORE TOWNSHIP,U.S. House,15,REP,GLENN GT THOMPSON,495,479,16
McKean,0042 WETMORE TOWNSHIP,U.S. House,15,NA,Write-ins,0,0,0
McKean,0042 WETMORE TOWNSHIP,State House,67,DEM,MARYANNE COLE,161,159,2
McKean,0042 WETMORE TOWNSHIP,State House,67,REP,MARTIN T CAUSER,510,494,16
McKean,0042 WETMORE TOWNSHIP,State House,67,NA,Write-ins,0,0,0
