county,precinct,office,district,party,candidate,votes,election_day,absentee
Clinton,0001 ALLISON TOWNSHIP,,,,Registered Voters,148,,
Clinton,0001 ALLISON TOWNSHIP,,,,Ballots Cast,92,90,2
Clinton,0001 ALLISON TOWNSHIP,STRAIGHT PARTY,,DEM,DEMOCRATIC,15,14,1
Clinton,0001 ALLISON TOWNSHIP,STRAIGHT PARTY,,REP,REPUBLICAN,30,30,0
Clinton,0001 ALLISON TOWNSHIP,STRAIGHT PARTY,,GRN,GREEN PARTY,0,0,0
Clinton,0001 ALLISON TOWNSHIP,STRAIGHT PARTY,,LIB,LIBERTARIAN,0,0,0
Clinton,0001 ALLISON TOWNSHIP,U.S. Senate,,DEM,BOB CASEY JR,41,38,1
Clinton,0001 ALLISON TOWNSHIP,U.S. Senate,,REP,LOU BARLETTA,53,52,1
Clinton,0001 ALLISON TOWNSHIP,U.S. Senate,,GRN,NEAL GALE,0,0,0
Clinton,0001 ALLISON TOWNSHIP,U.S. Senate,,LIB,DALE R KERNS JR,0,0,0
Clinton,0001 ALLISON TOWNSHIP,U.S. Senate,,,Write-ins,0,0,0
Clinton,0001 ALLISON TOWNSHIP,Governor,,DEM,TOM WOLF AND JOHN FETTERMAN,43,39,2
Clinton,0001 ALLISON TOWNSHIP,Governor,,REP,SCOTT R WAGNER AND JEFF BARTOS,51,51,0
Clinton,0001 ALLISON TOWNSHIP,Governor,,GRN,PAUL GLOVER,0,0,0
Clinton,0001 ALLISON TOWNSHIP,Governor,,LIB,KEN V KRAWCHUK,0,0,0
Clinton,0001 ALLISON TOWNSHIP,Governor,,,Write-ins,0,0,0
Clinton,0001 ALLISON TOWNSHIP,U.S. House,12,DEM,MARC FRIEDENBERG,33,30,1
Clinton,0001 ALLISON TOWNSHIP,U.S. House,12,REP,TOM MARINO,61,60,1
Clinton,0001 ALLISON TOWNSHIP,U.S. House,12,,Write-ins,0,0,0
Clinton,0001 ALLISON TOWNSHIP,State House,76,DEM,MIKE HANNA,43,39,2
Clinton,0001 ALLISON TOWNSHIP,State House,76,REP,STEPHANIE BOROWICZ,51,51,0
Clinton,0001 ALLISON TOWNSHIP,State House,76,,Write-ins,0,0,0
Clinton,0002 AVIS BOROUGH,,,,Registered Voters,798,,
Clinton,0002 AVIS BOROUGH,,,,Ballots Cast,490,469,21
Clinton,0002 AVIS BOROUGH,STRAIGHT PARTY,,DEM,DEMOCRATIC,82,74,8
Clinton,0002 AVIS BOROUGH,STRAIGHT PARTY,,REP,REPUBLICAN,188,180,8
Clinton,0002 AVIS BOROUGH,STRAIGHT PARTY,,GRN,GREEN PARTY,2,1,1
Clinton,0002 AVIS BOROUGH,STRAIGHT PARTY,,LIB,LIBERTARIAN,1,1,0
Clinton,0002 AVIS BOROUGH,U.S. Senate,,DEM,BOB CASEY JR,192,181,11
Clinton,0002 AVIS BOROUGH,U.S. Senate,,REP,LOU BARLETTA,291,279,10
Clinton,0002 AVIS BOROUGH,U.S. Senate,,GRN,NEAL GALE,1,1,0
Clinton,0002 AVIS BOROUGH,U.S. Senate,,LIB,DALE R KERNS JR,3,3,0
Clinton,0002 AVIS BOROUGH,U.S. Senate,,,Write-ins,0,0,0
Clinton,0002 AVIS BOROUGH,Governor,,DEM,TOM WOLF AND JOHN FETTERMAN,195,186,9
Clinton,0002 AVIS BOROUGH,Governor,,REP,SCOTT R WAGNER AND JEFF BARTOS,285,272,11
Clinton,0002 AVIS BOROUGH,Governor,,GRN,PAUL GLOVER,2,2,0
Clinton,0002 AVIS BOROUGH,Governor,,LIB,KEN V KRAWCHUK,4,3,1
Clinton,0002 AVIS BOROUGH,Governor,,,Write-ins,1,1,0
Clinton,0002 AVIS BOROUGH,U.S. House,12,DEM,MARC FRIEDENBERG,166,157,9
Clinton,0002 AVIS BOROUGH,U.S. House,12,REP,TOM MARINO,315,301,12
Clinton,0002 AVIS BOROUGH,U.S. House,12,,Write-ins,0,0,0
Clinton,0002 AVIS BOROUGH,State House,76,DEM,MIKE HANNA,202,192,10
Clinton,0002 AVIS BOROUGH,State House,76,REP,STEPHANIE BOROWICZ,281,269,10
Clinton,0002 AVIS BOROUGH,State House,76,,Write-ins,0,0,0
Clinton,0003 BALD EAGLE TOWNSHIP,,,,Registered Voters,1110,,
Clinton,0003 BALD EAGLE TOWNSHIP,,,,Ballots Cast,709,684,25
Clinton,0003 BALD EAGLE TOWNSHIP,STRAIGHT PARTY,,DEM,DEMOCRATIC,126,120,6
Clinton,0003 BALD EAGLE TOWNSHIP,STRAIGHT PARTY,,REP,REPUBLICAN,233,229,4
Clinton,0003 BALD EAGLE TOWNSHIP,STRAIGHT PARTY,,GRN,GREEN PARTY,2,2,0
Clinton,0003 BALD EAGLE TOWNSHIP,STRAIGHT PARTY,,LIB,LIBERTARIAN,4,4,0
Clinton,0003 BALD EAGLE TOWNSHIP,U.S. Senate,,DEM,BOB CASEY JR,276,266,10
Clinton,0003 BALD EAGLE TOWNSHIP,U.S. Senate,,REP,LOU BARLETTA,404,390,14
Clinton,0003 BALD EAGLE TOWNSHIP,U.S. Senate,,GRN,NEAL GALE,4,4,0
Clinton,0003 BALD EAGLE TOWNSHIP,U.S. Senate,,LIB,DALE R KERNS JR,15,15,0
Clinton,0003 BALD EAGLE TOWNSHIP,U.S. Senate,,,Write-ins,0,0,0
Clinton,0003 BALD EAGLE TOWNSHIP,Governor,,DEM,TOM WOLF AND JOHN FETTERMAN,296,282,14
Clinton,0003 BALD EAGLE TOWNSHIP,Governor,,REP,SCOTT R WAGNER AND JEFF BARTOS,386,375,11
Clinton,0003 BALD EAGLE TOWNSHIP,Governor,,GRN,PAUL GLOVER,5,5,0
Clinton,0003 BALD EAGLE TOWNSHIP,Governor,,LIB,KEN V KRAWCHUK,12,12,0
Clinton,0003 BALD EAGLE TOWNSHIP,Governor,,,Write-ins,2,2,0
Clinton,0003 BALD EAGLE TOWNSHIP,U.S. House,12,DEM,MARC FRIEDENBERG,247,238,9
Clinton,0003 BALD EAGLE TOWNSHIP,U.S. House,12,REP,TOM MARINO,448,433,15
Clinton,0003 BALD EAGLE TOWNSHIP,U.S. House,12,,Write-ins,1,1,0
Clinton,0003 BALD EAGLE TOWNSHIP,State House,76,DEM,MIKE HANNA,351,337,14
Clinton,0003 BALD EAGLE TOWNSHIP,State House,76,REP,STEPHANIE BOROWICZ,351,340,11
Clinton,0003 BALD EAGLE TOWNSHIP,State House,76,,Write-ins,1,1,0
Clinton,0004 BEECH CREEK BOROUGH,,,,Registered Voters,416,,
Clinton,0004 BEECH CREEK BOROUGH,,,,Ballots Cast,268,265,3
Clinton,0004 BEECH CREEK BOROUGH,STRAIGHT PARTY,,DEM,DEMOCRATIC,46,45,1
Clinton,0004 BEECH CREEK BOROUGH,STRAIGHT PARTY,,REP,REPUBLICAN,88,86,2
Clinton,0004 BEECH CREEK BOROUGH,STRAIGHT PARTY,,GRN,GREEN PARTY,0,0,0
Clinton,0004 BEECH CREEK BOROUGH,STRAIGHT PARTY,,LIB,LIBERTARIAN,0,0,0
Clinton,0004 BEECH CREEK BOROUGH,U.S. Senate,,DEM,BOB CASEY JR,106,105,1
Clinton,0004 BEECH CREEK BOROUGH,U.S. Senate,,REP,LOU BARLETTA,156,151,2
Clinton,0004 BEECH CREEK BOROUGH,U.S. Senate,,GRN,NEAL GALE,1,1,0
Clinton,0004 BEECH CREEK BOROUGH,U.S. Senate,,LIB,DALE R KERNS JR,4,4,0
Clinton,0004 BEECH CREEK BOROUGH,U.S. Senate,,,Write-ins,0,0,
Clinton,0004 BEECH CREEK BOROUGH,Governor,,DEM,TOM WOLF AND JOHN FETTERMAN,109,107,1
Clinton,0004 BEECH CREEK BOROUGH,Governor,,REP,SCOTT R WAGNER AND JEFF BARTOS,153,149,2
Clinton,0004 BEECH CREEK BOROUGH,Governor,,GRN,PAUL GLOVER,1,1,0
Clinton,0004 BEECH CREEK BOROUGH,Governor,,LIB,KEN V KRAWCHUK,7,7,0
Clinton,0004 BEECH CREEK BOROUGH,Governor,,,Write-ins,0,0,0
Clinton,0004 BEECH CREEK BOROUGH,U.S. House,12,DEM,MARC FRIEDENBERG,88,87,1
Clinton,0004 BEECH CREEK BOROUGH,U.S. House,12,REP,TOM MARINO,179,174,2
Clinton,0004 BEECH CREEK BOROUGH,U.S. House,12,,Write-ins,0,0,0
Clinton,0004 BEECH CREEK BOROUGH,State House,76,DEM,MIKE HANNA,127,124,1
Clinton,0004 BEECH CREEK BOROUGH,State House,76,REP,STEPHANIE BOROWICZ,143,140,2
Clinton,0004 BEECH CREEK BOROUGH,State House,76,,Write-ins,0,0,0
Clinton,0005 BEECH CREEK TOWNSHIP,,,,Registered Voters,557,,
Clinton,0005 BEECH CREEK TOWNSHIP,,,,Ballots Cast,360,353,7
Clinton,0005 BEECH CREEK TOWNSHIP,STRAIGHT PARTY,,DEM,DEMOCRATIC,58,56,2
Clinton,0005 BEECH CREEK TOWNSHIP,STRAIGHT PARTY,,REP,REPUBLICAN,118,117,1
Clinton,0005 BEECH CREEK TOWNSHIP,STRAIGHT PARTY,,GRN,GREEN PARTY,0,0,0
Clinton,0005 BEECH CREEK TOWNSHIP,STRAIGHT PARTY,,LIB,LIBERTARIAN,2,2,0
Clinton,0005 BEECH CREEK TOWNSHIP,U.S. Senate,,DEM,BOB CASEY JR,148,144,4
Clinton,0005 BEECH CREEK TOWNSHIP,U.S. Senate,,REP,LOU BARLETTA,198,196,2
Clinton,0005 BEECH CREEK TOWNSHIP,U.S. Senate,,GRN,NEAL GALE,1,1,0
Clinton,0005 BEECH CREEK TOWNSHIP,U.S. Senate,,LIB,DALE R KERNS JR,3,3,0
Clinton,0005 BEECH CREEK TOWNSHIP,U.S. Senate,,,Write-ins,0,0,0
Clinton,0005 BEECH CREEK TOWNSHIP,Governor,,DEM,TOM WOLF AND JOHN FETTERMAN,148,144,4
Clinton,0005 BEECH CREEK TOWNSHIP,Governor,,REP,SCOTT R WAGNER AND JEFF BARTOS,205,203,2
Clinton,0005 BEECH CREEK TOWNSHIP,Governor,,GRN,PAUL GLOVER,0,0,0
Clinton,0005 BEECH CREEK TOWNSHIP,Governor,,LIB,KEN V KRAWCHUK,2,2,0
Clinton,0005 BEECH CREEK TOWNSHIP,Governor,,,Write-ins,0,0,0
Clinton,0005 BEECH CREEK TOWNSHIP,U.S. House,12,DEM,MARC FRIEDENBERG,120,117,3
Clinton,0005 BEECH CREEK TOWNSHIP,U.S. House,12,REP,TOM MARINO,235,232,3
Clinton,0005 BEECH CREEK TOWNSHIP,U.S. House,12,,Write-ins,0,0,0
Clinton,0005 BEECH CREEK TOWNSHIP,State House,76,DEM,MIKE HANNA,158,154,4
Clinton,0005 BEECH CREEK TOWNSHIP,State House,76,REP,STEPHANIE BOROWICZ,199,196,3
Clinton,0005 BEECH CREEK TOWNSHIP,State House,76,,Write-ins,0,0,0
Clinton,0006 CASTANEA TOWNSHIP,,,,Registered Voters,597,,
Clinton,0006 CASTANEA TOWNSHIP,,,,Ballots Cast,391,382,9
Clinton,0006 CASTANEA TOWNSHIP,STRAIGHT PARTY,,DEM,DEMOCRATIC,88,86,2
Clinton,0006 CASTANEA TOWNSHIP,STRAIGHT PARTY,,REP,REPUBLICAN,104,103,1
Clinton,0006 CASTANEA TOWNSHIP,STRAIGHT PARTY,,GRN,GREEN PARTY,0,0,0
Clinton,0006 CASTANEA TOWNSHIP,STRAIGHT PARTY,,LIB,LIBERTARIAN,1,1,0
Clinton,0006 CASTANEA TOWNSHIP,U.S. Senate,,DEM,BOB CASEY JR,184,177,7
Clinton,0006 CASTANEA TOWNSHIP,U.S. Senate,,REP,LOU BARLETTA,193,191,2
Clinton,0006 CASTANEA TOWNSHIP,U.S. Senate,,GRN,NEAL GALE,5,5,0
Clinton,0006 CASTANEA TOWNSHIP,U.S. Senate,,LIB,DALE R KERNS JR,5,5,0
Clinton,0006 CASTANEA TOWNSHIP,U.S. Senate,,,Write-ins,0,0,0
Clinton,0006 CASTANEA TOWNSHIP,Governor,,DEM,TOM WOLF AND JOHN FETTERMAN,198,191,7
Clinton,0006 CASTANEA TOWNSHIP,Governor,,REP,SCOTT R WAGNER AND JEFF BARTOS,181,179,2
Clinton,0006 CASTANEA TOWNSHIP,Governor,,GRN,PAUL GLOVER,4,4,0
Clinton,0006 CASTANEA TOWNSHIP,Governor,,LIB,KEN V KRAWCHUK,4,4,0
Clinton,0006 CASTANEA TOWNSHIP,Governor,,,Write-ins,0,0,0
Clinton,0006 CASTANEA TOWNSHIP,U.S. House,12,DEM,MARC FRIEDENBERG,167,161,6
Clinton,0006 CASTANEA TOWNSHIP,U.S. House,12,REP,TOM MARINO,218,216,2
Clinton,0006 CASTANEA TOWNSHIP,U.S. House,12,,Write-ins,0,0,0
Clinton,0006 CASTANEA TOWNSHIP,State House,76,DEM,MIKE HANNA,214,206,8
Clinton,0006 CASTANEA TOWNSHIP,State House,76,REP,STEPHANIE BOROWICZ,173,172,1
Clinton,0006 CASTANEA TOWNSHIP,State House,76,,Write-ins,1,1,0
Clinton,0007 CHAPMAN TOWNSHIP,,,,Registered Voters,566,,
Clinton,0007 CHAPMAN TOWNSHIP,,,,Ballots Cast,353,346,7
Clinton,0007 CHAPMAN TOWNSHIP,STRAIGHT PARTY,,DEM,DEMOCRATIC,69,69,0
Clinton,0007 CHAPMAN TOWNSHIP,STRAIGHT PARTY,,REP,REPUBLICAN,107,104,3
Clinton,0007 CHAPMAN TOWNSHIP,STRAIGHT PARTY,,GRN,GREEN PARTY,0,0,0
Clinton,0007 CHAPMAN TOWNSHIP,STRAIGHT PARTY,,LIB,LIBERTARIAN,0,0,0
Clinton,0007 CHAPMAN TOWNSHIP,U.S. Senate,,DEM,BOB CASEY JR,162,160,2
Clinton,0007 CHAPMAN TOWNSHIP,U.S. Senate,,REP,LOU BARLETTA,177,172,5
Clinton,0007 CHAPMAN TOWNSHIP,U.S. Senate,,GRN,NEAL GALE,2,2,0
Clinton,0007 CHAPMAN TOWNSHIP,U.S. Senate,,LIB,DALE R KERNS JR,2,2,0
Clinton,0007 CHAPMAN TOWNSHIP,U.S. Senate,,,Write-ins,0,0,0
Clinton,0007 CHAPMAN TOWNSHIP,Governor,,DEM,TOM WOLF AND JOHN FETTERMAN,161,159,2
Clinton,0007 CHAPMAN TOWNSHIP,Governor,,REP,SCOTT R WAGNER AND JEFF BARTOS,183,178,5
Clinton,0007 CHAPMAN TOWNSHIP,Governor,,,Write-ins,0,0,0
Clinton,0007 CHAPMAN TOWNSHIP,Governor,,GRN,PAUL GLOVER,4,4,0
Clinton,0007 CHAPMAN TOWNSHIP,Governor,,LIB,KEN V KRAWCHUK,1,1,0
Clinton,0007 CHAPMAN TOWNSHIP,U.S. House,12,DEM,MARC FRIEDENBERG,133,131,2
Clinton,0007 CHAPMAN TOWNSHIP,U.S. House,12,REP,TOM MARINO,208,203,5
Clinton,0007 CHAPMAN TOWNSHIP,U.S. House,12,,Write-ins,0,0,0
Clinton,0007 CHAPMAN TOWNSHIP,State House,76,DEM,MIKE HANNA,186,184,2
Clinton,0007 CHAPMAN TOWNSHIP,State House,76,REP,STEPHANIE BOROWICZ,165,160,5
Clinton,0007 CHAPMAN TOWNSHIP,State House,76,,Write-ins,0,0,0
Clinton,0008 COLEBROOK TOWNSHIP,,,,Registered Voters,126,,
Clinton,0008 COLEBROOK TOWNSHIP,,,,Ballots Cast,78,72,6
Clinton,0008 COLEBROOK TOWNSHIP,STRAIGHT PARTY,,DEM,DEMOCRATIC,23,19,4
Clinton,0008 COLEBROOK TOWNSHIP,STRAIGHT PARTY,,REP,REPUBLICAN,25,25,0
Clinton,0008 COLEBROOK TOWNSHIP,STRAIGHT PARTY,,GRN,GREEN PARTY,0,0,0
Clinton,0008 COLEBROOK TOWNSHIP,STRAIGHT PARTY,,LIB,LIBERTARIAN,0,0,0
Clinton,0008 COLEBROOK TOWNSHIP,U.S. Senate,,DEM,BOB CASEY JR,41,36,5
Clinton,0008 COLEBROOK TOWNSHIP,U.S. Senate,,REP,LOU BARLETTA,32,31,1
Clinton,0008 COLEBROOK TOWNSHIP,U.S. Senate,,GRN,NEAL GALE,0,0,0
Clinton,0008 COLEBROOK TOWNSHIP,U.S. Senate,,LIB,DALE R KERNS JR,1,1,0
Clinton,0008 COLEBROOK TOWNSHIP,U.S. Senate,,,Write-ins,1,1,0
Clinton,0008 COLEBROOK TOWNSHIP,Governor,,DEM,TOM WOLF AND JOHN FETTERMAN,39,34,5
Clinton,0008 COLEBROOK TOWNSHIP,Governor,,REP,SCOTT R WAGNER AND JEFF BARTOS,37,36,1
Clinton,0008 COLEBROOK TOWNSHIP,Governor,,GRN,PAUL GLOVER,0,0,0
Clinton,0008 COLEBROOK TOWNSHIP,Governor,,LIB,KEN V KRAWCHUK,0,0,0
Clinton,0008 COLEBROOK TOWNSHIP,Governor,,,Write-ins,0,0,0
Clinton,0008 COLEBROOK TOWNSHIP,U.S. House,12,DEM,MARC FRIEDENBERG,38,34,4
Clinton,0008 COLEBROOK TOWNSHIP,U.S. House,12,REP,TOM MARINO,36,34,2
Clinton,0008 COLEBROOK TOWNSHIP,U.S. House,12,,Write-ins,0,0,0
Clinton,0008 COLEBROOK TOWNSHIP,State House,76,DEM,MIKE HANNA,47,42,5
Clinton,0008 COLEBROOK TOWNSHIP,State House,76,REP,STEPHANIE BOROWICZ,30,29,1
Clinton,0008 COLEBROOK TOWNSHIP,State House,76,,Write-ins,0,0,0
Clinton,0009 CRAWFORD TOWNSHIP,,,,Registered Voters,489,,
Clinton,0009 CRAWFORD TOWNSHIP,,,,Ballots Cast,288,276,12
Clinton,0009 CRAWFORD TOWNSHIP,STRAIGHT PARTY,,DEM,DEMOCRATIC,33,26,7
Clinton,0009 CRAWFORD TOWNSHIP,STRAIGHT PARTY,,REP,REPUBLICAN,143,139,4
Clinton,0009 CRAWFORD TOWNSHIP,STRAIGHT PARTY,,GRN,GREEN PARTY,0,0,0
Clinton,0009 CRAWFORD TOWNSHIP,STRAIGHT PARTY,,LIB,LIBERTARIAN,1,1,0
Clinton,0009 CRAWFORD TOWNSHIP,U.S. Senate,,DEM,BOB CASEY JR,62,55,7
Clinton,0009 CRAWFORD TOWNSHIP,U.S. Senate,,REP,LOU BARLETTA,213,208,5
Clinton,0009 CRAWFORD TOWNSHIP,U.S. Senate,,GRN,NEAL GALE,1,1,0
Clinton,0009 CRAWFORD TOWNSHIP,U.S. Senate,,LIB,DALE R KERNS JR,3,3,0
Clinton,0009 CRAWFORD TOWNSHIP,U.S. Senate,,,Write-ins,0,0,0
Clinton,0009 CRAWFORD TOWNSHIP,Governor,,DEM,TOM WOLF AND JOHN FETTERMAN,68,62,6
Clinton,0009 CRAWFORD TOWNSHIP,Governor,,REP,SCOTT R WAGNER AND JEFF BARTOS,213,208,5
Clinton,0009 CRAWFORD TOWNSHIP,Governor,,GRN,PAUL GLOVER,0,0,0
Clinton,0009 CRAWFORD TOWNSHIP,Governor,,LIB,KEN V KRAWCHUK,4,3,1
Clinton,0009 CRAWFORD TOWNSHIP,Governor,,,Write-ins,0,0,0
Clinton,0009 CRAWFORD TOWNSHIP,U.S. House,12,DEM,MARC FRIEDENBERG,61,54,7
Clinton,0009 CRAWFORD TOWNSHIP,U.S. House,12,REP,TOM MARINO,223,219,4
Clinton,0009 CRAWFORD TOWNSHIP,U.S. House,12,,Write-ins,1,0,1
Clinton,0009 CRAWFORD TOWNSHIP,State House,76,DEM,MIKE HANNA,77,70,7
Clinton,0009 CRAWFORD TOWNSHIP,State House,76,REP,STEPHANIE BOROWICZ,207,202,5
Clinton,0009 CRAWFORD TOWNSHIP,State House,76,,Write-ins,1,1,0
Clinton,0010 DUNNSTABLE TOWNSHIP,,,,Registered Voters,614,,
Clinton,0010 DUNNSTABLE TOWNSHIP,,,,Ballots Cast,430,414,16
Clinton,0010 DUNNSTABLE TOWNSHIP,STRAIGHT PARTY,,DEM,DEMOCRATIC,71,67,4
Clinton,0010 DUNNSTABLE TOWNSHIP,STRAIGHT PARTY,,REP,REPUBLICAN,139,135,4
Clinton,0010 DUNNSTABLE TOWNSHIP,STRAIGHT PARTY,,GRN,GREEN PARTY,0,0,0
Clinton,0010 DUNNSTABLE TOWNSHIP,STRAIGHT PARTY,,LIB,LIBERTARIAN,0,0,0
Clinton,0010 DUNNSTABLE TOWNSHIP,U.S. Senate,,DEM,BOB CASEY JR,164,152,12
Clinton,0010 DUNNSTABLE TOWNSHIP,U.S. Senate,,REP,LOU BARLETTA,250,246,4
Clinton,0010 DUNNSTABLE TOWNSHIP,U.S. Senate,,GRN,NEAL GALE,4,4,0
Clinton,0010 DUNNSTABLE TOWNSHIP,U.S. Senate,,LIB,DALE R KERNS JR,2,2,0
Clinton,0010 DUNNSTABLE TOWNSHIP,U.S. Senate,,,Write-ins,1,1,0
Clinton,0010 DUNNSTABLE TOWNSHIP,Governor,,DEM,TOM WOLF AND JOHN FETTERMAN,179,168,11
Clinton,0010 DUNNSTABLE TOWNSHIP,Governor,,REP,SCOTT R WAGNER AND JEFF BARTOS,244,239,5
Clinton,0010 DUNNSTABLE TOWNSHIP,Governor,,GRN,PAUL GLOVER,2,2,0
Clinton,0010 DUNNSTABLE TOWNSHIP,Governor,,LIB,KEN V KRAWCHUK,0,0,0
Clinton,0010 DUNNSTABLE TOWNSHIP,Governor,,,Write-ins,0,0,0
Clinton,0010 DUNNSTABLE TOWNSHIP,U.S. House,12,DEM,MARC FRIEDENBERG,144,135,9
Clinton,0010 DUNNSTABLE TOWNSHIP,U.S. House,12,REP,TOM MARINO,275,268,7
Clinton,0010 DUNNSTABLE TOWNSHIP,U.S. House,12,,Write-ins,1,1,0
Clinton,0010 DUNNSTABLE TOWNSHIP,State House,76,DEM,MIKE HANNA,186,175,11
Clinton,0010 DUNNSTABLE TOWNSHIP,State House,76,REP,STEPHANIE BOROWICZ,239,234,5
Clinton,0010 DUNNSTABLE TOWNSHIP,State House,76,,Write-ins,1,1,0
Clinton,0015 EAST KEATING TOWNSHIP,,,,Registered Voters,7,,
Clinton,0015 EAST KEATING TOWNSHIP,,,,Ballots Cast,6,4,2
Clinton,0015 EAST KEATING TOWNSHIP,STRAIGHT PARTY,,DEM,DEMOCRATIC,0,0,0
Clinton,0015 EAST KEATING TOWNSHIP,STRAIGHT PARTY,,REP,REPUBLICAN,4,4,0
Clinton,0015 EAST KEATING TOWNSHIP,STRAIGHT PARTY,,GRN,GREEN PARTY,0,0,0
Clinton,0015 EAST KEATING TOWNSHIP,STRAIGHT PARTY,,LIB,LIBERTARIAN,0,0,0
Clinton,0015 EAST KEATING TOWNSHIP,U.S. Senate,,DEM,BOB CASEY JR,2,0,2
Clinton,0015 EAST KEATING TOWNSHIP,U.S. Senate,,REP,LOU BARLETTA,4,4,0
Clinton,0015 EAST KEATING TOWNSHIP,U.S. Senate,,GRN,NEAL GALE,0,0,0
Clinton,0015 EAST KEATING TOWNSHIP,U.S. Senate,,LIB,DALE R KERNS JR,0,0,0
Clinton,0015 EAST KEATING TOWNSHIP,U.S. Senate,,,Write-ins,0,0,0
Clinton,0015 EAST KEATING TOWNSHIP,Governor,,DEM,TOM WOLF AND JOHN FETTERMAN,2,0,2
Clinton,0015 EAST KEATING TOWNSHIP,Governor,,REP,SCOTT R WAGNER AND JEFF BARTOS,4,4,0
Clinton,0015 EAST KEATING TOWNSHIP,Governor,,GRN,PAUL GLOVER,0,0,0
Clinton,0015 EAST KEATING TOWNSHIP,Governor,,LIB,KEN V KRAWCHUK,0,0,0
Clinton,0015 EAST KEATING TOWNSHIP,Governor,,,Write-ins,0,0,0
Clinton,0015 EAST KEATING TOWNSHIP,U.S. House,12,DEM,MARC FRIEDENBERG,0,0,0
Clinton,0015 EAST KEATING TOWNSHIP,U.S. House,12,REP,TOM MARINO,6,4,2
Clinton,0015 EAST KEATING TOWNSHIP,U.S. House,12,,Write-ins,0,0,0
Clinton,0015 EAST KEATING TOWNSHIP,State House,76,DEM,MIKE HANNA,0,0,0
Clinton,0015 EAST KEATING TOWNSHIP,State House,76,REP,STEPHANIE BOROWICZ,6,4,2
Clinton,0015 EAST KEATING TOWNSHIP,State House,76,,Write-ins,0,0,0
Clinton,0011 FLEMINGTON BOROUGH,,,,Registered Voters,751,,
Clinton,0011 FLEMINGTON BOROUGH,,,,Ballots Cast,481,466,15
Clinton,0011 FLEMINGTON BOROUGH,STRAIGHT PARTY,,DEM,DEMOCRATIC,105,101,4
Clinton,0011 FLEMINGTON BOROUGH,STRAIGHT PARTY,,REP,REPUBLICAN,119,114,5
Clinton,0011 FLEMINGTON BOROUGH,STRAIGHT PARTY,,GRN,GREEN PARTY,0,0,0
Clinton,0011 FLEMINGTON BOROUGH,STRAIGHT PARTY,,LIB,LIBERTARIAN,3,3,0
Clinton,0011 FLEMINGTON BOROUGH,U.S. Senate,,DEM,BOB CASEY JR,243,233,10
Clinton,0011 FLEMINGTON BOROUGH,U.S. Senate,,REP,LOU BARLETTA,222,217,5
Clinton,0011 FLEMINGTON BOROUGH,U.S. Senate,,GRN,NEAL GALE,3,3,0
Clinton,0011 FLEMINGTON BOROUGH,U.S. Senate,,LIB,DALE R KERNS JR,6,6,0
Clinton,0011 FLEMINGTON BOROUGH,U.S. Senate,,,Write-ins,0,0,0
Clinton,0011 FLEMINGTON BOROUGH,Governor,,DEM,TOM WOLF AND JOHN FETTERMAN,250,241,9
Clinton,0011 FLEMINGTON BOROUGH,Governor,,REP,SCOTT R WAGNER AND JEFF BARTOS,214,208,6
Clinton,0011 FLEMINGTON BOROUGH,Governor,,GRN,PAUL GLOVER,2,2,0
Clinton,0011 FLEMINGTON BOROUGH,Governor,,LIB,KEN V KRAWCHUK,10,10,0
Clinton,0011 FLEMINGTON BOROUGH,Governor,,,Write-ins,1,1,0
Clinton,0011 FLEMINGTON BOROUGH,U.S. House,12,DEM,MARC FRIEDENBERG,198,189,9
Clinton,0011 FLEMINGTON BOROUGH,U.S. House,12,REP,TOM MARINO,272,266,6
Clinton,0011 FLEMINGTON BOROUGH,U.S. House,12,,Write-ins,0,0,0
Clinton,0011 FLEMINGTON BOROUGH,State House,76,DEM,MIKE HANNA,255,245,10
Clinton,0011 FLEMINGTON BOROUGH,State House,76,REP,STEPHANIE BOROWICZ,221,216,5
Clinton,0011 FLEMINGTON BOROUGH,State House,76,,Write-ins,1,1,0
Clinton,0012 GALLAGHER TOWNSHIP,,,,Registered Voters,272,,
Clinton,0012 GALLAGHER TOWNSHIP,,,,Ballots Cast,163,155,8
Clinton,0012 GALLAGHER TOWNSHIP,STRAIGHT PARTY,,DEM,DEMOCRATIC,11,11,0
Clinton,0012 GALLAGHER TOWNSHIP,STRAIGHT PARTY,,REP,REPUBLICAN,76,75,1
Clinton,0012 GALLAGHER TOWNSHIP,STRAIGHT PARTY,,GRN,GREEN PARTY,0,0,0
Clinton,0012 GALLAGHER TOWNSHIP,STRAIGHT PARTY,,LIB,LIBERTARIAN,0,0,0
Clinton,0012 GALLAGHER TOWNSHIP,U.S. Senate,,DEM,BOB CASEY JR,36,31,5
Clinton,0012 GALLAGHER TOWNSHIP,U.S. Senate,,REP,LOU BARLETTA,124,120,3
Clinton,0012 GALLAGHER TOWNSHIP,U.S. Senate,,GRN,NEAL GALE,0,0,0
Clinton,0012 GALLAGHER TOWNSHIP,U.S. Senate,,LIB,DALE R KERNS JR,1,1,0
Clinton,0012 GALLAGHER TOWNSHIP,U.S. Senate,,,Write-ins,0,0,0
Clinton,0012 GALLAGHER TOWNSHIP,Governor,,DEM,TOM WOLF AND JOHN FETTERMAN,39,35,4
Clinton,0012 GALLAGHER TOWNSHIP,Governor,,REP,SCOTT R WAGNER AND JEFF BARTOS,123,118,4
Clinton,0012 GALLAGHER TOWNSHIP,Governor,,GRN,PAUL GLOVER,0,0,0
Clinton,0012 GALLAGHER TOWNSHIP,Governor,,LIB,KEN V KRAWCHUK,2,2,0
Clinton,0012 GALLAGHER TOWNSHIP,Governor,,,Write-ins,0,0,0
Clinton,0012 GALLAGHER TOWNSHIP,U.S. House,12,DEM,MARC FRIEDENBERG,28,24,4
Clinton,0012 GALLAGHER TOWNSHIP,U.S. House,12,REP,TOM MARINO,135,130,4
Clinton,0012 GALLAGHER TOWNSHIP,U.S. House,12,,Write-ins,0,0,0
Clinton,0012 GALLAGHER TOWNSHIP,State House,76,DEM,MIKE HANNA,47,41,6
Clinton,0012 GALLAGHER TOWNSHIP,State House,76,REP,STEPHANIE BOROWICZ,116,113,2
Clinton,0012 GALLAGHER TOWNSHIP,State House,76,,Write-ins,1,1,0
Clinton,0013 GREENE TOWNSHIP,,,,Registered Voters,671,,
Clinton,0013 GREENE TOWNSHIP,,,,Ballots Cast,441,427,14
Clinton,0013 GREENE TOWNSHIP,STRAIGHT PARTY,,DEM,DEMOCRATIC,38,36,2
Clinton,0013 GREENE TOWNSHIP,STRAIGHT PARTY,,REP,REPUBLICAN,211,204,7
Clinton,0013 GREENE TOWNSHIP,STRAIGHT PARTY,,GRN,GREEN PARTY,1,1,0
Clinton,0013 GREENE TOWNSHIP,STRAIGHT PARTY,,LIB,LIBERTARIAN,2,2,0
Clinton,0013 GREENE TOWNSHIP,U.S. Senate,,DEM,BOB CASEY JR,107,104,3
Clinton,0013 GREENE TOWNSHIP,U.S. Senate,,REP,LOU BARLETTA,316,305,11
Clinton,0013 GREENE TOWNSHIP,U.S. Senate,,GRN,NEAL GALE,2,2,0
Clinton,0013 GREENE TOWNSHIP,U.S. Senate,,LIB,DALE R KERNS JR,7,7,0
Clinton,0013 GREENE TOWNSHIP,U.S. Senate,,,Write-ins,1,1,0
Clinton,0013 GREENE TOWNSHIP,Governor,,DEM,TOM WOLF AND JOHN FETTERMAN,127,123,4
Clinton,0013 GREENE TOWNSHIP,Governor,,REP,SCOTT R WAGNER AND JEFF BARTOS,302,292,10
Clinton,0013 GREENE TOWNSHIP,Governor,,GRN,PAUL GLOVER,3,3,0
Clinton,0013 GREENE TOWNSHIP,Governor,,LIB,KEN V KRAWCHUK,7,7,0
Clinton,0013 GREENE TOWNSHIP,Governor,,,Write-ins,0,0,0
Clinton,0013 GREENE TOWNSHIP,U.S. House,12,DEM,MARC FRIEDENBERG,94,92,2
Clinton,0013 GREENE TOWNSHIP,U.S. House,12,REP,TOM MARINO,336,325,11
Clinton,0013 GREENE TOWNSHIP,U.S. House,12,,Write-ins,0,0,0
Clinton,0013 GREENE TOWNSHIP,State House,76,DEM,MIKE HANNA,125,121,4
Clinton,0013 GREENE TOWNSHIP,State House,76,REP,STEPHANIE BOROWICZ,311,301,10
Clinton,0013 GREENE TOWNSHIP,State House,76,,Write-ins,1,1,0
Clinton,0014 GRUGAN TOWNSHIP,,,,Registered Voters,33,,
Clinton,0014 GRUGAN TOWNSHIP,,,,Ballots Cast,22,21,1
Clinton,0014 GRUGAN TOWNSHIP,STRAIGHT PARTY,,DEM,DEMOCRATIC,1,1,0
Clinton,0014 GRUGAN TOWNSHIP,STRAIGHT PARTY,,REP,REPUBLICAN,6,6,0
Clinton,0014 GRUGAN TOWNSHIP,STRAIGHT PARTY,,GRN,GREEN PARTY,0,0,0
Clinton,0014 GRUGAN TOWNSHIP,STRAIGHT PARTY,,LIB,LIBERTARIAN,0,0,0
Clinton,0014 GRUGAN TOWNSHIP,U.S. Senate,,DEM,BOB CASEY JR,9,8,1
Clinton,0014 GRUGAN TOWNSHIP,U.S. Senate,,REP,LOU BARLETTA,12,12,0
Clinton,0014 GRUGAN TOWNSHIP,U.S. Senate,,GRN,NEAL GALE,0,0,0
Clinton,0014 GRUGAN TOWNSHIP,U.S. Senate,,LIB,DALE R KERNS JR,1,1,0
Clinton,0014 GRUGAN TOWNSHIP,U.S. Senate,,,Write-ins,0,0,0
Clinton,0014 GRUGAN TOWNSHIP,Governor,,DEM,TOM WOLF AND JOHN FETTERMAN,11,10,1
Clinton,0014 GRUGAN TOWNSHIP,Governor,,REP,SCOTT R WAGNER AND JEFF BARTOS,11,11,0
Clinton,0014 GRUGAN TOWNSHIP,Governor,,GRN,PAUL GLOVER,0,0,0
Clinton,0014 GRUGAN TOWNSHIP,Governor,,LIB,KEN V KRAWCHUK,0,0,0
Clinton,0014 GRUGAN TOWNSHIP,Governor,,,Write-ins,0,0,0
Clinton,0014 GRUGAN TOWNSHIP,U.S. House,12,DEM,MARC FRIEDENBERG,6,6,0
Clinton,0014 GRUGAN TOWNSHIP,U.S. House,12,REP,TOM MARINO,14,14,0
Clinton,0014 GRUGAN TOWNSHIP,U.S. House,12,,Write-ins,0,0,0
Clinton,0014 GRUGAN TOWNSHIP,State House,76,DEM,MIKE HANNA,13,12,1
Clinton,0014 GRUGAN TOWNSHIP,State House,76,REP,STEPHANIE BOROWICZ,9,9,0
Clinton,0014 GRUGAN TOWNSHIP,State House,76,,Write-ins,0,0,0
Clinton,0017 LAMAR TOWNSHIP,,,,Registered Voters,1306,,
Clinton,0017 LAMAR TOWNSHIP,,,,Ballots Cast,881,840,41
Clinton,0017 LAMAR TOWNSHIP,STRAIGHT PARTY,,DEM,DEMOCRATIC,150,138,12
Clinton,0017 LAMAR TOWNSHIP,STRAIGHT PARTY,,REP,REPUBLICAN,308,295,13
Clinton,0017 LAMAR TOWNSHIP,STRAIGHT PARTY,,GRN,GREEN PARTY,0,0,0
Clinton,0017 LAMAR TOWNSHIP,STRAIGHT PARTY,,LIB,LIBERTARIAN,2,2,0
Clinton,0017 LAMAR TOWNSHIP,U.S. Senate,,DEM,BOB CASEY JR,362,342,20
Clinton,0017 LAMAR TOWNSHIP,U.S. Senate,,REP,LOU BARLETTA,499,478,21
Clinton,0017 LAMAR TOWNSHIP,U.S. Senate,,GRN,NEAL GALE,4,4,0
Clinton,0017 LAMAR TOWNSHIP,U.S. Senate,,LIB,DALE R KERNS JR,4,4,0
Clinton,0017 LAMAR TOWNSHIP,U.S. Senate,,,Write-ins,1,1,0
Clinton,0017 LAMAR TOWNSHIP,Governor,,DEM,TOM WOLF AND JOHN FETTERMAN,381,358,23
Clinton,0017 LAMAR TOWNSHIP,Governor,,REP,SCOTT R WAGNER AND JEFF BARTOS,479,461,18
Clinton,0017 LAMAR TOWNSHIP,Governor,,GRN,PAUL GLOVER,5,5,0
Clinton,0017 LAMAR TOWNSHIP,Governor,,LIB,KEN V KRAWCHUK,8,8,0
Clinton,0017 LAMAR TOWNSHIP,Governor,,,Write-ins,1,1,0
Clinton,0017 LAMAR TOWNSHIP,U.S. House,12,DEM,MARC FRIEDENBERG,299,280,19
Clinton,0017 LAMAR TOWNSHIP,U.S. House,12,REP,TOM MARINO,567,547,20
Clinton,0017 LAMAR TOWNSHIP,U.S. House,12,,Write-ins,2,0,2
Clinton,0017 LAMAR TOWNSHIP,State House,76,DEM,MIKE HANNA,373,351,22
Clinton,0017 LAMAR TOWNSHIP,State House,76,REP,STEPHANIE BOROWICZ,501,482,19
Clinton,0017 LAMAR TOWNSHIP,State House,76,,Write-ins,0,0,0
Clinton,0018 LEIDY TOWNSHIP,,,,Registered Voters,113,,
Clinton,0018 LEIDY TOWNSHIP,,,,Ballots Cast,82,79,3
Clinton,0018 LEIDY TOWNSHIP,STRAIGHT PARTY,,DEM,DEMOCRATIC,4,3,1
Clinton,0018 LEIDY TOWNSHIP,STRAIGHT PARTY,,REP,REPUBLICAN,40,39,1
Clinton,0018 LEIDY TOWNSHIP,STRAIGHT PARTY,,GRN,GREEN PARTY,0,0,0
Clinton,0018 LEIDY TOWNSHIP,STRAIGHT PARTY,,LIB,LIBERTARIAN,0,0,0
Clinton,0018 LEIDY TOWNSHIP,U.S. Senate,,DEM,BOB CASEY JR,17,15,2
Clinton,0018 LEIDY TOWNSHIP,U.S. Senate,,REP,LOU BARLETTA,62,61,1
Clinton,0018 LEIDY TOWNSHIP,U.S. Senate,,GRN,NEAL GALE,0,0,0
Clinton,0018 LEIDY TOWNSHIP,U.S. Senate,,LIB,DALE R KERNS JR,0,0,0
Clinton,0018 LEIDY TOWNSHIP,U.S. Senate,,,Write-ins,0,0,0
Clinton,0018 LEIDY TOWNSHIP,Governor,,DEM,TOM WOLF AND JOHN FETTERMAN,20,18,2
Clinton,0018 LEIDY TOWNSHIP,Governor,,REP,SCOTT R WAGNER AND JEFF BARTOS,60,59,1
Clinton,0018 LEIDY TOWNSHIP,Governor,,GRN,PAUL GLOVER,0,0,0
Clinton,0018 LEIDY TOWNSHIP,Governor,,LIB,KEN V KRAWCHUK,0,0,0
Clinton,0018 LEIDY TOWNSHIP,Governor,,,Write-ins,0,0,0
Clinton,0018 LEIDY TOWNSHIP,U.S. House,12,DEM,MARC FRIEDENBERG,13,12,1
Clinton,0018 LEIDY TOWNSHIP,U.S. House,12,REP,TOM MARINO,66,65,1
Clinton,0018 LEIDY TOWNSHIP,U.S. House,12,,Write-ins,0,0,0
Clinton,0018 LEIDY TOWNSHIP,State House,76,DEM,MIKE HANNA,28,27,1
Clinton,0018 LEIDY TOWNSHIP,State House,76,REP,STEPHANIE BOROWICZ,51,50,1
Clinton,0018 LEIDY TOWNSHIP,State House,76,,Write-ins,0,0,0
Clinton,0028 LOCK HAVEN FIRST WARD,,,,Registered Voters,588,,
Clinton,0028 LOCK HAVEN FIRST WARD,,,,Ballots Cast,284,276,8
Clinton,0028 LOCK HAVEN FIRST WARD,STRAIGHT PARTY,,DEM,DEMOCRATIC,75,74,1
Clinton,0028 LOCK HAVEN FIRST WARD,STRAIGHT PARTY,,REP,REPUBLICAN,71,69,2
Clinton,0028 LOCK HAVEN FIRST WARD,STRAIGHT PARTY,,GRN,GREEN PARTY,1,1,0
Clinton,0028 LOCK HAVEN FIRST WARD,STRAIGHT PARTY,,LIB,LIBERTARIAN,4,4,0
Clinton,0028 LOCK HAVEN FIRST WARD,U.S. Senate,,DEM,BOB CASEY JR,142,138,4
Clinton,0028 LOCK HAVEN FIRST WARD,U.S. Senate,,REP,LOU BARLETTA,126,121,4
Clinton,0028 LOCK HAVEN FIRST WARD,U.S. Senate,,GRN,NEAL GALE,5,5,0
Clinton,0028 LOCK HAVEN FIRST WARD,U.S. Senate,,LIB,DALE R KERNS JR,8,8,0
Clinton,0028 LOCK HAVEN FIRST WARD,U.S. Senate,,,Write-ins,0,0,0
Clinton,0028 LOCK HAVEN FIRST WARD,Governor,,DEM,TOM WOLF AND JOHN FETTERMAN,147,142,5
Clinton,0028 LOCK HAVEN FIRST WARD,Governor,,REP,SCOTT R WAGNER AND JEFF BARTOS,127,123,3
Clinton,0028 LOCK HAVEN FIRST WARD,Governor,,GRN,PAUL GLOVER,1,1,0
Clinton,0028 LOCK HAVEN FIRST WARD,Governor,,LIB,KEN V KRAWCHUK,10,10,0
Clinton,0028 LOCK HAVEN FIRST WARD,Governor,,,Write-ins,0,0,0
Clinton,0028 LOCK HAVEN FIRST WARD,U.S. House,12,DEM,MARC FRIEDENBERG,136,131,4
Clinton,0028 LOCK HAVEN FIRST WARD,U.S. House,12,REP,TOM MARINO,146,142,4
Clinton,0028 LOCK HAVEN FIRST WARD,U.S. House,12,,Write-ins,0,0,0
Clinton,0028 LOCK HAVEN FIRST WARD,State House,76,DEM,MIKE HANNA,161,157,4
Clinton,0028 LOCK HAVEN FIRST WARD,State House,76,REP,STEPHANIE BOROWICZ,124,119,4
Clinton,0028 LOCK HAVEN FIRST WARD,State House,76,,Write-ins,0,0,0
Clinton,0029 LOCK HAVEN SECOND WARD,,,,Registered Voters,337,,
Clinton,0029 LOCK HAVEN SECOND WARD,,,,Ballots Cast,130,126,4
Clinton,0029 LOCK HAVEN SECOND WARD,STRAIGHT PARTY,,DEM,DEMOCRATIC,45,44,1
Clinton,0029 LOCK HAVEN SECOND WARD,STRAIGHT PARTY,,REP,REPUBLICAN,25,24,1
Clinton,0029 LOCK HAVEN SECOND WARD,STRAIGHT PARTY,,GRN,GREEN PARTY,0,0,0
Clinton,0029 LOCK HAVEN SECOND WARD,STRAIGHT PARTY,,LIB,LIBERTARIAN,0,0,0
Clinton,0029 LOCK HAVEN SECOND WARD,U.S. Senate,,DEM,BOB CASEY JR,76,75,1
Clinton,0029 LOCK HAVEN SECOND WARD,U.S. Senate,,REP,LOU BARLETTA,47,44,3
Clinton,0029 LOCK HAVEN SECOND WARD,U.S. Senate,,GRN,NEAL GALE,1,1,0
Clinton,0029 LOCK HAVEN SECOND WARD,U.S. Senate,,LIB,DALE R KERNS JR,3,3,0
Clinton,0029 LOCK HAVEN SECOND WARD,U.S. Senate,,,Write-ins,0,0,0
Clinton,0029 LOCK HAVEN SECOND WARD,Governor,,DEM,TOM WOLF AND JOHN FETTERMAN,76,74,2
Clinton,0029 LOCK HAVEN SECOND WARD,Governor,,REP,SCOTT R WAGNER AND JEFF BARTOS,47,45,2
Clinton,0029 LOCK HAVEN SECOND WARD,Governor,,GRN,PAUL GLOVER,0,0,0
Clinton,0029 LOCK HAVEN SECOND WARD,Governor,,LIB,KEN V KRAWCHUK,5,5,0
Clinton,0029 LOCK HAVEN SECOND WARD,Governor,,,Write-ins,0,0,0
Clinton,0029 LOCK HAVEN SECOND WARD,U.S. House,12,DEM,MARC FRIEDENBERG,72,71,1
Clinton,0029 LOCK HAVEN SECOND WARD,U.S. House,12,REP,TOM MARINO,54,51,3
Clinton,0029 LOCK HAVEN SECOND WARD,U.S. House,12,,Write-ins,0,0,0
Clinton,0029 LOCK HAVEN SECOND WARD,State House,76,DEM,MIKE HANNA,86,84,2
Clinton,0029 LOCK HAVEN SECOND WARD,State House,76,REP,STEPHANIE BOROWICZ,43,41,2
Clinton,0029 LOCK HAVEN SECOND WARD,State House,76,,Write-ins,0,0,0
Clinton,0030 LOCK HAVEN THIRD WARD,,,,Registered Voters,1715,,
Clinton,0030 LOCK HAVEN THIRD WARD,,,,Ballots Cast,653,635,18
Clinton,0030 LOCK HAVEN THIRD WARD,STRAIGHT PARTY,,DEM,DEMOCRATIC,216,209,7
Clinton,0030 LOCK HAVEN THIRD WARD,STRAIGHT PARTY,,REP,REPUBLICAN,144,142,2
Clinton,0030 LOCK HAVEN THIRD WARD,STRAIGHT PARTY,,GRN,GREEN PARTY,2,2,0
Clinton,0030 LOCK HAVEN THIRD WARD,STRAIGHT PARTY,,LIB,LIBERTARIAN,4,4,0
Clinton,0030 LOCK HAVEN THIRD WARD,U.S. Senate,,DEM,BOB CASEY JR,400,385,14
Clinton,0030 LOCK HAVEN THIRD WARD,U.S. Senate,,REP,LOU BARLETTA,224,219,3
Clinton,0030 LOCK HAVEN THIRD WARD,U.S. Senate,,GRN,NEAL GALE,12,11,0
Clinton,0030 LOCK HAVEN THIRD WARD,U.S. Senate,,LIB,DALE R KERNS JR,10,9,1
Clinton,0030 LOCK HAVEN THIRD WARD,U.S. Senate,,,Write-ins,0,0,0
Clinton,0030 LOCK HAVEN THIRD WARD,Governor,,DEM,TOM WOLF AND JOHN FETTERMAN,411,396,14
Clinton,0030 LOCK HAVEN THIRD WARD,Governor,,REP,SCOTT R WAGNER AND JEFF BARTOS,227,222,3
Clinton,0030 LOCK HAVEN THIRD WARD,Governor,,GRN,PAUL GLOVER,5,5,0
Clinton,0030 LOCK HAVEN THIRD WARD,Governor,,LIB,KEN V KRAWCHUK,9,7,1
Clinton,0030 LOCK HAVEN THIRD WARD,Governor,,,Write-ins,1,1,0
Clinton,0030 LOCK HAVEN THIRD WARD,U.S. House,12,DEM,MARC FRIEDENBERG,399,383,14
Clinton,0030 LOCK HAVEN THIRD WARD,U.S. House,12,REP,TOM MARINO,250,244,4
Clinton,0030 LOCK HAVEN THIRD WARD,U.S. House,12,,Write-ins,0,0,0
Clinton,0030 LOCK HAVEN THIRD WARD,State House,76,DEM,MIKE HANNA,424,408,14
Clinton,0030 LOCK HAVEN THIRD WARD,State House,76,REP,STEPHANIE BOROWICZ,230,224,4
Clinton,0030 LOCK HAVEN THIRD WARD,State House,76,,Write-ins,1,1,0
Clinton,0031 LOCK HAVEN FOURTH WARD,,,,Registered Voters,1308,,
Clinton,0031 LOCK HAVEN FOURTH WARD,,,,Ballots Cast,681,659,22
Clinton,0031 LOCK HAVEN FOURTH WARD,STRAIGHT PARTY,,DEM,DEMOCRATIC,174,166,8
Clinton,0031 LOCK HAVEN FOURTH WARD,STRAIGHT PARTY,,REP,REPUBLICAN,171,166,5
Clinton,0031 LOCK HAVEN FOURTH WARD,STRAIGHT PARTY,,GRN,GREEN PARTY,1,1,0
Clinton,0031 LOCK HAVEN FOURTH WARD,STRAIGHT PARTY,,LIB,LIBERTARIAN,2,2,0
Clinton,0031 LOCK HAVEN FOURTH WARD,U.S. Senate,,DEM,BOB CASEY JR,355,340,15
Clinton,0031 LOCK HAVEN FOURTH WARD,U.S. Senate,,REP,LOU BARLETTA,296,289,7
Clinton,0031 LOCK HAVEN FOURTH WARD,U.S. Senate,,GRN,NEAL GALE,5,4,0
Clinton,0031 LOCK HAVEN FOURTH WARD,U.S. Senate,,LIB,DALE R KERNS JR,10,10,0
Clinton,0031 LOCK HAVEN FOURTH WARD,U.S. Senate,,,Write-ins,0,0,0
Clinton,0031 LOCK HAVEN FOURTH WARD,Governor,,DEM,TOM WOLF AND JOHN FETTERMAN,378,363,14
Clinton,0031 LOCK HAVEN FOURTH WARD,Governor,,REP,SCOTT R WAGNER AND JEFF BARTOS,280,273,7
Clinton,0031 LOCK HAVEN FOURTH WARD,Governor,,GRN,PAUL GLOVER,4,4,0
Clinton,0031 LOCK HAVEN FOURTH WARD,Governor,,LIB,KEN V KRAWCHUK,12,12,0
Clinton,0031 LOCK HAVEN FOURTH WARD,Governor,,,Write-ins,1,1,0
Clinton,0031 LOCK HAVEN FOURTH WARD,U.S. House,12,DEM,MARC FRIEDENBERG,332,318,13
Clinton,0031 LOCK HAVEN FOURTH WARD,U.S. House,12,REP,TOM MARINO,333,324,9
Clinton,0031 LOCK HAVEN FOURTH WARD,U.S. House,12,,Write-ins,0,0,0
Clinton,0031 LOCK HAVEN FOURTH WARD,State House,76,DEM,MIKE HANNA,415,400,14
Clinton,0031 LOCK HAVEN FOURTH WARD,State House,76,REP,STEPHANIE BOROWICZ,260,252,8
Clinton,0031 LOCK HAVEN FOURTH WARD,State House,76,,Write-ins,0,0,0
Clinton,0032 LOCK HAVEN FIFTH WARD,,,,Registered Voters,596,,
Clinton,0032 LOCK HAVEN FIFTH WARD,,,,Ballots Cast,311,299,12
Clinton,0032 LOCK HAVEN FIFTH WARD,STRAIGHT PARTY,,DEM,DEMOCRATIC,78,77,1
Clinton,0032 LOCK HAVEN FIFTH WARD,STRAIGHT PARTY,,REP,REPUBLICAN,98,92,6
Clinton,0032 LOCK HAVEN FIFTH WARD,STRAIGHT PARTY,,GRN,GREEN PARTY,1,1,0
Clinton,0032 LOCK HAVEN FIFTH WARD,STRAIGHT PARTY,,LIB,LIBERTARIAN,2,2,0
Clinton,0032 LOCK HAVEN FIFTH WARD,U.S. Senate,,DEM,BOB CASEY JR,143,140,3
Clinton,0032 LOCK HAVEN FIFTH WARD,U.S. Senate,,REP,LOU BARLETTA,158,147,9
Clinton,0032 LOCK HAVEN FIFTH WARD,U.S. Senate,,GRN,NEAL GALE,2,2,0
Clinton,0032 LOCK HAVEN FIFTH WARD,U.S. Senate,,LIB,DALE R KERNS JR,3,3,0
Clinton,0032 LOCK HAVEN FIFTH WARD,U.S. Senate,,,Write-ins,0,0,0
Clinton,0032 LOCK HAVEN FIFTH WARD,Governor,,DEM,TOM WOLF AND JOHN FETTERMAN,146,143,3
Clinton,0032 LOCK HAVEN FIFTH WARD,Governor,,REP,SCOTT R WAGNER AND JEFF BARTOS,156,145,9
Clinton,0032 LOCK HAVEN FIFTH WARD,Governor,,GRN,PAUL GLOVER,1,1,0
Clinton,0032 LOCK HAVEN FIFTH WARD,Governor,,LIB,KEN V KRAWCHUK,6,6,0
Clinton,0032 LOCK HAVEN FIFTH WARD,Governor,,,Write-ins,0,0,0
Clinton,0032 LOCK HAVEN FIFTH WARD,U.S. House,12,DEM,MARC FRIEDENBERG,133,132,1
Clinton,0032 LOCK HAVEN FIFTH WARD,U.S. House,12,REP,TOM MARINO,176,163,11
Clinton,0032 LOCK HAVEN FIFTH WARD,U.S. House,12,,Write-ins,0,0,0
Clinton,0032 LOCK HAVEN FIFTH WARD,State House,76,DEM,MIKE HANNA,169,166,3
Clinton,0032 LOCK HAVEN FIFTH WARD,State House,76,REP,STEPHANIE BOROWICZ,140,129,9
Clinton,0032 LOCK HAVEN FIFTH WARD,State House,76,,Write-ins,2,2,0
Clinton,0019 LOGAN TOWNSHIP,,,,Registered Voters,335,,
Clinton,0019 LOGAN TOWNSHIP,,,,Ballots Cast,221,214,7
Clinton,0019 LOGAN TOWNSHIP,STRAIGHT PARTY,,DEM,DEMOCRATIC,35,33,2
Clinton,0019 LOGAN TOWNSHIP,STRAIGHT PARTY,,REP,REPUBLICAN,93,90,3
Clinton,0019 LOGAN TOWNSHIP,STRAIGHT PARTY,,GRN,GREEN PARTY,0,0,0
Clinton,0019 LOGAN TOWNSHIP,STRAIGHT PARTY,,LIB,LIBERTARIAN,0,0,0
Clinton,0019 LOGAN TOWNSHIP,U.S. Senate,,DEM,BOB CASEY JR,82,78,4
Clinton,0019 LOGAN TOWNSHIP,U.S. Senate,,REP,LOU BARLETTA,137,134,3
Clinton,0019 LOGAN TOWNSHIP,U.S. Senate,,GRN,NEAL GALE,1,1,0
Clinton,0019 LOGAN TOWNSHIP,U.S. Senate,,LIB,DALE R KERNS JR,1,1,0
Clinton,0019 LOGAN TOWNSHIP,U.S. Senate,,,Write-ins,0,0,0
Clinton,0019 LOGAN TOWNSHIP,Governor,,DEM,TOM WOLF AND JOHN FETTERMAN,82,78,4
Clinton,0019 LOGAN TOWNSHIP,Governor,,REP,SCOTT R WAGNER AND JEFF BARTOS,134,131,3
Clinton,0019 LOGAN TOWNSHIP,Governor,,GRN,PAUL GLOVER,2,2,0
Clinton,0019 LOGAN TOWNSHIP,Governor,,LIB,KEN V KRAWCHUK,2,2,0
Clinton,0019 LOGAN TOWNSHIP,Governor,,,Write-ins,0,0,0
Clinton,0019 LOGAN TOWNSHIP,U.S. House,12,DEM,MARC FRIEDENBERG,73,69,4
Clinton,0019 LOGAN TOWNSHIP,U.S. House,12,REP,TOM MARINO,147,144,3
Clinton,0019 LOGAN TOWNSHIP,U.S. House,12,,Write-ins,0,0,0
Clinton,0019 LOGAN TOWNSHIP,State House,76,DEM,MIKE HANNA,79,75,4
Clinton,0019 LOGAN TOWNSHIP,State House,76,REP,STEPHANIE BOROWICZ,141,138,3
Clinton,0019 LOGAN TOWNSHIP,State House,76,,Write-ins,1,1,0
Clinton,0020 LOGANTON BOROUGH,,,,Registered Voters,257,,
Clinton,0020 LOGANTON BOROUGH,,,,Ballots Cast,179,170,9
Clinton,0020 LOGANTON BOROUGH,STRAIGHT PARTY,,DEM,DEMOCRATIC,31,31,0
Clinton,0020 LOGANTON BOROUGH,STRAIGHT PARTY,,REP,REPUBLICAN,50,48,2
Clinton,0020 LOGANTON BOROUGH,STRAIGHT PARTY,,GRN,GREEN PARTY,0,0,0
Clinton,0020 LOGANTON BOROUGH,STRAIGHT PARTY,,LIB,LIBERTARIAN,0,0,0
Clinton,0020 LOGANTON BOROUGH,U.S. Senate,,DEM,BOB CASEY JR,86,83,3
Clinton,0020 LOGANTON BOROUGH,U.S. Senate,,REP,LOU BARLETTA,86,80,6
Clinton,0020 LOGANTON BOROUGH,U.S. Senate,,GRN,NEAL GALE,0,0,0
Clinton,0020 LOGANTON BOROUGH,U.S. Senate,,LIB,DALE R KERNS JR,3,3,0
Clinton,0020 LOGANTON BOROUGH,U.S. Senate,,,Write-ins,0,0,0
Clinton,0020 LOGANTON BOROUGH,Governor,,DEM,TOM WOLF AND JOHN FETTERMAN,80,78,2
Clinton,0020 LOGANTON BOROUGH,Governor,,REP,SCOTT R WAGNER AND JEFF BARTOS,88,82,6
Clinton,0020 LOGANTON BOROUGH,Governor,,GRN,PAUL GLOVER,0,0,0
Clinton,0020 LOGANTON BOROUGH,Governor,,LIB,KEN V KRAWCHUK,6,6,0
Clinton,0020 LOGANTON BOROUGH,Governor,,,Write-ins,0,0,0
Clinton,0020 LOGANTON BOROUGH,U.S. House,12,DEM,MARC FRIEDENBERG,74,71,3
Clinton,0020 LOGANTON BOROUGH,U.S. House,12,REP,TOM MARINO,100,94,6
Clinton,0020 LOGANTON BOROUGH,U.S. House,12,,Write-ins,0,0,0
Clinton,0020 LOGANTON BOROUGH,State House,76,DEM,MIKE HANNA,80,77,3
Clinton,0020 LOGANTON BOROUGH,State House,76,REP,STEPHANIE BOROWICZ,95,89,6
Clinton,0020 LOGANTON BOROUGH,State House,76,,Write-ins,0,0,0
Clinton,0021 MILL HALL BOROUGH,,,,Registered Voters,844,,
Clinton,0021 MILL HALL BOROUGH,,,,Ballots Cast,517,502,15
Clinton,0021 MILL HALL BOROUGH,STRAIGHT PARTY,,DEM,DEMOCRATIC,103,101,2
Clinton,0021 MILL HALL BOROUGH,STRAIGHT PARTY,,REP,REPUBLICAN,184,179,5
Clinton,0021 MILL HALL BOROUGH,STRAIGHT PARTY,,GRN,GREEN PARTY,2,2,0
Clinton,0021 MILL HALL BOROUGH,STRAIGHT PARTY,,LIB,LIBERTARIAN,0,0,0
Clinton,0021 MILL HALL BOROUGH,U.S. Senate,,DEM,BOB CASEY JR,225,218,6
Clinton,0021 MILL HALL BOROUGH,U.S. Senate,,REP,LOU BARLETTA,278,269,8
Clinton,0021 MILL HALL BOROUGH,U.S. Senate,,GRN,NEAL GALE,3,3,0
Clinton,0021 MILL HALL BOROUGH,U.S. Senate,,LIB,DALE R KERNS JR,5,5,0
Clinton,0021 MILL HALL BOROUGH,U.S. Senate,,,Write-ins,1,0,1
Clinton,0021 MILL HALL BOROUGH,Governor,,DEM,TOM WOLF AND JOHN FETTERMAN,239,233,5
Clinton,0021 MILL HALL BOROUGH,Governor,,REP,SCOTT R WAGNER AND JEFF BARTOS,265,256,8
Clinton,0021 MILL HALL BOROUGH,Governor,,GRN,PAUL GLOVER,2,2,0
Clinton,0021 MILL HALL BOROUGH,Governor,,LIB,KEN V KRAWCHUK,8,7,1
Clinton,0021 MILL HALL BOROUGH,Governor,,,Write-ins,0,0,0
Clinton,0021 MILL HALL BOROUGH,U.S. House,12,DEM,MARC FRIEDENBERG,201,194,7
Clinton,0021 MILL HALL BOROUGH,U.S. House,12,REP,TOM MARINO,309,299,8
Clinton,0021 MILL HALL BOROUGH,U.S. House,12,,Write-ins,1,1,0
Clinton,0021 MILL HALL BOROUGH,State House,76,DEM,MIKE HANNA,249,243,4
Clinton,0021 MILL HALL BOROUGH,State House,76,REP,STEPHANIE BOROWICZ,265,256,9
Clinton,0021 MILL HALL BOROUGH,State House,76,,Write-ins,3,2,1
Clinton,0022 NOYES TOWNSHIP,,,,Registered Voters,219,,
Clinton,0022 NOYES TOWNSHIP,,,,Ballots Cast,128,120,8
Clinton,0022 NOYES TOWNSHIP,STRAIGHT PARTY,,DEM,DEMOCRATIC,13,13,0
Clinton,0022 NOYES TOWNSHIP,STRAIGHT PARTY,,REP,REPUBLICAN,53,48,5
Clinton,0022 NOYES TOWNSHIP,STRAIGHT PARTY,,GRN,GREEN PARTY,0,0,0
Clinton,0022 NOYES TOWNSHIP,STRAIGHT PARTY,,LIB,LIBERTARIAN,0,0,0
Clinton,0022 NOYES TOWNSHIP,U.S. Senate,,DEM,BOB CASEY JR,36,34,2
Clinton,0022 NOYES TOWNSHIP,U.S. Senate,,REP,LOU BARLETTA,84,78,6
Clinton,0022 NOYES TOWNSHIP,U.S. Senate,,GRN,NEAL GALE,2,2,0
Clinton,0022 NOYES TOWNSHIP,U.S. Senate,,LIB,DALE R KERNS JR,0,0,0
Clinton,0022 NOYES TOWNSHIP,U.S. Senate,,,Write-ins,0,0,0
Clinton,0022 NOYES TOWNSHIP,Governor,,DEM,TOM WOLF AND JOHN FETTERMAN,37,35,2
Clinton,0022 NOYES TOWNSHIP,Governor,,REP,SCOTT R WAGNER AND JEFF BARTOS,83,77,6
Clinton,0022 NOYES TOWNSHIP,Governor,,GRN,PAUL GLOVER,3,3,0
Clinton,0022 NOYES TOWNSHIP,Governor,,LIB,KEN V KRAWCHUK,1,1,0
Clinton,0022 NOYES TOWNSHIP,Governor,,,Write-ins,0,0,0
Clinton,0022 NOYES TOWNSHIP,U.S. House,12,DEM,MARC FRIEDENBERG,25,24,1
Clinton,0022 NOYES TOWNSHIP,U.S. House,12,REP,TOM MARINO,99,92,7
Clinton,0022 NOYES TOWNSHIP,U.S. House,12,,Write-ins,0,0,0
Clinton,0022 NOYES TOWNSHIP,State House,76,DEM,MIKE HANNA,41,40,1
Clinton,0022 NOYES TOWNSHIP,State House,76,REP,STEPHANIE BOROWICZ,81,74,7
Clinton,0022 NOYES TOWNSHIP,State House,76,,Write-ins,0,0,0
Clinton,0023 PINE CREEK TOWNSHIP I,,,,Registered Voters,1036,,
Clinton,0023 PINE CREEK TOWNSHIP I,,,,Ballots Cast,672,648,24
Clinton,0023 PINE CREEK TOWNSHIP I,STRAIGHT PARTY,,DEM,DEMOCRATIC,95,91,4
Clinton,0023 PINE CREEK TOWNSHIP I,STRAIGHT PARTY,,REP,REPUBLICAN,310,301,9
Clinton,0023 PINE CREEK TOWNSHIP I,STRAIGHT PARTY,,GRN,GREEN PARTY,0,0,0
Clinton,0023 PINE CREEK TOWNSHIP I,STRAIGHT PARTY,,LIB,LIBERTARIAN,0,0,0
Clinton,0023 PINE CREEK TOWNSHIP I,U.S. Senate,,DEM,BOB CASEY JR,211,202,9
Clinton,0023 PINE CREEK TOWNSHIP I,U.S. Senate,,REP,LOU BARLETTA,445,429,15
Clinton,0023 PINE CREEK TOWNSHIP I,U.S. Senate,,GRN,NEAL GALE,3,3,0
Clinton,0023 PINE CREEK TOWNSHIP I,U.S. Senate,,LIB,DALE R KERNS JR,5,5,0
Clinton,0023 PINE CREEK TOWNSHIP I,U.S. Senate,,,Write-ins,0,0,0
Clinton,0023 PINE CREEK TOWNSHIP I,Governor,,DEM,TOM WOLF AND JOHN FETTERMAN,206,198,7
Clinton,0023 PINE CREEK TOWNSHIP I,Governor,,REP,SCOTT R WAGNER AND JEFF BARTOS,454,437,17
Clinton,0023 PINE CREEK TOWNSHIP I,Governor,,GRN,PAUL GLOVER,2,2,0
Clinton,0023 PINE CREEK TOWNSHIP I,Governor,,LIB,KEN V KRAWCHUK,6,6,0
Clinton,0023 PINE CREEK TOWNSHIP I,Governor,,,Write-ins,0,0,0
Clinton,0023 PINE CREEK TOWNSHIP I,U.S. House,12,DEM,MARC FRIEDENBERG,171,165,6
Clinton,0023 PINE CREEK TOWNSHIP I,U.S. House,12,REP,TOM MARINO,491,473,18
Clinton,0023 PINE CREEK TOWNSHIP I,U.S. House,12,,Write-ins,0,0,0
Clinton,0023 PINE CREEK TOWNSHIP I,State House,76,DEM,MIKE HANNA,230,219,10
Clinton,0023 PINE CREEK TOWNSHIP I,State House,76,REP,STEPHANIE BOROWICZ,437,423,14
Clinton,0023 PINE CREEK TOWNSHIP I,State House,76,,Write-ins,2,2,0
Clinton,0024 PINE CREEK TOWNSHIP II,,,,Registered Voters,976,,
Clinton,0024 PINE CREEK TOWNSHIP II,,,,Ballots Cast,676,657,19
Clinton,0024 PINE CREEK TOWNSHIP II,STRAIGHT PARTY,,DEM,DEMOCRATIC,99,93,6
Clinton,0024 PINE CREEK TOWNSHIP II,STRAIGHT PARTY,,REP,REPUBLICAN,240,236,4
Clinton,0024 PINE CREEK TOWNSHIP II,STRAIGHT PARTY,,GRN,GREEN PARTY,1,1,0
Clinton,0024 PINE CREEK TOWNSHIP II,STRAIGHT PARTY,,LIB,LIBERTARIAN,3,3,0
Clinton,0024 PINE CREEK TOWNSHIP II,U.S. Senate,,DEM,BOB CASEY JR,268,257,10
Clinton,0024 PINE CREEK TOWNSHIP II,U.S. Senate,,REP,LOU BARLETTA,383,373,9
Clinton,0024 PINE CREEK TOWNSHIP II,U.S. Senate,,GRN,NEAL GALE,8,8,0
Clinton,0024 PINE CREEK TOWNSHIP II,U.S. Senate,,LIB,DALE R KERNS JR,4,4,0
Clinton,0024 PINE CREEK TOWNSHIP II,U.S. Senate,,,Write-ins,0,0,0
Clinton,0024 PINE CREEK TOWNSHIP II,Governor,,DEM,TOM WOLF AND JOHN FETTERMAN,293,283,10
Clinton,0024 PINE CREEK TOWNSHIP II,Governor,,REP,SCOTT R WAGNER AND JEFF BARTOS,367,359,7
Clinton,0024 PINE CREEK TOWNSHIP II,Governor,,GRN,PAUL GLOVER,5,5,0
Clinton,0024 PINE CREEK TOWNSHIP II,Governor,,LIB,KEN V KRAWCHUK,7,7,0
Clinton,0024 PINE CREEK TOWNSHIP II,Governor,,,Write-ins,1,0,0
Clinton,0024 PINE CREEK TOWNSHIP II,U.S. House,12,DEM,MARC FRIEDENBERG,236,227,9
Clinton,0024 PINE CREEK TOWNSHIP II,U.S. House,12,REP,TOM MARINO,431,419,10
Clinton,0024 PINE CREEK TOWNSHIP II,U.S. House,12,,Write-ins,0,0,0
Clinton,0024 PINE CREEK TOWNSHIP II,State House,76,DEM,MIKE HANNA,318,305,12
Clinton,0024 PINE CREEK TOWNSHIP II,State House,76,REP,STEPHANIE BOROWICZ,353,345,7
Clinton,0024 PINE CREEK TOWNSHIP II,State House,76,,Write-ins,1,1,0
Clinton,0025 PORTER TOWNSHIP,,,,Registered Voters,805,,
Clinton,0025 PORTER TOWNSHIP,,,,Ballots Cast,568,552,16
Clinton,0025 PORTER TOWNSHIP,STRAIGHT PARTY,,DEM,DEMOCRATIC,62,61,1
Clinton,0025 PORTER TOWNSHIP,STRAIGHT PARTY,,REP,REPUBLICAN,204,200,4
Clinton,0025 PORTER TOWNSHIP,STRAIGHT PARTY,,GRN,GREEN PARTY,0,0,0
Clinton,0025 PORTER TOWNSHIP,STRAIGHT PARTY,,LIB,LIBERTARIAN,1,1,0
Clinton,0025 PORTER TOWNSHIP,U.S. Senate,,DEM,BOB CASEY JR,191,186,5
Clinton,0025 PORTER TOWNSHIP,U.S. Senate,,REP,LOU BARLETTA,362,351,11
Clinton,0025 PORTER TOWNSHIP,U.S. Senate,,GRN,NEAL GALE,1,1,0
Clinton,0025 PORTER TOWNSHIP,U.S. Senate,,LIB,DALE R KERNS JR,2,2,0
Clinton,0025 PORTER TOWNSHIP,U.S. Senate,,,Write-ins,0,0,0
Clinton,0025 PORTER TOWNSHIP,Governor,,DEM,TOM WOLF AND JOHN FETTERMAN,196,188,8
Clinton,0025 PORTER TOWNSHIP,Governor,,REP,SCOTT R WAGNER AND JEFF BARTOS,358,350,8
Clinton,0025 PORTER TOWNSHIP,Governor,,GRN,PAUL GLOVER,0,0,0
Clinton,0025 PORTER TOWNSHIP,Governor,,LIB,KEN V KRAWCHUK,5,5,0
Clinton,0025 PORTER TOWNSHIP,Governor,,,Write-ins,1,1,0
Clinton,0025 PORTER TOWNSHIP,U.S. House,12,DEM,MARC FRIEDENBERG,163,160,3
Clinton,0025 PORTER TOWNSHIP,U.S. House,12,REP,TOM MARINO,396,383,13
Clinton,0025 PORTER TOWNSHIP,U.S. House,12,,Write-ins,0,0,0
Clinton,0025 PORTER TOWNSHIP,State House,76,DEM,MIKE HANNA,221,214,7
Clinton,0025 PORTER TOWNSHIP,State House,76,REP,STEPHANIE BOROWICZ,337,328,9
Clinton,0025 PORTER TOWNSHIP,State House,76,,Write-ins,0,0,0
Clinton,0033 RENOVO BOROUGH,,,,Registered Voters,601,,
Clinton,0033 RENOVO BOROUGH,,,,Ballots Cast,271,266,5
Clinton,0033 RENOVO BOROUGH,STRAIGHT PARTY,,DEM,DEMOCRATIC,67,65,2
Clinton,0033 RENOVO BOROUGH,STRAIGHT PARTY,,REP,REPUBLICAN,67,66,1
Clinton,0033 RENOVO BOROUGH,STRAIGHT PARTY,,GRN,GREEN PARTY,0,0,0
Clinton,0033 RENOVO BOROUGH,STRAIGHT PARTY,,LIB,LIBERTARIAN,1,1,0
Clinton,0033 RENOVO BOROUGH,U.S. Senate,,DEM,BOB CASEY JR,131,127,4
Clinton,0033 RENOVO BOROUGH,U.S. Senate,,REP,LOU BARLETTA,127,126,1
Clinton,0033 RENOVO BOROUGH,U.S. Senate,,GRN,NEAL GALE,0,0,0
Clinton,0033 RENOVO BOROUGH,U.S. Senate,,LIB,DALE R KERNS JR,7,7,0
Clinton,0033 RENOVO BOROUGH,U.S. Senate,,,Write-ins,0,0,0
Clinton,0033 RENOVO BOROUGH,Governor,,DEM,TOM WOLF AND JOHN FETTERMAN,132,128,4
Clinton,0033 RENOVO BOROUGH,Governor,,REP,SCOTT R WAGNER AND JEFF BARTOS,127,126,1
Clinton,0033 RENOVO BOROUGH,Governor,,GRN,PAUL GLOVER,2,2,0
Clinton,0033 RENOVO BOROUGH,Governor,,LIB,KEN V KRAWCHUK,7,7,0
Clinton,0033 RENOVO BOROUGH,Governor,,,Write-ins,0,0,0
Clinton,0033 RENOVO BOROUGH,U.S. House,12,DEM,MARC FRIEDENBERG,109,105,4
Clinton,0033 RENOVO BOROUGH,U.S. House,12,REP,TOM MARINO,152,151,1
Clinton,0033 RENOVO BOROUGH,U.S. House,12,,Write-ins,0,0,0
Clinton,0033 RENOVO BOROUGH,State House,76,DEM,MIKE HANNA,138,134,4
Clinton,0033 RENOVO BOROUGH,State House,76,REP,STEPHANIE BOROWICZ,130,129,1
Clinton,0033 RENOVO BOROUGH,State House,76,,Write-ins,0,0,0
Clinton,0034 SOUTH RENOVO BOROUGH,,,,Registered Voters,252,,
Clinton,0034 SOUTH RENOVO BOROUGH,,,,Ballots Cast,140,130,10
Clinton,0034 SOUTH RENOVO BOROUGH,STRAIGHT PARTY,,DEM,DEMOCRATIC,33,31,2
Clinton,0034 SOUTH RENOVO BOROUGH,STRAIGHT PARTY,,REP,REPUBLICAN,37,31,6
Clinton,0034 SOUTH RENOVO BOROUGH,STRAIGHT PARTY,,GRN,GREEN PARTY,0,0,0
Clinton,0034 SOUTH RENOVO BOROUGH,STRAIGHT PARTY,,LIB,LIBERTARIAN,0,0,0
Clinton,0034 SOUTH RENOVO BOROUGH,U.S. Senate,,DEM,BOB CASEY JR,73,70,3
Clinton,0034 SOUTH RENOVO BOROUGH,U.S. Senate,,REP,LOU BARLETTA,58,51,7
Clinton,0034 SOUTH RENOVO BOROUGH,U.S. Senate,,GRN,NEAL GALE,1,1,0
Clinton,0034 SOUTH RENOVO BOROUGH,U.S. Senate,,LIB,DALE R KERNS JR,3,3,0
Clinton,0034 SOUTH RENOVO BOROUGH,U.S. Senate,,,Write-ins,0,0,0
Clinton,0034 SOUTH RENOVO BOROUGH,Governor,,DEM,TOM WOLF AND JOHN FETTERMAN,77,74,3
Clinton,0034 SOUTH RENOVO BOROUGH,Governor,,REP,SCOTT R WAGNER AND JEFF BARTOS,59,52,7
Clinton,0034 SOUTH RENOVO BOROUGH,Governor,,GRN,PAUL GLOVER,0,0,0
Clinton,0034 SOUTH RENOVO BOROUGH,Governor,,LIB,KEN V KRAWCHUK,1,1,0
Clinton,0034 SOUTH RENOVO BOROUGH,Governor,,,Write-ins,1,1,0
Clinton,0034 SOUTH RENOVO BOROUGH,U.S. House,12,DEM,MARC FRIEDENBERG,64,61,3
Clinton,0034 SOUTH RENOVO BOROUGH,U.S. House,12,REP,TOM MARINO,72,65,7
Clinton,0034 SOUTH RENOVO BOROUGH,U.S. House,12,,Write-ins,0,0,0
Clinton,0034 SOUTH RENOVO BOROUGH,State House,76,DEM,MIKE HANNA,88,85,3
Clinton,0034 SOUTH RENOVO BOROUGH,State House,76,REP,STEPHANIE BOROWICZ,52,45,7
Clinton,0034 SOUTH RENOVO BOROUGH,State House,76,,Write-ins,0,0,0
Clinton,0026 WAYNE TOWNSHIP,,,,Registered Voters,876,,
Clinton,0026 WAYNE TOWNSHIP,,,,Ballots Cast,558,544,14
Clinton,0026 WAYNE TOWNSHIP,STRAIGHT PARTY,,DEM,DEMOCRATIC,108,105,3
Clinton,0026 WAYNE TOWNSHIP,STRAIGHT PARTY,,REP,REPUBLICAN,189,186,3
Clinton,0026 WAYNE TOWNSHIP,STRAIGHT PARTY,,GRN,GREEN PARTY,1,1,0
Clinton,0026 WAYNE TOWNSHIP,STRAIGHT PARTY,,LIB,LIBERTARIAN,1,1,0
Clinton,0026 WAYNE TOWNSHIP,U.S. Senate,,DEM,BOB CASEY JR,229,225,4
Clinton,0026 WAYNE TOWNSHIP,U.S. Senate,,REP,LOU BARLETTA,313,30,10
Clinton,0026 WAYNE TOWNSHIP,U.S. Senate,,GRN,NEAL GALE,3,3,0
Clinton,0026 WAYNE TOWNSHIP,U.S. Senate,,LIB,DALE R KERNS JR,3,3,0
Clinton,0026 WAYNE TOWNSHIP,U.S. Senate,,,Write-ins,0,0,0
Clinton,0026 WAYNE TOWNSHIP,Governor,,DEM,TOM WOLF AND JOHN FETTERMAN,246,240,6
Clinton,0026 WAYNE TOWNSHIP,Governor,,REP,SCOTT R WAGNER AND JEFF BARTOS,299,291,8
Clinton,0026 WAYNE TOWNSHIP,Governor,,GRN,PAUL GLOVER,4,4,0
Clinton,0026 WAYNE TOWNSHIP,Governor,,LIB,KEN V KRAWCHUK,4,4,0
Clinton,0026 WAYNE TOWNSHIP,Governor,,,Write-ins,0,0,0
Clinton,0026 WAYNE TOWNSHIP,U.S. House,12,DEM,MARC FRIEDENBERG,196,191,5
Clinton,0026 WAYNE TOWNSHIP,U.S. House,12,REP,TOM MARINO,354,345,9
Clinton,0026 WAYNE TOWNSHIP,U.S. House,12,,Write-ins,0,0,0
Clinton,0026 WAYNE TOWNSHIP,State House,76,DEM,MIKE HANNA,253,248,5
Clinton,0026 WAYNE TOWNSHIP,State House,76,REP,STEPHANIE BOROWICZ,297,288,9
Clinton,0026 WAYNE TOWNSHIP,State House,76,,Write-ins,2,2,0
Clinton,0016 WEST KEATING TOWNSHIP,,,,Registered Voters,21,,
Clinton,0016 WEST KEATING TOWNSHIP,,,,Ballots Cast,11,11,0
Clinton,0016 WEST KEATING TOWNSHIP,STRAIGHT PARTY,,DEM,DEMOCRATIC,0,0,0
Clinton,0016 WEST KEATING TOWNSHIP,STRAIGHT PARTY,,REP,REPUBLICAN,8,8,0
Clinton,0016 WEST KEATING TOWNSHIP,STRAIGHT PARTY,,GRN,GREEN PARTY,0,0,0
Clinton,0016 WEST KEATING TOWNSHIP,STRAIGHT PARTY,,LIB,LIBERTARIAN,0,0,0
Clinton,0016 WEST KEATING TOWNSHIP,U.S. Senate,,DEM,BOB CASEY JR,1,1,0
Clinton,0016 WEST KEATING TOWNSHIP,U.S. Senate,,REP,LOU BARLETTA,10,10,0
Clinton,0016 WEST KEATING TOWNSHIP,U.S. Senate,,GRN,NEAL GALE,0,0,0
Clinton,0016 WEST KEATING TOWNSHIP,U.S. Senate,,LIB,DALE R KERNS JR,0,0,0
Clinton,0016 WEST KEATING TOWNSHIP,U.S. Senate,,,Write-ins,0,0,0
Clinton,0016 WEST KEATING TOWNSHIP,Governor,,DEM,TOM WOLF AND JOHN FETTERMAN,0,0,0
Clinton,0016 WEST KEATING TOWNSHIP,Governor,,REP,SCOTT R WAGNER AND JEFF BARTOS,11,11,0
Clinton,0016 WEST KEATING TOWNSHIP,Governor,,GRN,PAUL GLOVER,0,0,0
Clinton,0016 WEST KEATING TOWNSHIP,Governor,,LIB,KEN V KRAWCHUK,0,0,0
Clinton,0016 WEST KEATING TOWNSHIP,Governor,,,Write-ins,0,0,0
Clinton,0016 WEST KEATING TOWNSHIP,U.S. House,12,DEM,MARC FRIEDENBERG,0,0,0
Clinton,0016 WEST KEATING TOWNSHIP,U.S. House,12,REP,TOM MARINO,10,10,0
Clinton,0016 WEST KEATING TOWNSHIP,U.S. House,12,,Write-ins,0,0,0
Clinton,0016 WEST KEATING TOWNSHIP,State House,76,DEM,MIKE HANNA,1,1,0
Clinton,0016 WEST KEATING TOWNSHIP,State House,76,REP,STEPHANIE BOROWICZ,10,10,0
Clinton,0016 WEST KEATING TOWNSHIP,State House,76,,Write-ins,0,0,0
Clinton,0027 WOODWARD TOWNSHIP,,,,Registered Voters,1517,,
Clinton,0027 WOODWARD TOWNSHIP,,,,Ballots Cast,1051,1006,45
Clinton,0027 WOODWARD TOWNSHIP,STRAIGHT PARTY,,DEM,DEMOCRATIC,201,186,15
Clinton,0027 WOODWARD TOWNSHIP,STRAIGHT PARTY,,REP,REPUBLICAN,284,272,12
Clinton,0027 WOODWARD TOWNSHIP,STRAIGHT PARTY,,GRN,GREEN PARTY,1,1,0
Clinton,0027 WOODWARD TOWNSHIP,STRAIGHT PARTY,,LIB,LIBERTARIAN,1,1,0
Clinton,0027 WOODWARD TOWNSHIP,U.S. Senate,,DEM,BOB CASEY JR,488,464,24
Clinton,0027 WOODWARD TOWNSHIP,U.S. Senate,,REP,LOU BARLETTA,529,508,21
Clinton,0027 WOODWARD TOWNSHIP,U.S. Senate,,GRN,NEAL GALE,7,7,0
Clinton,0027 WOODWARD TOWNSHIP,U.S. Senate,,LIB,DALE R KERNS JR,14,14,0
Clinton,0027 WOODWARD TOWNSHIP,U.S. Senate,,,Write-ins,0,0,0
Clinton,0027 WOODWARD TOWNSHIP,Governor,,DEM,TOM WOLF AND JOHN FETTERMAN,505,482,23
Clinton,0027 WOODWARD TOWNSHIP,Governor,,REP,SCOTT R WAGNER AND JEFF BARTOS,514,493,21
Clinton,0027 WOODWARD TOWNSHIP,Governor,,GRN,PAUL GLOVER,8,8,0
Clinton,0027 WOODWARD TOWNSHIP,Governor,,LIB,KEN V KRAWCHUK,15,14,1
Clinton,0027 WOODWARD TOWNSHIP,Governor,,,Write-ins,2,2,0
Clinton,0027 WOODWARD TOWNSHIP,U.S. House,12,DEM,MARC FRIEDENBERG,412,392,20
Clinton,0027 WOODWARD TOWNSHIP,U.S. House,12,REP,TOM MARINO,618,594,24
Clinton,0027 WOODWARD TOWNSHIP,U.S. House,12,,Write-ins,1,0,1
Clinton,0027 WOODWARD TOWNSHIP,State House,76,DEM,MIKE HANNA,539,515,24
Clinton,0027 WOODWARD TOWNSHIP,State House,76,REP,STEPHANIE BOROWICZ,500,479,21
Clinton,0027 WOODWARD TOWNSHIP,State House,76,,Write-ins,2,2,0