county,office,district,party,candidate,votes
Adams,President,,REP,Mitt Romney,26767
Adams,President,,DEM,Barack Obama,15091
Adams,President,,GRN,Jill Stein,162
Adams,President,,LIB,Gary Johnson,437
Adams,U.S. Senate,,REP,Tom Smith,25467
Adams,U.S. Senate,,DEM,Bob Casey Jr.,15763
Adams,U.S. Senate,,LIB,Rayburn Douglas Smith,1002
Adams,Attorney General,,REP,David J. Freed,23170
Adams,Attorney General,,DEM,Kathleen G. Kane,17382
Adams,Attorney General,,LIB,Marakay J. Rogers,1289
Adams,U.S. House,4,REP,Scott Perry,27408
Adams,U.S. House,4,DEM,Harry Perkinson,12105
Adams,U.S. House,4,IND,Wayne W. Wolff,1523
Adams,U.S. House,4,LIB,Michael Bryant Koffenberger,680
Adams,State Senate,33,REP,Richard Alloway II,28128
Adams,State Senate,33,DEM,Bruce Neylon,13150
Adams,State House,91,REP,Dan P. Moul,21007
Adams,State House,193,REP,Will F. Tallman,10514
Adams,State House,193,DEM,Anthony McNevin,3984
Allegheny,President,,REP,Mitt Romney,262039
Allegheny,President,,DEM,Barack Obama,352687
Allegheny,President,,GRN,Jill Stein,2159
Allegheny,President,,LIB,Gary Johnson,5196
Allegheny,U.S. Senate,,REP,Tom Smith,236546
Allegheny,U.S. Senate,,DEM,Bob Casey Jr.,362459
Allegheny,U.S. Senate,,LIB,Rayburn Douglas Smith,12106
Allegheny,Attorney General,,REP,David J. Freed,217223
Allegheny,Attorney General,,DEM,Kathleen G. Kane,368934
Allegheny,Attorney General,,LIB,Marakay J. Rogers,17290
Allegheny,U.S. House,12,REP,Keith J. Rothfus,76022
Allegheny,U.S. House,12,DEM,Mark S. Critz,59539
Allegheny,U.S. House,14,REP,Hans Lessmann,73126
Allegheny,U.S. House,14,DEM,Mike Doyle,247356
Allegheny,U.S. House,18,REP,Tim Murphy,93880
Allegheny,U.S. House,18,DEM,Larry Maggi,52883
Allegheny,State Senate,37,REP,D. Raja,56432
Allegheny,State Senate,37,DEM,Matt Smith,66134
Allegheny,State Senate,43,DEM,Jay Costa Jr.,94779
Allegheny,State Senate,45,DEM,James R. Brewster,59674
Allegheny,State Senate,47,REP,Elder A. Vogel Jr.,682
Allegheny,State Senate,47,DEM,Kimberly Pazzanita Villella,519
Allegheny,State House,16,REP,Kathy Coder,6944
Allegheny,State House,16,DEM,Robert F. Matzie,5725
Allegheny,State House,19,DEM,Jake Wheatley,20942
Allegheny,State House,20,DEM,Adam J. Ravenstahl,19909
Allegheny,State House,20,CNST,James W. Barr,4453
Allegheny,State House,21,DEM,Dom Costa,22772
Allegheny,State House,22,REP,Chris Cratsley,9292
Allegheny,State House,22,DEM,Erin C. Molchany,17512
Allegheny,State House,23,DEM,Dan B. Frankel,26742
Allegheny,State House,24,DEM,Ed Gainey,26032
Allegheny,State House,25,REP,Mike Doyle,10451
Allegheny,State House,25,DEM,Joseph Markosek,13840
Allegheny,State House,27,DEM,Daniel J. Deasy Jr.,21034
Allegheny,State House,28,REP,Mike Turzai,30236
Allegheny,State House,30,REP,Hal English,19945
Allegheny,State House,30,DEM,David T. Tusick,15252
Allegheny,State House,32,REP,Lawrence G. Paladin Jr.,7229
Allegheny,State House,32,DEM,Anthony M. Deluca,21597
Allegheny,State House,33,REP,Gerry Vaerewyck,11203
Allegheny,State House,33,DEM,Frank Dermody,16101
Allegheny,State House,34,DEM,Paul Costa,23511
Allegheny,State House,35,DEM,Marc J. Gergely,19473
Allegheny,State House,36,DEM,Harry Readshaw,21798
Allegheny,State House,38,DEM,Bill Kortz,21031
Allegheny,State House,39,REP,Rick Saccone,11106
Allegheny,State House,39,DEM,Dave Levdansky,11420
Allegheny,State House,40,REP,John Maher,18292
Allegheny,State House,42,DEMREP,Matt Smith,30826
Allegheny,State House,44,REP,Mark Mustio,21581
Allegheny,State House,44,DEM,Mark Scappe,13259
Allegheny,State House,45,REP,Aaron L. Kime,10211
Allegheny,State House,45,DEM,Nick M. Kotik,19735
Allegheny,State House,46,DEMREP,Jesse J. White,1637
Armstrong,President,,REP,Mitt Romney,20142
Armstrong,President,,DEM,Barack Obama,9045
Armstrong,President,,GRN,Jill Stein,118
Armstrong,President,,LIB,Gary Johnson,297
Armstrong,U.S. Senate,,REP,Tom Smith,19442
Armstrong,U.S. Senate,,DEM,Bob Casey Jr.,9496
Armstrong,U.S. Senate,,LIB,Rayburn Douglas Smith,574
Armstrong,Attorney General,,REP,David J. Freed,15376
Armstrong,Attorney General,,DEM,Kathleen G. Kane,12625
Armstrong,Attorney General,,LIB,Marakay J. Rogers,1023
Armstrong,U.S. House,3,REP,Mike Kelly,18939
Armstrong,U.S. House,3,DEM,Missa Eaton,8607
Armstrong,U.S. House,3,IND,Steven Porter,1329
Armstrong,State Senate,41,REP,Don White,19060
Armstrong,State House,54,REP,Eli Evankovich,1833
Armstrong,State House,54,DEM,Patrick J. Leyland,1067
Armstrong,State House,55,REP,John Hauser,317
Armstrong,State House,55,DEM,Joseph A. Petrarca,540
Armstrong,State House,60,REP,Jeff Paul Pyle,11708
Armstrong,State House,60,DEM,Jo Ellen Bowman,6566
Armstrong,State House,63,DEMREP,Donna Oberlander,6630
Armstrong,State House,66,REP,Sam Smith,369
Beaver,President,,REP,Mitt Romney,42344
Beaver,President,,DEM,Barack Obama,37055
Beaver,President,,GRN,Jill Stein,281
Beaver,President,,LIB,Gary Johnson,794
Beaver,U.S. Senate,,REP,Tom Smith,38092
Beaver,U.S. Senate,,DEM,Bob Casey Jr.,39970
Beaver,U.S. Senate,,LIB,Rayburn Douglas Smith,1701
Beaver,Attorney General,,REP,David J. Freed,33444
Beaver,Attorney General,,DEM,Kathleen G. Kane,42706
Beaver,Attorney General,,LIB,Marakay J. Rogers,2805
Beaver,U.S. House,12,REP,Keith J. Rothfus,38952
Beaver,U.S. House,12,DEM,Mark S. Critz,39809
Beaver,State Senate,47,REP,Elder A. Vogel Jr.,43140
Beaver,State Senate,47,DEM,Kimberly Pazzanita Villella,31049
Beaver,State House,9,REP,Jason T. Murtha,549
Beaver,State House,9,DEM,Christopher Sainato,339
Beaver,State House,10,REP,Michael K. See,4631
Beaver,State House,10,DEM,Jaret A. Gibbons,4048
Beaver,State House,14,DEMREP,Jim Marshall,23250
Beaver,State House,15,REP,James J. Christiana,17473
Beaver,State House,15,DEM,Robert O. Williams,11144
Beaver,State House,16,REP,Kathy Coder,5425
Beaver,State House,16,DEM,Robert F. Matzie,10073
Beaver,State House,46,DEMREP,Jesse J. White,1555
Bedford,President,,REP,Mitt Romney,16702
Bedford,President,,DEM,Barack Obama,4788
Bedford,President,,GRN,Jill Stein,64
Bedford,President,,LIB,Gary Johnson,143
Bedford,U.S. Senate,,REP,Tom Smith,15673
Bedford,U.S. Senate,,DEM,Bob Casey Jr.,5553
Bedford,U.S. Senate,,LIB,Rayburn Douglas Smith,347
Bedford,Attorney General,,REP,David J. Freed,13512
Bedford,Attorney General,,DEM,Kathleen G. Kane,7410
Bedford,Attorney General,,LIB,Marakay J. Rogers,481
Bedford,U.S. House,9,REP,Bill Shuster,15752
Bedford,U.S. House,9,DEM,Karen Ramsburg,5726
Bedford,State House,69,DEMREP,Carl W. Metzgar,2942
Bedford,State House,78,DEMREP,Dick L. Hess,17965
Berks,President,,REP,Mitt Romney,84702
Berks,President,,DEM,Barack Obama,83011
Berks,President,,GRN,Jill Stein,775
Berks,President,,LIB,Gary Johnson,1832
Berks,U.S. Senate,,REP,Tom Smith,78679
Berks,U.S. Senate,,DEM,Bob Casey Jr.,84403
Berks,U.S. Senate,,LIB,Rayburn Douglas Smith,2909
Berks,Attorney General,,REP,David J. Freed,73574
Berks,Attorney General,,DEM,Kathleen G. Kane,86962
Berks,Attorney General,,LIB,Marakay J. Rogers,3216
Berks,U.S. House,6,REP,Jim Gerlach,47167
Berks,U.S. House,6,DEM,Manan M. Trivedi,31537
Berks,U.S. House,7,REP,Patrick L. Meehan,17385
Berks,U.S. House,7,DEM,George Badey,9531
Berks,U.S. House,15,REP,Charles W. Dent,14623
Berks,U.S. House,15,DEM,Rick Daugherty,8521
Berks,U.S. House,16,REP,Joseph R. Pitts,10000
Berks,U.S. House,16,DEM,Aryanna C. Strader,21742
Berks,U.S. House,16,OTH,James F. Bednarski,390
Berks,U.S. House,16,IND,John A. Murphy,1376
Berks,State Senate,11,REP,Karen L. Mogel,35318
Berks,State Senate,11,DEM,Judy Schwank,63796
Berks,State Senate,29,REP,David G. Argall,7002
Berks,State Senate,29,DEM,Tim Seip,3793
Berks,State House,124,REP,Jerry Knowles,8435
Berks,State House,124,IND,Dante Picciano,1664
Berks,State House,125,REP,Mike G. Tobash,2732
Berks,State House,125,DEM,Vicki Harman,1412
Berks,State House,126,REP,James R. Billman,7119
Berks,State House,126,DEM,Mark Rozzi,16811
Berks,State House,127,DEM,Thomas R. Caltagirone,14291
Berks,State House,128,REP,Mark M. Gillen,24640
Berks,State House,129,REP,Jim Cox,17926
Berks,State House,129,DEM,Erik Saar,12245
Berks,State House,130,REP,David M. Maloney,19903
Berks,State House,130,DEM,Russell James Diesinger,11743
Berks,State House,134,REP,Ryan E. Mackenzie,2793
Berks,State House,134,DEM,John Reynard,1658
Berks,State House,187,REP,Gary W. Day,4873
Berks,State House,187,DEM,Joseph M. Haas,3810
Blair,President,,REP,Mitt Romney,33319
Blair,President,,DEM,Barack Obama,16276
Blair,President,,GRN,Jill Stein,182
Blair,President,,LIB,Gary Johnson,464
Blair,U.S. Senate,,REP,Tom Smith,31666
Blair,U.S. Senate,,DEM,Bob Casey Jr.,17424
Blair,U.S. Senate,,LIB,Rayburn Douglas Smith,1097
Blair,Attorney General,,REP,David J. Freed,27796
Blair,Attorney General,,DEM,Kathleen G. Kane,20889
Blair,Attorney General,,LIB,Marakay J. Rogers,1387
Blair,U.S. House,9,REP,Bill Shuster,32662
Blair,U.S. House,9,DEM,Karen Ramsburg,17094
Blair,State House,79,REP,John D. McGinnis,11935
Blair,State House,79,DEM,Richard Flarend,9752
Blair,State House,80,REP,Jerry Allen Stern,23152
Blair,State House,81,REP,Michael E. Fleck,1645
Bradford,President,,REP,Mitt Romney,14410
Bradford,President,,DEM,Barack Obama,8624
Bradford,President,,GRN,Jill Stein,149
Bradford,President,,LIB,Gary Johnson,243
Bradford,U.S. Senate,,REP,Tom Smith,14423
Bradford,U.S. Senate,,DEM,Bob Casey Jr.,8234
Bradford,U.S. Senate,,LIB,Rayburn Douglas Smith,581
Bradford,Attorney General,,REP,David J. Freed,12842
Bradford,Attorney General,,DEM,Kathleen G. Kane,9280
Bradford,Attorney General,,LIB,Marakay J. Rogers,730
Bradford,U.S. House,10,REP,Thomas A. Marino,15840
Bradford,U.S. House,10,DEM,Philip Scollo,6789
Bradford,State Senate,23,REP,Gene Yaw,16340
Bradford,State Senate,23,DEM,Luana Cleveland,6419
Bradford,State House,68,DEMREP,Matthew E. Baker,6400
Bradford,State House,110,REP,Tina L. Pickett,14482
Bucks,President,,REP,Mitt Romney,156579
Bucks,President,,DEM,Barack Obama,160521
Bucks,President,,GRN,Jill Stein,1053
Bucks,President,,LIB,Gary Johnson,2863
Bucks,U.S. Senate,,REP,Tom Smith,147595
Bucks,U.S. Senate,,DEM,Bob Casey Jr.,162258
Bucks,U.S. Senate,,LIB,Rayburn Douglas Smith,4303
Bucks,Attorney General,,REP,David J. Freed,143949
Bucks,Attorney General,,DEM,Kathleen G. Kane,162312
Bucks,Attorney General,,LIB,Marakay J. Rogers,5046
Bucks,U.S. House,8,REP,Mike Fitzpatrick,175918
Bucks,U.S. House,8,DEM,Kathy Boockvar,137917
Bucks,State House,18,REP,Gene D. Digirolamo,18838
Bucks,State House,29,REP,Bernie O'Neill,20970
Bucks,State House,29,DEM,Brian Munroe,14998
Bucks,State House,31,REP,Anne M. Chapman,15105
Bucks,State House,31,DEM,Steven J. Santarsiero,20640
Bucks,State House,140,REP,Eric David,6777
Bucks,State House,140,DEM,John T. Galloway,18465
Bucks,State House,141,REP,Anthony Sposato,6671
Bucks,State House,141,DEM,Tina Davis,17630
Bucks,State House,142,REP,Frank A. Farry,20596
Bucks,State House,143,REP,Marguerite Quinn,21483
Bucks,State House,143,DEM,Joseph Frederick,13280
Bucks,State House,144,REP,Katharine M. Watson,25604
Bucks,State House,145,REP,Paul I. Clymer,19692
Bucks,State House,145,DEM,Mary A. Whitesell,10739
Bucks,State House,178,REP,Scott A. Petri,24906
Butler,President,,REP,Mitt Romney,59761
Butler,President,,DEM,Barack Obama,28550
Butler,President,,GRN,Jill Stein,315
Butler,President,,LIB,Gary Johnson,819
Butler,U.S. Senate,,REP,Tom Smith,56320
Butler,U.S. Senate,,DEM,Bob Casey Jr.,30620
Butler,U.S. Senate,,LIB,Rayburn Douglas Smith,1751
Butler,Attorney General,,REP,David J. Freed,49845
Butler,Attorney General,,DEM,Kathleen G. Kane,34884
Butler,Attorney General,,LIB,Marakay J. Rogers,2997
Butler,U.S. House,3,REP,Mike Kelly,59742
Butler,U.S. House,3,DEM,Missa Eaton,25527
Butler,U.S. House,3,IND,Steven Porter,2892
Butler,State Senate,21,REP,Scott E. Hutchinson,21402
Butler,State Senate,41,REP,Don White,11572
Butler,State House,8,REP,Dick Stevenson,15924
Butler,State House,10,REP,Michael K. See,1630
Butler,State House,10,DEM,Jaret A. Gibbons,1675
Butler,State House,11,DEMREP,Brian L. Ellis,25433
Butler,State House,12,REP,Daryl Metcalfe,29567
Butler,State House,64,REP,R. Lee James,1354
Cambria,President,,REP,Mitt Romney,35163
Cambria,President,,DEM,Barack Obama,24249
Cambria,President,,GRN,Jill Stein,402
Cambria,President,,LIB,Gary Johnson,712
Cambria,U.S. Senate,,REP,Tom Smith,30202
Cambria,U.S. Senate,,DEM,Bob Casey Jr.,28779
Cambria,U.S. Senate,,LIB,Rayburn Douglas Smith,1330
Cambria,Attorney General,,REP,David J. Freed,23745
Cambria,Attorney General,,DEM,Kathleen G. Kane,34000
Cambria,Attorney General,,LIB,Marakay J. Rogers,1961
Cambria,U.S. House,9,REP,Bill Shuster,6319
Cambria,U.S. House,9,DEM,Karen Ramsburg,4783
Cambria,U.S. House,12,REP,Keith J. Rothfus,18336
Cambria,U.S. House,12,DEM,Mark S. Critz,30597
Cambria,State Senate,35,REP,Timothy P. Houser,29155
Cambria,State Senate,35,DEM,John N. Wozniak,30697
Cambria,State House,71,REP,Sherry L. Stalley,10346
Cambria,State House,71,DEM,Bryan E. Barbin,13023
Cambria,State House,72,DEM,Frank J. Burns,11843
Cambria,State House,73,REP,Randall J. Wilson,8333
Cambria,State House,73,DEM,Gary Haluska,13906
Cameron,President,,REP,Mitt Romney,1359
Cameron,President,,DEM,Barack Obama,724
Cameron,President,,GRN,Jill Stein,9
Cameron,President,,LIB,Gary Johnson,19
Cameron,U.S. Senate,,REP,Tom Smith,1277
Cameron,U.S. Senate,,DEM,Bob Casey Jr.,767
Cameron,U.S. Senate,,LIB,Rayburn Douglas Smith,69
Cameron,Attorney General,,REP,David J. Freed,1082
Cameron,Attorney General,,DEM,Kathleen G. Kane,906
Cameron,Attorney General,,LIB,Marakay J. Rogers,84
Cameron,U.S. House,5,REP,Glenn Thompson,1421
Cameron,U.S. House,5,DEM,Charles Dumas,651
Cameron,State Senate,25,REP,Joseph B. Scarnati III,1720
Cameron,State House,67,REP,Martin T. Causer,1733
Carbon,President,,REP,Mitt Romney,13504
Carbon,President,,DEM,Barack Obama,11580
Carbon,President,,GRN,Jill Stein,141
Carbon,President,,LIB,Gary Johnson,356
Carbon,U.S. Senate,,REP,Tom Smith,12758
Carbon,U.S. Senate,,DEM,Bob Casey Jr.,11924
Carbon,U.S. Senate,,LIB,Rayburn Douglas Smith,589
Carbon,Attorney General,,REP,David J. Freed,10851
Carbon,Attorney General,,DEM,Kathleen G. Kane,13176
Carbon,Attorney General,,LIB,Marakay J. Rogers,757
Carbon,U.S. House,11,REP,Lou Barletta,4698
Carbon,U.S. House,11,DEM,Gene Stilp,2557
Carbon,U.S. House,17,REP,Laureen A. Cummings,8279
Carbon,U.S. House,17,DEM,Matthew A. Cartwright,8889
Carbon,State Senate,29,REP,David G. Argall,7347
Carbon,State Senate,29,DEM,Tim Seip,4669
Carbon,State House,122,REP,Doyle M. Heffley,15006
Carbon,State House,122,DEM,Ronald J. Rabenold,10403
Centre,President,,REP,Mitt Romney,34001
Centre,President,,DEM,Barack Obama,34176
Centre,President,,GRN,Jill Stein,400
Centre,President,,LIB,Gary Johnson,1049
Centre,U.S. Senate,,REP,Tom Smith,32112
Centre,U.S. Senate,,DEM,Bob Casey Jr.,34156
Centre,U.S. Senate,,LIB,Rayburn Douglas Smith,2212
Centre,Attorney General,,REP,David J. Freed,26713
Centre,Attorney General,,DEM,Kathleen G. Kane,38098
Centre,Attorney General,,LIB,Marakay J. Rogers,2822
Centre,U.S. House,5,REP,Glenn Thompson,37012
Centre,U.S. House,5,DEM,Charles Dumas,30567
Centre,State Senate,35,REP,Timothy P. Houser,1191
Centre,State Senate,35,DEM,John N. Wozniak,1460
Centre,State House,76,DEM,Mike Hanna,6184
Centre,State House,77,REP,Ron Reese,10595
Centre,State House,77,DEM,H. Scott Conklin,20126
Centre,State House,171,REP,Kerry A. Benninghoff,17667
Centre,State House,171,DEM,Christopher G. Lee,10388
Chester,President,,REP,Mitt Romney,124840
Chester,President,,DEM,Barack Obama,124311
Chester,President,,GRN,Jill Stein,740
Chester,President,,LIB,Gary Johnson,2082
Chester,U.S. Senate,,REP,Tom Smith,119296
Chester,U.S. Senate,,DEM,Bob Casey Jr.,125671
Chester,U.S. Senate,,LIB,Rayburn Douglas Smith,4598
Chester,Attorney General,,REP,David J. Freed,116601
Chester,Attorney General,,DEM,Kathleen G. Kane,124340
Chester,Attorney General,,LIB,Marakay J. Rogers,6369
Chester,U.S. House,6,REP,Jim Gerlach,88435
Chester,U.S. House,6,DEM,Manan M. Trivedi,69745
Chester,U.S. House,7,REP,Patrick L. Meehan,29766
Chester,U.S. House,7,DEM,George Badey,18098
Chester,U.S. House,16,REP,Joseph R. Pitts,19662
Chester,U.S. House,16,DEM,Aryanna C. Strader,19377
Chester,U.S. House,16,OTH,James F. Bednarski,202
Chester,U.S. House,16,IND,John A. Murphy,1964
Chester,State Senate,9,REP,Dominic F. Pileggi,31782
Chester,State Senate,9,DEM,Patricia L. Worrell,20802
Chester,State Senate,19,REP,Christopher J. Amentas,56064
Chester,State Senate,19,DEM,Andrew E. Dinniman,77619
Chester,State House,13,REP,John Lawrence,17855
Chester,State House,13,DEM,Eric S. Schott,15672
Chester,State House,26,REP,Tim Hennessey,18058
Chester,State House,26,DEM,Mike D. Hays,14033
Chester,State House,155,REP,Becky Corbin,19787
Chester,State House,155,DEM,Josh A. Maxwell,17131
Chester,State House,156,REP,Dan Truitt,17080
Chester,State House,156,DEM,Bret M. Binder,16193
Chester,State House,157,REP,Warren E. Kampf,14603
Chester,State House,157,DEM,Paul J. Drucker,14209
Chester,State House,158,REP,Chris Ross,19736
Chester,State House,158,DEM,Susan F. Rzucidlo,14037
Chester,State House,160,REP,Stephen E. Barrar,4703
Chester,State House,167,REP,Duane D. Milne,20822
Chester,State House,167,DEM,Rob Broderick,14781
Chester,State House,168,REP,Thomas H. Killion,3556
Chester,State House,168,DEM,Beth Alois,2408
Clarion,President,,REP,Mitt Romney,10828
Clarion,President,,DEM,Barack Obama,5056
Clarion,President,,GRN,Jill Stein,94
Clarion,President,,LIB,Gary Johnson,208
Clarion,U.S. Senate,,REP,Tom Smith,10451
Clarion,U.S. Senate,,DEM,Bob Casey Jr.,5105
Clarion,U.S. Senate,,LIB,Rayburn Douglas Smith,585
Clarion,Attorney General,,REP,David J. Freed,8750
Clarion,Attorney General,,DEM,Kathleen G. Kane,6550
Clarion,Attorney General,,LIB,Marakay J. Rogers,613
Clarion,U.S. House,3,REP,Mike Kelly,3422
Clarion,U.S. House,3,DEM,Missa Eaton,1440
Clarion,U.S. House,3,IND,Steven Porter,227
Clarion,U.S. House,5,REP,Glenn Thompson,7670
Clarion,U.S. House,5,DEM,Charles Dumas,3157
Clarion,State Senate,21,REP,Scott E. Hutchinson,13334
Clarion,State House,63,DEMREP,Donna Oberlander,15439
Clearfield,President,,REP,Mitt Romney,20347
Clearfield,President,,DEM,Barack Obama,11121
Clearfield,President,,GRN,Jill Stein,160
Clearfield,President,,LIB,Gary Johnson,339
Clearfield,U.S. Senate,,REP,Tom Smith,19845
Clearfield,U.S. Senate,,DEM,Bob Casey Jr.,11286
Clearfield,U.S. Senate,,LIB,Rayburn Douglas Smith,713
Clearfield,Attorney General,,REP,David J. Freed,15486
Clearfield,Attorney General,,DEM,Kathleen G. Kane,14973
Clearfield,Attorney General,,LIB,Marakay J. Rogers,1090
Clearfield,U.S. House,5,REP,Glenn Thompson,21801
Clearfield,U.S. House,5,DEM,Charles Dumas,9617
Clearfield,State Senate,25,REP,Joseph B. Scarnati III,12405
Clearfield,State Senate,35,REP,Timothy P. Houser,5089
Clearfield,State Senate,35,DEM,John N. Wozniak,4978
Clearfield,State Senate,41,REP,Don White,5101
Clearfield,State House,74,REP,Thomas R. Sankey III,13391
Clearfield,State House,74,DEM,Mark B. McCracken,8595
Clearfield,State House,75,REP,Matt Gabler,8470
Clinton,President,,REP,Mitt Romney,7303
Clinton,President,,DEM,Barack Obama,5734
Clinton,President,,GRN,Jill Stein,57
Clinton,President,,LIB,Gary Johnson,171
Clinton,U.S. Senate,,REP,Tom Smith,7020
Clinton,U.S. Senate,,DEM,Bob Casey Jr.,5857
Clinton,U.S. Senate,,LIB,Rayburn Douglas Smith,295
Clinton,Attorney General,,REP,David J. Freed,5691
Clinton,Attorney General,,DEM,Kathleen G. Kane,6923
Clinton,Attorney General,,LIB,Marakay J. Rogers,416
Clinton,U.S. House,5,REP,Glenn Thompson,8252
Clinton,U.S. House,5,DEM,Charles Dumas,4727
Clinton,State Senate,35,REP,Timothy P. Houser,6496
Clinton,State Senate,35,DEM,John N. Wozniak,6492
Clinton,State House,76,DEM,Mike Hanna,10659
Columbia,President,,REP,Mitt Romney,14236
Columbia,President,,DEM,Barack Obama,10937
Columbia,President,,GRN,Jill Stein,126
Columbia,President,,LIB,Gary Johnson,324
Columbia,U.S. Senate,,REP,Tom Smith,13509
Columbia,U.S. Senate,,DEM,Bob Casey Jr.,11336
Columbia,U.S. Senate,,LIB,Rayburn Douglas Smith,592
Columbia,Attorney General,,REP,David J. Freed,11782
Columbia,Attorney General,,DEM,Kathleen G. Kane,12566
Columbia,Attorney General,,LIB,Marakay J. Rogers,770
Columbia,U.S. House,11,REP,Lou Barletta,15693
Columbia,U.S. House,11,DEM,Gene Stilp,9532
Columbia,State Senate,27,REP,John R. Gordner,20396
Columbia,State House,107,REP,Kurt A. Masser,597
Columbia,State House,107,DEM,Ted T. Yeager,385
Columbia,State House,109,REP,David R. Millard,12851
Columbia,State House,109,DEM,Daniel D. Knorr II,10728
Columbia,State House,117,DEMREP,Karen Boback,732
Crawford,President,,REP,Mitt Romney,20901
Crawford,President,,DEM,Barack Obama,13883
Crawford,President,,GRN,Jill Stein,168
Crawford,President,,LIB,Gary Johnson,436
Crawford,U.S. Senate,,REP,Tom Smith,21140
Crawford,U.S. Senate,,DEM,Bob Casey Jr.,13146
Crawford,U.S. Senate,,LIB,Rayburn Douglas Smith,927
Crawford,Attorney General,,REP,David J. Freed,18868
Crawford,Attorney General,,DEM,Kathleen G. Kane,14417
Crawford,Attorney General,,LIB,Marakay J. Rogers,1430
Crawford,U.S. House,3,REP,Mike Kelly,18946
Crawford,U.S. House,3,DEM,Missa Eaton,12263
Crawford,U.S. House,3,IND,Steven Porter,1792
Crawford,U.S. House,5,REP,Glenn Thompson,1237
Crawford,U.S. House,5,DEM,Charles Dumas,769
Crawford,State House,5,REP,Greg Lucas,3833
Crawford,State House,5,DEM,Jason G. White,2450
Crawford,State House,6,REP,Brad Roae,16903
Crawford,State House,17,REP,Michele Brooks,5198
Cumberland,President,,REP,Mitt Romney,64809
Cumberland,President,,DEM,Barack Obama,44367
Cumberland,President,,GRN,Jill Stein,447
Cumberland,President,,LIB,Gary Johnson,1191
Cumberland,U.S. Senate,,REP,Tom Smith,61296
Cumberland,U.S. Senate,,DEM,Bob Casey Jr.,46294
Cumberland,U.S. Senate,,LIB,Rayburn Douglas Smith,2445
Cumberland,Attorney General,,REP,David J. Freed,62388
Cumberland,Attorney General,,DEM,Kathleen G. Kane,44310
Cumberland,Attorney General,,LIB,Marakay J. Rogers,2929
Cumberland,U.S. House,4,REP,Scott Perry,37246
Cumberland,U.S. House,4,DEM,Harry Perkinson,19094
Cumberland,U.S. House,4,IND,Wayne W. Wolff,1920
Cumberland,U.S. House,4,LIB,Michael Bryant Koffenberger,1189
Cumberland,U.S. House,11,REP,Lou Barletta,30432
Cumberland,U.S. House,11,DEM,Gene Stilp,18420
Cumberland,State Senate,31,DEMREP,Patricia H. Vance,103832
Cumberland,State House,87,REP,Glen R. Grell,29791
Cumberland,State House,88,REP,Sheryl Mcvitty Delozier,25453
Cumberland,State House,89,REP,Rob Kauffman,2839
Cumberland,State House,89,DEM,Susan J. Spicka,2827
Cumberland,State House,92,REP,Mike Regan,5569
Cumberland,State House,92,DEM,Charles R. Comrey,2376
Cumberland,State House,199,REP,Stephen Bloom,21567
Dauphin,President,,REP,Mitt Romney,57450
Dauphin,President,,DEM,Barack Obama,64965
Dauphin,President,,GRN,Jill Stein,465
Dauphin,President,,LIB,Gary Johnson,1128
Dauphin,U.S. Senate,,REP,Tom Smith,53649
Dauphin,U.S. Senate,,DEM,Bob Casey Jr.,65235
Dauphin,U.S. Senate,,LIB,Rayburn Douglas Smith,1726
Dauphin,Attorney General,,REP,David J. Freed,52478
Dauphin,Attorney General,,DEM,Kathleen G. Kane,65667
Dauphin,Attorney General,,LIB,Marakay J. Rogers,1894
Dauphin,U.S. House,4,REP,Scott Perry,2790
Dauphin,U.S. House,4,DEM,Harry Perkinson,14093
Dauphin,U.S. House,4,IND,Wayne W. Wolff,177
Dauphin,U.S. House,4,LIB,Michael Bryant Koffenberger,151
Dauphin,U.S. House,11,REP,Lou Barletta,35252
Dauphin,U.S. House,11,DEM,Gene Stilp,34469
Dauphin,U.S. House,15,REP,Charles W. Dent,19316
Dauphin,U.S. House,15,DEM,Rick Daugherty,11375
Dauphin,State Senate,15,REP,John McNally,51160
Dauphin,State Senate,15,DEM,Rob Teplitz,57689
Dauphin,State Senate,27,REP,John R. Gordner,5468
Dauphin,State House,98,REP,David S. Hickernell,2682
Dauphin,State House,103,DEM,Patty H. Kim,19595
Dauphin,State House,104,REP,Susan C. Sue Helm,16047
Dauphin,State House,104,DEM,Christopher C. Dietz,13393
Dauphin,State House,105,REP,Ron Marsico,22755
Dauphin,State House,105,DEM,Kelly Jean McEntee,12225
Dauphin,State House,106,REP,John D. Payne,18768
Dauphin,State House,106,DEM,Osman Kamara,10210
Delaware,President,,REP,Mitt Romney,110853
Delaware,President,,DEM,Barack Obama,171792
Delaware,President,,GRN,Jill Stein,917
Delaware,President,,LIB,Gary Johnson,2002
Delaware,U.S. Senate,,REP,Tom Smith,103719
Delaware,U.S. Senate,,DEM,Bob Casey Jr.,170477
Delaware,U.S. Senate,,LIB,Rayburn Douglas Smith,2746
Delaware,Attorney General,,REP,David J. Freed,106132
Delaware,Attorney General,,DEM,Kathleen G. Kane,164738
Delaware,Attorney General,,LIB,Marakay J. Rogers,3290
Delaware,U.S. House,1,REP,John Featherman,14039
Delaware,U.S. House,1,DEM,Robert A. Brady,61562
Delaware,U.S. House,7,REP,Patrick L. Meehan,115705
Delaware,U.S. House,7,DEM,George Badey,82473
Delaware,State Senate,9,REP,Dominic F. Pileggi,41221
Delaware,State Senate,9,DEM,Patricia L. Worrell,37967
Delaware,State Senate,17,REP,Charles Henry Gehret,18162
Delaware,State Senate,17,DEM,Daylin Leach,23682
Delaware,State House,159,REP,James D. Schiliro,4435
Delaware,State House,159,DEM,Thaddeus Kirkland,17535
Delaware,State House,160,REP,Stephen E. Barrar,23498
Delaware,State House,161,REP,Joe Hackett,17972
Delaware,State House,161,DEM,Larry Demarco,16137
Delaware,State House,162,DEMREP,Nick Miccarelli,25447
Delaware,State House,163,REP,Nicholas A. Micozzie,14432
Delaware,State House,163,DEM,Sheamus Bonner,13937
Delaware,State House,164,REP,Earl Toole,8649
Delaware,State House,164,DEM,Margo L. Davidson,17240
Delaware,State House,165,REP,William F. Adolph Jr.,19678
Delaware,State House,165,DEM,Jeremy Fearn,11443
Delaware,State House,166,REP,Bill Toal,12637
Delaware,State House,166,DEM,Greg Vitali,21611
Delaware,State House,168,REP,Thomas H. Killion,16943
Delaware,State House,168,DEM,Beth Alois,12502
Delaware,State House,185,DEM,Maria P. Donatucci,6144
Delaware,State House,191,DEM,Ronald G. Waters,5933
Elk,President,,REP,Mitt Romney,7579
Elk,President,,DEM,Barack Obama,5463
Elk,President,,GRN,Jill Stein,79
Elk,President,,LIB,Gary Johnson,117
Elk,U.S. Senate,,REP,Tom Smith,7182
Elk,U.S. Senate,,DEM,Bob Casey Jr.,5611
Elk,U.S. Senate,,LIB,Rayburn Douglas Smith,386
Elk,Attorney General,,REP,David J. Freed,5947
Elk,Attorney General,,DEM,Kathleen G. Kane,6676
Elk,Attorney General,,LIB,Marakay J. Rogers,461
Elk,U.S. House,5,REP,Glenn Thompson,8416
Elk,U.S. House,5,DEM,Charles Dumas,4627
Elk,State Senate,25,REP,Joseph B. Scarnati III,10716
Elk,State House,75,REP,Matt Gabler,10994
Erie,President,,REP,Mitt Romney,49025
Erie,President,,DEM,Barack Obama,68036
Erie,President,,GRN,Jill Stein,471
Erie,President,,LIB,Gary Johnson,1087
Erie,U.S. Senate,,REP,Tom Smith,48708
Erie,U.S. Senate,,DEM,Bob Casey Jr.,65406
Erie,U.S. Senate,,LIB,Rayburn Douglas Smith,2837
Erie,Attorney General,,REP,David J. Freed,45336
Erie,Attorney General,,DEM,Kathleen G. Kane,64910
Erie,Attorney General,,LIB,Marakay J. Rogers,4368
Erie,U.S. House,3,REP,Mike Kelly,24773
Erie,U.S. House,3,DEM,Missa Eaton,37865
Erie,U.S. House,3,IND,Steven Porter,3560
Erie,U.S. House,5,REP,Glenn Thompson,26239
Erie,U.S. House,5,DEM,Charles Dumas,22562
Erie,State Senate,21,REP,Scott E. Hutchinson,11167
Erie,State Senate,49,REP,Janet S. Anderson,40592
Erie,State Senate,49,DEM,Sean D. Wiley,60921
Erie,State House,1,DEM,Patrick J. Harkins,16970
Erie,State House,2,DEM,Flo Fabrizio,19860
Erie,State House,3,REP,Jason Owen,14208
Erie,State House,3,DEM,Ryan A. Bizzarro,16198
Erie,State House,4,REP,Curt Sonney,18867
Erie,State House,5,REP,Greg Lucas,9609
Erie,State House,5,DEM,Jason G. White,8309
Fayette,President,,REP,Mitt Romney,26018
Fayette,President,,DEM,Barack Obama,21971
Fayette,President,,GRN,Jill Stein,151
Fayette,President,,LIB,Gary Johnson,365
Fayette,U.S. Senate,,REP,Tom Smith,22950
Fayette,U.S. Senate,,DEM,Bob Casey Jr.,24298
Fayette,U.S. Senate,,LIB,Rayburn Douglas Smith,846
Fayette,Attorney General,,REP,David J. Freed,18743
Fayette,Attorney General,,DEM,Kathleen G. Kane,27355
Fayette,Attorney General,,LIB,Marakay J. Rogers,1199
Fayette,U.S. House,9,REP,Bill Shuster,23542
Fayette,U.S. House,9,DEM,Karen Ramsburg,23200
Fayette,State House,49,REP,Richard J. Massafra,1308
Fayette,State House,49,DEM,Peter J. Daley II,2234
Fayette,State House,50,REP,Mark W. Fischer,1299
Fayette,State House,50,DEM,Pam Snyder,3233
Fayette,State House,51,REP,Gary Gearing,7400
Fayette,State House,51,DEM,Tim Mahoney,12799
Fayette,State House,52,DEM,Deberah Kula,12490
Fayette,State House,58,DEM,R. Ted Harhai,987
Fayette,State House,59,REP,Mike Reese,1699
Fayette,State House,59,DEM,Harriet Ellenberger,706
Forest,President,,REP,Mitt Romney,1383
Forest,President,,DEM,Barack Obama,896
Forest,President,,GRN,Jill Stein,10
Forest,President,,LIB,Gary Johnson,23
Forest,U.S. Senate,,REP,Tom Smith,1356
Forest,U.S. Senate,,DEM,Bob Casey Jr.,884
Forest,U.S. Senate,,LIB,Rayburn Douglas Smith,61
Forest,Attorney General,,REP,David J. Freed,1127
Forest,Attorney General,,DEM,Kathleen G. Kane,1055
Forest,Attorney General,,LIB,Marakay J. Rogers,92
Forest,U.S. House,5,REP,Glenn Thompson,1483
Forest,U.S. House,5,DEM,Charles Dumas,773
Forest,State Senate,21,REP,Scott E. Hutchinson,1748
Forest,State House,65,REP,Kathy L. Rapp,1825
Franklin,President,,REP,Mitt Romney,43260
Franklin,President,,DEM,Barack Obama,18995
Franklin,President,,GRN,Jill Stein,252
Franklin,President,,LIB,Gary Johnson,571
Franklin,U.S. Senate,,REP,Tom Smith,41697
Franklin,U.S. Senate,,DEM,Bob Casey Jr.,19726
Franklin,U.S. Senate,,LIB,Rayburn Douglas Smith,1286
Franklin,Attorney General,,REP,David J. Freed,37377
Franklin,Attorney General,,DEM,Kathleen G. Kane,22881
Franklin,Attorney General,,LIB,Marakay J. Rogers,1820
Franklin,U.S. House,9,REP,Bill Shuster,42564
Franklin,U.S. House,9,DEM,Karen Ramsburg,19187
Franklin,State Senate,33,REP,Richard Alloway II,45101
Franklin,State Senate,33,DEM,Bruce Neylon,16625
Franklin,State House,86,REP,Mark K. Keller,5973
Franklin,State House,89,REP,Rob Kauffman,15394
Franklin,State House,89,DEM,Susan J. Spicka,9020
Franklin,State House,90,REP,Todd A. Rock,25983
Franklin,State House,91,REP,Dan P. Moul,317
Fulton,President,,REP,Mitt Romney,4814
Fulton,President,,DEM,Barack Obama,1310
Fulton,President,,GRN,Jill Stein,21
Fulton,President,,LIB,Gary Johnson,50
Fulton,U.S. Senate,,REP,Tom Smith,4407
Fulton,U.S. Senate,,DEM,Bob Casey Jr.,1605
Fulton,U.S. Senate,,LIB,Rayburn Douglas Smith,125
Fulton,Attorney General,,REP,David J. Freed,4112
Fulton,Attorney General,,DEM,Kathleen G. Kane,1692
Fulton,Attorney General,,LIB,Marakay J. Rogers,193
Fulton,U.S. House,9,REP,Bill Shuster,4397
Fulton,U.S. House,9,DEM,Karen Ramsburg,1695
Fulton,State House,78,DEMREP,Dick L. Hess,5917
Greene,President,,REP,Mitt Romney,8428
Greene,President,,DEM,Barack Obama,5852
Greene,President,,GRN,Jill Stein,68
Greene,President,,LIB,Gary Johnson,116
Greene,U.S. Senate,,REP,Tom Smith,7262
Greene,U.S. Senate,,DEM,Bob Casey Jr.,6768
Greene,U.S. Senate,,LIB,Rayburn Douglas Smith,269
Greene,Attorney General,,REP,David J. Freed,5885
Greene,Attorney General,,DEM,Kathleen G. Kane,7740
Greene,Attorney General,,LIB,Marakay J. Rogers,426
Greene,U.S. House,9,REP,Bill Shuster,2966
Greene,U.S. House,9,DEM,Karen Ramsburg,3459
Greene,U.S. House,18,REP,Tim Murphy,4580
Greene,U.S. House,18,DEM,Larry Maggi,2909
Greene,State House,50,REP,Mark W. Fischer,6118
Greene,State House,50,DEM,Pam Snyder,8149
Huntingdon,President,,REP,Mitt Romney,11979
Huntingdon,President,,DEM,Barack Obama,5409
Huntingdon,President,,GRN,Jill Stein,116
Huntingdon,President,,LIB,Gary Johnson,135
Huntingdon,U.S. Senate,,REP,Tom Smith,11285
Huntingdon,U.S. Senate,,DEM,Bob Casey Jr.,5820
Huntingdon,U.S. Senate,,LIB,Rayburn Douglas Smith,434
Huntingdon,Attorney General,,REP,David J. Freed,9709
Huntingdon,Attorney General,,DEM,Kathleen G. Kane,7123
Huntingdon,Attorney General,,LIB,Marakay J. Rogers,520
Huntingdon,U.S. House,5,REP,Glenn Thompson,8762
Huntingdon,U.S. House,5,DEM,Charles Dumas,3803
Huntingdon,U.S. House,9,REP,Bill Shuster,3167
Huntingdon,U.S. House,9,DEM,Karen Ramsburg,1464
Huntingdon,State House,78,DEMREP,Dick L. Hess,982
Huntingdon,State House,81,REP,Michael E. Fleck,13506
Indiana,President,,REP,Mitt Romney,21257
Indiana,President,,DEM,Barack Obama,14473
Indiana,President,,GRN,Jill Stein,206
Indiana,President,,LIB,Gary Johnson,385
Indiana,U.S. Senate,,REP,Tom Smith,20452
Indiana,U.S. Senate,,DEM,Bob Casey Jr.,14908
Indiana,U.S. Senate,,LIB,Rayburn Douglas Smith,843
Indiana,Attorney General,,REP,David J. Freed,17435
Indiana,Attorney General,,DEM,Kathleen G. Kane,17139
Indiana,Attorney General,,LIB,Marakay J. Rogers,1226
Indiana,U.S. House,9,REP,Bill Shuster,21954
Indiana,U.S. House,9,DEM,Karen Ramsburg,13517
Indiana,State Senate,41,REP,Don White,28322
Indiana,State House,60,REP,Jeff Paul Pyle,4530
Indiana,State House,60,DEM,Jo Ellen Bowman,2154
Indiana,State House,62,REP,Dave Reed,19358
Indiana,State House,66,REP,Sam Smith,3153
Jefferson,President,,REP,Mitt Romney,13048
Jefferson,President,,DEM,Barack Obama,4787
Jefferson,President,,GRN,Jill Stein,89
Jefferson,President,,LIB,Gary Johnson,173
Jefferson,U.S. Senate,,REP,Tom Smith,12780
Jefferson,U.S. Senate,,DEM,Bob Casey Jr.,4878
Jefferson,U.S. Senate,,LIB,Rayburn Douglas Smith,428
Jefferson,Attorney General,,REP,David J. Freed,10395
Jefferson,Attorney General,,DEM,Kathleen G. Kane,6891
Jefferson,Attorney General,,LIB,Marakay J. Rogers,629
Jefferson,U.S. House,5,REP,Glenn Thompson,13354
Jefferson,U.S. House,5,DEM,Charles Dumas,4484
Jefferson,State Senate,25,REP,Joseph B. Scarnati III,15260
Jefferson,State House,66,REP,Sam Smith,14845
Juniata,President,,REP,Mitt Romney,6862
Juniata,President,,DEM,Barack Obama,2547
Juniata,President,,GRN,Jill Stein,43
Juniata,President,,LIB,Gary Johnson,83
Juniata,U.S. Senate,,REP,Tom Smith,6337
Juniata,U.S. Senate,,DEM,Bob Casey Jr.,3010
Juniata,U.S. Senate,,LIB,Rayburn Douglas Smith,204
Juniata,Attorney General,,REP,David J. Freed,5638
Juniata,Attorney General,,DEM,Kathleen G. Kane,3587
Juniata,Attorney General,,LIB,Marakay J. Rogers,243
Juniata,U.S. House,10,REP,Thomas A. Marino,6822
Juniata,U.S. House,10,DEM,Philip Scollo,2376
Juniata,State House,82,REP,C. Adam Harris,7592
Lackawanna,President,,REP,Mitt Romney,35085
Lackawanna,President,,DEM,Barack Obama,61838
Lackawanna,President,,GRN,Jill Stein,349
Lackawanna,President,,LIB,Gary Johnson,743
Lackawanna,U.S. Senate,,REP,Tom Smith,30928
Lackawanna,U.S. Senate,,DEM,Bob Casey Jr.,64940
Lackawanna,U.S. Senate,,LIB,Rayburn Douglas Smith,1543
Lackawanna,Attorney General,,REP,David J. Freed,24709
Lackawanna,Attorney General,,DEM,Kathleen G. Kane,69364
Lackawanna,Attorney General,,LIB,Marakay J. Rogers,2103
Lackawanna,U.S. House,10,REP,Thomas A. Marino,15351
Lackawanna,U.S. House,10,DEM,Philip Scollo,13947
Lackawanna,U.S. House,17,REP,Laureen A. Cummings,16124
Lackawanna,U.S. House,17,DEM,Matthew A. Cartwright,48873
Lackawanna,State House,112,REP,Ray Nearhood,5917
Lackawanna,State House,112,DEM,Kevin M. Haggerty,17139
Lackawanna,State House,113,DEM,Marty Flynn,19384
Lackawanna,State House,114,DEMREP,Sid Michaels Kavulich,22047
Lackawanna,State House,115,REP,Theresa Kane,7151
Lackawanna,State House,115,DEM,Frank Farina,13523
Lancaster,President,,REP,Mitt Romney,130669
Lancaster,President,,DEM,Barack Obama,88481
Lancaster,President,,GRN,Jill Stein,759
Lancaster,President,,LIB,Gary Johnson,2527
Lancaster,U.S. Senate,,REP,Tom Smith,127135
Lancaster,U.S. Senate,,DEM,Bob Casey Jr.,88778
Lancaster,U.S. Senate,,LIB,Rayburn Douglas Smith,4387
Lancaster,Attorney General,,REP,David J. Freed,118414
Lancaster,Attorney General,,DEM,Kathleen G. Kane,95011
Lancaster,Attorney General,,LIB,Marakay J. Rogers,5091
Lancaster,U.S. House,7,REP,Patrick L. Meehan,6398
Lancaster,U.S. House,7,DEM,George Badey,2007
Lancaster,U.S. House,16,REP,Joseph R. Pitts,126530
Lancaster,U.S. House,16,DEM,Aryanna C. Strader,70066
Lancaster,U.S. House,16,OTH,James F. Bednarski,4562
Lancaster,U.S. House,16,IND,John A. Murphy,8910
Lancaster,State Senate,13,REP,Lloyd K. Smucker,50036
Lancaster,State Senate,13,DEM,Tom G. O'Brien,42090
Lancaster,State House,37,REP,Mindy Fee,20999
Lancaster,State House,37,DEM,Russell U. Stahley,7713
Lancaster,State House,41,REP,Ryan P. Aument,20183
Lancaster,State House,41,DEM,Marcy Dubroff,13562
Lancaster,State House,43,REP,Keith J. Greiner,18880
Lancaster,State House,43,DEM,John M. Weigel,10477
Lancaster,State House,96,REP,Thomas Garman Jr.,5493
Lancaster,State House,96,DEM,Mike Sturla,14659
Lancaster,State House,96,IND,Paul Culbreth,1581
Lancaster,State House,97,REP,Steven C. Mentzer,25071
Lancaster,State House,98,REP,David S. Hickernell,18761
Lancaster,State House,99,REP,Gordon R. Denlinger,19198
Lancaster,State House,100,REP,Bryan D. Cutler,18795
Lawrence,President,,REP,Mitt Romney,21047
Lawrence,President,,DEM,Barack Obama,17513
Lawrence,President,,GRN,Jill Stein,142
Lawrence,President,,LIB,Gary Johnson,334
Lawrence,U.S. Senate,,REP,Tom Smith,19353
Lawrence,U.S. Senate,,DEM,Bob Casey Jr.,18603
Lawrence,U.S. Senate,,LIB,Rayburn Douglas Smith,689
Lawrence,Attorney General,,REP,David J. Freed,17431
Lawrence,Attorney General,,DEM,Kathleen G. Kane,19765
Lawrence,Attorney General,,LIB,Marakay J. Rogers,1014
Lawrence,U.S. House,3,REP,Mike Kelly,16135
Lawrence,U.S. House,3,DEM,Missa Eaton,13539
Lawrence,U.S. House,3,IND,Steven Porter,1237
Lawrence,U.S. House,12,REP,Keith J. Rothfus,3526
Lawrence,U.S. House,12,DEM,Mark S. Critz,3594
Lawrence,State Senate,47,REP,Elder A. Vogel Jr.,13791
Lawrence,State Senate,47,DEM,Kimberly Pazzanita Villella,11780
Lawrence,State House,9,REP,Jason T. Murtha,9392
Lawrence,State House,9,DEM,Christopher Sainato,13452
Lawrence,State House,10,REP,Michael K. See,5859
Lawrence,State House,10,DEM,Jaret A. Gibbons,7820
Lawrence,State House,17,REP,Michele Brooks,1912
Lebanon,President,,REP,Mitt Romney,35872
Lebanon,President,,DEM,Barack Obama,19900
Lebanon,President,,GRN,Jill Stein,219
Lebanon,President,,LIB,Gary Johnson,589
Lebanon,U.S. Senate,,REP,Tom Smith,33843
Lebanon,U.S. Senate,,DEM,Bob Casey Jr.,21007
Lebanon,U.S. Senate,,LIB,Rayburn Douglas Smith,1110
Lebanon,Attorney General,,REP,David J. Freed,31549
Lebanon,Attorney General,,DEM,Kathleen G. Kane,22366
Lebanon,Attorney General,,LIB,Marakay J. Rogers,1454
Lebanon,U.S. House,6,REP,Jim Gerlach,14763
Lebanon,U.S. House,6,DEM,Manan M. Trivedi,7699
Lebanon,U.S. House,15,REP,Charles W. Dent,21885
Lebanon,U.S. House,15,DEM,Rick Daugherty,10120
Lebanon,State House,101,REP,Mauree Gingrich,20618
Lebanon,State House,102,REP,Rosemarie Swanger,24532
Lehigh,President,,REP,Mitt Romney,66874
Lehigh,President,,DEM,Barack Obama,78283
Lehigh,President,,GRN,Jill Stein,514
Lehigh,President,,LIB,Gary Johnson,1331
Lehigh,U.S. Senate,,REP,Tom Smith,62071
Lehigh,U.S. Senate,,DEM,Bob Casey Jr.,79527
Lehigh,U.S. Senate,,LIB,Rayburn Douglas Smith,2712
Lehigh,Attorney General,,REP,David J. Freed,59200
Lehigh,Attorney General,,DEM,Kathleen G. Kane,80113
Lehigh,Attorney General,,LIB,Marakay J. Rogers,3408
Lehigh,U.S. House,15,REP,Charles W. Dent,75871
Lehigh,U.S. House,15,DEM,Rick Daugherty,67957
Lehigh,State Senate,29,REP,David G. Argall,4593
Lehigh,State Senate,29,DEM,Tim Seip,2927
Lehigh,State House,131,REP,Justin J. Simmons,13008
Lehigh,State House,131,DEM,Kevin T. Deely Jr.,12994
Lehigh,State House,132,DEM,Mike Schlossberg,17013
Lehigh,State House,133,REP,David Molony,6564
Lehigh,State House,133,DEM,Daniel McNeill,10381
Lehigh,State House,134,REP,Ryan E. Mackenzie,19567
Lehigh,State House,134,DEM,John Reynard,13501
Lehigh,State House,135,REP,Kenneth R. Barreto,2573
Lehigh,State House,135,DEM,Steve Samuelson,5571
Lehigh,State House,183,REP,Julie Harhart,11772
Lehigh,State House,187,REP,Gary W. Day,14142
Lehigh,State House,187,DEM,Joseph M. Haas,7301
Luzerne,President,,REP,Mitt Romney,58325
Luzerne,President,,DEM,Barack Obama,64307
Luzerne,President,,GRN,Jill Stein,546
Luzerne,President,,LIB,Gary Johnson,1261
Luzerne,U.S. Senate,,REP,Tom Smith,53168
Luzerne,U.S. Senate,,DEM,Bob Casey Jr.,66951
Luzerne,U.S. Senate,,LIB,Rayburn Douglas Smith,2738
Luzerne,Attorney General,,REP,David J. Freed,44865
Luzerne,Attorney General,,DEM,Kathleen G. Kane,71531
Luzerne,Attorney General,,LIB,Marakay J. Rogers,3825
Luzerne,U.S. House,11,REP,Lou Barletta,49890
Luzerne,U.S. House,11,DEM,Gene Stilp,34660
Luzerne,U.S. House,17,REP,Laureen A. Cummings,10676
Luzerne,U.S. House,17,DEM,Matthew A. Cartwright,26474
Luzerne,State Senate,27,REP,John R. Gordner,5669
Luzerne,State House,114,DEMREP,Sid Michaels Kavulich,1642
Luzerne,State House,116,REP,Tarah Toohil,14671
Luzerne,State House,116,DEM,Ransom S. Young,7157
Luzerne,State House,117,DEMREP,Karen Boback,20163
Luzerne,State House,118,REP,Terrence J. O'Connor,2808
Luzerne,State House,118,DEM,Mike Carroll,9353
Luzerne,State House,119,REP,Rick Arnold,8456
Luzerne,State House,119,DEM,Gerald J. Mullery,13132
Luzerne,State House,120,REP,Aaron D. Kaufer,11050
Luzerne,State House,120,DEM,Phyllis Mundy,14133
Luzerne,State House,121,DEM,Eddie Day Pashinski,15617
Lycoming,President,,REP,Mitt Romney,30658
Lycoming,President,,DEM,Barack Obama,15203
Lycoming,President,,GRN,Jill Stein,223
Lycoming,President,,LIB,Gary Johnson,409
Lycoming,U.S. Senate,,REP,Tom Smith,29024
Lycoming,U.S. Senate,,DEM,Bob Casey Jr.,16179
Lycoming,U.S. Senate,,LIB,Rayburn Douglas Smith,951
Lycoming,Attorney General,,REP,David J. Freed,25628
Lycoming,Attorney General,,DEM,Kathleen G. Kane,18590
Lycoming,Attorney General,,LIB,Marakay J. Rogers,1393
Lycoming,U.S. House,10,REP,Thomas A. Marino,33044
Lycoming,U.S. House,10,DEM,Philip Scollo,12733
Lycoming,State Senate,23,REP,Gene Yaw,32140
Lycoming,State Senate,23,DEM,Luana Cleveland,13552
Lycoming,State House,83,REP,Harry J. Rogers Jr.,9369
Lycoming,State House,83,DEM,Rick Mirabito,13318
Lycoming,State House,84,REP,Garth D. Everett,20265
Mckean,President,,REP,Mitt Romney,9545
Mckean,President,,DEM,Barack Obama,5297
Mckean,President,,GRN,Jill Stein,88
Mckean,President,,LIB,Gary Johnson,178
Mckean,U.S. Senate,,REP,Tom Smith,9250
Mckean,U.S. Senate,,DEM,Bob Casey Jr.,5355
Mckean,U.S. Senate,,LIB,Rayburn Douglas Smith,316
Mckean,Attorney General,,REP,David J. Freed,8662
Mckean,Attorney General,,DEM,Kathleen G. Kane,5509
Mckean,Attorney General,,LIB,Marakay J. Rogers,438
Mckean,U.S. House,5,REP,Glenn Thompson,10334
Mckean,U.S. House,5,DEM,Charles Dumas,4334
Mckean,State Senate,25,REP,Joseph B. Scarnati III,11964
Mckean,State House,65,REP,Kathy L. Rapp,2666
Mckean,State House,67,REP,Martin T. Causer,9603
Mercer,President,,REP,Mitt Romney,25925
Mercer,President,,DEM,Barack Obama,24232
Mercer,President,,GRN,Jill Stein,219
Mercer,President,,LIB,Gary Johnson,487
Mercer,U.S. Senate,,REP,Tom Smith,24772
Mercer,U.S. Senate,,DEM,Bob Casey Jr.,24314
Mercer,U.S. Senate,,LIB,Rayburn Douglas Smith,1101
Mercer,Attorney General,,REP,David J. Freed,22649
Mercer,Attorney General,,DEM,Kathleen G. Kane,25314
Mercer,Attorney General,,LIB,Marakay J. Rogers,1521
Mercer,U.S. House,3,REP,Mike Kelly,23869
Mercer,U.S. House,3,DEM,Missa Eaton,24692
Mercer,U.S. House,3,IND,Steven Porter,1718
Mercer,State House,7,DEMREP,Mark Longietti,24586
Mercer,State House,8,REP,Dick Stevenson,7263
Mercer,State House,17,REP,Michele Brooks,12794
Mifflin,President,,REP,Mitt Romney,11939
Mifflin,President,,DEM,Barack Obama,4273
Mifflin,President,,GRN,Jill Stein,52
Mifflin,President,,LIB,Gary Johnson,107
Mifflin,U.S. Senate,,REP,Tom Smith,11099
Mifflin,U.S. Senate,,DEM,Bob Casey Jr.,4937
Mifflin,U.S. Senate,,LIB,Rayburn Douglas Smith,268
Mifflin,Attorney General,,REP,David J. Freed,9533
Mifflin,Attorney General,,DEM,Kathleen G. Kane,6242
Mifflin,Attorney General,,LIB,Marakay J. Rogers,368
Mifflin,U.S. House,10,REP,Thomas A. Marino,11668
Mifflin,U.S. House,10,DEM,Philip Scollo,4122
Mifflin,State House,81,REP,Michael E. Fleck,3276
Mifflin,State House,82,REP,C. Adam Harris,7277
Mifflin,State House,171,REP,Kerry A. Benninghoff,2575
Mifflin,State House,171,DEM,Christopher G. Lee,458
Monroe,President,,REP,Mitt Romney,26867
Monroe,President,,DEM,Barack Obama,35221
Monroe,President,,GRN,Jill Stein,233
Monroe,President,,LIB,Gary Johnson,596
Monroe,U.S. Senate,,REP,Tom Smith,25579
Monroe,U.S. Senate,,DEM,Bob Casey Jr.,33502
Monroe,U.S. Senate,,LIB,Rayburn Douglas Smith,918
Monroe,Attorney General,,REP,David J. Freed,23503
Monroe,Attorney General,,DEM,Kathleen G. Kane,34298
Monroe,Attorney General,,LIB,Marakay J. Rogers,1062
Monroe,U.S. House,10,REP,Thomas A. Marino,9320
Monroe,U.S. House,10,DEM,Philip Scollo,10869
Monroe,U.S. House,17,REP,Laureen A. Cummings,16203
Monroe,U.S. House,17,DEM,Matthew A. Cartwright,20957
Monroe,State Senate,29,REP,David G. Argall,4236
Monroe,State Senate,29,DEM,Tim Seip,4143
Monroe,State House,118,REP,Terrence J. O'Connor,6169
Monroe,State House,118,DEM,Mike Carroll,7526
Monroe,State House,139,REP,Michael T. Peifer,1758
Monroe,State House,176,REP,Mario M. Scavello,13506
Monroe,State House,176,DEM,Maureen E. Madden,10906
Monroe,State House,189,REP,Rosemary M. Brown,10138
Monroe,State House,189,DEM,Elizabeth A. Forrest,8228
Montgomery,President,,REP,Mitt Romney,174381
Montgomery,President,,DEM,Barack Obama,233356
Montgomery,President,,GRN,Jill Stein,1210
Montgomery,President,,LIB,Gary Johnson,3253
Montgomery,U.S. Senate,,REP,Tom Smith,163882
Montgomery,U.S. Senate,,DEM,Bob Casey Jr.,235197
Montgomery,U.S. Senate,,LIB,Rayburn Douglas Smith,3712
Montgomery,Attorney General,,REP,David J. Freed,164182
Montgomery,Attorney General,,DEM,Kathleen G. Kane,231043
Montgomery,Attorney General,,LIB,Marakay J. Rogers,4352
Montgomery,U.S. House,2,REP,Robert Allen Mansfield Jr.,12410
Montgomery,U.S. House,2,DEM,Chaka Fattah,24129
Montgomery,U.S. House,2,IND,James Foster,356
Montgomery,U.S. House,6,REP,Jim Gerlach,41360
Montgomery,U.S. House,6,DEM,Manan M. Trivedi,34822
Montgomery,U.S. House,7,REP,Patrick L. Meehan,40688
Montgomery,U.S. House,7,DEM,George Badey,31400
Montgomery,U.S. House,8,REP,Mike Fitzpatrick,23461
Montgomery,U.S. House,8,DEM,Kathy Boockvar,14942
Montgomery,U.S. House,13,REP,Joseph James Rooney,59731
Montgomery,U.S. House,13,DEM,Allyson Y. Schwartz,114542
Montgomery,State Senate,7,DEM,Vincent J. Hughes,14042
Montgomery,State Senate,17,REP,Charles Henry Gehret,27545
Montgomery,State Senate,17,DEM,Daylin Leach,54826
Montgomery,State Senate,19,REP,Christopher J. Amentas,5850
Montgomery,State Senate,19,DEM,Andrew E. Dinniman,5970
Montgomery,State House,53,REP,Robert W. Godshall,17205
Montgomery,State House,53,DEM,Mick Wynne,11140
Montgomery,State House,61,REP,Kate M. Harper,20231
Montgomery,State House,61,DEM,Jo White,14543
Montgomery,State House,70,REP,Jim Phillips,11235
Montgomery,State House,70,DEM,Matthew D. Bradford,20663
Montgomery,State House,146,REP,Thomas J. Quigley,14680
Montgomery,State House,146,DEM,Mark Painter,14888
Montgomery,State House,147,REP,Marcy L. Toepel,18812
Montgomery,State House,147,DEM,Betty J. White,11846
Montgomery,State House,148,REP,Mike Ludwig,15088
Montgomery,State House,148,DEM,Mary Jo Daley,21414
Montgomery,State House,149,REP,Perry Hamilton,10772
Montgomery,State House,149,DEM,Tim Briggs,20690
Montgomery,State House,150,REP,Mike A. Vereb,16846
Montgomery,State House,150,DEM,Kelly Lynn Devine,14182
Montgomery,State House,151,REP,Todd Stephens,19153
Montgomery,State House,151,DEM,Will Sylianteng,13217
Montgomery,State House,152,REP,Thomas P. Murt,18481
Montgomery,State House,152,DEM,Ronald Adam Kolla,10233
Montgomery,State House,153,REP,Nicholas W. Mattiacci,11369
Montgomery,State House,153,DEM,Madeleine Dean,20934
Montgomery,State House,153,LIB,Kenneth V. Krawchuk,320
Montgomery,State House,154,REP,Mark Sirinides,8231
Montgomery,State House,154,DEM,Steve McCarter,25454
Montgomery,State House,157,REP,Warren E. Kampf,3180
Montgomery,State House,157,DEM,Paul J. Drucker,2803
Montgomery,State House,170,DEM,Brendan F. Boyle,1345
Montgomery,State House,194,REP,Linda M. Wolfe Bateman,1857
Montgomery,State House,194,DEM,Pamela A. Delissio,4666
Montour,President,,REP,Mitt Romney,4652
Montour,President,,DEM,Barack Obama,3053
Montour,President,,GRN,Jill Stein,30
Montour,President,,LIB,Gary Johnson,96
Montour,U.S. Senate,,REP,Tom Smith,4435
Montour,U.S. Senate,,DEM,Bob Casey Jr.,3121
Montour,U.S. Senate,,LIB,Rayburn Douglas Smith,190
Montour,Attorney General,,REP,David J. Freed,3877
Montour,Attorney General,,DEM,Kathleen G. Kane,3504
Montour,Attorney General,,LIB,Marakay J. Rogers,242
Montour,U.S. House,11,REP,Lou Barletta,4610
Montour,U.S. House,11,DEM,Gene Stilp,2959
Montour,State Senate,27,REP,John R. Gordner,6024
Montour,State House,107,REP,Kurt A. Masser,4511
Montour,State House,107,DEM,Ted T. Yeager,3149
Northampton,President,,REP,Mitt Romney,61446
Northampton,President,,DEM,Barack Obama,67606
Northampton,President,,GRN,Jill Stein,495
Northampton,President,,LIB,Gary Johnson,1188
Northampton,U.S. Senate,,REP,Tom Smith,56268
Northampton,U.S. Senate,,DEM,Bob Casey Jr.,68203
Northampton,U.S. Senate,,LIB,Rayburn Douglas Smith,1821
Northampton,Attorney General,,REP,David J. Freed,53990
Northampton,Attorney General,,DEM,Kathleen G. Kane,68169
Northampton,Attorney General,,LIB,Marakay J. Rogers,2013
Northampton,U.S. House,15,REP,Charles W. Dent,37265
Northampton,U.S. House,15,DEM,Rick Daugherty,30791
Northampton,U.S. House,17,REP,Laureen A. Cummings,25628
Northampton,U.S. House,17,DEM,Matthew A. Cartwright,29629
Northampton,State Senate,29,REP,David G. Argall,2994
Northampton,State Senate,29,DEM,Tim Seip,2224
Northampton,State House,131,REP,Justin J. Simmons,1293
Northampton,State House,131,DEM,Kevin T. Deely Jr.,878
Northampton,State House,133,REP,David Molony,773
Northampton,State House,133,DEM,Daniel McNeill,3026
Northampton,State House,135,REP,Kenneth R. Barreto,5318
Northampton,State House,135,DEM,Steve Samuelson,12722
Northampton,State House,136,DEM,Robert Freeman,17359
Northampton,State House,137,REP,Joe Emrick,19378
Northampton,State House,137,DEM,Joseph H. Capozzolo,12200
Northampton,State House,138,REP,Marcia M. Hahn,20405
Northampton,State House,138,DEM,Leslie M. Altieri,12046
Northampton,State House,183,REP,Julie Harhart,9449
Northumberland,President,,REP,Mitt Romney,19518
Northumberland,President,,DEM,Barack Obama,13072
Northumberland,President,,GRN,Jill Stein,200
Northumberland,President,,LIB,Gary Johnson,422
Northumberland,U.S. Senate,,REP,Tom Smith,19057
Northumberland,U.S. Senate,,DEM,Bob Casey Jr.,12904
Northumberland,U.S. Senate,,LIB,Rayburn Douglas Smith,720
Northumberland,Attorney General,,REP,David J. Freed,16201
Northumberland,Attorney General,,DEM,Kathleen G. Kane,15186
Northumberland,Attorney General,,LIB,Marakay J. Rogers,911
Northumberland,U.S. House,10,REP,Thomas A. Marino,7446
Northumberland,U.S. House,10,DEM,Philip Scollo,3009
Northumberland,U.S. House,11,REP,Lou Barletta,13292
Northumberland,U.S. House,11,DEM,Gene Stilp,8386
Northumberland,State Senate,27,REP,John R. Gordner,25960
Northumberland,State House,107,REP,Kurt A. Masser,6872
Northumberland,State House,107,DEM,Ted T. Yeager,5440
Northumberland,State House,108,REP,Lynda J. Schlegel-Culver,17748
Perry,President,,REP,Mitt Romney,13120
Perry,President,,DEM,Barack Obama,5685
Perry,President,,GRN,Jill Stein,85
Perry,President,,LIB,Gary Johnson,238
Perry,U.S. Senate,,REP,Tom Smith,12420
Perry,U.S. Senate,,DEM,Bob Casey Jr.,6168
Perry,U.S. Senate,,LIB,Rayburn Douglas Smith,504
Perry,Attorney General,,REP,David J. Freed,11646
Perry,Attorney General,,DEM,Kathleen G. Kane,6739
Perry,Attorney General,,LIB,Marakay J. Rogers,605
Perry,U.S. House,10,REP,Thomas A. Marino,7326
Perry,U.S. House,10,DEM,Philip Scollo,2604
Perry,U.S. House,11,REP,Lou Barletta,5865
Perry,U.S. House,11,DEM,Gene Stilp,2807
Perry,State House,86,REP,Mark K. Keller,16360
Philadelphia,President,,REP,Mitt Romney,96467
Philadelphia,President,,DEM,Barack Obama,588806
Philadelphia,President,,GRN,Jill Stein,2162
Philadelphia,President,,LIB,Gary Johnson,2892
Philadelphia,U.S. Senate,,REP,Tom Smith,84461
Philadelphia,U.S. Senate,,DEM,Bob Casey Jr.,564886
Philadelphia,U.S. Senate,,LIB,Rayburn Douglas Smith,4503
Philadelphia,Attorney General,,REP,David J. Freed,84224
Philadelphia,Attorney General,,DEM,Kathleen G. Kane,560401
Philadelphia,Attorney General,,LIB,Marakay J. Rogers,5426
Philadelphia,U.S. House,1,REP,John Featherman,27669
Philadelphia,U.S. House,1,DEM,Robert A. Brady,173832
Philadelphia,U.S. House,2,REP,Robert Allen Mansfield Jr.,20971
Philadelphia,U.S. House,2,DEM,Chaka Fattah,294047
Philadelphia,U.S. House,2,IND,James Foster,4473
Philadelphia,U.S. House,13,REP,Joseph James Rooney,34187
Philadelphia,U.S. House,13,DEM,Allyson Y. Schwartz,95359
Philadelphia,State Senate,1,REP,Alfonso Gambone Jr.,20421
Philadelphia,State Senate,1,DEM,Lawrence M. Farnese Jr.,95612
Philadelphia,State Senate,3,DEM,Shirley M. Kitchen,101151
Philadelphia,State Senate,5,REP,Michael J. Tomlinson,25954
Philadelphia,State Senate,5,DEM,Mike Stack,65587
Philadelphia,State Senate,7,DEM,Vincent J. Hughes,91104
Philadelphia,State House,152,REP,Thomas P. Murt,683
Philadelphia,State House,152,DEM,Ronald Adam Kolla,716
Philadelphia,State House,154,REP,Mark Sirinides,78
Philadelphia,State House,154,DEM,Steve McCarter,340
Philadelphia,State House,169,REP,David M. Kralle,8435
Philadelphia,State House,169,DEM,Ed Neilson,15825
Philadelphia,State House,170,DEM,Brendan F. Boyle,17267
Philadelphia,State House,172,REP,Al Taubenberger,7961
Philadelphia,State House,172,DEM,Kevin J. Boyle,16839
Philadelphia,State House,173,DEM,Michael Patrick McGeehan,16033
Philadelphia,State House,174,DEM,John P. Sabatina Jr.,18230
Philadelphia,State House,175,DEM,Michael H. O'Brien,24577
Philadelphia,State House,177,REP,John J. Taylor,12249
Philadelphia,State House,177,DEM,William F. Dunbar,9336
Philadelphia,State House,179,DEM,James W. Clay Jr.,19109
Philadelphia,State House,180,DEM,Angel L. Cruz,16913
Philadelphia,State House,181,DEM,W. Curtis Thomas,25275
Philadelphia,State House,182,DEM,Brian K. Sims,28537
Philadelphia,State House,184,DEM,William F. Keller,19277
Philadelphia,State House,185,DEM,Maria P. Donatucci,16138
Philadelphia,State House,186,DEM,Jordan A. Harris,26469
Philadelphia,State House,188,REP,Ernest Adkins,1521
Philadelphia,State House,188,DEM,James R. Roebuck,22715
Philadelphia,State House,190,DEM,Vanessa L. Brown,27617
Philadelphia,State House,191,DEM,Ronald G. Waters,19636
Philadelphia,State House,192,DEM,Louise Bishop,28149
Philadelphia,State House,194,REP,Linda M. Wolfe Bateman,4458
Philadelphia,State House,194,DEM,Pamela A. Delissio,15845
Philadelphia,State House,195,DEM,Michelle F. Brownlee,26914
Philadelphia,State House,197,REP,Steve L. Crum,1404
Philadelphia,State House,197,DEM,J. P. Miranda,25998
Philadelphia,State House,198,DEM,Rosita C. Youngblood,26517
Philadelphia,State House,200,DEM,Cherelle Lesley Parker,30035
Philadelphia,State House,201,DEM,Stephen Kinsey,26486
Philadelphia,State House,202,DEM,Mark B. Cohen,21832
Philadelphia,State House,203,DEM,Dwight Evans,27080
Pike,President,,REP,Mitt Romney,12786
Pike,President,,DEM,Barack Obama,10210
Pike,President,,GRN,Jill Stein,89
Pike,President,,LIB,Gary Johnson,194
Pike,U.S. Senate,,REP,Tom Smith,12267
Pike,U.S. Senate,,DEM,Bob Casey Jr.,10081
Pike,U.S. Senate,,LIB,Rayburn Douglas Smith,450
Pike,Attorney General,,REP,David J. Freed,11559
Pike,Attorney General,,DEM,Kathleen G. Kane,9673
Pike,Attorney General,,LIB,Marakay J. Rogers,611
Pike,U.S. House,10,REP,Thomas A. Marino,13075
Pike,U.S. House,10,DEM,Philip Scollo,10507
Pike,State House,139,REP,Michael T. Peifer,10339
Pike,State House,189,REP,Rosemary M. Brown,4858
Pike,State House,189,DEM,Elizabeth A. Forrest,3734
Potter,President,,REP,Mitt Romney,5231
Potter,President,,DEM,Barack Obama,1897
Potter,President,,GRN,Jill Stein,36
Potter,President,,LIB,Gary Johnson,78
Potter,U.S. Senate,,REP,Tom Smith,5035
Potter,U.S. Senate,,DEM,Bob Casey Jr.,1950
Potter,U.S. Senate,,LIB,Rayburn Douglas Smith,169
Potter,Attorney General,,REP,David J. Freed,4681
Potter,Attorney General,,DEM,Kathleen G. Kane,2132
Potter,Attorney General,,LIB,Marakay J. Rogers,230
Potter,U.S. House,5,REP,Glenn Thompson,5505
Potter,U.S. House,5,DEM,Charles Dumas,1589
Potter,State Senate,25,REP,Joseph B. Scarnati III,6132
Potter,State House,67,REP,Martin T. Causer,6322
Schuylkill,President,,REP,Mitt Romney,32278
Schuylkill,President,,DEM,Barack Obama,24546
Schuylkill,President,,GRN,Jill Stein,286
Schuylkill,President,,LIB,Gary Johnson,617
Schuylkill,U.S. Senate,,REP,Tom Smith,31625
Schuylkill,U.S. Senate,,DEM,Bob Casey Jr.,24639
Schuylkill,U.S. Senate,,LIB,Rayburn Douglas Smith,1204
Schuylkill,Attorney General,,REP,David J. Freed,26158
Schuylkill,Attorney General,,DEM,Kathleen G. Kane,29275
Schuylkill,Attorney General,,LIB,Marakay J. Rogers,1546
Schuylkill,U.S. House,17,REP,Laureen A. Cummings,29298
Schuylkill,U.S. House,17,DEM,Matthew A. Cartwright,26571
Schuylkill,State Senate,29,REP,David G. Argall,30665
Schuylkill,State Senate,29,DEM,Tim Seip,26609
Schuylkill,State House,123,DEM,Neal P. Goodman,16854
Schuylkill,State House,124,REP,Jerry Knowles,11135
Schuylkill,State House,124,IND,Dante Picciano,3699
Schuylkill,State House,125,REP,Mike G. Tobash,15416
Schuylkill,State House,125,DEM,Vicki Harman,5986
Snyder,President,,REP,Mitt Romney,10073
Snyder,President,,DEM,Barack Obama,4687
Snyder,President,,GRN,Jill Stein,62
Snyder,President,,LIB,Gary Johnson,180
Snyder,U.S. Senate,,REP,Tom Smith,9851
Snyder,U.S. Senate,,DEM,Bob Casey Jr.,4651
Snyder,U.S. Senate,,LIB,Rayburn Douglas Smith,366
Snyder,Attorney General,,REP,David J. Freed,8844
Snyder,Attorney General,,DEM,Kathleen G. Kane,5403
Snyder,Attorney General,,LIB,Marakay J. Rogers,429
Snyder,U.S. House,10,REP,Thomas A. Marino,10608
Snyder,U.S. House,10,DEM,Philip Scollo,3759
Snyder,State Senate,27,REP,John R. Gordner,12150
Snyder,State House,82,REP,C. Adam Harris,4056
Snyder,State House,85,REP,Fred Keller,5374
Snyder,State House,85,LIB,Erik K. Viker,1198
Snyder,State House,108,REP,Lynda J. Schlegel-Culver,2134
Somerset,President,,REP,Mitt Romney,23984
Somerset,President,,DEM,Barack Obama,9436
Somerset,President,,GRN,Jill Stein,188
Somerset,President,,LIB,Gary Johnson,334
Somerset,U.S. Senate,,REP,Tom Smith,22190
Somerset,U.S. Senate,,DEM,Bob Casey Jr.,10866
Somerset,U.S. Senate,,LIB,Rayburn Douglas Smith,744
Somerset,Attorney General,,REP,David J. Freed,18148
Somerset,Attorney General,,DEM,Kathleen G. Kane,14123
Somerset,Attorney General,,LIB,Marakay J. Rogers,1107
Somerset,U.S. House,9,REP,Bill Shuster,6808
Somerset,U.S. House,9,DEM,Karen Ramsburg,2013
Somerset,U.S. House,12,REP,Keith J. Rothfus,13185
Somerset,U.S. House,12,DEM,Mark S. Critz,11313
Somerset,State Senate,35,REP,Timothy P. Houser,2913
Somerset,State Senate,35,DEM,John N. Wozniak,3010
Somerset,State House,69,DEMREP,Carl W. Metzgar,21203
Somerset,State House,72,DEM,Frank J. Burns,9181
Sullivan,President,,REP,Mitt Romney,1868
Sullivan,President,,DEM,Barack Obama,1034
Sullivan,President,,GRN,Jill Stein,17
Sullivan,President,,LIB,Gary Johnson,30
Sullivan,U.S. Senate,,REP,Tom Smith,1803
Sullivan,U.S. Senate,,DEM,Bob Casey Jr.,1050
Sullivan,U.S. Senate,,LIB,Rayburn Douglas Smith,72
Sullivan,Attorney General,,REP,David J. Freed,1544
Sullivan,Attorney General,,DEM,Kathleen G. Kane,1232
Sullivan,Attorney General,,LIB,Marakay J. Rogers,95
Sullivan,U.S. House,10,REP,Thomas A. Marino,1997
Sullivan,U.S. House,10,DEM,Philip Scollo,866
Sullivan,State Senate,23,REP,Gene Yaw,2034
Sullivan,State Senate,23,DEM,Luana Cleveland,835
Sullivan,State House,110,REP,Tina L. Pickett,2460
Susquehanna,President,,REP,Mitt Romney,10800
Susquehanna,President,,DEM,Barack Obama,6935
Susquehanna,President,,GRN,Jill Stein,107
Susquehanna,President,,LIB,Gary Johnson,202
Susquehanna,U.S. Senate,,REP,Tom Smith,10555
Susquehanna,U.S. Senate,,DEM,Bob Casey Jr.,7082
Susquehanna,U.S. Senate,,LIB,Rayburn Douglas Smith,385
Susquehanna,Attorney General,,REP,David J. Freed,9197
Susquehanna,Attorney General,,DEM,Kathleen G. Kane,7990
Susquehanna,Attorney General,,LIB,Marakay J. Rogers,603
Susquehanna,U.S. House,10,REP,Thomas A. Marino,11697
Susquehanna,U.S. House,10,DEM,Philip Scollo,5884
Susquehanna,State Senate,23,REP,Gene Yaw,6921
Susquehanna,State Senate,23,DEM,Luana Cleveland,3149
Susquehanna,State House,110,REP,Tina L. Pickett,2710
Susquehanna,State House,111,REP,Sandra J. Major,9915
Susquehanna,State House,111,DEM,Jeffrey C. Dahlander,4105
Susquehanna,State House,114,DEMREP,Sid Michaels Kavulich,546
Tioga,President,,REP,Mitt Romney,11342
Tioga,President,,DEM,Barack Obama,5357
Tioga,President,,GRN,Jill Stein,110
Tioga,President,,LIB,Gary Johnson,195
Tioga,U.S. Senate,,REP,Tom Smith,11179
Tioga,U.S. Senate,,DEM,Bob Casey Jr.,5255
Tioga,U.S. Senate,,LIB,Rayburn Douglas Smith,381
Tioga,Attorney General,,REP,David J. Freed,10670
Tioga,Attorney General,,DEM,Kathleen G. Kane,5412
Tioga,Attorney General,,LIB,Marakay J. Rogers,519
Tioga,U.S. House,5,REP,Glenn Thompson,734
Tioga,U.S. House,5,DEM,Charles Dumas,226
Tioga,U.S. House,10,REP,Thomas A. Marino,11093
Tioga,U.S. House,10,DEM,Philip Scollo,4378
Tioga,State Senate,25,REP,Joseph B. Scarnati III,13656
Tioga,State House,68,DEMREP,Matthew E. Baker,16198
Union,President,,REP,Mitt Romney,9896
Union,President,,DEM,Barack Obama,6109
Union,President,,GRN,Jill Stein,79
Union,President,,LIB,Gary Johnson,184
Union,U.S. Senate,,REP,Tom Smith,9592
Union,U.S. Senate,,DEM,Bob Casey Jr.,6112
Union,U.S. Senate,,LIB,Rayburn Douglas Smith,370
Union,Attorney General,,REP,David J. Freed,8824
Union,Attorney General,,DEM,Kathleen G. Kane,6644
Union,Attorney General,,LIB,Marakay J. Rogers,429
Union,U.S. House,10,REP,Thomas A. Marino,10522
Union,U.S. House,10,DEM,Philip Scollo,5250
Union,State Senate,23,REP,Gene Yaw,8842
Union,State Senate,23,DEM,Luana Cleveland,4816
Union,State House,85,REP,Fred Keller,11526
Union,State House,85,LIB,Erik K. Viker,2737
Venango,President,,REP,Mitt Romney,13815
Venango,President,,DEM,Barack Obama,7945
Venango,President,,GRN,Jill Stein,108
Venango,President,,LIB,Gary Johnson,299
Venango,U.S. Senate,,REP,Tom Smith,13608
Venango,U.S. Senate,,DEM,Bob Casey Jr.,7816
Venango,U.S. Senate,,LIB,Rayburn Douglas Smith,608
Venango,Attorney General,,REP,David J. Freed,11601
Venango,Attorney General,,DEM,Kathleen G. Kane,9254
Venango,Attorney General,,LIB,Marakay J. Rogers,903
Venango,U.S. House,5,REP,Glenn Thompson,14809
Venango,U.S. House,5,DEM,Charles Dumas,6896
Venango,State Senate,21,REP,Scott E. Hutchinson,19179
Venango,State House,64,REP,R. Lee James,18186
Warren,President,,REP,Mitt Romney,10010
Warren,President,,DEM,Barack Obama,6995
Warren,President,,GRN,Jill Stein,89
Warren,President,,LIB,Gary Johnson,205
Warren,U.S. Senate,,REP,Tom Smith,10136
Warren,U.S. Senate,,DEM,Bob Casey Jr.,6432
Warren,U.S. Senate,,LIB,Rayburn Douglas Smith,483
Warren,Attorney General,,REP,David J. Freed,8886
Warren,Attorney General,,DEM,Kathleen G. Kane,6934
Warren,Attorney General,,LIB,Marakay J. Rogers,739
Warren,U.S. House,5,REP,Glenn Thompson,10711
Warren,U.S. House,5,DEM,Charles Dumas,5943
Warren,State Senate,21,REP,Scott E. Hutchinson,9075
Warren,State Senate,25,REP,Joseph B. Scarnati III,3243
Warren,State House,65,REP,Kathy L. Rapp,14007
Washington,President,,REP,Mitt Romney,53230
Washington,President,,DEM,Barack Obama,40345
Washington,President,,GRN,Jill Stein,321
Washington,President,,LIB,Gary Johnson,854
Washington,U.S. Senate,,REP,Tom Smith,48047
Washington,U.S. Senate,,DEM,Bob Casey Jr.,43711
Washington,U.S. Senate,,LIB,Rayburn Douglas Smith,1850
Washington,Attorney General,,REP,David J. Freed,42008
Washington,Attorney General,,DEM,Kathleen G. Kane,47441
Washington,Attorney General,,LIB,Marakay J. Rogers,2880
Washington,U.S. House,9,REP,Bill Shuster,7778
Washington,U.S. House,9,DEM,Karen Ramsburg,10397
Washington,U.S. House,18,REP,Tim Murphy,43591
Washington,U.S. House,18,DEM,Larry Maggi,31313
Washington,State Senate,37,REP,D. Raja,7422
Washington,State Senate,37,DEM,Matt Smith,4749
Washington,State House,39,REP,Rick Saccone,3389
Washington,State House,39,DEM,Dave Levdansky,2963
Washington,State House,40,REP,John Maher,10110
Washington,State House,46,DEMREP,Jesse J. White,23122
Washington,State House,48,DEM,Brandon P. Neuman,21206
Washington,State House,49,REP,Richard J. Massafra,8917
Washington,State House,49,DEM,Peter J. Daley II,10010
Washington,State House,50,REP,Mark W. Fischer,726
Washington,State House,50,DEM,Pam Snyder,1707
Wayne,President,,REP,Mitt Romney,12896
Wayne,President,,DEM,Barack Obama,8396
Wayne,President,,GRN,Jill Stein,120
Wayne,President,,LIB,Gary Johnson,195
Wayne,U.S. Senate,,REP,Tom Smith,12276
Wayne,U.S. Senate,,DEM,Bob Casey Jr.,8791
Wayne,U.S. Senate,,LIB,Rayburn Douglas Smith,433
Wayne,Attorney General,,REP,David J. Freed,10725
Wayne,Attorney General,,DEM,Kathleen G. Kane,9956
Wayne,Attorney General,,LIB,Marakay J. Rogers,573
Wayne,U.S. House,10,REP,Thomas A. Marino,13754
Wayne,U.S. House,10,DEM,Philip Scollo,7134
Wayne,State House,111,REP,Sandra J. Major,2197
Wayne,State House,111,DEM,Jeffrey C. Dahlander,802
Wayne,State House,115,REP,Theresa Kane,4229
Wayne,State House,115,DEM,Frank Farina,2470
Wayne,State House,139,REP,Michael T. Peifer,8662
Westmoreland,President,,REP,Mitt Romney,103932
Westmoreland,President,,DEM,Barack Obama,63722
Westmoreland,President,,GRN,Jill Stein,492
Westmoreland,President,,LIB,Gary Johnson,1426
Westmoreland,U.S. Senate,,REP,Tom Smith,95218
Westmoreland,U.S. Senate,,DEM,Bob Casey Jr.,69431
Westmoreland,U.S. Senate,,LIB,Rayburn Douglas Smith,3060
Westmoreland,Attorney General,,REP,David J. Freed,81931
Westmoreland,Attorney General,,DEM,Kathleen G. Kane,78847
Westmoreland,Attorney General,,LIB,Marakay J. Rogers,4510
Westmoreland,U.S. House,9,REP,Bill Shuster,1268
Westmoreland,U.S. House,9,DEM,Karen Ramsburg,2593
Westmoreland,U.S. House,12,REP,Keith J. Rothfus,25331
Westmoreland,U.S. House,12,DEM,Mark S. Critz,18737
Westmoreland,U.S. House,14,REP,Hans Lessmann,2576
Westmoreland,U.S. House,14,DEM,Mike Doyle,4576
Westmoreland,U.S. House,18,REP,Tim Murphy,74676
Westmoreland,U.S. House,18,DEM,Larry Maggi,35041
Westmoreland,State Senate,39,DEMREP,Kim L. Ward,92984
Westmoreland,State Senate,39,IND,Ronald M. Gazze,13946
Westmoreland,State Senate,41,REP,Don White,18706
Westmoreland,State Senate,45,DEM,James R. Brewster,12515
Westmoreland,State House,25,REP,Mike Doyle,3019
Westmoreland,State House,25,DEM,Joseph Markosek,2457
Westmoreland,State House,52,DEM,Deberah Kula,3211
Westmoreland,State House,54,REP,Eli Evankovich,16758
Westmoreland,State House,54,DEM,Patrick J. Leyland,8618
Westmoreland,State House,55,REP,John Hauser,10453
Westmoreland,State House,55,DEM,Joseph A. Petrarca,13217
Westmoreland,State House,56,REP,George S. Dunbar,17494
Westmoreland,State House,56,DEM,Raymond Bud Geissler Jr.,12476
Westmoreland,State House,57,REP,Tim Krieger,17339
Westmoreland,State House,57,DEM,A. J. Gales,9576
Westmoreland,State House,58,DEM,R. Ted Harhai,18640
Westmoreland,State House,59,REP,Mike Reese,18678
Westmoreland,State House,59,DEM,Harriet Ellenberger,7278
Wyoming,President,,REP,Mitt Romney,6587
Wyoming,President,,DEM,Barack Obama,5061
Wyoming,President,,GRN,Jill Stein,72
Wyoming,President,,LIB,Gary Johnson,152
Wyoming,U.S. Senate,,REP,Tom Smith,6391
Wyoming,U.S. Senate,,DEM,Bob Casey Jr.,5117
Wyoming,U.S. Senate,,LIB,Rayburn Douglas Smith,310
Wyoming,Attorney General,,REP,David J. Freed,5777
Wyoming,Attorney General,,DEM,Kathleen G. Kane,5548
Wyoming,Attorney General,,LIB,Marakay J. Rogers,384
Wyoming,U.S. House,11,REP,Lou Barletta,7235
Wyoming,U.S. House,11,DEM,Gene Stilp,4441
Wyoming,State House,111,REP,Sandra J. Major,5638
Wyoming,State House,111,DEM,Jeffrey C. Dahlander,2336
Wyoming,State House,114,DEMREP,Sid Michaels Kavulich,426
Wyoming,State House,117,DEMREP,Karen Boback,3197
York,President,,REP,Mitt Romney,113304
York,President,,DEM,Barack Obama,73191
York,President,,GRN,Jill Stein,749
York,President,,LIB,Gary Johnson,1985
York,U.S. Senate,,REP,Tom Smith,108021
York,U.S. Senate,,DEM,Bob Casey Jr.,74681
York,U.S. Senate,,LIB,Rayburn Douglas Smith,4941
York,Attorney General,,REP,David J. Freed,99688
York,Attorney General,,DEM,Kathleen G. Kane,81451
York,Attorney General,,LIB,Marakay J. Rogers,5490
York,U.S. House,4,REP,Scott Perry,114159
York,U.S. House,4,DEM,Harry Perkinson,59351
York,U.S. House,4,IND,Wayne W. Wolff,7904
York,U.S. House,4,LIB,Michael Bryant Koffenberger,4190
York,State Senate,13,REP,Lloyd K. Smucker,14117
York,State Senate,13,DEM,Tom G. O'Brien,8891
York,State Senate,15,REP,John McNally,6344
York,State Senate,15,DEM,Rob Teplitz,3450
York,State Senate,31,DEMREP,Patricia H. Vance,19264
York,State Senate,33,REP,Richard Alloway II,8274
York,State Senate,33,DEM,Bruce Neylon,3941
York,State House,47,REP,Keith Gillespie,20236
York,State House,47,DEM,Sarah D. Speed,13127
York,State House,92,REP,Mike Regan,17511
York,State House,92,DEM,Charles R. Comrey,6725
York,State House,93,REP,Ron Miller,23518
York,State House,93,DEM,Linda E. Small,10670
York,State House,94,REP,Stanley E. Saylor,25410
York,State House,95,DEM,Eugene A. Depasquale,16804
York,State House,95,LIB,Dave Moser,3431
York,State House,193,REP,Will F. Tallman,8470
York,State House,193,DEM,Anthony McNevin,3823
York,State House,196,REP,Seth M. Grove,26408
