county,office,district,party,candidate,election_day,mail,provisional,votes
Carbon,Judge of the Superior Court,,,Ballots Cast,13863,3381,43,17287
Carbon,Judge of the Superior Court,,DEM,BRANDON NEUMAN,4411,2207,21,6639
Carbon,Judge of the Superior Court,,REP,MARIA BATTISTA,8625,967,19,9611
Carbon,Judge of the Superior Court,,LIB,DANIEL WASSMER,276,85,1,362
Carbon,Judge of the Superior Court,,,Write-In,0,0,0,0
Carbon,Judge of the Commonwealth Court,,,Ballots Cast,13863,3381,43,17287
Carbon,Judge of the Commonwealth Court,,DEM,STELLA TSAI,4517,2261,21,6799
Carbon,Judge of the Commonwealth Court,,REP,MATT WOLFORD,8714,989,20,9723
Carbon,Judge of the Commonwealth Court,,,Write-In,1,0,0,1
Carbon,Treasurer (4 Year Term),,,Ballots Cast,13863,3381,43,17287
Carbon,Treasurer (4 Year Term),,REP,KEVIN ZELIENKA,10500,1760,23,12283
Carbon,Treasurer (4 Year Term),,,Write-In,70,22,0,92
Carbon,Clerk of Courts (4 Year Term),,,Ballots Cast,13863,3381,43,17287
Carbon,Clerk of Courts (4 Year Term),,REP,TYRA L BONI,10481,1776,23,12280
Carbon,Clerk of Courts (4 Year Term),,,Write-In,80,27,0,107
Carbon,Register of Wills & Clerk of Orphans Court (4 Year Term),,,Ballots Cast,13863,3381,43,17287
Carbon,Register of Wills & Clerk of Orphans Court (4 Year Term),,REP,JEAN A PAPAY,10603,1825,25,12453
Carbon,Register of Wills & Clerk of Orphans Court (4 Year Term),,,Write-In,57,20,0,77
Carbon,Township Supervisor (6 Year Term) Banks Township,,,Ballots Cast,213,35,0,248
Carbon,Township Supervisor (6 Year Term) Banks Township,,DEM,WILLIAM J NICE,162,32,0,194
Carbon,Township Supervisor (6 Year Term) Banks Township,,,Write-In,2,1,0,3
Carbon,Tax Collector (4 Year Term) Banks Township,,,Ballots Cast,213,35,0,248
Carbon,Tax Collector (4 Year Term) Banks Township,,DEM,,166,28,0,194
Carbon,Tax Collector (4 Year Term) Banks Township,,,Write-In,0,1,0,1
Carbon,Auditor (6 Year Term) Banks Township,,,Ballots Cast,213,35,0,248
Carbon,Auditor (6 Year Term) Banks Township,,,Write-In,2,1,0,3
Carbon,Auditor (4 Year Term) Banks Township,,,Ballots Cast,213,35,0,248
Carbon,Auditor (4 Year Term) Banks Township,,,Write-In,2,0,0,2
Carbon,Auditor (2 Year Term) Banks Township,,,Ballots Cast,213,35,0,248
Carbon,Auditor (2 Year Term) Banks Township,,,Write-In,0,0,0,0
Carbon,Judge of Elections (4 Year Term) Banks Township,,,Ballots Cast,213,35,0,248
Carbon,Judge of Elections (4 Year Term) Banks Township,,,Write-In,7,0,0,7
Carbon,Inspector of Elections (4 Year Term) Banks Township,,,Ballots Cast,213,35,0,248
Carbon,Inspector of Elections (4 Year Term) Banks Township,,,Write-In,2,0,0,2
Carbon,Mayor (4 Year Term) Beaver Meadows Boro,,,Ballots Cast,168,18,0,186
Carbon,Mayor (4 Year Term) Beaver Meadows Boro,,REP,MICHAEL B GERHARD,120,11,0,131
Carbon,Mayor (4 Year Term) Beaver Meadows Boro,,,Write-In,4,1,0,5
Carbon,Council (4 Year Term) Beaver Meadows Boro,,,Ballots Cast,168,18,0,186
Carbon,Council (4 Year Term) Beaver Meadows Boro,,DEM,ROBERT J CRYDER III,112,12,0,124
Carbon,Council (4 Year Term) Beaver Meadows Boro,,REP,MICHAEL B GERHARD,93,10,0,103
Carbon,Council (4 Year Term) Beaver Meadows Boro,,REP,MICHAEL BARAN,94,10,0,104
Carbon,Council (4 Year Term) Beaver Meadows Boro,,,Write-In,32,4,0,36
Carbon,Tax Collector (4 Year Term) Beaver Meadows Boro,,,Ballots Cast,168,18,0,186
Carbon,Tax Collector (4 Year Term) Beaver Meadows Boro,,,Write-In,21,3,0,24
Carbon,Judge of Elections (4 Year Term) Beaver Meadows Borough,,,Ballots Cast,168,18,0,186
Carbon,Judge of Elections (4 Year Term) Beaver Meadows Borough,,REP,JOHN TRANGUCH,150,12,0,162
Carbon,Judge of Elections (4 Year Term) Beaver Meadows Borough,,,Write-In,0,1,0,1
Carbon,Inspector of Elections (4 Year Term) Beaver Meadows Borough,,,Ballots Cast,168,18,0,186
Carbon,Inspector of Elections (4 Year Term) Beaver Meadows Borough,,REP,JUDITH TRANGUCH,148,11,0,159
Carbon,Inspector of Elections (4 Year Term) Beaver Meadows Borough,,,Write-In,0,1,0,1
Carbon,Mayor (4 Year Term) Bowmanstown Boro,,,Ballots Cast,187,32,0,219
Carbon,Mayor (4 Year Term) Bowmanstown Boro,,REP,SEAN MCDERMOTT,130,15,0,145
Carbon,Mayor (4 Year Term) Bowmanstown Boro,,,Write-In,17,0,0,17
Carbon,Council (4 Year Term) Bowmanstown Boro,,,Ballots Cast,187,32,0,219
Carbon,Council (4 Year Term) Bowmanstown Boro,,DEM,BEN PRICE,83,27,0,110
Carbon,Council (4 Year Term) Bowmanstown Boro,,REP,WENDY BORGER,139,16,0,155
Carbon,Council (4 Year Term) Bowmanstown Boro,,REP,DARREN R THOMAS,117,11,0,128
Carbon,Council (4 Year Term) Bowmanstown Boro,,REP,CANDACE RODRIGUES,100,10,0,110
Carbon,Council (4 Year Term) Bowmanstown Boro,,,Write-In,48,0,0,48
Carbon,Tax Collector (4 Year Term) Bowmanstown Boro,,,Ballots Cast,187,32,0,219
Carbon,Tax Collector (4 Year Term) Bowmanstown Boro,,REP,KELLY SOLT,154,19,0,173
Carbon,Tax Collector (4 Year Term) Bowmanstown Boro,,,Write-In,3,0,0,3
Carbon,Judge of Elections (4 Year Term) Bowmanstown Borough,,,Ballots Cast,187,32,0,219
Carbon,Judge of Elections (4 Year Term) Bowmanstown Borough,,,Write-In,13,1,0,14
Carbon,Inspector of Elections (4 Year Term) Bowmanstown Borough,,,Ballots Cast,187,32,0,219
Carbon,Inspector of Elections (4 Year Term) Bowmanstown Borough,,DEM,PHYLLIS KREISS,117,30,0,147
Carbon,Inspector of Elections (4 Year Term) Bowmanstown Borough,,,Write-In,1,0,0,1
Carbon,Township Supervisor (6 Year Term) East Penn Township,,,Ballots Cast,716,153,1,870
Carbon,Township Supervisor (6 Year Term) East Penn Township,,REP,GARY P KUEHNER,598,102,1,701
Carbon,Township Supervisor (6 Year Term) East Penn Township,,,Write-In,4,0,0,4
Carbon,Tax Collector (4 Year Term) East Penn Township,,,Ballots Cast,716,153,1,870
Carbon,Tax Collector (4 Year Term) East Penn Township,,REP,KATHY HENDERSON,604,110,1,715
Carbon,Tax Collector (4 Year Term) East Penn Township,,,Write-In,5,0,0,5
Carbon,Auditor (6 Year Term) East Penn Township,,,Ballots Cast,716,153,1,870
Carbon,Auditor (6 Year Term) East Penn Township,,,Write-In,8,0,0,8
Carbon,Judge of Elections (4 Year Term) East Penn Township - South,,,Ballots Cast,321,67,0,388
Carbon,Judge of Elections (4 Year Term) East Penn Township - South,,,Write-In,3,0,0,3
Carbon,Inspector of Elections (4 Year Term) East Penn Township - South,,,Ballots Cast,321,67,0,388
Carbon,Inspector of Elections (4 Year Term) East Penn Township - South,,,Write-In,3,0,0,3
Carbon,Judge of Elections (4 Year Term) East Penn Township - North,,,Ballots Cast,395,86,1,482
Carbon,Judge of Elections (4 Year Term) East Penn Township - North,,,Write-In,1,0,0,1
Carbon,Inspector of Elections (4 Year Term) East Penn Township - North,,,Ballots Cast,395,86,1,482
Carbon,Inspector of Elections (4 Year Term) East Penn Township - North,,,Write-In,2,0,0,2
Carbon,Mayor (4 Year Term) East Side Boro,,,Ballots Cast,54,23,0,77
Carbon,Mayor (4 Year Term) East Side Boro,,,ERIC SIGLIN NOA,35,14,0,49
Carbon,Mayor (4 Year Term) East Side Boro,,,Write-In,3,2,0,5
Carbon,Council (4 Year Term) East Side Boro,,,Ballots Cast,54,23,0,77
Carbon,Council (4 Year Term) East Side Boro,,REP,SHARON MROZINSKI,49,13,0,62
Carbon,Council (4 Year Term) East Side Boro,,,Write-In,47,14,0,61
Carbon,Tax Collector (4 Year Term) East Side Boro,,,Ballots Cast,54,23,0,77
Carbon,Tax Collector (4 Year Term) East Side Boro,,REP,LISA JONES,52,18,0,70
Carbon,Tax Collector (4 Year Term) East Side Boro,,,Write-In,0,1,0,1
Carbon,Judge of Elections (4 Year Term) East Side Borough,,,Ballots Cast,54,23,0,77
Carbon,Judge of Elections (4 Year Term) East Side Borough,,,Write-In,0,2,0,2
Carbon,Inspector of Elections (4 Year Term) East Side Borough,,,Ballots Cast,54,23,0,77
Carbon,Inspector of Elections (4 Year Term) East Side Borough,,,Write-In,0,2,0,2
Carbon,Township Supervisor (6 Year Term) Franklin Township,,,Ballots Cast,1081,198,2,1281
Carbon,Township Supervisor (6 Year Term) Franklin Township,,REP,NICHOLAS STORM,892,104,1,997
Carbon,Township Supervisor (6 Year Term) Franklin Township,,,Write-In,13,1,0,14
Carbon,Tax Collector (4 Year Term) Franklin Township,,,Ballots Cast,1081,198,2,1281
Carbon,Tax Collector (4 Year Term) Franklin Township,,REP,SARA J KEISER,974,153,2,1129
Carbon,Tax Collector (4 Year Term) Franklin Township,,,Write-In,7,1,0,8
Carbon,Auditor (6 Year Term) Franklin Township,,,Ballots Cast,1081,198,2,1281
Carbon,Auditor (6 Year Term) Franklin Township,,,Write-In,20,1,0,21
Carbon,Judge of Elections (4 Year Term) Franklin Township - Independent,,,Ballots Cast,253,44,1,298
Carbon,Judge of Elections (4 Year Term) Franklin Township - Independent,,,Write-In,17,0,0,17
Carbon,Judge of Elections (4 Year Term) Franklin Township - Harrity,,,Ballots Cast,465,85,1,551
Carbon,Judge of Elections (4 Year Term) Franklin Township - Harrity,,REP,LISA SAWYER,379,43,1,423
Carbon,Judge of Elections (4 Year Term) Franklin Township - Harrity,,,Write-In,1,1,0,2
Carbon,Inspector of Elections (4 Year Term) Franklin Township - Harrity,,,Ballots Cast,465,85,1,551
Carbon,Inspector of Elections (4 Year Term) Franklin Township - Harrity,,,Write-In,14,1,0,15
Carbon,Judge of Elections (4 Year Term) Franklin Township - Long Run,,,Ballots Cast,363,69,0,432
Carbon,Judge of Elections (4 Year Term) Franklin Township - Long Run,,DEM,STACY J SHECKLER,174,52,0,226
Carbon,Judge of Elections (4 Year Term) Franklin Township - Long Run,,,Write-In,27,0,0,27
Carbon,Mayor (4 Year Term) Jim Thorpe Boro,,,Ballots Cast,1161,324,3,1488
Carbon,Mayor (4 Year Term) Jim Thorpe Boro,,REP,ERIC CINICOLA,773,183,0,956
Carbon,Mayor (4 Year Term) Jim Thorpe Boro,,,Write-In,32,10,1,43
Carbon,Council (4 Year Term) Jim Thorpe Boro,,,Ballots Cast,1161,324,3,1488
Carbon,Council (4 Year Term) Jim Thorpe Boro,,DEM,JOANNE KLITSCH,592,218,2,812
Carbon,Council (4 Year Term) Jim Thorpe Boro,,DEM,THOMAS CHAPMAN,597,211,1,809
Carbon,Council (4 Year Term) Jim Thorpe Boro,,DEM/REP,LYLE TONY AUGUSTINE III,765,215,2,982
Carbon,Council (4 Year Term) Jim Thorpe Boro,,DEM/REP,ALICE ANN ROBERTI,770,210,3,983
Carbon,Council (4 Year Term) Jim Thorpe Boro,,REP,ALEXANDER LORKOWSKI,417,61,1,479
Carbon,Council (4 Year Term) Jim Thorpe Boro,,REP,,401,71,1,473
Carbon,Council (4 Year Term) Jim Thorpe Boro,,,Write-In,32,5,0,37
Carbon,Tax Collector (4 Year Term) Jim Thorpe Boro,,,Ballots Cast,1161,324,3,1488
Carbon,Tax Collector (4 Year Term) Jim Thorpe Boro,,DEM/REP,PATRICIA SPILLMAN,987,280,3,1270
Carbon,Tax Collector (4 Year Term) Jim Thorpe Boro,,,Write-In,3,0,0,3
Carbon,Judge of Elections (4 Year Term) Jim Thorpe Borough - First Ward,,,Ballots Cast,227,69,0,296
Carbon,Judge of Elections (4 Year Term) Jim Thorpe Borough - First Ward,,,Write-In,6,5,0,11
Carbon,Judge of Elections (4 Year Term) Jim Thorpe Borough - Fifth Ward,,,Ballots Cast,281,76,1,358
Carbon,Judge of Elections (4 Year Term) Jim Thorpe Borough - Fifth Ward,,REP,DIANE LUEDTKE,197,40,0,237
Carbon,Judge of Elections (4 Year Term) Jim Thorpe Borough - Fifth Ward,,,Write-In,5,2,0,7
Carbon,Township Supervisor (6 Year Term) Kidder Township,,,Ballots Cast,414,115,1,530
Carbon,Township Supervisor (6 Year Term) Kidder Township,,DEM,DANIEL COLLINS,133,74,1,208
Carbon,Township Supervisor (6 Year Term) Kidder Township,,REP,ELLWOOD ZIMMERMAN,266,50,0,316
Carbon,Township Supervisor (6 Year Term) Kidder Township,,,Write-In,13,3,0,16
Carbon,Township Supervisor (4 Year Term) Kidder Township,,,Ballots Cast,414,115,1,530
Carbon,Township Supervisor (4 Year Term) Kidder Township,,,Write-In,5,3,0,8
Carbon,Tax Collector (4 Year Term) Kidder Township,,,Ballots Cast,414,115,1,530
Carbon,Tax Collector (4 Year Term) Kidder Township,,DEM/REP,KIM M GINOPOLAS,370,102,0,472
Carbon,Tax Collector (4 Year Term) Kidder Township,,,Write-In,2,1,0,3
Carbon,Auditor (6 Year Term) Kidder Township,,,Ballots Cast,414,115,1,530
Carbon,Auditor (6 Year Term) Kidder Township,,,Write-In,13,3,0,16
Carbon,Auditor (2 Year Term) Kidder Township,,,Ballots Cast,414,115,1,530
Carbon,Auditor (2 Year Term) Kidder Township,,,Write-In,6,2,0,8
Carbon,Judge of Elections (4 Year Term) Kidder Township - North,,,Ballots Cast,129,48,0,177
Carbon,Judge of Elections (4 Year Term) Kidder Township - North,,REP,LOIS J HAMMER,95,24,0,119
Carbon,Judge of Elections (4 Year Term) Kidder Township - North,,,Write-In,2,0,0,2
Carbon,Inspector of Elections (4 Year Term) Kidder Township - North,,,Ballots Cast,129,48,0,177
Carbon,Inspector of Elections (4 Year Term) Kidder Township - North,,REP,NORMA WIEGAND,94,24,0,118
Carbon,Inspector of Elections (4 Year Term) Kidder Township - North,,,Write-In,0,0,0,0
Carbon,Judge of Elections (4 Year Term) Kidder Township - South,,,Ballots Cast,285,67,1,353
Carbon,Judge of Elections (4 Year Term) Kidder Township - South,,,Write-In,21,2,0,23
Carbon,Inspector of Elections (4 Year Term) Kidder Township - South,,,Ballots Cast,285,67,1,353
Carbon,Inspector of Elections (4 Year Term) Kidder Township - South,,,Write-In,190,2,0,192
Carbon,Mayor (4 Year Term) Lansford Boro,,,Ballots Cast,557,166,5,728
Carbon,Mayor (4 Year Term) Lansford Boro,,DEM/REP,DENISE A LEIBENSPERGER,403,124,3,530
Carbon,Mayor (4 Year Term) Lansford Boro,,,Write-In,29,6,0,35
Carbon,Council (4 Year Term) Lansford Boro,,,Ballots Cast,557,166,5,728
Carbon,Council (4 Year Term) Lansford Boro,,DEM,JOSEPH GENITS,249,106,3,358
Carbon,Council (4 Year Term) Lansford Boro,,DEM,JENNIFER M STAINES,229,91,4,324
Carbon,Council (4 Year Term) Lansford Boro,,DEM,ASHLEY A NELSON HALL,126,65,2,193
Carbon,Council (4 Year Term) Lansford Boro,,REP,GEORGE GILBERT,354,71,2,427
Carbon,Council (4 Year Term) Lansford Boro,,REP,,260,67,2,329
Carbon,Tax Collector (4 Year Term) Lansford Boro,,,Ballots Cast,557,166,5,728
Carbon,Tax Collector (4 Year Term) Lansford Boro,,DEM/REP,JOSEPH J PAVLIS,438,139,5,582
Carbon,Tax Collector (4 Year Term) Lansford Boro,,,Write-In,6,4,0,10
Carbon,Judge of Elections (4 Year Term) Lansford Borough - East,,,Ballots Cast,257,81,2,340
Carbon,Judge of Elections (4 Year Term) Lansford Borough - East,,,Write-In,4,2,0,6
Carbon,Inspector of Elections (4 Year Term) Lansford Borough - East,,,Ballots Cast,257,81,2,340
Carbon,Inspector of Elections (4 Year Term) Lansford Borough - East,,,Write-In,4,1,0,5
Carbon,Judge of Elections (4 Year Term) Lansford Borough - Middle,,,Ballots Cast,159,51,3,213
Carbon,Judge of Elections (4 Year Term) Lansford Borough - Middle,,DEM,DANIEL WYNN,115,45,3,163
Carbon,Judge of Elections (4 Year Term) Lansford Borough - Middle,,,Write-In,1,0,0,1
Carbon,Inspector of Elections (4 Year Term) Lansford Borough - Middle,,,Ballots Cast,159,51,3,213
Carbon,Inspector of Elections (4 Year Term) Lansford Borough - Middle,,,Write-In,1,1,0,2
Carbon,Judge of Elections (4 Year Term) Lansford Borough - West,,,Ballots Cast,141,34,0,175
Carbon,Judge of Elections (4 Year Term) Lansford Borough - West,,DEM,JESSE DURNING,101,26,0,127
Carbon,Judge of Elections (4 Year Term) Lansford Borough - West,,,Write-In,0,0,0,0
Carbon,Inspector of Elections (4 Year Term) Lansford Borough - West,,,Ballots Cast,141,34,0,175
Carbon,Inspector of Elections (4 Year Term) Lansford Borough - West,,,Write-In,9,4,0,13
Carbon,Township Supervisor (6 Year Term) Lausanne Township,,,Ballots Cast,43,24,0,67
Carbon,Township Supervisor (6 Year Term) Lausanne Township,,REP,EDWARD KLYNOWSKY,30,11,0,41
Carbon,Township Supervisor (6 Year Term) Lausanne Township,,,Write-In,0,0,0,0
Carbon,Tax Collector (4 Year Term) Lausanne Township,,,Ballots Cast,43,24,0,67
Carbon,Tax Collector (4 Year Term) Lausanne Township,,REP,MELANIE J ZACHARIAS,18,8,0,26
Carbon,Tax Collector (4 Year Term) Lausanne Township,,,Write-In,13,3,0,16
Carbon,Auditor (6 Year Term) Lausanne Township,,,Ballots Cast,43,24,0,67
Carbon,Auditor (6 Year Term) Lausanne Township,,,Write-In,2,0,0,2
Carbon,Auditor (4 Year Term) Lausanne Township,,,Ballots Cast,43,24,0,67
Carbon,Auditor (4 Year Term) Lausanne Township,,,Write-In,1,0,0,1
Carbon,Auditor (2 Year Term) Lausanne Township,,,Ballots Cast,43,24,0,67
Carbon,Auditor (2 Year Term) Lausanne Township,,,Write-In,2,0,0,2
Carbon,Judge of Elections (4 Year Term) Lausanne Township,,,Ballots Cast,43,24,0,67
Carbon,Judge of Elections (4 Year Term) Lausanne Township,,,Write-In,1,0,0,1
Carbon,Inspector of Elections (4 Year Term) Lausanne Township,,,Ballots Cast,43,24,0,67
Carbon,Inspector of Elections (4 Year Term) Lausanne Township,,,Write-In,1,0,0,1
Carbon,Township Supervisor (6 Year Term) Lehigh Township,,,Ballots Cast,102,15,0,117
Carbon,Township Supervisor (6 Year Term) Lehigh Township,,REP,TERRY D SOUDER III,77,11,0,88
Carbon,Township Supervisor (6 Year Term) Lehigh Township,,,Write-In,2,0,0,2
Carbon,Tax Collector (4 Year Term) Lehigh Township,,,Ballots Cast,102,15,0,117
Carbon,Tax Collector (4 Year Term) Lehigh Township,,REP,TERESA M BARNA,92,15,0,107
Carbon,Tax Collector (4 Year Term) Lehigh Township,,,Write-In,0,0,0,0
Carbon,Auditor (6 Year Term) Lehigh Township,,,Ballots Cast,102,15,0,117
Carbon,Auditor (6 Year Term) Lehigh Township,,,Write-In,6,0,0,6
Carbon,Judge of Elections (4 Year Term) Lehigh Township,,,Ballots Cast,102,15,0,117
Carbon,Judge of Elections (4 Year Term) Lehigh Township,,,Write-In,4,0,0,4
Carbon,Inspector of Elections (4 Year Term) Lehigh Township,,,Ballots Cast,102,15,0,117
Carbon,Inspector of Elections (4 Year Term) Lehigh Township,,,Write-In,2,0,0,2
Carbon,Mayor (4 Year Term) Lehighton Boro,,,Ballots Cast,941,273,1,1215
Carbon,Mayor (4 Year Term) Lehighton Boro,,REP,RYAN SAUNDERS,703,148,0,851
Carbon,Mayor (4 Year Term) Lehighton Boro,,,Write-In,16,4,0,20
Carbon,Council (4 Year Term) Lehighton Boro,,,Ballots Cast,941,273,1,1215
Carbon,Council (4 Year Term) Lehighton Boro,,DEM/REP,JORDYN BETH MILLER,470,179,1,650
Carbon,Council (4 Year Term) Lehighton Boro,,DEM/REP,REBECCA WORTHY,434,178,1,613
Carbon,Council (4 Year Term) Lehighton Boro,,DEM,JOSEPH R FLICKINGER,448,193,1,642
Carbon,Council (4 Year Term) Lehighton Boro,,REP,JACOB R BONSER,487,56,0,543
Carbon,Council (4 Year Term) Lehighton Boro,,,Write-In,16,0,0,16
Carbon,Council (2 Year Term) Lehighton Boro,,,Ballots Cast,941,273,1,1215
Carbon,Council (2 Year Term) Lehighton Boro,,REP,DAVID A ARNDT,633,142,0,775
Carbon,Council (2 Year Term) Lehighton Boro,,,Write-In,10,6,0,16
Carbon,Tax Collector (4 Year Term) Lehighton Boro,,,Ballots Cast,941,273,1,1215
Carbon,Tax Collector (4 Year Term) Lehighton Boro,,DEM/REP,MARY E STROHL,799,243,0,1042
Carbon,Tax Collector (4 Year Term) Lehighton Boro,,,Write-In,4,2,0,6
Carbon,Judge of Elections (4 Year Term) Lehighton Borough - First Ward,,,Ballots Cast,308,92,0,400
Carbon,Judge of Elections (4 Year Term) Lehighton Borough - First Ward,,,Write-In,3,4,0,7
Carbon,Judge of Elections (4 Year Term) Lehighton Borough - Third Ward,,,Ballots Cast,328,73,0,401
Carbon,Judge of Elections (4 Year Term) Lehighton Borough - Third Ward,,,Write-In,5,1,0,6
Carbon,Tax Collector (4 Year Term) Lower Towamensing Township,,,Ballots Cast,693,170,2,865
Carbon,Tax Collector (4 Year Term) Lower Towamensing Township,,DEM,CONNIE D BROWN,178,90,0,268
Carbon,Tax Collector (4 Year Term) Lower Towamensing Township,,REP,MAXINE R SCHERER,498,79,2,579
Carbon,Tax Collector (4 Year Term) Lower Towamensing Township,,,Write-In,2,0,0,2
Carbon,Auditor (6 Year Term) Lower Towamensing Township,,,Ballots Cast,693,170,2,865
Carbon,Auditor (6 Year Term) Lower Towamensing Township,,,Write-In,15,5,0,20
Carbon,Auditor (2 Year Term) Lower Towamensing Township,,,Ballots Cast,693,170,2,865
Carbon,Auditor (2 Year Term) Lower Towamensing Township,,,Write-In,13,4,0,17
Carbon,Township Supervisor (6 Year Term) Mahoning Township,,,Ballots Cast,1070,261,2,1333
Carbon,Township Supervisor (6 Year Term) Mahoning Township,,DEM,CAROL ETHERIDGE,387,169,1,557
Carbon,Township Supervisor (6 Year Term) Mahoning Township,,REP,MATTHEW WENTZ,666,112,1,779
Carbon,Township Supervisor (6 Year Term) Mahoning Township,,REP,MARK SCHWALM,569,85,1,655
Carbon,Township Supervisor (6 Year Term) Mahoning Township,,,Write-In,11,1,0,12
Carbon,Tax Collector (4 Year Term) Mahoning Township,,,Ballots Cast,1070,261,2,1333
Carbon,Tax Collector (4 Year Term) Mahoning Township,,REP,PAULINE F HOMM,914,204,2,1120
Carbon,Tax Collector (4 Year Term) Mahoning Township,,,Write-In,2,0,0,2
Carbon,Auditor (6 Year Term) Mahoning Township,,,Ballots Cast,1070,261,2,1333
Carbon,Auditor (6 Year Term) Mahoning Township,,,Write-In,46,1,0,47
Carbon,Auditor (2 Year Term) Mahoning Township,,,Ballots Cast,1070,261,2,1333
Carbon,Auditor (2 Year Term) Mahoning Township,,,Write-In,38,0,0,38
Carbon,Judge of Elections (4 Year Term) Mahoning Township - Mahoning,,,Ballots Cast,619,194,0,813
Carbon,Judge of Elections (4 Year Term) Mahoning Township - Mahoning,,,Write-In,6,2,0,8
Carbon,Packerton/Jamestown,,,Ballots Cast,165,29,1,195
Carbon,Packerton/Jamestown,,,Write-In,7,0,0,7
Carbon,Mayor (4 Year Term) Nesquehoning Boro,,,Ballots Cast,611,159,2,772
Carbon,Mayor (4 Year Term) Nesquehoning Boro,,DEM/REP,THOMAS KATTNER,485,118,1,604
Carbon,Mayor (4 Year Term) Nesquehoning Boro,,,Write-In,15,3,0,18
Carbon,Council (4 Year Term) Nesquehoning Boro,,,Ballots Cast,611,159,2,772
Carbon,Council (4 Year Term) Nesquehoning Boro,,DEM,MARY A FOX,308,99,0,407
Carbon,Council (4 Year Term) Nesquehoning Boro,,DEM/REP,JOSHUA J JACOBS,255,83,1,339
Carbon,Council (4 Year Term) Nesquehoning Boro,,DEM/REP,LISA SHUBECK,378,92,1,471
Carbon,Council (4 Year Term) Nesquehoning Boro,,REP,WILLIAM BAMFORD,286,47,1,334
Carbon,Council (4 Year Term) Nesquehoning Boro,,,DAVID HAWK IND,196,58,2,256
Carbon,Council (4 Year Term) Nesquehoning Boro,,,Write-In,25,3,0,28
Carbon,Tax Collector (4 Year Term) Nesquehoning Boro,,,Ballots Cast,611,159,2,772
Carbon,Tax Collector (4 Year Term) Nesquehoning Boro,,DEM/REP,PATRICIA R VITO,519,149,2,670
Carbon,Tax Collector (4 Year Term) Nesquehoning Boro,,,Write-In,6,0,0,6
Carbon,Judge of Elections (4 Year Term) Nesquehoning Borough - East,,,Ballots Cast,283,78,2,363
Carbon,Judge of Elections (4 Year Term) Nesquehoning Borough - East,,,Write-In,19,2,1,22
Carbon,Inspector of Elections (4 Year Term) Nesquehoning Borough - East,,,Ballots Cast,283,78,2,363
Carbon,Inspector of Elections (4 Year Term) Nesquehoning Borough - East,,,Write-In,8,1,1,10
Carbon,Judge of Elections (4 Year Term) Nesquehoning Borough - West,,,Ballots Cast,328,81,0,409
Carbon,Judge of Elections (4 Year Term) Nesquehoning Borough - West,,,Write-In,6,0,0,6
Carbon,Township Supervisor (6 Year Term) Packer Township,,,Ballots Cast,290,55,0,345
Carbon,Township Supervisor (6 Year Term) Packer Township,,REP,ROBERT SELERT,200,42,0,242
Carbon,Township Supervisor (6 Year Term) Packer Township,,,Write-In,50,3,0,53
Carbon,Tax Collector (4 Year Term) Packer Township,,,Ballots Cast,290,55,0,345
Carbon,Tax Collector (4 Year Term) Packer Township,,REP,VALERIE KANE,272,52,0,324
Carbon,Tax Collector (4 Year Term) Packer Township,,,Write-In,0,0,0,0
Carbon,Auditor (6 Year Term) Packer Township,,,Ballots Cast,290,55,0,345
Carbon,Auditor (6 Year Term) Packer Township,,,Write-In,8,2,0,10
Carbon,Auditor (4 Year Term) Packer Township,,,Ballots Cast,290,55,0,345
Carbon,Auditor (4 Year Term) Packer Township,,,Write-In,10,0,0,10
Carbon,Judge of Elections (4 Year Term) Packer Township,,,Ballots Cast,290,55,0,345
Carbon,Judge of Elections (4 Year Term) Packer Township,,REP,ALICIA NYER,260,50,0,310
Carbon,Judge of Elections (4 Year Term) Packer Township,,,Write-In,1,0,0,1
Carbon,Inspector of Elections (4 Year Term) Packer Township,,,Ballots Cast,290,55,0,345
Carbon,Inspector of Elections (4 Year Term) Packer Township,,REP,KRISTIN WILKINSON,244,48,0,292
Carbon,Inspector of Elections (4 Year Term) Packer Township,,,Write-In,0,0,0,0
Carbon,Mayor (4 Year Term) Palmerton Boro,,,Ballots Cast,1061,243,3,1307
Carbon,Mayor (4 Year Term) Palmerton Boro,,REP,BO RODRIGUES,804,136,2,942
Carbon,Mayor (4 Year Term) Palmerton Boro,,,Write-In,56,12,0,68
Carbon,Council (4 Year Term) Palmerton Boro,,,Ballots Cast,1061,243,3,1307
Carbon,Council (4 Year Term) Palmerton Boro,,DEM,KRIS W HOFFNER,585,190,3,778
Carbon,Council (4 Year Term) Palmerton Boro,,REP,TIMOTHY K GURSKY JR,630,110,1,741
Carbon,Council (4 Year Term) Palmerton Boro,,REP,RICHARD L NOTHSTEIN,624,123,1,748
Carbon,Council (4 Year Term) Palmerton Boro,,REP,WILLIAM GALLAGHER,577,108,1,686
Carbon,Council (4 Year Term) Palmerton Boro,,,Write-In,18,3,0,21
Carbon,Tax Collector (4 Year Term) Palmerton Boro,,,Ballots Cast,1061,243,3,1307
Carbon,Tax Collector (4 Year Term) Palmerton Boro,,DEM/REP,RAQUEL LUTTON,919,205,3,1127
Carbon,Tax Collector (4 Year Term) Palmerton Boro,,,Write-In,3,0,0,3
Carbon,Judge of Elections (4 Year Term) Palmerton Borough - East,,,Ballots Cast,410,77,3,490
Carbon,Judge of Elections (4 Year Term) Palmerton Borough - East,,,Write-In,7,3,0,10
Carbon,Inspector of Elections (4 Year Term) Palmerton Borough - East,,,Ballots Cast,410,77,3,490
Carbon,Inspector of Elections (4 Year Term) Palmerton Borough - East,,,Write-In,10,4,0,14
Carbon,Judge of Elections (4 Year Term) Palmerton Borough - Middle,,,Ballots Cast,494,136,0,630
Carbon,Judge of Elections (4 Year Term) Palmerton Borough - Middle,,REP,LISA SNELL KERN,369,78,0,447
Carbon,Judge of Elections (4 Year Term) Palmerton Borough - Middle,,,Write-In,3,1,0,4
Carbon,Inspector of Elections (4 Year Term) Palmerton Borough - Middle,,,Ballots Cast,494,136,0,630
Carbon,Inspector of Elections (4 Year Term) Palmerton Borough - Middle,,DEM,FRANCIS J CARAZO,229,107,0,336
Carbon,Inspector of Elections (4 Year Term) Palmerton Borough - Middle,,REP,RICHARD M SNELL,236,26,0,262
Carbon,Inspector of Elections (4 Year Term) Palmerton Borough - Middle,,,Write-In,0,0,0,0
Carbon,Judge of Elections (4 Year Term) Palmerton Borough - West,,,Ballots Cast,157,30,0,187
Carbon,Judge of Elections (4 Year Term) Palmerton Borough - West,,,Write-In,1,0,0,1
Carbon,Inspector of Elections (4 Year Term) Palmerton Borough - West,,,Ballots Cast,157,30,0,187
Carbon,Inspector of Elections (4 Year Term) Palmerton Borough - West,,,Write-In,1,0,0,1
Carbon,Mayor (4 Year Term) Parryville Boro,,,Ballots Cast,92,14,0,106
Carbon,Mayor (4 Year Term) Parryville Boro,,REP,THOMAS W KOBAL,74,7,0,81
Carbon,Mayor (4 Year Term) Parryville Boro,,,Write-In,1,0,0,1
Carbon,Council (4 Year Term) Parryville Boro,,,Ballots Cast,92,14,0,106
Carbon,Council (4 Year Term) Parryville Boro,,REP,MONICA L KUNKLE,79,9,0,88
Carbon,Council (4 Year Term) Parryville Boro,,REP,JASON T SMITH,71,7,0,78
Carbon,Council (4 Year Term) Parryville Boro,,,Write-In,1,0,0,1
Carbon,Tax Collector (4 Year Term) Parryville Boro,,,Ballots Cast,92,14,0,106
Carbon,Tax Collector (4 Year Term) Parryville Boro,,REP,MICHAEL JOHNSON,82,7,0,89
Carbon,Tax Collector (4 Year Term) Parryville Boro,,,Write-In,0,0,0,0
Carbon,Judge of Elections (4 Year Term) Parryville Borough,,,Ballots Cast,92,14,0,106
Carbon,Judge of Elections (4 Year Term) Parryville Borough,,DEM,LAMONT G SHERER,70,14,0,84
Carbon,Judge of Elections (4 Year Term) Parryville Borough,,,Write-In,0,0,0,0
Carbon,Inspector of Elections (4 Year Term) Parryville Borough,,,Ballots Cast,92,14,0,106
Carbon,Inspector of Elections (4 Year Term) Parryville Borough,,,Write-In,0,2,0,2
Carbon,Township Supervisor (6 Year Term) Penn Forest Township,,,Ballots Cast,2004,602,12,2618
Carbon,Township Supervisor (6 Year Term) Penn Forest Township,,DEM/REP,SCOTT LIGNORE,762,273,2,1037
Carbon,Township Supervisor (6 Year Term) Penn Forest Township,,DEM,BRANDON BELL,706,388,3,1097
Carbon,Township Supervisor (6 Year Term) Penn Forest Township,,REP,CHRISTIAN BARTULOVICH,1129,178,9,1316
Carbon,Township Supervisor (6 Year Term) Penn Forest Township,,,Write-In,4,4,0,8
Carbon,Tax Collector (4 Year Term) Penn Forest Township,,,Ballots Cast,2004,602,12,2618
Carbon,Tax Collector (4 Year Term) Penn Forest Township,,DEM/REP,JORDAN BEHRENS,1658,472,8,2138
Carbon,Tax Collector (4 Year Term) Penn Forest Township,,,Write-In,4,1,0,5
Carbon,Auditor (6 Year Term) Penn Forest Township,,,Ballots Cast,2004,602,12,2618
Carbon,Auditor (6 Year Term) Penn Forest Township,,,Write-In,22,5,0,27
Carbon,Auditor (4 Year Term) Penn Forest Township,,,Ballots Cast,2004,602,12,2618
Carbon,Auditor (4 Year Term) Penn Forest Township,,,Write-In,20,3,0,23
Carbon,Auditor (2 Year Term) Penn Forest Township,,,Ballots Cast,2004,602,12,2618
Carbon,Auditor (2 Year Term) Penn Forest Township,,,Write-In,19,3,0,22
Carbon,Judge of Elections (4 Year Term) Penn Forest Township - Middle,,,Ballots Cast,265,104,0,369
Carbon,Judge of Elections (4 Year Term) Penn Forest Township - Middle,,DEM,STACY M VENETOS,138,72,0,210
Carbon,Judge of Elections (4 Year Term) Penn Forest Township - Middle,,,Write-In,1,0,0,1
Carbon,Judge of Elections (4 Year Term) Penn Forest Township - East,,,Ballots Cast,342,104,1,447
Carbon,Judge of Elections (4 Year Term) Penn Forest Township - East,,,Write-In,7,0,0,7
Carbon,Inspector of Elections (4 Year Term) Penn Forest Township - East,,,Ballots Cast,342,104,1,447
Carbon,Inspector of Elections (4 Year Term) Penn Forest Township - East,,,Write-In,7,0,0,7
Carbon,Mayor (4 Year Term) Summit Hill Boro,,,Ballots Cast,724,143,0,867
Carbon,Mayor (4 Year Term) Summit Hill Boro,,DEM/REP,KAREN L RUZICKA,515,93,0,608
Carbon,Mayor (4 Year Term) Summit Hill Boro,,,Write-In,36,8,0,44
Carbon,Council (4 Year Term) Summit Hill Boro,,,Ballots Cast,724,143,0,867
Carbon,Council (4 Year Term) Summit Hill Boro,,DEM,JOSEPH WEBER,405,106,0,511
Carbon,Council (4 Year Term) Summit Hill Boro,,DEM/REP,EDWARD J KANE,485,106,0,591
Carbon,Council (4 Year Term) Summit Hill Boro,,,Write-In,275,7,0,282
Carbon,Tax Collector (4 Year Term) Summit Hill Boro,,,Ballots Cast,724,143,0,867
Carbon,Tax Collector (4 Year Term) Summit Hill Boro,,DEM/REP,NATHAN R HALENAR,653,132,0,785
Carbon,Tax Collector (4 Year Term) Summit Hill Boro,,,Write-In,2,1,0,3
Carbon,Ward/Second,,,Ballots Cast,137,33,0,170
Carbon,Ward/Second,,REP,SANDRA DELLICKER,97,17,0,114
Carbon,Ward/Second,,,Write-In,1,2,0,3
Carbon,Township Supervisor (6 Year Term) Towamensing Township,,,Ballots Cast,1098,270,8,1376
Carbon,Township Supervisor (6 Year Term) Towamensing Township,,REP,SCOTT MOSIER,890,140,4,1034
Carbon,Township Supervisor (6 Year Term) Towamensing Township,,,Write-In,12,3,0,15
Carbon,Tax Collector (4 Year Term) Towamensing Township,,,Ballots Cast,1098,270,8,1376
Carbon,Tax Collector (4 Year Term) Towamensing Township,,REP,SUSAN MARQUES,945,169,7,1121
Carbon,Tax Collector (4 Year Term) Towamensing Township,,,Write-In,5,2,0,7
Carbon,Auditor (6 Year Term) Towamensing Township,,,Ballots Cast,1098,270,8,1376
Carbon,Auditor (6 Year Term) Towamensing Township,,,Write-In,14,3,1,18
Carbon,Judge of Elections (4 Year Term) Towamensing Township - North,,,Ballots Cast,377,95,4,476
Carbon,Judge of Elections (4 Year Term) Towamensing Township - North,,REP,MICHAEL CHRISTMAN,307,50,2,359
Carbon,Judge of Elections (4 Year Term) Towamensing Township - North,,,Write-In,4,0,1,5
Carbon,Judge of Elections (4 Year Term) Towamensing Township - South-1,,,Ballots Cast,372,87,1,460
Carbon,Judge of Elections (4 Year Term) Towamensing Township - South-1,,,Write-In,4,2,0,6
Carbon,Council (4 Year Term) Weatherly Boro,,,Ballots Cast,519,76,1,596
Carbon,Council (4 Year Term) Weatherly Boro,,DEM,THERESA D'ANDREA,156,47,1,204
Carbon,Council (4 Year Term) Weatherly Boro,,DEM,GREG WALTERS,288,50,1,339
Carbon,Council (4 Year Term) Weatherly Boro,,DEM/REP,SUSAN DANENHOWER,247,39,1,287
Carbon,Council (4 Year Term) Weatherly Boro,,DEM/REP,NORMAN B RICHIE,297,47,1,345
Carbon,Council (4 Year Term) Weatherly Boro,,REP,JEFFREY MILLER,314,27,0,341
Carbon,Council (4 Year Term) Weatherly Boro,,REP,VINCENT A CUDDEFORD II,286,15,0,301
Carbon,Council (4 Year Term) Weatherly Boro,,,Write-In,28,2,0,30
Carbon,Tax Collector (4 Year Term) Weatherly Boro,,,Ballots Cast,519,76,1,596
Carbon,Tax Collector (4 Year Term) Weatherly Boro,,REP,DEBORAH A KOHLER,453,54,1,508
Carbon,Tax Collector (4 Year Term) Weatherly Boro,,,Write-In,2,1,0,3
Carbon,Judge of Elections (4 Year Term) Weatherly Borough - East,,,Ballots Cast,348,45,1,394
Carbon,Judge of Elections (4 Year Term) Weatherly Borough - East,,DEM,BARBARA J CUNNIUS,207,37,1,245
Carbon,Judge of Elections (4 Year Term) Weatherly Borough - East,,,Write-In,4,1,0,5
Carbon,Inspector of Elections (4 Year Term) Weatherly Borough - East,,,Ballots Cast,348,45,1,394
Carbon,Inspector of Elections (4 Year Term) Weatherly Borough - East,,REP,VIRGINIA L HOUSER,279,23,1,303
Carbon,Inspector of Elections (4 Year Term) Weatherly Borough - East,,,Write-In,1,0,0,1
Carbon,Judge of Elections (4 Year Term) Weatherly Borough - West,,,Ballots Cast,171,31,0,202
Carbon,Judge of Elections (4 Year Term) Weatherly Borough - West,,,Write-In,7,1,0,8
Carbon,Inspector of Elections (4 Year Term) Weatherly Borough - West,,,Ballots Cast,171,31,0,202
Carbon,Inspector of Elections (4 Year Term) Weatherly Borough - West,,,Write-In,76,1,0,77
Carbon,Mayor (4 Year Term) Weissport Boro,,,Ballots Cast,64,12,0,76
Carbon,Mayor (4 Year Term) Weissport Boro,,REP,JODI BECKER,45,8,0,53
Carbon,Mayor (4 Year Term) Weissport Boro,,,Write-In,9,0,0,9
Carbon,Council (4 Year Term) Weissport Boro,,,Ballots Cast,64,12,0,76
Carbon,Council (4 Year Term) Weissport Boro,,,Write-In,91,2,0,93
Carbon,Tax Collector (4 Year Term) Weissport Boro,,,Ballots Cast,64,12,0,76
Carbon,Tax Collector (4 Year Term) Weissport Boro,,REP,LYNETTE MOYER,46,10,0,56
Carbon,Tax Collector (4 Year Term) Weissport Boro,,,Write-In,2,0,0,2
Carbon,Judge of Elections (4 Year Term) Weissport Borough,,,Ballots Cast,64,12,0,76
Carbon,Judge of Elections (4 Year Term) Weissport Borough,,,Write-In,0,0,0,0
Carbon,Inspector of Elections (4 Year Term) Weissport Borough,,,Ballots Cast,64,12,0,76
Carbon,Inspector of Elections (4 Year Term) Weissport Borough,,,Write-In,0,0,0,0
Carbon,School Directors (4 Year Term) Hazleton Area School District,,,Ballots Cast,381,53,0,434
Carbon,School Directors (4 Year Term) Hazleton Area School District,,DEM/REP,CARMELLA YENKEVICH,191,33,0,224
Carbon,School Directors (4 Year Term) Hazleton Area School District,,DEM/REP,PATRICIA TOMSHO,169,32,0,201
Carbon,School Directors (4 Year Term) Hazleton Area School District,,DEM/REP,ED SHEMANSKY,199,27,0,226
Carbon,School Directors (4 Year Term) Hazleton Area School District,,DEM,WISTER YUHAS,176,29,0,205
Carbon,School Directors (4 Year Term) Hazleton Area School District,,REP,JARED M O'DONNELL,197,21,0,218
Carbon,School Directors (4 Year Term) Hazleton Area School District,,,Write-In,1,4,0,5
Carbon,School Directors (4 Year Term) Jim Thorpe Area School District,,,Ballots Cast,3450,993,16,4459
Carbon,School Directors (4 Year Term) Jim Thorpe Area School District,,DEM/REP,MEGAN DEMSHICK,1930,598,8,2536
Carbon,School Directors (4 Year Term) Jim Thorpe Area School District,,DEM/REP,DENNIS J MCGINLEY,1855,560,8,2423
Carbon,School Directors (4 Year Term) Jim Thorpe Area School District,,DEM/REP,,1476,509,6,1991
Carbon,School Directors (4 Year Term) Jim Thorpe Area School District,,,Write-In,368,29,0,397
Carbon,School Directors (4 Year Term) Lehighton Area School District,,,Ballots Cast,3964,911,6,4881
Carbon,School Directors (4 Year Term) Lehighton Area School District,,DEM/REP,TIMOTHY M TKACH,2331,670,4,3005
Carbon,School Directors (4 Year Term) Lehighton Area School District,,DEM/REP,LORY A FREY,2163,623,3,2789
Carbon,School Directors (4 Year Term) Lehighton Area School District,,DEM,ALEX MATIKA,1738,627,3,2368
Carbon,School Directors (4 Year Term) Lehighton Area School District,,DEM,KASARA B WEINRICH,1528,579,2,2109
Carbon,School Directors (4 Year Term) Lehighton Area School District,,REP,JOY BEERS,2038,259,3,2300
Carbon,School Directors (4 Year Term) Lehighton Area School District,,REP,DUANE A DELLECKER,1962,249,3,2214
Carbon,School Directors (4 Year Term) Lehighton Area School District,,,Write-In,1519,113,3,1635
Carbon,School Directors (2 Year Term) Lehighton Area School District,,,Ballots Cast,3964,911,6,4881
Carbon,School Directors (2 Year Term) Lehighton Area School District,,DEM/REP,WILLIAM HOWLAND,2590,684,4,3278
Carbon,School Directors (2 Year Term) Lehighton Area School District,,,Write-In,576,35,1,612
Carbon,School Directors (4 Year Term) Palmerton Area School District,,,Ballots Cast,3039,715,13,3767
Carbon,School Directors (4 Year Term) Palmerton Area School District,,DEM,MICHAEL GEORGE,1282,500,9,1791
Carbon,School Directors (4 Year Term) Palmerton Area School District,,DEM/REP,STACEY CONNELL,1767,450,8,2225
Carbon,School Directors (4 Year Term) Palmerton Area School District,,DEM/REP,ERIN SNYDER,1627,424,6,2057
Carbon,School Directors (4 Year Term) Palmerton Area School District,,DEM/REP,EARL PAULES,1446,359,5,1810
Carbon,School Directors (4 Year Term) Palmerton Area School District,,REP,DANIELLE PAULES,1639,206,5,1850
Carbon,School Directors (4 Year Term) Palmerton Area School District,,,Write-In,359,15,3,377
Carbon,School Directors (2 Year Term) Palmerton Area School District,,,Ballots Cast,3039,715,13,3767
Carbon,School Directors (2 Year Term) Palmerton Area School District,,REP,MAGIN GURSKY,1968,346,5,2319
Carbon,School Directors (2 Year Term) Palmerton Area School District,,,Write-In,466,21,4,491
Carbon,School Directors (4 Year Term) Weatherly Area School District,,,Ballots Cast,1137,241,1,1379
Carbon,School Directors (4 Year Term) Weatherly Area School District,,DEM/REP,BARBARA SIPLER,564,166,0,730
Carbon,School Directors (4 Year Term) Weatherly Area School District,,DEM/REP,RYAN P BINDER,664,160,1,825
Carbon,School Directors (4 Year Term) Weatherly Area School District,,REP,NANCY MULVANEY,612,117,0,729
Carbon,School Directors (4 Year Term) Weatherly Area School District,,REP,GERARD GREGA,614,111,0,725
Carbon,School Directors (4 Year Term) Weatherly Area School District,,,Write-In,146,6,0,152
Carbon,School Directors (2 Year Term) Weatherly Area School District,,,Ballots Cast,1137,241,1,1379
Carbon,School Directors (2 Year Term) Weatherly Area School District,,REP,GERARD GREGA,675,113,0,788
Carbon,School Directors (2 Year Term) Weatherly Area School District,,,Write-In,82,4,0,86
Carbon,Supreme Court Retention Election Question - Christine Donohue,,,Ballots Cast,13863,3381,43,17287
Carbon,Supreme Court Retention Election Question - Christine Donohue,,,YES,5466,2308,22,7796
Carbon,Supreme Court Retention Election Question - Christine Donohue,,,NO,7410,906,19,8335
Carbon,Supreme Court Retention Election Question - Kevin M Dougherty,,,Ballots Cast,13863,3381,43,17287
Carbon,Supreme Court Retention Election Question - Kevin M Dougherty,,,YES,5493,2286,21,7800
Carbon,Supreme Court Retention Election Question - Kevin M Dougherty,,,NO,7351,911,19,8281
Carbon,Supreme Court Retention Election Question - David Wecht,,,Ballots Cast,13863,3381,43,17287
Carbon,Supreme Court Retention Election Question - David Wecht,,,YES,5348,2274,23,7645
Carbon,Supreme Court Retention Election Question - David Wecht,,,NO,7442,908,18,8368
Carbon,Superior Court Retention Election Question - Alice Beck Dubow,,,Ballots Cast,13863,3381,43,17287
Carbon,Superior Court Retention Election Question - Alice Beck Dubow,,,YES,5193,2077,20,7290
Carbon,Superior Court Retention Election Question - Alice Beck Dubow,,,NO,7024,955,19,7998
