county,office,district,party,candidate,votes,election_day,mail,provisional
Snyder,Registered Voters,,,,23829,,,
Snyder,Ballots Cast,,,,10012,8193,1805,14
Snyder,Ballots Cast Blank,,,,0,0,0,0
Snyder,Judge of the Superior Court,,DEM,BRANDON NEUMAN,2945,1897,1036,12
Snyder,Judge of the Superior Court,,REP,MARIA BATTISTA,6608,5928,678,2
Snyder,Judge of the Superior Court,,LBR,DANIEL WASSMER,165,124,41,0
Snyder,Judge of the Superior Court,,,Write-ins,7,6,1,0
Snyder,Judge of the Superior Court,,,Overvotes,9,4,5,0
Snyder,Judge of the Superior Court,,,Undervotes,278,234,44,0
Snyder,Judge of the Commonwealth Court,,DEM,STELLA TSAI,2958,1894,1052,12
Snyder,Judge of the Commonwealth Court,,REP,MATT WOLFORD,6765,6065,698,2
Snyder,Judge of the Commonwealth Court,,,Write-ins,4,4,0,0
Snyder,Judge of the Commonwealth Court,,,Overvotes,1,0,1,0
Snyder,Judge of the Commonwealth Court,,,Undervotes,284,230,54,0
Snyder,Judge of the Commonwealth Court,,REP,STACEY L ZERBE,8595,7289,1297,9
Snyder,Judge of the Commonwealth Court,,,Write-ins,86,73,13,0
Snyder,Judge of the Commonwealth Court,,,Overvotes,1,0,1,0
Snyder,Judge of the Commonwealth Court,,,Undervotes,1330,831,494,5
Snyder,MIDD-WEST SCHOOL DIRECTOR 4YR MIDD WEST SCHOOL DIRECTOR,,DAR,VICTOR L ABATE,2022,1744,277,1
Snyder,MIDD-WEST SCHOOL DIRECTOR 4YR MIDD WEST SCHOOL DIRECTOR,,DEM,CHRISTOPHER T NESBIT,1925,1653,271,1
Snyder,MIDD-WEST SCHOOL DIRECTOR 4YR MIDD WEST SCHOOL DIRECTOR,,DEM,HEIDI STROUP,1856,1590,265,1
Snyder,MIDD-WEST SCHOOL DIRECTOR 4YR MIDD WEST SCHOOL DIRECTOR,,DEM,JAREK GLENNY,1840,1609,230,1
Snyder,MIDD-WEST SCHOOL DIRECTOR 4YR MIDD WEST SCHOOL DIRECTOR,,REP,ELIZABETH CANFIELD,2323,2088,235,0
Snyder,MIDD-WEST SCHOOL DIRECTOR 4YR MIDD WEST SCHOOL DIRECTOR,,REP,BRIAN BLACK,2154,1943,211,0
Snyder,MIDD-WEST SCHOOL DIRECTOR 4YR MIDD WEST SCHOOL DIRECTOR,,REP,ZACHARY A PETERSON,2271,2037,234,0
Snyder,MIDD-WEST SCHOOL DIRECTOR 4YR MIDD WEST SCHOOL DIRECTOR,,,Write-ins,61,52,9,0
Snyder,MIDD-WEST SCHOOL DIRECTOR 4YR MIDD WEST SCHOOL DIRECTOR,,,Overvotes,16,12,4,0
Snyder,MIDD-WEST SCHOOL DIRECTOR 4YR MIDD WEST SCHOOL DIRECTOR,,,Undervotes,3044,2588,456,0
Snyder,MIDD-WEST SCHOOL DIRECTOR 2YR MIDD WEST SCHOOL DIRECTOR,,DAR,TODD HOLLENBACH,3529,3100,428,1
Snyder,MIDD-WEST SCHOOL DIRECTOR 2YR MIDD WEST SCHOOL DIRECTOR,,,Write-ins,61,57,4,0
Snyder,MIDD-WEST SCHOOL DIRECTOR 2YR MIDD WEST SCHOOL DIRECTOR,,,Overvotes,2,1,1,0
Snyder,MIDD-WEST SCHOOL DIRECTOR 2YR MIDD WEST SCHOOL DIRECTOR,,,Undervotes,786,671,115,0
Snyder,SELINSGROVE AREA SCHOOL DIRECTOR SELINSGROVE AREA SCHOOL DIRECTOR,,DAR,JARED HOFFMAN,2604,1855,744,5
Snyder,SELINSGROVE AREA SCHOOL DIRECTOR SELINSGROVE AREA SCHOOL DIRECTOR,,DEM,TONI NILES,2142,1369,769,4
Snyder,SELINSGROVE AREA SCHOOL DIRECTOR SELINSGROVE AREA SCHOOL DIRECTOR,,DEM,CHRISTOPHER A AIKEY,2095,1332,754,9
Snyder,SELINSGROVE AREA SCHOOL DIRECTOR SELINSGROVE AREA SCHOOL DIRECTOR,,DEM,ANDREW V PALADINO,2076,1353,715,8
Snyder,SELINSGROVE AREA SCHOOL DIRECTOR SELINSGROVE AREA SCHOOL DIRECTOR,,REP,KENNETH TEATS JR,2975,2587,385,3
Snyder,SELINSGROVE AREA SCHOOL DIRECTOR SELINSGROVE AREA SCHOOL DIRECTOR,,REP,CHELSEY PAGANA DAVIS,3220,2719,499,2
Snyder,SELINSGROVE AREA SCHOOL DIRECTOR SELINSGROVE AREA SCHOOL DIRECTOR,,REP,DAVID M WATTO,2955,2542,411,2
Snyder,SELINSGROVE AREA SCHOOL DIRECTOR SELINSGROVE AREA SCHOOL DIRECTOR,,,Write-ins,33,29,4,0
Snyder,SELINSGROVE AREA SCHOOL DIRECTOR SELINSGROVE AREA SCHOOL DIRECTOR,,,Overvotes,28,12,16,0
Snyder,SELINSGROVE AREA SCHOOL DIRECTOR SELINSGROVE AREA SCHOOL DIRECTOR,,,Undervotes,4408,3658,731,19
Snyder,Tax Collector ADAMS TWP,,REP,SHARON M SMITH,186,170,16,0
Snyder,Tax Collector ADAMS TWP,,,Write-ins,1,1,0,0
Snyder,Tax Collector ADAMS TWP,,,Overvotes,0,0,0,0
Snyder,Tax Collector ADAMS TWP,,,Undervotes,24,17,7,0
Snyder,Tax Collector BEAVER TWP,,,Write-ins,9,6,3,0
Snyder,Tax Collector BEAVER TWP,,,Overvotes,0,0,0,0
Snyder,Tax Collector BEAVER TWP,,,Undervotes,175,163,12,0
Snyder,Tax Collector BEAVERTOWN BORO,,REP,AMANDA L BOONIE,270,228,42,0
Snyder,Tax Collector BEAVERTOWN BORO,,,Write-ins,1,1,0,0
Snyder,Tax Collector BEAVERTOWN BORO,,,Overvotes,0,0,0,0
Snyder,Tax Collector BEAVERTOWN BORO,,,Undervotes,22,20,2,0
Snyder,Tax Collector CENTER TWP,,REP,CHRISTOPHER S WOLF,529,481,48,0
Snyder,Tax Collector CENTER TWP,,,Write-ins,1,1,0,0
Snyder,Tax Collector CENTER TWP,,,Overvotes,0,0,0,0
Snyder,Tax Collector CENTER TWP,,,Undervotes,44,33,11,0
Snyder,Tax Collector CHAPMAN TWP,,,Write-ins,34,30,4,0
Snyder,Tax Collector CHAPMAN TWP,,,Overvotes,0,0,0,0
Snyder,Tax Collector CHAPMAN TWP,,,Undervotes,152,132,20,0
Snyder,Tax Collector FRANKLIN TWP,,DAR,AMY J MCCLELLAN,554,501,53,0
Snyder,Tax Collector FRANKLIN TWP,,,Write-ins,2,2,0,0
Snyder,Tax Collector FRANKLIN TWP,,,Overvotes,1,0,1,0
Snyder,Tax Collector FRANKLIN TWP,,,Undervotes,24,16,8,0
Snyder,Tax Collector FREEBURG BORO,,REP,SHIRLEY A MOYER,142,124,18,0
Snyder,Tax Collector FREEBURG BORO,,,Write-ins,1,1,0,0
Snyder,Tax Collector FREEBURG BORO,,,Overvotes,0,0,0,0
Snyder,Tax Collector FREEBURG BORO,,,Undervotes,3,2,1,0
Snyder,Tax Collector JACKSON TWP,,DAR,RANDALL L KLINE,395,324,71,0
Snyder,Tax Collector JACKSON TWP,,,Write-ins,2,2,0,0
Snyder,Tax Collector JACKSON TWP,,,Overvotes,0,0,0,0
Snyder,Tax Collector JACKSON TWP,,,Undervotes,19,16,3,0
Snyder,Tax Collector McCLURE BORO,,DEM,DIANA SNOOK,34,25,9,0
Snyder,Tax Collector McCLURE BORO,,REP,JULI JONES,200,182,18,0
Snyder,Tax Collector McCLURE BORO,,,Write-ins,1,1,0,0
Snyder,Tax Collector McCLURE BORO,,,Overvotes,0,0,0,0
Snyder,Tax Collector McCLURE BORO,,,Undervotes,1,1,0,0
Snyder,Tax Collector MIDDLEBURG BORO,,REP,STACEY L HOOD,249,218,31,0
Snyder,Tax Collector MIDDLEBURG BORO,,,Write-ins,5,4,1,0
Snyder,Tax Collector MIDDLEBURG BORO,,,Overvotes,0,0,0,0
Snyder,Tax Collector MIDDLEBURG BORO,,,Undervotes,18,11,7,0
Snyder,Tax Collector MIDDLECREEK TWP,,REP,CATHY D CATLIN,608,505,102,1
Snyder,Tax Collector MIDDLECREEK TWP,,,Write-ins,2,2,0,0
Snyder,Tax Collector MIDDLECREEK TWP,,,Overvotes,0,0,0,0
Snyder,Tax Collector MIDDLECREEK TWP,,,Undervotes,23,10,13,0
Snyder,Tax Collector MONROE TWP,,REP,MARY KLOCK,1186,877,308,1
Snyder,Tax Collector MONROE TWP,,,Write-ins,14,12,2,0
Snyder,Tax Collector MONROE TWP,,,Overvotes,0,0,0,0
Snyder,Tax Collector MONROE TWP,,,Undervotes,159,86,73,0
Snyder,Tax Collector PENN TWP,,DAR,RONALD E ZEIDERS,1078,806,268,4
Snyder,Tax Collector PENN TWP,,,Write-ins,9,8,1,0
Snyder,Tax Collector PENN TWP,,,Overvotes,0,0,0,0
Snyder,Tax Collector PENN TWP,,,Undervotes,77,47,29,1
Snyder,Tax Collector PERRY TWP,,REP,HEATHER L HOFFMAN,434,379,55,0
Snyder,Tax Collector PERRY TWP,,,Write-ins,1,1,0,0
Snyder,Tax Collector PERRY TWP,,,Overvotes,0,0,0,0
Snyder,Tax Collector PERRY TWP,,,Undervotes,27,23,4,0
Snyder,Tax Collector SELINSGROVE BORO,,DEM,BRENDA FABIAN,592,422,167,3
Snyder,Tax Collector SELINSGROVE BORO,,REP,JANELLE L MUSSER,505,448,57,0
Snyder,Tax Collector SELINSGROVE BORO,,,Write-ins,0,0,0,0
Snyder,Tax Collector SELINSGROVE BORO,,,Overvotes,0,0,0,0
Snyder,Tax Collector SELINSGROVE BORO,,,Undervotes,30,21,9,0
Snyder,Tax Collector SHAMOKIN DAM BORO,,REP,PEGGY A STOVER,388,322,65,1
Snyder,Tax Collector SHAMOKIN DAM BORO,,,Write-ins,15,10,5,0
Snyder,Tax Collector SHAMOKIN DAM BORO,,,Overvotes,0,0,0,0
Snyder,Tax Collector SHAMOKIN DAM BORO,,,Undervotes,77,39,36,2
Snyder,Tax Collector SPRING TWP,,REP,REBECCA A HOSTETLER,347,306,41,0
Snyder,Tax Collector SPRING TWP,,,Write-ins,1,1,0,0
Snyder,Tax Collector SPRING TWP,,,Overvotes,0,0,0,0
Snyder,Tax Collector SPRING TWP,,,Undervotes,25,20,5,0
Snyder,Tax Collector UNION TWP,,,Write-ins,40,38,2,0
Snyder,Tax Collector UNION TWP,,,Overvotes,0,0,0,0
Snyder,Tax Collector UNION TWP,,,Undervotes,276,218,57,1
Snyder,Tax Collector WASHINGTON TWP,,REP,CAROL J HOFFMAN,407,357,50,0
Snyder,Tax Collector WASHINGTON TWP,,,Write-ins,2,2,0,0
Snyder,Tax Collector WASHINGTON TWP,,,Overvotes,0,0,0,0
Snyder,Tax Collector WASHINGTON TWP,,,Undervotes,31,20,11,0
Snyder,Tax Collector WEST BEAVER TWP,,REP,BILLIE DRESSLER,264,243,21,0
Snyder,Tax Collector WEST BEAVER TWP,,,Write-ins,0,0,0,0
Snyder,Tax Collector WEST BEAVER TWP,,,Overvotes,0,0,0,0
Snyder,Tax Collector WEST BEAVER TWP,,,Undervotes,8,5,3,0
Snyder,Tax Collector WEST PERRY TWP,,REP,WILLIAM TROXELL,253,236,17,0
Snyder,Tax Collector WEST PERRY TWP,,,Write-ins,2,1,1,0
Snyder,Tax Collector WEST PERRY TWP,,,Overvotes,0,0,0,0
Snyder,Tax Collector WEST PERRY TWP,,,Undervotes,32,15,17,0
Snyder,BOROUGH MAYOR BEAVERTOWN BORO,,DAR,WILLIAM F KEPNER JR,255,217,38,0
Snyder,BOROUGH MAYOR BEAVERTOWN BORO,,,Write-ins,5,4,1,0
Snyder,BOROUGH MAYOR BEAVERTOWN BORO,,,Overvotes,0,0,0,0
Snyder,BOROUGH MAYOR BEAVERTOWN BORO,,,Undervotes,33,28,5,0
Snyder,BOROUGH MAYOR FREEBURG BORO,,REP,RICHARD BUD BICKHART,134,117,17,0
Snyder,BOROUGH MAYOR FREEBURG BORO,,,Write-ins,2,2,0,0
Snyder,BOROUGH MAYOR FREEBURG BORO,,,Overvotes,0,0,0,0
Snyder,BOROUGH MAYOR FREEBURG BORO,,,Undervotes,10,8,2,0
Snyder,BOROUGH MAYOR McCLURE BORO,,REP,DANIEL P SELLERS,202,181,21,0
Snyder,BOROUGH MAYOR McCLURE BORO,,,Write-ins,11,11,0,0
Snyder,BOROUGH MAYOR McCLURE BORO,,,Overvotes,0,0,0,0
Snyder,BOROUGH MAYOR McCLURE BORO,,,Undervotes,23,17,6,0
Snyder,BOROUGH MAYOR MIDDLEBURG BORO,,REP,HEIDI R POTTER,211,188,23,0
Snyder,BOROUGH MAYOR MIDDLEBURG BORO,,,Write-ins,10,8,2,0
Snyder,BOROUGH MAYOR MIDDLEBURG BORO,,,Overvotes,0,0,0,0
Snyder,BOROUGH MAYOR MIDDLEBURG BORO,,,Undervotes,51,37,14,0
Snyder,BOROUGH MAYOR SELINSGROVE BORO,,DAI,ERIK VIKER,507,372,133,2
Snyder,BOROUGH MAYOR SELINSGROVE BORO,,REP,MICHAEL B BOLIG,579,489,90,0
Snyder,BOROUGH MAYOR SELINSGROVE BORO,,,Write-ins,20,16,4,0
Snyder,BOROUGH MAYOR SELINSGROVE BORO,,,Overvotes,0,0,0,0
Snyder,BOROUGH MAYOR SELINSGROVE BORO,,,Undervotes,21,14,6,1
Snyder,BOROUGH MAYOR SHAMOKIN DAM BORO,,REP,DONALD E MUSSER,375,308,65,2
Snyder,BOROUGH MAYOR SHAMOKIN DAM BORO,,,Write-ins,17,13,4,0
Snyder,BOROUGH MAYOR SHAMOKIN DAM BORO,,,Overvotes,0,0,0,0
Snyder,BOROUGH MAYOR SHAMOKIN DAM BORO,,,Undervotes,88,50,37,1
Snyder,BOROUGH COUNCIL BEAVERTOWN BORO,,REP,DENTON MALLONEE,203,174,29,0
Snyder,BOROUGH COUNCIL BEAVERTOWN BORO,,REP,LINDA SNOOK,216,187,29,0
Snyder,BOROUGH COUNCIL BEAVERTOWN BORO,,REP,RONALD C PLUMMER,225,198,27,0
Snyder,BOROUGH COUNCIL BEAVERTOWN BORO,,,Write-ins,33,33,0,0
Snyder,BOROUGH COUNCIL BEAVERTOWN BORO,,,Overvotes,0,0,0,0
Snyder,BOROUGH COUNCIL BEAVERTOWN BORO,,,Undervotes,495,404,91,0
Snyder,BOROUGH COUNCIL FREEBURG BORO,,REP,ANGELA S WEAVER,106,93,13,0
Snyder,BOROUGH COUNCIL FREEBURG BORO,,REP,CATHERINE DENT,108,94,14,0
Snyder,BOROUGH COUNCIL FREEBURG BORO,,REP,JOHN W WIEGLE,98,88,10,0
Snyder,BOROUGH COUNCIL FREEBURG BORO,,,Write-ins,17,17,0,0
Snyder,BOROUGH COUNCIL FREEBURG BORO,,,Overvotes,0,0,0,0
Snyder,BOROUGH COUNCIL FREEBURG BORO,,,Undervotes,255,216,39,0
Snyder,BOROUGH COUNCIL McCLURE BORO,,REP,GREGORY T WRIGHT,174,152,22,0
Snyder,BOROUGH COUNCIL McCLURE BORO,,REP,STEVE HOKE,168,151,17,0
Snyder,BOROUGH COUNCIL McCLURE BORO,,REP,ROBIN GROVE,178,158,20,0
Snyder,BOROUGH COUNCIL McCLURE BORO,,REP,RONALD R HUNTER,172,151,21,0
Snyder,BOROUGH COUNCIL McCLURE BORO,,,Write-ins,23,23,0,0
Snyder,BOROUGH COUNCIL McCLURE BORO,,,Overvotes,0,0,0,0
Snyder,BOROUGH COUNCIL McCLURE BORO,,,Undervotes,229,201,28,0
Snyder,BOROUGH COUNCIL MIDDLEBURG BORO,,,Write-ins,71,58,13,0
Snyder,BOROUGH COUNCIL MIDDLEBURG BORO,,,Overvotes,0,0,0,0
Snyder,BOROUGH COUNCIL MIDDLEBURG BORO,,,Undervotes,1017,874,143,0
Snyder,BOROUGH COUNCIL 4YR SELINSGROVE BORO,,DEM,BOBBIE J OWENS,697,521,173,3
Snyder,BOROUGH COUNCIL 4YR SELINSGROVE BORO,,REP,SCOTT M FROST,570,485,85,0
Snyder,BOROUGH COUNCIL 4YR SELINSGROVE BORO,,REP,TODD H COX,554,459,95,0
Snyder,BOROUGH COUNCIL 4YR SELINSGROVE BORO,,REP,CHRISTIAN D SCHLIEDER,507,431,76,0
Snyder,BOROUGH COUNCIL 4YR SELINSGROVE BORO,,,Write-ins,49,41,8,0
Snyder,BOROUGH COUNCIL 4YR SELINSGROVE BORO,,,Overvotes,0,0,0,0
Snyder,BOROUGH COUNCIL 4YR SELINSGROVE BORO,,,Undervotes,2131,1627,495,9
Snyder,BOROUGH COUNCIL 2YR SELINSGROVE BORO,,DAR,ALEX DONCHAK,785,620,163,2
Snyder,BOROUGH COUNCIL 2YR SELINSGROVE BORO,,,Write-ins,25,23,2,0
Snyder,BOROUGH COUNCIL 2YR SELINSGROVE BORO,,,Overvotes,2,2,0,0
Snyder,BOROUGH COUNCIL 2YR SELINSGROVE BORO,,,Undervotes,315,246,68,1
Snyder,BOROUGH COUNCIL 4YR SHAMOKIN DAM BORO,,REP,CHARLENE BAILEY,310,252,57,1
Snyder,BOROUGH COUNCIL 4YR SHAMOKIN DAM BORO,,REP,MARLIN E MOYER,310,255,54,1
Snyder,BOROUGH COUNCIL 4YR SHAMOKIN DAM BORO,,REP,MARK R BENNER,293,245,48,0
Snyder,BOROUGH COUNCIL 4YR SHAMOKIN DAM BORO,,REP,SHAWN A BINGAMAN,296,254,42,0
Snyder,BOROUGH COUNCIL 4YR SHAMOKIN DAM BORO,,,Write-ins,72,67,4,1
Snyder,BOROUGH COUNCIL 4YR SHAMOKIN DAM BORO,,,Overvotes,12,12,0,0
Snyder,BOROUGH COUNCIL 4YR SHAMOKIN DAM BORO,,,Undervotes,627,399,219,9
Snyder,BOROUGH COUNCIL 2YR SHAMOKIN DAM BORO,,REP,ROBERT J STOVER JR,347,289,57,1
Snyder,BOROUGH COUNCIL 2YR SHAMOKIN DAM BORO,,,Write-ins,19,18,1,0
Snyder,BOROUGH COUNCIL 2YR SHAMOKIN DAM BORO,,,Overvotes,0,0,0,0
Snyder,BOROUGH COUNCIL 2YR SHAMOKIN DAM BORO,,,Undervotes,114,64,48,2
Snyder,TOWNSHIP SUPERVISOR ADAMS TWP,,,Write-ins,29,25,4,0
Snyder,TOWNSHIP SUPERVISOR ADAMS TWP,,,Overvotes,0,0,0,0
Snyder,TOWNSHIP SUPERVISOR ADAMS TWP,,,Undervotes,182,163,19,0
Snyder,TOWNSHIP SUPERVISOR BEAVER TWP,,REP,NELSON L NAREHOOD,91,85,6,0
Snyder,TOWNSHIP SUPERVISOR BEAVER TWP,,IND,ROGER A RICE,91,82,9,0
Snyder,TOWNSHIP SUPERVISOR BEAVER TWP,,,Write-ins,0,0,0,0
Snyder,TOWNSHIP SUPERVISOR BEAVER TWP,,,Overvotes,0,0,0,0
Snyder,TOWNSHIP SUPERVISOR BEAVER TWP,,,Undervotes,2,2,0,0
Snyder,TOWNSHIP SUPERVISOR CENTER TWP,,REP,MAYNARD M KEISTER,512,465,47,0
Snyder,TOWNSHIP SUPERVISOR CENTER TWP,,,Write-ins,10,9,1,0
Snyder,TOWNSHIP SUPERVISOR CENTER TWP,,,Overvotes,0,0,0,0
Snyder,TOWNSHIP SUPERVISOR CENTER TWP,,,Undervotes,52,41,11,0
Snyder,TOWNSHIP SUPERVISOR CHAPMAN TWP,,REP,JIM SWARTZ,162,143,19,0
Snyder,TOWNSHIP SUPERVISOR CHAPMAN TWP,,,Write-ins,3,2,1,0
Snyder,TOWNSHIP SUPERVISOR CHAPMAN TWP,,,Overvotes,0,0,0,0
Snyder,TOWNSHIP SUPERVISOR CHAPMAN TWP,,,Undervotes,21,17,4,0
Snyder,TOWNSHIP SUPERVISOR FRANKLIN TWP,,REP,TIM W SMITH,511,462,49,0
Snyder,TOWNSHIP SUPERVISOR FRANKLIN TWP,,,Write-ins,11,11,0,0
Snyder,TOWNSHIP SUPERVISOR FRANKLIN TWP,,,Overvotes,0,0,0,0
Snyder,TOWNSHIP SUPERVISOR FRANKLIN TWP,,,Undervotes,59,46,13,0
Snyder,TOWNSHIP SUPERVISOR JACKSON TWP,,REP,MAHLON E BUTCH BOOP,378,322,56,0
Snyder,TOWNSHIP SUPERVISOR JACKSON TWP,,,Write-ins,3,1,2,0
Snyder,TOWNSHIP SUPERVISOR JACKSON TWP,,,Overvotes,0,0,0,0
Snyder,TOWNSHIP SUPERVISOR JACKSON TWP,,,Undervotes,35,19,16,0
Snyder,TOWNSHIP SUPERVISOR MIDDLECREEK TWP,,REP,SHANNON L MOYER,434,363,70,1
Snyder,TOWNSHIP SUPERVISOR MIDDLECREEK TWP,,,Write-ins,127,110,17,0
Snyder,TOWNSHIP SUPERVISOR MIDDLECREEK TWP,,,Overvotes,0,0,0,0
Snyder,TOWNSHIP SUPERVISOR MIDDLECREEK TWP,,,Undervotes,72,44,28,0
Snyder,TOWNSHIP SUPERVISOR MONROE TWP,,DEM,CRAIG J COCHRAN,513,287,225,1
Snyder,TOWNSHIP SUPERVISOR MONROE TWP,,REP,DAVID A HEIMBACH,823,673,150,0
Snyder,TOWNSHIP SUPERVISOR MONROE TWP,,,Write-ins,4,2,2,0
Snyder,TOWNSHIP SUPERVISOR MONROE TWP,,,Overvotes,0,0,0,0
Snyder,TOWNSHIP SUPERVISOR MONROE TWP,,,Undervotes,19,13,6,0
Snyder,TOWNSHIP SUPERVISOR PENN TWP,,DAR,JON PAYNE,918,688,226,4
Snyder,TOWNSHIP SUPERVISOR PENN TWP,,,Write-ins,42,35,7,0
Snyder,TOWNSHIP SUPERVISOR PENN TWP,,,Overvotes,0,0,0,0
Snyder,TOWNSHIP SUPERVISOR PENN TWP,,,Undervotes,204,138,65,1
Snyder,TOWNSHIP SUPERVISOR PERRY TWP,,REP,ERIK VANHORN,415,363,52,0
Snyder,TOWNSHIP SUPERVISOR PERRY TWP,,,Write-ins,5,5,0,0
Snyder,TOWNSHIP SUPERVISOR PERRY TWP,,,Overvotes,0,0,0,0
Snyder,TOWNSHIP SUPERVISOR PERRY TWP,,,Undervotes,42,35,7,0
Snyder,TOWNSHIP SUPERVISOR SPRING TWP,,DAR,JOHN F KAUFFMAN II,326,284,42,0
Snyder,TOWNSHIP SUPERVISOR SPRING TWP,,,Write-ins,7,7,0,0
Snyder,TOWNSHIP SUPERVISOR SPRING TWP,,,Overvotes,0,0,0,0
Snyder,TOWNSHIP SUPERVISOR SPRING TWP,,,Undervotes,40,36,4,0
Snyder,TOWNSHIP SUPERVISOR UNION TWP,,REP,BARRY A HEIM,261,227,33,1
Snyder,TOWNSHIP SUPERVISOR UNION TWP,,,Write-ins,5,5,0,0
Snyder,TOWNSHIP SUPERVISOR UNION TWP,,,Overvotes,0,0,0,0
Snyder,TOWNSHIP SUPERVISOR UNION TWP,,,Undervotes,50,24,26,0
Snyder,TOWNSHIP SUPERVISOR WASHINGTON TWP,,REP,GREGORY MOYER,381,337,44,0
Snyder,TOWNSHIP SUPERVISOR WASHINGTON TWP,,,Write-ins,8,7,1,0
Snyder,TOWNSHIP SUPERVISOR WASHINGTON TWP,,,Overvotes,0,0,0,0
Snyder,TOWNSHIP SUPERVISOR WASHINGTON TWP,,,Undervotes,51,35,16,0
Snyder,TOWNSHIP SUPERVISOR 6YR WEST BEAVER TWP,,REP,ISAAC HASSINGER,253,233,20,0
Snyder,TOWNSHIP SUPERVISOR 6YR WEST BEAVER TWP,,,Write-ins,3,3,0,0
Snyder,TOWNSHIP SUPERVISOR 6YR WEST BEAVER TWP,,,Overvotes,0,0,0,0
Snyder,TOWNSHIP SUPERVISOR 6YR WEST BEAVER TWP,,,Undervotes,16,12,4,0
Snyder,TOWNSHIP SUPERVISOR 2YR WEST BEAVER TWP,,REP,WALTER RENNINGER,258,239,19,0
Snyder,TOWNSHIP SUPERVISOR 2YR WEST BEAVER TWP,,,Write-ins,0,0,0,0
Snyder,TOWNSHIP SUPERVISOR 2YR WEST BEAVER TWP,,,Overvotes,0,0,0,0
Snyder,TOWNSHIP SUPERVISOR 2YR WEST BEAVER TWP,,,Undervotes,14,9,5,0
Snyder,TOWNSHIP SUPERVISOR WEST PERRY TWP,,REP,STEVEN A RENNINGER,255,235,20,0
Snyder,TOWNSHIP SUPERVISOR WEST PERRY TWP,,,Write-ins,4,3,1,0
Snyder,TOWNSHIP SUPERVISOR WEST PERRY TWP,,,Overvotes,0,0,0,0
Snyder,TOWNSHIP SUPERVISOR WEST PERRY TWP,,,Undervotes,28,14,14,0
Snyder,TOWNSHIP AUDITOR 2YR ADAMS TWP,,,Write-ins,11,11,0,0
Snyder,TOWNSHIP AUDITOR 2YR ADAMS TWP,,,Overvotes,0,0,0,0
Snyder,TOWNSHIP AUDITOR 2YR ADAMS TWP,,,Undervotes,200,177,23,0
Snyder,TOWNSHIP AUDITOR BEAVER TWP,,REP,DONNA REICH,170,158,12,0
Snyder,TOWNSHIP AUDITOR BEAVER TWP,,,Write-ins,0,0,0,0
Snyder,TOWNSHIP AUDITOR BEAVER TWP,,,Overvotes,0,0,0,0
Snyder,TOWNSHIP AUDITOR BEAVER TWP,,,Undervotes,14,11,3,0
Snyder,TOWNSHIP AUDITOR CENTER TWP,,,Write-ins,31,28,3,0
Snyder,TOWNSHIP AUDITOR CENTER TWP,,,Overvotes,0,0,0,0
Snyder,TOWNSHIP AUDITOR CENTER TWP,,,Undervotes,543,487,56,0
Snyder,TOWNSHIP AUDITOR CHAPMAN TWP,,REP,CHARLES FORBES,162,143,19,0
Snyder,TOWNSHIP AUDITOR CHAPMAN TWP,,,Write-ins,1,1,0,0
Snyder,TOWNSHIP AUDITOR CHAPMAN TWP,,,Overvotes,0,0,0,0
Snyder,TOWNSHIP AUDITOR CHAPMAN TWP,,,Undervotes,23,18,5,0
Snyder,TOWNSHIP AUDITOR 6YR FRANKLIN TWP,,REP,DAMON HASSINGER,518,468,50,0
Snyder,TOWNSHIP AUDITOR 6YR FRANKLIN TWP,,,Write-ins,6,6,0,0
Snyder,TOWNSHIP AUDITOR 6YR FRANKLIN TWP,,,Overvotes,0,0,0,0
Snyder,TOWNSHIP AUDITOR 6YR FRANKLIN TWP,,,Undervotes,57,45,12,0
Snyder,TOWNSHIP AUDITOR 2YR FRANKLIN TWP,,REP,MARIE E HASSINGER,515,466,49,0
Snyder,TOWNSHIP AUDITOR 2YR FRANKLIN TWP,,,Write-ins,6,6,0,0
Snyder,TOWNSHIP AUDITOR 2YR FRANKLIN TWP,,,Overvotes,0,0,0,0
Snyder,TOWNSHIP AUDITOR 2YR FRANKLIN TWP,,,Undervotes,60,47,13,0
Snyder,TOWNSHIP AUDITOR JACKSON TWP,,REP,LIEDA E ROUSH,380,321,59,0
Snyder,TOWNSHIP AUDITOR JACKSON TWP,,,Write-ins,0,0,0,0
Snyder,TOWNSHIP AUDITOR JACKSON TWP,,,Overvotes,0,0,0,0
Snyder,TOWNSHIP AUDITOR JACKSON TWP,,,Undervotes,36,21,15,0
Snyder,TOWNSHIP AUDITOR 6YR MIDDLECREEK TWP,,,Write-ins,34,29,5,0
Snyder,TOWNSHIP AUDITOR 6YR MIDDLECREEK TWP,,,Overvotes,0,0,0,0
Snyder,TOWNSHIP AUDITOR 6YR MIDDLECREEK TWP,,,Undervotes,599,488,110,1
Snyder,TOWNSHIP AUDITOR 2YR MIDDLECREEK TWP,,,Write-ins,33,25,8,0
Snyder,TOWNSHIP AUDITOR 2YR MIDDLECREEK TWP,,,Overvotes,0,0,0,0
Snyder,TOWNSHIP AUDITOR 2YR MIDDLECREEK TWP,,,Undervotes,600,492,107,1
Snyder,TOWNSHIP AUDITOR 6YR MONROE TWP,,REP,PAMELA D WOLFE,1121,850,271,0
Snyder,TOWNSHIP AUDITOR 6YR MONROE TWP,,,Write-ins,14,10,4,0
Snyder,TOWNSHIP AUDITOR 6YR MONROE TWP,,,Overvotes,0,0,0,0
Snyder,TOWNSHIP AUDITOR 6YR MONROE TWP,,,Undervotes,224,115,108,1
Snyder,TOWNSHIP AUDITOR 2YR MONROE TWP,,,Write-ins,77,58,19,0
Snyder,TOWNSHIP AUDITOR 2YR MONROE TWP,,,Overvotes,0,0,0,0
Snyder,TOWNSHIP AUDITOR 2YR MONROE TWP,,,Undervotes,1282,917,364,1
Snyder,TOWNSHIP AUDITOR 4YR PENN TWP,,IND,EMILY BADGER,953,704,246,3
Snyder,TOWNSHIP AUDITOR 4YR PENN TWP,,,Write-ins,6,5,1,0
Snyder,TOWNSHIP AUDITOR 4YR PENN TWP,,,Overvotes,0,0,0,0
Snyder,TOWNSHIP AUDITOR 4YR PENN TWP,,,Undervotes,205,152,51,2
Snyder,TOWNSHIP AUDITOR 2YR PENN TWP,,DEM,CHRISTOPHER A SNYDER,851,601,246,4
Snyder,TOWNSHIP AUDITOR 2YR PENN TWP,,,Write-ins,15,14,1,0
Snyder,TOWNSHIP AUDITOR 2YR PENN TWP,,,Overvotes,0,0,0,0
Snyder,TOWNSHIP AUDITOR 2YR PENN TWP,,,Undervotes,298,246,51,1
Snyder,TOWNSHIP AUDITOR 6YR PERRY TWP,,REP,JOHN R THOMAS JR,407,355,52,0
Snyder,TOWNSHIP AUDITOR 6YR PERRY TWP,,,Write-ins,3,3,0,0
Snyder,TOWNSHIP AUDITOR 6YR PERRY TWP,,,Overvotes,0,0,0,0
Snyder,TOWNSHIP AUDITOR 6YR PERRY TWP,,,Undervotes,52,45,7,0
Snyder,TOWNSHIP AUDITOR 2YR PERRY TWP,,DEM,JOAN L LILLEY,297,250,47,0
Snyder,TOWNSHIP AUDITOR 2YR PERRY TWP,,,Write-ins,15,13,2,0
Snyder,TOWNSHIP AUDITOR 2YR PERRY TWP,,,Overvotes,0,0,0,0
Snyder,TOWNSHIP AUDITOR 2YR PERRY TWP,,,Undervotes,150,140,10,0
Snyder,TOWNSHIP AUDITOR SPRING TWP,,,Write-ins,20,19,1,0
Snyder,TOWNSHIP AUDITOR SPRING TWP,,,Overvotes,0,0,0,0
Snyder,TOWNSHIP AUDITOR SPRING TWP,,,Undervotes,353,308,45,0
Snyder,TOWNSHIP AUDITOR UNION TWP,,REP,MARK R REEVES,273,234,38,1
Snyder,TOWNSHIP AUDITOR UNION TWP,,,Write-ins,0,0,0,0
Snyder,TOWNSHIP AUDITOR UNION TWP,,,Overvotes,0,0,0,0
Snyder,TOWNSHIP AUDITOR UNION TWP,,,Undervotes,43,22,21,0
Snyder,TOWNSHIP AUDITOR 6YR WASHINGTON TWP,,,Write-ins,33,32,1,0
Snyder,TOWNSHIP AUDITOR 6YR WASHINGTON TWP,,,Overvotes,0,0,0,0
Snyder,TOWNSHIP AUDITOR 6YR WASHINGTON TWP,,,Undervotes,407,347,60,0
Snyder,TOWNSHIP AUDITOR 4YR WASHINGTON TWP,,,Write-ins,30,30,0,0
Snyder,TOWNSHIP AUDITOR 4YR WASHINGTON TWP,,,Overvotes,0,0,0,0
Snyder,TOWNSHIP AUDITOR 4YR WASHINGTON TWP,,,Undervotes,410,349,61,0
Snyder,TOWNSHIP AUDITOR WEST BEAVER TWP,,,Write-ins,21,21,0,0
Snyder,TOWNSHIP AUDITOR WEST BEAVER TWP,,,Overvotes,0,0,0,0
Snyder,TOWNSHIP AUDITOR WEST BEAVER TWP,,,Undervotes,251,227,24,0
Snyder,TOWNSHIP AUDITOR WEST PERRY TWP,,REP,STANLEY SHEAFFER,254,235,19,0
Snyder,TOWNSHIP AUDITOR WEST PERRY TWP,,,Write-ins,1,0,1,0
Snyder,TOWNSHIP AUDITOR WEST PERRY TWP,,,Overvotes,0,0,0,0
Snyder,TOWNSHIP AUDITOR WEST PERRY TWP,,,Undervotes,32,17,15,0
Snyder,CONSTABLE ADAMS TWP,,,Write-ins,12,12,0,0
Snyder,CONSTABLE ADAMS TWP,,,Overvotes,0,0,0,0
Snyder,CONSTABLE ADAMS TWP,,,Undervotes,199,176,23,0
Snyder,CONSTABLE BEAVER TWP,,,Write-ins,9,7,2,0
Snyder,CONSTABLE BEAVER TWP,,,Overvotes,0,0,0,0
Snyder,CONSTABLE BEAVER TWP,,,Undervotes,175,162,13,0
Snyder,CONSTABLE BEAVERTOWN BORO,,,Write-ins,7,7,0,0
Snyder,CONSTABLE BEAVERTOWN BORO,,,Overvotes,0,0,0,0
Snyder,CONSTABLE BEAVERTOWN BORO,,,Undervotes,286,242,44,0
Snyder,CONSTABLE CENTER TWP,,,Write-ins,35,32,3,0
Snyder,CONSTABLE CENTER TWP,,,Overvotes,0,0,0,0
Snyder,CONSTABLE CENTER TWP,,,Undervotes,539,483,56,0
Snyder,CONSTABLE CHAPMAN TWP,,,Write-ins,2,1,1,0
Snyder,CONSTABLE CHAPMAN TWP,,,Overvotes,0,0,0,0
Snyder,CONSTABLE CHAPMAN TWP,,,Undervotes,184,161,23,0
Snyder,CONSTABLE FRANKLIN TWP,,,Write-ins,41,39,2,0
Snyder,CONSTABLE FRANKLIN TWP,,,Overvotes,0,0,0,0
Snyder,CONSTABLE FRANKLIN TWP,,,Undervotes,540,480,60,0
Snyder,CONSTABLE FREEBURG BORO,,,Write-ins,3,1,2,0
Snyder,CONSTABLE FREEBURG BORO,,,Overvotes,0,0,0,0
Snyder,CONSTABLE FREEBURG BORO,,,Undervotes,143,126,17,0
Snyder,CONSTABLE JACKSON TWP,,,Write-ins,19,17,2,0
Snyder,CONSTABLE JACKSON TWP,,,Overvotes,0,0,0,0
Snyder,CONSTABLE JACKSON TWP,,,Undervotes,397,325,72,0
Snyder,CONSTABLE McCLURE BORO,,,Write-ins,32,30,2,0
Snyder,CONSTABLE McCLURE BORO,,,Overvotes,0,0,0,0
Snyder,CONSTABLE McCLURE BORO,,,Undervotes,204,179,25,0
Snyder,CONSTABLE MIDDLEBURG BORO,,,Write-ins,15,12,3,0
Snyder,CONSTABLE MIDDLEBURG BORO,,,Overvotes,0,0,0,0
Snyder,CONSTABLE MIDDLEBURG BORO,,,Undervotes,257,221,36,0
Snyder,CONSTABLE MIDDLECREEK TWP,,,Write-ins,41,39,2,0
Snyder,CONSTABLE MIDDLECREEK TWP,,,Overvotes,0,0,0,0
Snyder,CONSTABLE MIDDLECREEK TWP,,,Undervotes,592,478,113,1
Snyder,CONSTABLE MONROE TWP,,REP,CHARLES MILORO,1082,823,259,0
Snyder,CONSTABLE MONROE TWP,,,Write-ins,14,11,3,0
Snyder,CONSTABLE MONROE TWP,,,Overvotes,0,0,0,0
Snyder,CONSTABLE MONROE TWP,,,Undervotes,263,141,121,1
Snyder,CONSTABLE PENN TWP,,REP,DAN ROBATIN,912,711,197,4
Snyder,CONSTABLE PENN TWP,,,Write-ins,24,22,2,0
Snyder,CONSTABLE PENN TWP,,,Overvotes,0,0,0,0
Snyder,CONSTABLE PENN TWP,,,Undervotes,228,128,99,1
Snyder,CONSTABLE PERRY TWP,,REP,WILLIAM E SPRIGGLE,406,353,53,0
Snyder,CONSTABLE PERRY TWP,,,Write-ins,1,1,0,0
Snyder,CONSTABLE PERRY TWP,,,Overvotes,0,0,0,0
Snyder,CONSTABLE PERRY TWP,,,Undervotes,55,49,6,0
Snyder,CONSTABLE SELINSGROVE BOROUGH #1,,,Write-ins,25,24,1,0
Snyder,CONSTABLE SELINSGROVE BOROUGH #1,,,Overvotes,0,0,0,0
Snyder,CONSTABLE SELINSGROVE BOROUGH #1,,,Undervotes,265,205,60,0
Snyder,CONSTABLE SELINSGROVE BOROUGH #2,,,Write-ins,42,36,6,0
Snyder,CONSTABLE SELINSGROVE BOROUGH #2,,,Overvotes,0,0,0,0
Snyder,CONSTABLE SELINSGROVE BOROUGH #2,,,Undervotes,390,311,79,0
Snyder,CONSTABLE SELINSGROVE BOROUGH #3,,REP,JASON C RIDER,280,234,45,1
Snyder,CONSTABLE SELINSGROVE BOROUGH #3,,,Write-ins,11,9,1,1
Snyder,CONSTABLE SELINSGROVE BOROUGH #3,,,Overvotes,0,0,0,0
Snyder,CONSTABLE SELINSGROVE BOROUGH #3,,,Undervotes,114,72,41,1
Snyder,CONSTABLE SHAMOKIN DAM BORO,,,Write-ins,25,23,2,0
Snyder,CONSTABLE SHAMOKIN DAM BORO,,,Overvotes,0,0,0,0
Snyder,CONSTABLE SHAMOKIN DAM BORO,,,Undervotes,455,348,104,3
Snyder,CONSTABLE SPRING TWP,,,Write-ins,19,17,2,0
Snyder,CONSTABLE SPRING TWP,,,Overvotes,0,0,0,0
Snyder,CONSTABLE SPRING TWP,,,Undervotes,354,310,44,0
Snyder,CONSTABLE UNION TWP,,,Write-ins,11,10,1,0
Snyder,CONSTABLE UNION TWP,,,Overvotes,0,0,0,0
Snyder,CONSTABLE UNION TWP,,,Undervotes,305,246,58,1
Snyder,CONSTABLE WASHINGTON TWP,,,Write-ins,16,16,0,0
Snyder,CONSTABLE WASHINGTON TWP,,,Overvotes,0,0,0,0
Snyder,CONSTABLE WASHINGTON TWP,,,Undervotes,424,363,61,0
Snyder,CONSTABLE WEST BEAVER TWP,,,Write-ins,20,20,0,0
Snyder,CONSTABLE WEST BEAVER TWP,,,Overvotes,0,0,0,0
Snyder,CONSTABLE WEST BEAVER TWP,,,Undervotes,252,228,24,0
Snyder,CONSTABLE WEST PERRY TWP,,,Write-ins,14,12,2,0
Snyder,CONSTABLE WEST PERRY TWP,,,Overvotes,0,0,0,0
Snyder,CONSTABLE WEST PERRY TWP,,,Undervotes,273,240,33,0
Snyder,Judge of Election S ADAMS TOWNSHIP,,,Write-ins,21,17,4,0
Snyder,Judge of Election S ADAMS TOWNSHIP,,,Overvotes,0,0,0,0
Snyder,Judge of Election S ADAMS TOWNSHIP,,,Undervotes,190,171,19,0
Snyder,Judge of Election S BEAVER TOWNSHIP,,REP,DARLA SCHRADER,169,158,11,0
Snyder,Judge of Election S BEAVER TOWNSHIP,,,Write-ins,0,0,0,0
Snyder,Judge of Election S BEAVER TOWNSHIP,,,Overvotes,0,0,0,0
Snyder,Judge of Election S BEAVER TOWNSHIP,,,Undervotes,15,11,4,0
Snyder,Judge of Election S BEAVERTOWN BOROUGH,,,Write-ins,12,11,1,0
Snyder,Judge of Election S BEAVERTOWN BOROUGH,,,Overvotes,0,0,0,0
Snyder,Judge of Election S BEAVERTOWN BOROUGH,,,Undervotes,281,238,43,0
Snyder,Judge of Election S CENTER TOWNSHIP,,,Write-ins,41,38,3,0
Snyder,Judge of Election S CENTER TOWNSHIP,,,Overvotes,0,0,0,0
Snyder,Judge of Election S CENTER TOWNSHIP,,,Undervotes,533,477,56,0
Snyder,Judge of Election S CHAPMAN TOWNSHIP,,DEM,ESTHER K KLINGER,102,85,17,0
Snyder,Judge of Election S CHAPMAN TOWNSHIP,,,Write-ins,2,2,0,0
Snyder,Judge of Election S CHAPMAN TOWNSHIP,,,Overvotes,0,0,0,0
Snyder,Judge of Election S CHAPMAN TOWNSHIP,,,Undervotes,82,75,7,0
Snyder,Judge of Election S FRANKLIN TOWNSHIP,,REP,ZACHARY A PETERSON,500,452,48,0
Snyder,Judge of Election S FRANKLIN TOWNSHIP,,,Write-ins,14,13,1,0
Snyder,Judge of Election S FRANKLIN TOWNSHIP,,,Overvotes,0,0,0,0
Snyder,Judge of Election S FRANKLIN TOWNSHIP,,,Undervotes,67,54,13,0
Snyder,Judge of Election S FREEBURG BOROUGH,,REP,KAREN STAUFFER,136,118,18,0
Snyder,Judge of Election S FREEBURG BOROUGH,,,Write-ins,1,1,0,0
Snyder,Judge of Election S FREEBURG BOROUGH,,,Overvotes,0,0,0,0
Snyder,Judge of Election S FREEBURG BOROUGH,,,Undervotes,9,8,1,0
Snyder,Judge of Election S JACKSON TOWNSHIP,,REP,DAVE PARK,375,320,55,0
Snyder,Judge of Election S JACKSON TOWNSHIP,,,Write-ins,5,3,2,0
Snyder,Judge of Election S JACKSON TOWNSHIP,,,Overvotes,0,0,0,0
Snyder,Judge of Election S JACKSON TOWNSHIP,,,Undervotes,36,19,17,0
Snyder,Judge of Election S MCCLURE BOROUGH,,REP,RACHEL J KELSEY,210,190,20,0
Snyder,Judge of Election S MCCLURE BOROUGH,,,Write-ins,2,2,0,0
Snyder,Judge of Election S MCCLURE BOROUGH,,,Overvotes,0,0,0,0
Snyder,Judge of Election S MCCLURE BOROUGH,,,Undervotes,24,17,7,0
Snyder,Judge of Election S MIDDLEBURG BOROUGH,,REP,FRANCESCA M BASALLA,220,198,22,0
Snyder,Judge of Election S MIDDLEBURG BOROUGH,,,Write-ins,5,4,1,0
Snyder,Judge of Election S MIDDLEBURG BOROUGH,,,Overvotes,0,0,0,0
Snyder,Judge of Election S MIDDLEBURG BOROUGH,,,Undervotes,47,31,16,0
Snyder,Judge of Election S MIDDLECREEK TOWNSHIP,,REP,CAREY S LANDIS,554,472,82,0
Snyder,Judge of Election S MIDDLECREEK TOWNSHIP,,,Write-ins,7,6,1,0
Snyder,Judge of Election S MIDDLECREEK TOWNSHIP,,,Overvotes,0,0,0,0
Snyder,Judge of Election S MIDDLECREEK TOWNSHIP,,,Undervotes,72,39,32,1
Snyder,Judge of Election S MONROE TOWNSHIP #1,,,Write-ins,45,32,13,0
Snyder,Judge of Election S MONROE TOWNSHIP #1,,,Overvotes,0,0,0,0
Snyder,Judge of Election S MONROE TOWNSHIP #1,,,Undervotes,594,421,172,1
Snyder,Judge of Election S MONROE TOWNSHIP #2,,DEM,CINDY O HERMAN,481,324,157,0
Snyder,Judge of Election S MONROE TOWNSHIP #2,,,Write-ins,25,22,3,0
Snyder,Judge of Election S MONROE TOWNSHIP #2,,,Overvotes,0,0,0,0
Snyder,Judge of Election S MONROE TOWNSHIP #2,,,Undervotes,214,176,38,0
Snyder,Judge of Election S PENN TOWNSHIP #1,,DEM,CARRIE BRIGGS,375,242,133,0
Snyder,Judge of Election S PENN TOWNSHIP #1,,,Write-ins,6,5,1,0
Snyder,Judge of Election S PENN TOWNSHIP #1,,,Overvotes,0,0,0,0
Snyder,Judge of Election S PENN TOWNSHIP #1,,,Undervotes,126,104,21,1
Snyder,Judge of Election S PENN TOWNSHIP #2,,REP,GINA KUHN-ROBATIN,521,430,89,2
Snyder,Judge of Election S PENN TOWNSHIP #2,,,Write-ins,11,8,2,1
Snyder,Judge of Election S PENN TOWNSHIP #2,,,Overvotes,0,0,0,0
Snyder,Judge of Election S PENN TOWNSHIP #2,,,Undervotes,125,72,52,1
Snyder,Judge of Election S PERRY TOWNSHIP,,REP,VICKY HEIMBACH,433,380,53,0
Snyder,Judge of Election S PERRY TOWNSHIP,,,Write-ins,1,1,0,0
Snyder,Judge of Election S PERRY TOWNSHIP,,,Overvotes,0,0,0,0
Snyder,Judge of Election S PERRY TOWNSHIP,,,Undervotes,28,22,6,0
Snyder,Judge of Election S SELINSGROVE BOROUGH #1,,,Write-ins,38,37,1,0
Snyder,Judge of Election S SELINSGROVE BOROUGH #1,,,Overvotes,0,0,0,0
Snyder,Judge of Election S SELINSGROVE BOROUGH #1,,,Undervotes,252,192,60,0
Snyder,Judge of Election S SELINSGROVE BOROUGH #2,,DEM,TONI NILES,335,257,78,0
Snyder,Judge of Election S SELINSGROVE BOROUGH #2,,,Write-ins,9,8,1,0
Snyder,Judge of Election S SELINSGROVE BOROUGH #2,,,Overvotes,1,0,1,0
Snyder,Judge of Election S SELINSGROVE BOROUGH #2,,,Undervotes,87,82,5,0
Snyder,Judge of Election S SELINSGROVE BOROUGH #3,,DEM,DENISE MOY,293,220,70,3
Snyder,Judge of Election S SELINSGROVE BOROUGH #3,,,Write-ins,7,7,0,0
Snyder,Judge of Election S SELINSGROVE BOROUGH #3,,,Overvotes,0,0,0,0
Snyder,Judge of Election S SELINSGROVE BOROUGH #3,,,Undervotes,105,88,17,0
Snyder,Judge of Election S SHAMOKIN DAM BOROUGH,,DEM,RAYMOND G STERNER,294,206,85,3
Snyder,Judge of Election S SHAMOKIN DAM BOROUGH,,,Write-ins,12,11,1,0
Snyder,Judge of Election S SHAMOKIN DAM BOROUGH,,,Overvotes,2,1,1,0
Snyder,Judge of Election S SHAMOKIN DAM BOROUGH,,,Undervotes,172,153,19,0
Snyder,Judge of Election S SPRING TOWNSHIP,,REP,KAREN LAUVER,358,316,42,0
Snyder,Judge of Election S SPRING TOWNSHIP,,,Write-ins,1,1,0,0
Snyder,Judge of Election S SPRING TOWNSHIP,,,Overvotes,0,0,0,0
Snyder,Judge of Election S SPRING TOWNSHIP,,,Undervotes,14,10,4,0
Snyder,Judge of Election S UNION TOWNSHIP,,,Write-ins,18,18,0,0
Snyder,Judge of Election S UNION TOWNSHIP,,,Overvotes,0,0,0,0
Snyder,Judge of Election S UNION TOWNSHIP,,,Undervotes,298,238,59,1
Snyder,Judge of Election S WASHINGTON TOWNSHIP,,,Write-ins,21,21,0,0
Snyder,Judge of Election S WASHINGTON TOWNSHIP,,,Overvotes,0,0,0,0
Snyder,Judge of Election S WASHINGTON TOWNSHIP,,,Undervotes,419,358,61,0
Snyder,Judge of Election S WEST BEAVER TOWNSHIP,,REP,ROY A KING JR,255,236,19,0
Snyder,Judge of Election S WEST BEAVER TOWNSHIP,,,Write-ins,0,0,0,0
Snyder,Judge of Election S WEST BEAVER TOWNSHIP,,,Overvotes,0,0,0,0
Snyder,Judge of Election S WEST BEAVER TOWNSHIP,,,Undervotes,17,12,5,0
Snyder,Judge of Election S WEST PERRY TOWNSHIP,,REP,ANNA MAE FULTZ,265,245,20,0
Snyder,Judge of Election S WEST PERRY TOWNSHIP,,,Write-ins,1,0,1,0
Snyder,Judge of Election S WEST PERRY TOWNSHIP,,,Overvotes,0,0,0,0
Snyder,Judge of Election S WEST PERRY TOWNSHIP,,,Undervotes,21,7,14,0
Snyder,Inspector of Election S ADAMS TOWNSHIP,,REP,ROBIN ERB,162,151,11,0
Snyder,Inspector of Election S ADAMS TOWNSHIP,,,Write-ins,8,8,0,0
Snyder,Inspector of Election S ADAMS TOWNSHIP,,,Overvotes,0,0,0,0
Snyder,Inspector of Election S ADAMS TOWNSHIP,,,Undervotes,41,29,12,0
Snyder,Inspector of Election S BEAVER TOWNSHIP,,REP,LINDA C ZECHMAN,166,154,12,0
Snyder,Inspector of Election S BEAVER TOWNSHIP,,,Write-ins,4,4,0,0
Snyder,Inspector of Election S BEAVER TOWNSHIP,,,Overvotes,0,0,0,0
Snyder,Inspector of Election S BEAVER TOWNSHIP,,,Undervotes,14,11,3,0
Snyder,Inspector of Election S BEAVERTOWN BOROUGH,,,Write-ins,8,8,0,0
Snyder,Inspector of Election S BEAVERTOWN BOROUGH,,,Overvotes,0,0,0,0
Snyder,Inspector of Election S BEAVERTOWN BOROUGH,,,Undervotes,285,241,44,0
Snyder,Inspector of Election S CENTER TOWNSHIP,,,Write-ins,30,26,4,0
Snyder,Inspector of Election S CENTER TOWNSHIP,,,Overvotes,0,0,0,0
Snyder,Inspector of Election S CENTER TOWNSHIP,,,Undervotes,544,489,55,0
Snyder,Inspector of Election S CHAPMAN TOWNSHIP,,,Write-ins,4,3,1,0
Snyder,Inspector of Election S CHAPMAN TOWNSHIP,,,Overvotes,0,0,0,0
Snyder,Inspector of Election S CHAPMAN TOWNSHIP,,,Undervotes,182,159,23,0
Snyder,Inspector of Election S FRANKLIN TOWNSHIP,,REP,LINDA SCHRADER,511,463,48,0
Snyder,Inspector of Election S FRANKLIN TOWNSHIP,,,Write-ins,18,16,2,0
Snyder,Inspector of Election S FRANKLIN TOWNSHIP,,,Overvotes,0,0,0,0
Snyder,Inspector of Election S FRANKLIN TOWNSHIP,,,Undervotes,52,40,12,0
Snyder,Inspector of Election S FREEBURG BOROUGH,,DEM,BERENICE K WIEGLE,57,46,11,0
Snyder,Inspector of Election S FREEBURG BOROUGH,,REP,JODY L REGGIA,84,76,8,0
Snyder,Inspector of Election S FREEBURG BOROUGH,,,Write-ins,0,0,0,0
Snyder,Inspector of Election S FREEBURG BOROUGH,,,Overvotes,1,1,0,0
Snyder,Inspector of Election S FREEBURG BOROUGH,,,Undervotes,4,4,0,0
Snyder,Inspector of Election S JACKSON TOWNSHIP,,REP,MARYSUE WALTER,378,322,56,0
Snyder,Inspector of Election S JACKSON TOWNSHIP,,,Write-ins,3,2,1,0
Snyder,Inspector of Election S JACKSON TOWNSHIP,,,Overvotes,0,0,0,0
Snyder,Inspector of Election S JACKSON TOWNSHIP,,,Undervotes,35,18,17,0
Snyder,Inspector of Election S MCCLURE BOROUGH,,REP,ABIGAIL M KLINGLER,213,192,21,0
Snyder,Inspector of Election S MCCLURE BOROUGH,,,Write-ins,2,2,0,0
Snyder,Inspector of Election S MCCLURE BOROUGH,,,Overvotes,0,0,0,0
Snyder,Inspector of Election S MCCLURE BOROUGH,,,Undervotes,21,15,6,0
Snyder,Inspector of Election S MIDDLEBURG BOROUGH,,REP,LILLIAN M HACKENBERG,233,207,26,0
Snyder,Inspector of Election S MIDDLEBURG BOROUGH,,,Write-ins,6,5,1,0
Snyder,Inspector of Election S MIDDLEBURG BOROUGH,,,Overvotes,0,0,0,0
Snyder,Inspector of Election S MIDDLEBURG BOROUGH,,,Undervotes,33,21,12,0
Snyder,Inspector of Election S MIDDLECREEK TOWNSHIP,,,Write-ins,28,27,1,0
Snyder,Inspector of Election S MIDDLECREEK TOWNSHIP,,,Overvotes,0,0,0,0
Snyder,Inspector of Election S MIDDLECREEK TOWNSHIP,,,Undervotes,605,490,114,1
Snyder,Inspector of Election S MONROE TOWNSHIP #1,,,Write-ins,40,29,11,0
Snyder,Inspector of Election S MONROE TOWNSHIP #1,,,Overvotes,0,0,0,0
Snyder,Inspector of Election S MONROE TOWNSHIP #1,,,Undervotes,599,424,174,1
Snyder,Inspector of Election S MONROE TOWNSHIP #2,,DEM,JAMIE L WATERS,234,118,116,0
Snyder,Inspector of Election S MONROE TOWNSHIP #2,,REP,SUSAN D TREAS,475,394,81,0
Snyder,Inspector of Election S MONROE TOWNSHIP #2,,,Write-ins,3,3,0,0
Snyder,Inspector of Election S MONROE TOWNSHIP #2,,,Overvotes,0,0,0,0
Snyder,Inspector of Election S MONROE TOWNSHIP #2,,,Undervotes,8,7,1,0
Snyder,Inspector of Election S PENN TOWNSHIP #1,,REP,ANNE L BERGER,403,296,107,0
Snyder,Inspector of Election S PENN TOWNSHIP #1,,,Write-ins,10,9,1,0
Snyder,Inspector of Election S PENN TOWNSHIP #1,,,Overvotes,0,0,0,0
Snyder,Inspector of Election S PENN TOWNSHIP #1,,,Undervotes,94,46,47,1
Snyder,Inspector of Election S PENN TOWNSHIP #2,,DAR,JUDITH A COPE,559,439,116,4
Snyder,Inspector of Election S PENN TOWNSHIP #2,,,Write-ins,5,5,0,0
Snyder,Inspector of Election S PENN TOWNSHIP #2,,,Overvotes,0,0,0,0
Snyder,Inspector of Election S PENN TOWNSHIP #2,,,Undervotes,93,66,27,0
Snyder,Inspector of Election S PERRY TOWNSHIP,,DEM,JUDY HOFFMAN SPRIGGLE,162,125,37,0
Snyder,Inspector of Election S PERRY TOWNSHIP,,REP,JUDITH Z SKINNER,284,263,21,0
Snyder,Inspector of Election S PERRY TOWNSHIP,,,Write-ins,0,0,0,0
Snyder,Inspector of Election S PERRY TOWNSHIP,,,Overvotes,1,1,0,0
Snyder,Inspector of Election S PERRY TOWNSHIP,,,Undervotes,15,14,1,0
Snyder,Inspector of Election S SELINSGROVE BOROUGH #1,,,Write-ins,36,35,1,0
Snyder,Inspector of Election S SELINSGROVE BOROUGH #1,,,Overvotes,0,0,0,0
Snyder,Inspector of Election S SELINSGROVE BOROUGH #1,,,Undervotes,254,194,60,0
Snyder,Inspector of Election S SELINSGROVE BOROUGH #2,,DEM,JON STANTE,320,244,76,0
Snyder,Inspector of Election S SELINSGROVE BOROUGH #2,,,Write-ins,10,9,1,0
Snyder,Inspector of Election S SELINSGROVE BOROUGH #2,,,Overvotes,0,0,0,0
Snyder,Inspector of Election S SELINSGROVE BOROUGH #2,,,Undervotes,102,94,8,0
Snyder,Inspector of Election S SELINSGROVE BOROUGH #3,,DEM,JANE FINN CAMPBELL,192,139,50,3
Snyder,Inspector of Election S SELINSGROVE BOROUGH #3,,REP,DIANNE K MENGEL,204,170,34,0
Snyder,Inspector of Election S SELINSGROVE BOROUGH #3,,,Write-ins,1,1,0,0
Snyder,Inspector of Election S SELINSGROVE BOROUGH #3,,,Overvotes,0,0,0,0
Snyder,Inspector of Election S SELINSGROVE BOROUGH #3,,,Undervotes,8,5,3,0
Snyder,Inspector of Election S SHAMOKIN DAM BOROUGH,,,Write-ins,26,23,3,0
Snyder,Inspector of Election S SHAMOKIN DAM BOROUGH,,,Overvotes,0,0,0,0
Snyder,Inspector of Election S SHAMOKIN DAM BOROUGH,,,Undervotes,454,348,103,3
Snyder,Inspector of Election S SPRING TOWNSHIP,,DEM,ISABELLA DRESSLER,55,40,15,0
Snyder,Inspector of Election S SPRING TOWNSHIP,,REP,BARBARA FULTZ,317,286,31,0
Snyder,Inspector of Election S SPRING TOWNSHIP,,,Write-ins,0,0,0,0
Snyder,Inspector of Election S SPRING TOWNSHIP,,,Overvotes,0,0,0,0
Snyder,Inspector of Election S SPRING TOWNSHIP,,,Undervotes,1,1,0,0
Snyder,Inspector of Election S UNION TOWNSHIP,,,Write-ins,8,7,1,0
Snyder,Inspector of Election S UNION TOWNSHIP,,,Overvotes,0,0,0,0
Snyder,Inspector of Election S UNION TOWNSHIP,,,Undervotes,308,249,58,1
Snyder,Inspector of Election S WASHINGTON TOWNSHIP,,,Write-ins,19,18,1,0
Snyder,Inspector of Election S WASHINGTON TOWNSHIP,,,Overvotes,0,0,0,0
Snyder,Inspector of Election S WASHINGTON TOWNSHIP,,,Undervotes,421,361,60,0
Snyder,Inspector of Election S WEST BEAVER TOWNSHIP,,REP,ANGELA R MATTERN,263,242,21,0
Snyder,Inspector of Election S WEST BEAVER TOWNSHIP,,,Write-ins,0,0,0,0
Snyder,Inspector of Election S WEST BEAVER TOWNSHIP,,,Overvotes,0,0,0,0
Snyder,Inspector of Election S WEST BEAVER TOWNSHIP,,,Undervotes,9,6,3,0
Snyder,Inspector of Election S WEST PERRY TOWNSHIP,,REP,LOUISE HUMMEL,250,233,17,0
Snyder,Inspector of Election S WEST PERRY TOWNSHIP,,,Write-ins,8,7,1,0
Snyder,Inspector of Election S WEST PERRY TOWNSHIP,,,Overvotes,0,0,0,0
Snyder,Inspector of Election S WEST PERRY TOWNSHIP,,,Undervotes,29,12,17,0
Snyder,Supreme Court of Pennsylvania Retention Election - CHRISTINE DONOHUE,,,YES,3766,2601,1155,10
Snyder,Supreme Court of Pennsylvania Retention Election - CHRISTINE DONOHUE,,,NO,5772,5224,545,3
Snyder,Supreme Court of Pennsylvania Retention Election - CHRISTINE DONOHUE,,,Overvotes,3,2,1,0
Snyder,Supreme Court of Pennsylvania Retention Election - CHRISTINE DONOHUE,,,Undervotes,471,366,104,1
Snyder,Supreme Court of Pennsylvania Retention Election - KEVIN M DOUGHERTY,,,YES,3765,2601,1154,10
Snyder,Supreme Court of Pennsylvania Retention Election - KEVIN M DOUGHERTY,,,NO,5766,5219,544,3
Snyder,Supreme Court of Pennsylvania Retention Election - KEVIN M DOUGHERTY,,,Overvotes,0,0,0,0
Snyder,Supreme Court of Pennsylvania Retention Election - KEVIN M DOUGHERTY,,,Undervotes,481,373,107,1
Snyder,Supreme Court of Pennsylvania Retention Election - DAVID WECHT,,,YES,3687,2543,1134,10
Snyder,Supreme Court of Pennsylvania Retention Election - DAVID WECHT,,,NO,5804,5245,556,3
Snyder,Supreme Court of Pennsylvania Retention Election - DAVID WECHT,,,Overvotes,2,1,1,0
Snyder,Supreme Court of Pennsylvania Retention Election - DAVID WECHT,,,Undervotes,519,404,114,1
Snyder,Superior Court of Pennsylvania Retention Election - ALICE BECK DUBOW,,,YES,3998,2870,1117,11
Snyder,Superior Court of Pennsylvania Retention Election - ALICE BECK DUBOW,,,NO,5268,4734,532,2
Snyder,Superior Court of Pennsylvania Retention Election - ALICE BECK DUBOW,,,Overvotes,2,1,1,0
Snyder,Superior Court of Pennsylvania Retention Election - ALICE BECK DUBOW,,,Undervotes,744,588,155,1
Snyder,Commonwealth Court of Pennsylvania Retention Election - MICHAEL H WOJCIK,,,YES,4018,2911,1096,11
Snyder,Commonwealth Court of Pennsylvania Retention Election - MICHAEL H WOJCIK,,,NO,5218,4678,538,2
Snyder,Commonwealth Court of Pennsylvania Retention Election - MICHAEL H WOJCIK,,,Overvotes,2,1,1,0
Snyder,Commonwealth Court of Pennsylvania Retention Election - MICHAEL H WOJCIK,,,Undervotes,774,603,170,1
